id_cliente;nome_cliente;cpf_cliente;email;cidade;id_loja
1;Dr. Juan Almeida;640.857.319-39;pedro-lucas39@example.com;Pires;1
2;Asafe das Neves;705.918.263-21;murilocardoso@example.net;Moura do Galho;2
3;Enzo da Cunha;745.603.982-83;xnovais@example.org;Albuquerque Paulista;3
4;Camila Marques;546.792.083-92;nalves@example.net;Pimenta de Goiás;4
5;Ana Luiza Porto;746.019.852-85;britoravy@example.net;Gomes;5
6;Maria Eduarda Rios;862.350.971-40;benicio53@example.com;da Costa de Fonseca;6
7;Léo Nogueira;506.218.347-26;aragaobrenda@example.org;Viana;7
8;Gabrielly Azevedo;839.612.540-60;joao-vitor28@example.com;Camargo;8
9;Amanda Cardoso;053.429.176-70;lauramoura@example.org;Melo;9
10;Maria Cecília Moraes;917.486.025-94;bramos@example.org;Guerra de Lima;10
11;Bianca Mendonça;718.249.035-88;giovanna98@example.com;Montenegro de Pereira;11
12;Beatriz Vieira;183.769.542-37;uleao@example.org;Lima Alegre;12
13;Jade Freitas;271.065.348-62;dantepastor@example.net;Rios do Campo;13
14;Maria Rios;604.725.893-00;maria-luisacamara@example.org;Novais da Praia;14
15;João Lucas Oliveira;360.452.791-07;camila50@example.org;Nunes;15
16;Maria Liz Azevedo;201.547.369-61;levi54@example.net;Vasconcelos Verde;16
17;Antonella Aragão;290.578.341-97;cpereira@example.com;Cunha do Galho;17
18;Luiz Felipe Lopes;147.852.039-60;abreunicolas@example.com;Vargas;18
19;José Miguel da Rocha;510.396.874-66;melissanovais@example.net;Barbosa das Flores;19
20;Srta. Maya Almeida;715.436.928-00;ian60@example.com;Pinto;20
21;Maria Cecília Borges;613.749.082-31;pedro-miguel52@example.org;Moura;21
22;Evelyn Vasconcelos;592.106.783-03;domcavalcanti@example.net;Martins de Sá;22
23;Melissa Rodrigues;958.130.762-12;daniel58@example.org;Martins dos Dourados;23
24;Benjamin Freitas;418.965.370-57;poliveira@example.org;Pereira do Amparo;24
25;Clarice Araújo;715.904.862-85;hmacedo@example.net;Fonseca;25
26;Dr. Mathias Jesus;509.826.317-40;brendabarros@example.net;Ferreira;26
27;Matteo Cardoso;914.732.860-69;xmoraes@example.org;das Neves da Serra;27
28;Luigi Vargas;738.160.249-04;joao96@example.org;Cirino;28
29;Dra. Eloah Silveira;706.251.394-61;ida-conceicao@example.org;Viana do Amparo;29
30;Léo Rocha;978.623.405-74;theodoroaragao@example.net;Freitas de Novaes;30
31;Valentim Campos;412.739.850-79;manuellaferreira@example.org;Aragão das Flores;31
32;Maria Fernanda da Costa;615.802.749-94;joao-guilhermeandrade@example.com;Sampaio de Carvalho;32
33;Sra. Melissa Pimenta;019.285.374-05;ana-juliacampos@example.org;Leão;33
34;Natália Azevedo;170.546.928-02;liz09@example.com;Oliveira;34
35;Ester Rios;185.047.692-67;portohellena@example.com;Souza do Sul;35
36;Sr. Luiz Felipe da Costa;152.074.836-17;esampaio@example.net;Carvalho;36
37;Raul Andrade;430.617.258-90;cda-cunha@example.net;da Paz;37
38;Sr. Lucas da Mata;156.387.490-39;fsales@example.com;Barros das Pedras;38
39;Pedro Pereira;284.905.631-60;maite96@example.org;Ferreira de Machado;39
40;Luiz Gustavo Pimenta;640.753.289-29;casa-grandeluna@example.org;Azevedo;40
41;Luiz Otávio Fonseca;602.537.418-07;sofiafonseca@example.com;Rezende Paulista;41
42;Danilo Alves;276.409.831-69;allanasales@example.com;Campos;42
43;Brayan Machado;271.659.430-99;ana-clara22@example.com;Campos;43
44;Davi Miguel da Costa;705.462.398-38;azevedoana-luiza@example.com;Moura de Jesus;44
45;Ana Sophia Cardoso;517.394.206-16;luanamontenegro@example.org;Moreira;45
46;Kevin Cavalcante;253.946.017-80;jose49@example.net;Montenegro;46
47;Eloá Pastor;928.546.730-00;barroscaleb@example.net;Rezende do Oeste;47
48;Maria Vitória Pinto;074.523.168-35;maria10@example.org;Leão de Mendes;48
49;Gabrielly Fernandes;925.678.410-67;olivia81@example.com;Martins;49
50;João Felipe Machado;321.089.465-51;ana-sophia32@example.com;Monteiro de das Neves;50
51;Alícia Borges;687.194.203-31;maya97@example.com;Caldeira;51
52;Catarina da Luz;569.038.172-12;gomesmirella@example.com;Pinto do Campo;52
53;Calebe Gonçalves;598.617.320-12;andradejoao-guilherme@example.net;Melo do Galho;53
54;Clarice Pereira;825.491.376-55;natalia88@example.com;Melo do Sul;54
55;Dr. Daniel Leão;940.832.167-78;hcavalcante@example.net;Casa Grande de Goiás;19
56;Daniel Correia;075.316.842-17;santosjoao-guilherme@example.net;Novais;42
57;Dr. Vinicius Garcia;527.486.931-91;pcorreia@example.com;Câmara da Mata;31
58;Gustavo Henrique Sales;759.246.801-85;xferreira@example.org;Aparecida da Mata;31
59;Srta. Manuella Macedo;473.192.508-88;ryanaragao@example.net;Porto;26
60;Benjamim Brito;657.081.923-21;erezende@example.com;Sá;46
61;Lorenzo da Paz;013.459.876-84;goncalvesmaya@example.org;Andrade do Sul;5
62;Cauê Farias;478.193.205-32;luan74@example.net;Albuquerque;53
63;Sra. Laís Nunes;326.794.801-04;cirinojoao-lucas@example.com;da Cruz do Sul;50
64;Matheus da Costa;745.289.016-76;davirios@example.org;das Neves de Castro;41
65;Sarah Santos;419.278.503-04;mariasouza@example.net;Leão da Prata;3
66;Zoe Rios;391.486.205-05;novaesmirella@example.org;Cavalcante;32
67;Dr. Danilo Rodrigues;371.490.568-57;dnunes@example.net;Rocha de das Neves;12
68;Srta. Maria Laura da Cunha;031.982.645-70;melobenicio@example.com;Cirino Grande;1
69;Mariah Freitas;679.304.128-22;cavalcantistephany@example.com;Siqueira;43
70;Alexandre Sá;047.568.321-80;thalesmarques@example.com;da Mota;49
71;Daniel Andrade;603.185.497-00;caioguerra@example.com;Nogueira;32
72;Benjamin Carvalho;843.659.271-91;ana-juliacasa-grande@example.net;Jesus;30
73;João Guilherme Araújo;826.430.951-89;lara62@example.com;Cirino da Prata;16
74;Isabella Câmara;427.093.586-38;qda-cruz@example.org;Ramos de Minas;41
75;Maria Eduarda Borges;830.294.756-38;maria-luizacostela@example.com;Albuquerque do Oeste;6
76;Dante Souza;738.914.256-19;pnascimento@example.com;da Luz da Praia;33
77;Sara Martins;175.928.304-50;arthur-gabrielda-luz@example.net;da Rocha Grande;14
78;Lucas da Conceição;637.452.918-91;ucavalcante@example.com;Carvalho;9
79;Dra. Rebeca Cirino;809.675.413-01;davi-luizsantos@example.org;Cunha;9
80;Mirella Freitas;078.964.352-92;stella40@example.net;Cavalcanti do Campo;19
81;Vinicius Cassiano;394.625.801-89;kmarques@example.org;da Rosa;35
82;Anna Liz Rezende;016.374.592-70;enzomonteiro@example.com;Nunes do Campo;41
83;Ana Cecília da Conceição;374.062.591-07;costelajoao-pedro@example.net;Barbosa da Mata;25
84;Isaque Nunes;685.371.024-07;britoluiza@example.org;Fernandes;39
85;Maria Laura Vasconcelos;504.639.172-43;rcirino@example.net;Barros da Mata;14
86;Brayan Barros;426.571.398-09;borgesanthony@example.com;Fonseca de Teixeira;22
87;Cauã Cardoso;126.345.708-80;fogacafrancisco@example.net;Gomes do Sul;40
88;Noah Gomes;183.469.702-69;ana-julia47@example.org;Cavalcante;11
89;Kamilly Leão;471.268.350-35;icaldeira@example.com;Gonçalves;35
90;Dr. Lucas Macedo;562.784.139-73;isabelladias@example.com;Oliveira de Viana;2
91;Luan Garcia;465.091.728-01;nsantos@example.com;Sales de Minas;16
92;Sara Carvalho;439.518.706-48;zpacheco@example.net;Nogueira do Norte;50
93;Sr. Cauê Vargas;352.840.917-79;albuquerquegael-henrique@example.com;Moraes;28
94;Dra. Hellena Machado;567.894.130-57;scaldeira@example.com;Camargo;26
95;Srta. Marcela das Neves;573.482.901-32;edias@example.com;Santos;49
96;Antônio Fernandes;123.496.578-09;zda-conceicao@example.com;Cirino;52
97;Marina Gonçalves;037.485.926-47;agathasa@example.net;Oliveira;11
98;Vitor Gabriel Cirino;593.702.641-16;zpimenta@example.net;Ferreira;29
99;Dr. Erick Rocha;412.708.653-07;joao-miguel86@example.com;Oliveira;31
100;Mariana Cirino;782.413.906-96;manuella90@example.com;Mendonça;26
101;Gael Gomes;897.356.421-82;fcavalcante@example.net;Vieira;26
102;João Vitor Andrade;439.187.520-97;da-matayasmin@example.com;Teixeira;21
103;Sra. Ísis Cunha;613.207.985-86;xcampos@example.org;Sousa;37
104;Marcela Santos;962.415.803-70;stephany25@example.net;da Rocha Verde;14
105;Théo Rocha;126.089.475-49;thales67@example.org;Pires das Pedras;50
106;Milena Barbosa;164.523.790-70;siqueiramaria-cecilia@example.net;Azevedo da Prata;26
107;Helena Lima;374.265.189-73;calebe01@example.net;Almeida de Campos;44
108;Pedro Lucas Marques;063.512.879-95;theodoro15@example.net;Aragão;39
109;Lorena Silveira;361.508.794-10;raelmoreira@example.net;Albuquerque de Albuquerque;3
110;Sra. Bárbara Lima;271.830.456-17;ana-clara26@example.org;Azevedo;29
111;Alexia Pimenta;275.816.394-28;erickbrito@example.org;Pastor;54
112;Sra. Marcela Lima;523.890.167-40;ribeiroana-julia@example.org;Souza;39
113;Laís Ramos;037.891.625-40;fonsecaanna-liz@example.org;Nunes das Pedras;9
114;Sr. Ravy Vargas;109.827.634-50;melissa66@example.net;Barros da Prata;42
115;Daniela da Mota;149.875.260-85;luiza30@example.org;Lopes;40
116;Rafael Pimenta;904.561.832-05;castromaysa@example.com;Cavalcante da Praia;18
117;João Felipe Siqueira;105.632.897-59;gmarques@example.com;Monteiro;22
118;Eloah Freitas;241.850.796-30;albuquerquesamuel@example.org;Fonseca de Gomes;12
119;Felipe Andrade;863.217.950-03;isaque80@example.org;Moreira;39
120;Murilo Azevedo;748.209.351-60;ananunes@example.com;Martins;40
121;Dr. Gael Henrique Siqueira;832.096.175-03;fariasalexandre@example.net;Sousa da Mata;36
122;Gustavo Moura;367.012.894-87;xsampaio@example.com;Pacheco;35
123;Thiago Carvalho;610.358.492-24;isabel55@example.com;da Conceição de Minas;52
124;Davi Luiz Vasconcelos;912.083.457-88;nascimentoelisa@example.org;das Neves de Martins;9
125;Dante Borges;240.196.753-25;isabela80@example.net;da Luz da Serra;1
126;Nathan Machado;893.076.142-96;vasconcelospedro-miguel@example.org;Guerra;19
127;Sr. José Pedro Barbosa;013.578.946-00;martinscarlos-eduardo@example.org;Silveira das Flores;34
128;Ana Garcia;625.198.470-85;pimentasamuel@example.net;Monteiro das Pedras;23
129;Pietra Araújo;146.937.820-50;tviana@example.com;Nogueira de Viana;42
130;Manuella Nunes;856.210.734-44;vasconcelosalana@example.org;Moura de Fogaça;40
131;Isabel Castro;138.240.967-22;luiz-felipe23@example.net;Sousa da Praia;26
132;Ana Santos;523.674.801-17;borgesdaniel@example.org;Almeida;34
133;Pietra Abreu;532.791.608-12;joao-miguelvasconcelos@example.org;Barbosa da Praia;25
134;Dra. Maria Laura Pastor;154.298.367-37;luiz-fernando89@example.com;Rios;37
135;Emanuella Garcia;492.150.378-88;anna-lizpimenta@example.org;Monteiro;40
136;Lucas Souza;135.290.674-07;otto31@example.com;Viana do Campo;36
137;Srta. Ana Julia Gomes;762.385.941-28;mendesrael@example.org;Barbosa de Andrade;54
138;Antônio Dias;418.273.560-90;fernandesmaria-sophia@example.net;Lopes;28
139;Eloah Pereira;620.781.435-53;ana-cecilia31@example.org;Oliveira da Prata;14
140;Daniela Aragão;506.824.379-56;costelaluigi@example.net;Barros do Amparo;46
141;Leandro Viana;678.520.341-44;lfreitas@example.com;da Luz;21
142;Nina da Luz;340.157.826-07;lsa@example.org;Gomes;47
143;Mariah Nascimento;739.208.564-65;samanuela@example.org;Cunha;34
144;Davi Lucas Aparecida;619.857.240-49;gomesisabella@example.net;da Mota do Galho;4
145;Alice Viana;986.031.427-69;nunesguilherme@example.com;Jesus Paulista;11
146;Raquel Oliveira;970.123.654-80;goncalvesbianca@example.net;Aragão;27
147;Sra. Juliana Freitas;054.263.978-56;luisa54@example.net;Pereira de Minas;51
148;Pedro Miguel Cunha;675.904.183-66;xcarvalho@example.net;Cavalcanti;23
149;Guilherme Araújo;307.821.549-05;hporto@example.net;da Costa;34
150;Dr. Pietro Cavalcanti;785.216.093-02;karagao@example.net;Câmara;24
151;Heloisa Rocha;346.805.972-83;camarathiago@example.net;Silva Paulista;52
152;Maria Flor Ferreira;743.928.650-29;moraesevelyn@example.net;da Rosa do Campo;10
153;Ana Luiza Fernandes;459.286.107-85;peixotoisis@example.net;Rodrigues Grande;54
154;Srta. Sara da Rocha;468.350.179-10;wrios@example.net;Cavalcante da Prata;21
155;Juan Brito;724.591.830-97;danielacamara@example.net;Leão Alegre;15
156;Dr. Juan Martins;170.654.893-10;rodriguesgiovanna@example.net;Jesus do Norte;6
157;Davi Miguel Costa;567.128.049-49;ana-sophiaporto@example.org;Machado;31
158;Gustavo Henrique Teixeira;297.601.384-50;elima@example.com;Andrade;39
159;Gabriela Siqueira;509.641.823-51;raelsales@example.com;Cardoso do Campo;11
160;Sarah Pastor;421.608.973-96;irodrigues@example.com;Fogaça de Sá;1
161;Enzo Guerra;038.516.927-21;fonsecabreno@example.com;Vargas da Prata;11
162;Ana Julia Peixoto;019.756.382-12;novaesthiago@example.com;Costela;17
163;Dra. Alexia da Rosa;614.798.302-40;ian17@example.org;Vasconcelos;37
164;Vicente Costa;564.107.398-93;ravy00@example.net;Camargo;22
165;Sabrina Cassiano;189.560.234-33;qda-rocha@example.com;Brito;41
166;Asafe da Rocha;596.807.432-92;bellafogaca@example.com;Siqueira de Minas;29
167;Dr. Fernando Camargo;697.235.480-38;cardosodante@example.org;Leão;49
168;Rafaela Nunes;726.984.053-92;hmendonca@example.com;Aparecida de Azevedo;50
169;Levi Albuquerque;835.467.019-84;qferreira@example.net;Cassiano da Prata;29
170;Ana Júlia Albuquerque;287.631.049-03;biancada-mota@example.org;Novaes;2
171;Maria Flor Guerra;317.946.082-22;isaac70@example.org;Jesus do Norte;32
172;Agatha Borges;943.567.210-80;mariafarias@example.net;Silva de Ribeiro;8
173;Dr. Danilo Brito;305.276.498-56;cavalcantemarina@example.org;Caldeira Paulista;1
174;Fernanda Correia;163.792.058-02;vargasmanuella@example.com;Monteiro;5
175;Vinícius Sousa;086.743.129-69;gustavo-henriquegomes@example.net;Montenegro das Flores;29
176;Isadora da Mota;654.318.927-46;pedro-henrique33@example.net;Rodrigues da Praia;41
177;Caroline Santos;285.709.341-14;lavinia08@example.org;Garcia;38
178;Benjamim Rios;034.612.798-03;nicolas80@example.com;Caldeira de Pimenta;31
179;Heloisa Souza;863.452.019-60;rviana@example.com;Albuquerque;21
180;Sra. Gabriela Pinto;735.649.120-61;manuela21@example.org;Sousa;53
181;Bárbara Garcia;064.721.853-44;fariasmaria-flor@example.net;Aparecida;50
182;Lorenzo Peixoto;047.685.291-94;leomoreira@example.org;Leão;17
183;Zoe Guerra;153.982.467-55;sofiamelo@example.net;Camargo;27
184;Manuella Machado;390.528.716-12;benicio85@example.net;Mendonça de Aparecida;33
185;Gael Duarte;819.745.023-41;paulorodrigues@example.com;Costela;31
186;Maya Ramos;120.358.764-35;cavalcantitheodoro@example.net;Oliveira;40
187;José Pedro Jesus;679.320.854-38;ramosdavi-lucas@example.net;Sampaio;28
188;Luiz Henrique Montenegro;148.702.396-04;melolevi@example.net;Carvalho;32
189;Sra. Ísis da Rocha;245.087.169-11;oliveiraisabel@example.net;das Neves;22
190;Luiz Felipe Cunha;682.195.703-77;cauesa@example.net;Ramos de Novaes;42
191;João Vitor Rios;149.758.362-46;ravybrito@example.com;Correia;20
192;Dr. Rael Farias;942.867.510-58;diasthales@example.org;da Mota da Praia;1
193;Lucas Mendes;795.623.048-92;joao-lucas83@example.com;Siqueira;36
194;Antony Montenegro;063.942.758-83;heloisa39@example.net;Carvalho dos Dourados;44
195;Sophia Borges;650.814.927-01;lcastro@example.net;Sousa;45
196;Sra. Maria Alice Aparecida;379.025.164-06;hellena77@example.org;Rezende;36
197;Sr. Vicente Porto;492.356.780-56;fernanda38@example.com;Ferreira do Amparo;11
198;Alana Montenegro;279.104.853-79;levifonseca@example.net;Ribeiro;53
199;Oliver Farias;178.394.526-55;da-cruzcaio@example.org;Carvalho;29
200;Sophie Aparecida;920.186.357-86;enzo-gabriel37@example.net;Mendes de Cavalcante;9
201;Noah Peixoto;294.158.370-04;gabrielagomes@example.org;Almeida;24
202;Vicente Montenegro;621.734.085-26;mendesjose-pedro@example.net;Vasconcelos;9
203;Marina Moreira;650.843.192-70;gael-henrique62@example.com;Vargas de da Conceição;7
204;João Miguel Peixoto;864.105.723-44;nrezende@example.net;Jesus da Praia;52
205;Eduardo Lima;948.673.251-55;nsa@example.com;Cavalcanti de Freitas;47
206;Rafaela da Cunha;456.810.739-39;cunhanicole@example.com;Novaes do Norte;54
207;Mathias Porto;012.346.958-98;esterbarros@example.net;Silveira;43
208;Maria Liz Pimenta;840.613.972-22;mathias09@example.net;Pimenta;26
209;Arthur Miguel Fonseca;302.879.541-88;mpastor@example.net;Sousa;2
210;Srta. Ayla Novaes;485.261.937-91;da-luzluiz-fernando@example.com;Novais;30
211;Theodoro da Rocha;514.762.389-28;camilavasconcelos@example.com;Pastor de Alves;31
212;Bruna da Luz;163.589.247-37;sampaiovinicius@example.org;Borges das Flores;1
213;Manuela Barbosa;827.961.503-21;msousa@example.org;da Luz;45
214;Ian Costa;352.608.471-80;teixeiravitoria@example.org;Freitas de Pinto;26
215;Dr. João Guilherme Mendonça;284.317.506-26;cnogueira@example.net;Gonçalves da Serra;52
216;Bárbara Sampaio;875.906.134-01;eloa94@example.org;da Costa Paulista;29
217;Manuela Fonseca;276.139.485-28;kcirino@example.org;Brito;25
218;Sra. Isabela Novais;693.158.702-12;imonteiro@example.net;Viana do Amparo;46
219;José Novais;906.851.734-10;gpires@example.com;da Luz da Praia;33
220;Dr. Luiz Felipe Almeida;615.974.820-30;daniela58@example.com;Barros de Garcia;31
221;Laura Martins;295.374.608-00;carolineda-conceicao@example.com;Rezende da Mata;36
222;Sra. Maria Laura da Mata;759.318.062-02;emanuel32@example.com;Brito;14
223;Renan Novaes;096.485.237-38;rezendeheloisa@example.com;da Cruz;7
224;Sra. Melina Pires;298.067.413-31;agatha72@example.net;Pastor;16
225;Mirella Pires;964.237.105-70;emanuelly64@example.org;Albuquerque do Sul;43
226;Catarina Ferreira;470.536.281-08;ravi08@example.com;Jesus;16
227;Maya Gonçalves;326.791.804-96;pietrateixeira@example.net;da Paz da Prata;26
228;Noah Correia;128.703.496-96;auroraalmeida@example.org;Nascimento;38
229;Francisco Caldeira;492.530.187-04;monteiropedro-henrique@example.com;das Neves do Amparo;42
230;Dr. Arthur Gabriel Farias;120.837.546-62;giovanna01@example.net;Gomes;22
231;Isadora Sousa;037.594.182-79;ayla20@example.net;da Cunha;52
232;Letícia Costa;503.817.264-44;isaque63@example.org;Pacheco;29
233;Sra. Daniela Freitas;132.804.765-26;fogacaleandro@example.net;Cardoso;1
234;Isabel Dias;857.910.364-93;bruno77@example.net;Nogueira do Amparo;37
235;Francisco Nogueira;597.248.106-58;qda-rocha@example.net;Marques do Sul;43
236;Sofia Garcia;205.641.938-60;hcorreia@example.net;Vargas de Novaes;11
237;João Miguel Duarte;651.049.832-42;costaheitor@example.com;Brito;44
238;Mathias Ribeiro;784.021.635-80;dbarros@example.net;Fonseca;44
239;Maria Vitória Freitas;049.572.638-92;silveiraravi@example.net;Correia do Oeste;53
240;Isadora Nunes;286.504.931-06;kcaldeira@example.org;Montenegro Alegre;28
241;Eduarda Nascimento;975.246.813-64;rodrigo98@example.org;Vargas da Prata;47
242;Sra. Maria Cecília Machado;760.592.843-29;anthony-gabriel43@example.org;Almeida Paulista;31
243;Sophia Novais;921.038.765-12;theo34@example.com;Oliveira;32
244;Helena Siqueira;157.934.026-16;siqueiragiovanna@example.org;Vargas;46
245;Dr. Pedro Henrique Leão;130.568.794-93;valentina92@example.com;Cassiano;25
246;Matteo Machado;981.732.504-05;enzo79@example.net;Novaes;26
247;Julia Barros;689.751.430-66;pgoncalves@example.net;Novais;13
248;Valentina da Cruz;314.692.058-15;wfonseca@example.org;Ferreira do Sul;36
249;Enzo Gabriel Ferreira;972.301.486-69;enzo-gabrielcamargo@example.net;da Cruz;42
250;Clara da Paz;051.238.974-88;nicolasnogueira@example.net;Novaes do Amparo;48
251;Cecília Sales;069.217.845-76;martinsantony@example.org;Ribeiro Paulista;17
252;Maria Cecília Caldeira;046.138.972-03;cirinomiguel@example.net;Novais de Silva;37
253;Asafe da Cruz;845.361.092-42;ana-julia38@example.com;Pires;14
254;Mathias Alves;843.127.609-69;larada-costa@example.net;Lima;11
255;Lucas Machado;823.514.607-07;lorenavargas@example.org;Dias;40
256;Vitor Silveira;125.690.873-86;luisa42@example.org;Cardoso;36
257;Apollo Teixeira;943.815.067-66;gcarvalho@example.net;Silva de Rezende;46
258;Sr. Mathias Mendonça;728.160.345-26;vcamara@example.net;Sá;51
259;Benício Cavalcanti;795.631.840-84;usilveira@example.com;Moreira;36
260;Rael Marques;036.594.827-65;anamacedo@example.com;Vasconcelos da Mata;12
261;Eloah Lima;402.356.879-10;zoecarvalho@example.com;Duarte dos Dourados;8
262;Felipe Marques;937.025.146-43;camargomanuella@example.net;Barros do Galho;12
263;Sra. Sophia Pimenta;268.019.574-49;caualeao@example.com;Siqueira dos Dourados;8
264;Fernando Campos;230.497.815-05;pereiramarina@example.org;Pastor;42
265;Olívia Marques;671.490.823-78;carlos-eduardocirino@example.org;Rezende;17
266;Sr. Diogo Andrade;945.067.382-92;luiz-gustavo79@example.com;Borges;20
267;Lorenzo Freitas;619.740.285-85;salesyan@example.com;Moura do Oeste;34
268;Srta. Ana Laura Caldeira;981.354.276-46;sara99@example.com;Pimenta;18
269;Sara Moreira;792.418.506-20;martinsisaac@example.net;Pimenta;6
270;Maria Sophia Aparecida;593.081.246-24;ana-clara88@example.com;Camargo;47
271;Lívia Fernandes;602.175.398-40;maria-luisacassiano@example.net;Nascimento de Farias;46
272;Maria Sophia Souza;084.752.931-23;davi-lucca24@example.org;Garcia da Prata;53
273;Mathias Cirino;914.520.687-20;xda-costa@example.com;Cunha do Galho;11
274;Erick Camargo;503.874.619-57;carolinamendes@example.net;Vasconcelos Alegre;37
275;Carlos Eduardo Moreira;230.864.751-53;rodrigueserick@example.com;Aparecida de Caldeira;26
276;Luana Almeida;943.215.687-73;hrios@example.com;Castro;31
277;Danilo Albuquerque;981.742.560-67;samuel21@example.com;Nogueira dos Dourados;24
278;Davi Lucca Alves;701.385.694-01;wpimenta@example.com;Costa da Prata;32
279;Ravi Lucca Nunes;217.039.586-59;joao-pedropimenta@example.com;Gonçalves da Serra;13
280;Dra. Luísa Viana;578.063.912-40;scavalcante@example.com;Moraes;50
281;Nathan Silva;159.624.378-37;ryannovaes@example.org;Gomes de Azevedo;22
282;Sr. Pedro Viana;653.180.749-01;gael72@example.com;Azevedo do Campo;32
283;Maria Helena Duarte;701.964.832-04;snascimento@example.com;Costa de Costela;48
284;Luiza da Rosa;946.520.871-01;ana-beatrizaraujo@example.com;Abreu;26
285;Dra. Maria Alice Camargo;403.759.621-07;yguerra@example.com;Ribeiro;50
286;Renan Carvalho;386.729.140-31;antoniobarbosa@example.net;Casa Grande;41
287;Sra. Maya Carvalho;126.734.580-26;bmoraes@example.net;Gomes de Fogaça;12
288;Francisco Lima;907.651.243-43;andrademaria-sophia@example.net;Camargo Verde;24
289;Anna Liz Casa Grande;847.906.531-10;rodriguesvalentina@example.net;Pimenta do Norte;11
290;Sr. Ravy Marques;875.329.406-83;vicente07@example.net;Oliveira;20
291;João Vitor Sousa;904.381.572-14;alanada-mota@example.com;Sousa;38
292;Erick Pastor;275.619.830-77;fernandesenzo-gabriel@example.org;Monteiro;50
293;Maria Isis da Costa;723.458.061-17;aragaolucas-gabriel@example.com;Melo da Mata;1
294;Yasmin da Conceição;697.214.305-52;rgarcia@example.com;Brito;33
295;Maria Lopes;945.260.731-99;rvargas@example.net;Siqueira;53
296;Evelyn Moreira;529.407.631-43;mouragustavo-henrique@example.net;Ferreira de Câmara;19
297;Sra. Isis Correia;091.847.623-22;pereirajose-pedro@example.com;Camargo;1
298;Srta. Isis da Rocha;719.236.405-34;davi66@example.com;da Luz;2
299;Felipe Macedo;173.489.502-05;ncunha@example.net;Macedo;22
300;Sra. Bella Andrade;194.630.572-34;riosheloisa@example.com;Sampaio;28
301;Dr. Alexandre Moraes;796.350.148-48;kcampos@example.net;Farias da Mata;22
302;Ana Laura Pires;158.032.964-06;mribeiro@example.com;Caldeira da Praia;19
303;Antonella Pires;732.016.589-95;vieiravalentina@example.net;Monteiro da Prata;16
304;Allana Andrade;509.678.342-10;irocha@example.org;Barbosa;8
305;Diego Mendonça;079.156.832-68;gael79@example.org;Caldeira;4
306;Theo Peixoto;931.678.245-73;isaque98@example.org;Vieira do Oeste;1
307;Erick Farias;194.836.250-33;lda-cruz@example.org;Brito;12
308;Maria Flor Vasconcelos;207.865.143-53;zsales@example.com;Costela;23
309;João Gabriel Moreira;763.140.829-78;piresana-julia@example.com;Abreu da Prata;11
310;Gael Campos;815.647.930-01;caue31@example.org;Monteiro de Cavalcanti;39
311;Augusto Aragão;543.729.608-83;nascimentoluiz-gustavo@example.org;Mendonça;42
312;Bruna Barbosa;375.912.806-86;gael-henriqueda-costa@example.net;Costa das Flores;44
313;Brayan Melo;970.315.684-39;joao-gabriel73@example.net;da Mata do Oeste;4
314;Sr. Arthur Gabriel Sales;904.183.765-57;pedro-lucas49@example.org;Oliveira;18
315;Heloísa Borges;687.914.352-00;siqueiraliz@example.net;da Cruz;39
316;Dr. Henry Pastor;206.873.519-95;gsampaio@example.com;da Costa de Barros;18
317;Alice Sales;632.791.084-03;lorenzo79@example.net;Marques;50
318;Cecilia Santos;625.730.418-08;da-rochaleticia@example.com;Viana;30
319;Anna Liz Pinto;509.863.217-02;emanuelly28@example.net;Novais;19
320;Srta. Cecilia Farias;381.594.720-05;clarice48@example.net;da Mota do Norte;41
321;Marcelo Ferreira;791.354.286-19;correiamaria-cecilia@example.org;Gonçalves;28
322;João Pedro Barbosa;124.059.368-60;da-rochalara@example.net;Melo;25
323;Dr. Pedro Miguel Sousa;043.961.287-03;maria-vitoria98@example.net;Marques de da Rosa;26
324;Caroline Vieira;429.138.705-97;alice72@example.net;Silva;44
325;Laura Cirino;298.105.734-05;xda-luz@example.org;Novais;34
326;Srta. Luiza Ferreira;257.416.903-43;xmonteiro@example.org;Dias de Cassiano;52
327;Yago Montenegro;547.281.390-50;iaparecida@example.net;das Neves;35
328;Murilo Pinto;375.026.184-90;matteo01@example.net;Rocha de Rios;41
329;Théo Gonçalves;375.468.021-80;tcasa-grande@example.com;Gomes da Praia;12
330;João Miguel Ferreira;547.680.123-53;smacedo@example.org;Siqueira das Pedras;29
331;Caio Casa Grande;347.682.051-35;abreujulia@example.net;Leão da Serra;48
332;Nicole Santos;923.178.506-03;marina87@example.org;Vieira;50
333;Eduardo da Luz;471.562.308-08;benjamincampos@example.com;Azevedo de Peixoto;42
334;Sra. Rafaela Nunes;647.502.913-07;casa-grandeantonella@example.com;Fogaça;14
335;Benjamim da Mata;569.027.843-29;gabrielpeixoto@example.org;Dias da Mata;30
336;Luiz Miguel Brito;852.014.793-32;kfernandes@example.org;Cassiano;53
337;Hellena Correia;891.360.452-33;tferreira@example.net;Carvalho dos Dourados;42
338;Stephany Teixeira;524.096.178-67;ana-lizcardoso@example.org;Barros;31
339;Brenda Barbosa;076.918.423-50;qcampos@example.org;da Rosa;41
340;Alexia Sá;193.485.207-41;agathapacheco@example.com;Castro do Galho;43
341;Dra. Isabella Montenegro;918.640.725-20;luigi80@example.net;Cunha;28
342;Olívia Fonseca;927.501.843-04;oliviada-conceicao@example.com;Teixeira;21
343;Sr. Ravi Lucca Camargo;827.695.031-03;ycamargo@example.com;Peixoto de Sousa;33
344;Pedro Miguel Câmara;864.931.072-96;apollorocha@example.com;Gonçalves;51
345;Stephany Ribeiro;192.364.075-52;fonsecamiguel@example.com;Peixoto;10
346;Camila da Conceição;674.958.231-19;maria-laura96@example.com;Casa Grande dos Dourados;28
347;Davi da Cunha;793.510.428-04;monteirobenjamim@example.org;Pereira Alegre;29
348;Kevin Pinto;918.543.607-01;gmendonca@example.com;Nogueira da Prata;21
349;Arthur Gabriel Lopes;167.235.408-08;ana-juliasantos@example.org;Lopes de Carvalho;15
350;Mathias Mendonça;178.349.052-79;ypastor@example.net;Vargas da Mata;18
351;Sr. Arthur Pastor;025.874.961-01;bbrito@example.com;Jesus da Praia;49
352;Joaquim da Cruz;341.502.679-52;nascimentoaylla@example.org;Ribeiro de Lima;20
353;Sophie Leão;407.982.361-40;gael-henrique71@example.net;Fernandes;12
354;Sarah Teixeira;524.831.960-98;aliciada-luz@example.org;Oliveira das Flores;3
355;Caleb Silva;915.204.387-88;eduardo48@example.com;Ribeiro da Prata;4
356;Sr. Oliver Guerra;487.591.023-14;qcunha@example.net;da Mata de Porto;35
357;Maya Nunes;083.271.495-04;ujesus@example.org;Jesus;54
358;João Pedro Ramos;243.710.589-14;ana-luizamartins@example.com;Lima do Norte;18
359;Emanuel da Mata;204.697.158-20;bviana@example.org;Dias;29
360;Letícia Azevedo;651.387.402-53;maysa13@example.net;Vargas;52
361;Dr. Mathias Souza;369.108.472-96;lda-cunha@example.org;Nascimento de Freitas;33
362;Srta. Luiza Nogueira;673.219.845-91;asafe90@example.net;Sales;15
363;Isabella da Cunha;864.592.073-56;agomes@example.com;da Rosa de Minas;22
364;Kaique Costela;275.683.014-35;vmelo@example.com;Silva das Pedras;54
365;Enrico Sampaio;481.239.670-04;ramosleo@example.net;Vieira de Ramos;37
366;Alexandre Guerra;345.807.162-80;uvieira@example.com;Sousa de Carvalho;6
367;Erick Rodrigues;954.103.286-98;ooliveira@example.org;Novais;34
368;Heloísa Borges;734.510.826-08;kaique15@example.org;Albuquerque;20
369;Dra. Maya Vargas;791.856.432-46;igarcia@example.com;Peixoto;5
370;João Miguel Siqueira;362.910.754-07;xda-cruz@example.net;Barros de Albuquerque;19
371;Catarina Duarte;639.584.207-29;mfogaca@example.net;Abreu;11
372;Thiago Pinto;649.521.073-61;lucca87@example.com;Cardoso de Borges;51
373;Dr. Diego da Luz;150.932.468-24;vinicius85@example.com;Dias;5
374;Sra. Clarice Novais;703.186.459-39;luan76@example.org;Aparecida de Macedo;18
375;Dr. Raul Monteiro;129.807.653-68;otavio90@example.net;Leão;12
376;Josué Vargas;715.026.384-44;leandro01@example.com;Marques de Pires;49
377;André Farias;075.864.192-30;ayla01@example.net;Borges das Flores;46
378;Felipe da Costa;610.985.342-98;isaqueda-rosa@example.com;Sousa da Mata;2
379;Caroline Fogaça;153.768.492-28;salavinia@example.com;Lopes;15
380;Mariane Borges;085.371.469-00;maria-helena61@example.com;Cassiano Grande;27
381;Letícia da Cruz;864.709.532-47;gjesus@example.com;Fogaça Paulista;21
382;Anna Liz Vargas;801.563.794-57;barroslara@example.net;Dias Verde;2
383;Sra. Milena Pinto;452.160.739-06;bnascimento@example.org;Camargo do Sul;21
384;Rhavi Marques;674.892.310-78;joao-gabrielalbuquerque@example.org;Almeida;50
385;Srta. Amanda Costela;723.954.106-16;ecasa-grande@example.com;Camargo;30
386;Eduardo Sousa;798.034.165-10;varagao@example.org;Pires;27
387;Sra. Maria Vitória Monteiro;984.035.721-23;davimoura@example.org;Oliveira Alegre;53
388;Ana Luiza da Mata;671.342.958-00;castroalicia@example.net;Melo;38
389;Dr. Igor Montenegro;357.129.486-64;ncastro@example.org;Sales de Minas;11
390;Rafaela Cardoso;239.480.517-04;ottonovais@example.org;Fogaça;40
391;Luiz Henrique Rocha;290.678.354-47;novaispietro@example.com;Fernandes da Praia;8
392;João Felipe Cassiano;810.367.425-71;montenegrogustavo-henrique@example.org;Costela;54
393;Sr. João Vitor Santos;789.501.246-02;costaluna@example.com;da Cruz;53
394;Manuela da Paz;821.963.540-15;sofialeao@example.org;Lima;19
395;Maria Luísa Marques;850.317.469-39;isadora26@example.org;Teixeira do Norte;3
396;Clarice Oliveira;084.367.251-07;antony48@example.net;Sampaio;11
397;Melissa Ramos;387.529.140-97;nascimentobruna@example.com;Moreira;2
398;Larissa Cunha;184.729.036-13;ana-juliasilveira@example.com;Siqueira;28
399;Marcelo da Luz;851.096.374-66;pfernandes@example.net;Ferreira;3
400;João Miguel Rios;926.451.073-70;maria12@example.net;Jesus de Minas;34
401;Bento Lima;273.809.641-78;melina67@example.net;Siqueira de Leão;25
402;Diego Montenegro;278.154.093-50;cmelo@example.net;Novais;41
403;Sr. Nicolas Camargo;154.079.682-58;joao-miguelviana@example.net;Aragão da Mata;10
404;Henrique Cirino;701.428.695-11;marcela56@example.com;Teixeira;22
405;Thiago Porto;798.152.046-02;riosluisa@example.net;Ramos de Minas;4
406;Apollo Oliveira;481.590.726-94;maria-lauramontenegro@example.org;Ribeiro;29
407;Emilly Almeida;438.659.701-84;cpastor@example.com;Fernandes;37
408;Emilly Leão;085.329.467-47;joao-pedro24@example.org;das Neves;33
409;Eloá Araújo;952.086.714-76;joao-miguel65@example.com;Campos do Norte;4
410;Isaque Sá;937.468.015-75;maria-fernanda86@example.org;Alves de Jesus;32
411;Isabel Almeida;481.796.235-64;obarros@example.net;Viana;51
412;Marcelo Nogueira;236.480.719-04;alexandrearaujo@example.com;Peixoto Paulista;18
413;Maria Helena Ferreira;384.017.659-00;hsampaio@example.org;Lopes do Oeste;25
414;Sofia Dias;547.216.809-02;arthur-gabriel20@example.net;Abreu de Albuquerque;45
415;Emanuella Jesus;876.405.921-94;fogacafernanda@example.net;Gomes da Serra;29
416;Srta. Camila Martins;537.016.289-12;fernandopimenta@example.net;Silva de Goiás;29
417;Thales Fonseca;047.568.192-49;rcamargo@example.net;Cavalcante de Novaes;36
418;Erick Azevedo;921.784.653-82;augustosales@example.net;Rodrigues da Prata;37
419;Agatha Lima;056.732.941-07;hfonseca@example.org;Aragão;2
420;Otto Nascimento;750.312.946-80;laviniabarbosa@example.org;Cavalcante;48
421;Dr. Benício Pires;107.384.295-97;melorhavi@example.com;Farias;19
422;Isabela Barbosa;971.534.062-80;garciaana-sophia@example.net;Viana;26
423;Bento Macedo;046.975.812-02;nbrito@example.com;Peixoto;15
424;Alexia Marques;679.480.235-00;vmoreira@example.net;Caldeira;13
425;Anthony Gabriel Peixoto;132.547.698-64;pcirino@example.org;Araújo;37
426;Leonardo Pacheco;685.247.103-90;caroline45@example.org;Araújo;28
427;Thiago Novais;065.187.943-48;ssales@example.com;Pacheco Verde;33
428;Dr. Otto Farias;217.603.859-21;maria-florpinto@example.org;Mendes;52
429;Sra. Maria Flor Costela;620.875.943-92;amandamacedo@example.org;Aparecida do Sul;29
430;Gael Henrique da Paz;234.519.607-61;cavalcantivinicius@example.org;Rocha;18
431;Mateus Rezende;153.279.640-43;esilva@example.org;Cardoso;19
432;Gael Nascimento;658.431.027-26;kaique53@example.org;Cardoso do Galho;9
433;Rebeca Costela;179.843.265-09;aurorasilva@example.com;Silva de Monteiro;33
434;Juliana Pacheco;603.197.548-39;lais69@example.org;da Cunha da Prata;24
435;Davi Luiz Sá;147.829.065-01;dmachado@example.com;Freitas do Amparo;25
436;Dr. Mateus Alves;273.950.641-43;vianayuri@example.org;Campos;31
437;Luiz Miguel Andrade;835.172.469-64;joao-guilhermesa@example.net;Albuquerque da Mata;41
438;Luiz Felipe Viana;690.354.187-00;ottomelo@example.org;Silveira de Martins;7
439;Sr. Levi Correia;693.784.015-20;ana-laurasousa@example.org;Ribeiro de Fogaça;7
440;Sr. Otto Lima;684.270.539-83;heloisa63@example.com;Nascimento;30
441;Esther Melo;157.820.946-30;salesmariana@example.org;Costa;27
442;Matheus da Paz;394.570.861-39;cavalcantebeatriz@example.com;Castro do Campo;53
443;Vitor Gabriel Leão;716.985.432-55;mcastro@example.net;Pastor do Oeste;23
444;Natália da Mota;302.986.174-04;dmarques@example.net;Sousa;48
445;João Pedro Ramos;754.391.602-99;ymarques@example.net;Sampaio;12
446;Aylla Gonçalves;032.754.689-10;marinajesus@example.net;Freitas;26
447;Cauã Montenegro;567.128.043-53;portomaria-eduarda@example.com;Souza das Flores;45
448;Miguel Andrade;041.572.368-07;barrosagatha@example.net;Silva;12
449;Cecilia Melo;428.609.531-24;nascimentoheloisa@example.org;Rios;46
450;João Gabriel Cassiano;752.180.634-44;gomesana-liz@example.com;Peixoto;6
451;Benicio Vargas;638.215.074-62;albuquerquebarbara@example.org;Câmara;36
452;Enzo Silveira;206.489.735-65;vitoriagoncalves@example.com;da Conceição;17
453;Cauê Fogaça;520.398.716-59;ecamara@example.net;Rezende da Praia;15
454;Bernardo Cunha;647.058.139-01;hellena25@example.org;Rios do Amparo;38
455;Lucas Gabriel Almeida;976.451.032-99;das-nevesrenan@example.net;Sá de Goiás;24
456;Anna Liz Araújo;257.918.306-02;liviasousa@example.com;da Mota;9
457;Sr. Vicente Vieira;640.152.873-71;riostheo@example.net;Pereira;25
458;Stephany Duarte;270.836.149-03;joseborges@example.org;da Costa;54
459;Anna Liz Lima;742.516.309-80;allana97@example.net;da Mata;31
460;Anna Liz Fonseca;692.385.401-60;teixeiragiovanna@example.com;Teixeira;2
461;Vitor Gabriel Cassiano;824.369.517-64;vbarbosa@example.org;Costa de Cassiano;48
462;André Albuquerque;857.369.214-64;diego60@example.org;Nunes da Serra;15
463;Pedro Henrique da Cunha;587.962.041-76;psousa@example.org;Andrade de Fonseca;25
464;Ana Sampaio;247.519.680-76;camargofrancisco@example.net;Gonçalves Verde;10
465;Valentim Correia;629.857.341-00;usa@example.org;Porto;4
466;Manuella Casa Grande;436.520.189-15;azevedolara@example.net;Rezende da Mata;35
467;Sra. Eloá Cavalcanti;528.136.049-33;muriloaraujo@example.net;Teixeira;18
468;José Pedro Jesus;712.096.348-13;fernandesbento@example.net;Mendes;4
469;Beatriz Albuquerque;049.587.632-10;hpereira@example.com;Melo de Sá;48
470;Dr. Lucca Freitas;593.287.460-00;bianca10@example.com;Silveira Grande;28
471;Davi Moura;435.896.720-56;portoaurora@example.org;Aparecida Alegre;1
472;Melina da Conceição;976.540.213-99;siqueirahelena@example.com;Silva;7
473;Vicente Oliveira;802.397.651-68;mendesvalentina@example.org;Cunha;31
474;Caio Caldeira;602.739.145-61;hrios@example.net;Nascimento;17
475;Rebeca Borges;531.928.467-55;pietroda-luz@example.org;Borges do Campo;19
476;Luigi Sousa;931.427.560-43;davi98@example.org;Lima Alegre;43
477;Sr. Vicente Ribeiro;931.804.675-84;pedro-lucas77@example.org;Casa Grande do Norte;31
478;Luiza das Neves;814.657.320-71;tda-rocha@example.com;Farias;40
479;Gustavo Henrique Siqueira;302.695.748-83;novaesheloisa@example.com;Rocha do Amparo;45
480;Dr. Matteo Barbosa;849.517.302-60;caue47@example.net;Oliveira;48
481;Pedro Miguel Sampaio;742.165.083-08;fernandalima@example.net;Araújo;15
482;Luiz Henrique Melo;201.459.387-60;bernardocampos@example.org;Mendonça da Mata;16
483;Dra. Emanuella Rezende;617.953.248-64;antonio11@example.org;Mendonça;10
484;Sophia Câmara;074.569.132-34;kda-rosa@example.org;Duarte;3
485;Vitor Gabriel Cirino;609.475.382-83;isaaccirino@example.net;Abreu;6
486;Melissa Dias;102.495.876-02;barrosjosue@example.net;Fonseca da Prata;21
487;Otávio Ribeiro;034.972.861-50;rebeca59@example.net;Sales;8
488;Augusto da Costa;032.715.468-35;jose-miguel96@example.org;da Luz das Flores;42
489;Elisa Guerra;714.538.906-10;esthernunes@example.net;Leão;24
490;Levi Viana;690.417.283-50;vazevedo@example.net;Fonseca;23
491;Dr. Diogo Câmara;401.376.892-50;mariana18@example.com;Novaes Paulista;14
492;Beatriz Aragão;256.194.370-43;antony82@example.net;Casa Grande;4
493;Juliana Aragão;536.981.742-19;yuri68@example.net;das Neves;37
494;Aurora das Neves;651.809.742-67;barrosallana@example.net;Albuquerque de Lima;38
495;Sophia Siqueira;278.456.013-90;anthony-gabrielsilva@example.com;da Cruz do Galho;15
496;Ana Cecília Pereira;723.108.649-78;limamaya@example.com;Freitas;54
497;Lucca Rocha;381.269.570-77;sousaisabel@example.org;Ramos do Galho;21
498;Ravi Pinto;705.843.219-88;abreuclara@example.net;Guerra;20
499;Sr. Carlos Eduardo Lopes;731.469.805-84;cassianotheodoro@example.org;Gonçalves de Freitas;10
500;Luiz Otávio Lima;284.035.167-62;wabreu@example.net;Camargo;29
501;João Miguel Aparecida;268.590.174-49;rrios@example.org;Mendonça da Prata;18
502;Carolina Duarte;689.105.432-05;melissa03@example.org;Lima do Sul;40
503;Pietra da Rocha;471.638.920-04;alanavargas@example.org;Sampaio de Goiás;2
504;Mariane Costa;712.846.509-01;randrade@example.org;Lima;12
505;Guilherme Borges;068.421.735-07;garaujo@example.com;da Rosa;29
506;João Felipe Fonseca;456.120.798-85;ribeiroaurora@example.org;Melo Paulista;51
507;Beatriz Lopes;247.965.038-38;biancafonseca@example.net;Souza Verde;31
508;Maria Fernanda da Costa;436.071.582-07;maitebrito@example.org;da Rosa do Amparo;24
509;Vitor Silveira;209.134.756-61;manuela16@example.org;Leão de Moura;21
510;Alícia Cavalcante;942.708.563-00;rmonteiro@example.net;Cavalcante;38
511;Sophia Gomes;869.421.705-85;antonyvieira@example.net;Montenegro de Santos;1
512;Dra. Joana da Rosa;348.701.652-44;bruno24@example.org;Vieira do Norte;27
513;Isadora Costela;810.524.697-01;joao-felipe69@example.com;Araújo do Sul;11
514;Sr. João Lucas Cavalcanti;401.563.298-24;ucamara@example.com;Pacheco;23
515;Maria Laura Cassiano;736.218.054-35;lcirino@example.org;Siqueira de Cirino;31
516;Larissa Almeida;428.639.107-87;limasamuel@example.com;Brito do Galho;5
517;Anthony Gabriel Pereira;168.075.432-71;da-matajoao-pedro@example.net;Vieira;19
518;Cauê Nogueira;513.874.906-48;maria-luiza23@example.org;Pires da Prata;44
519;Antônio Aparecida;184.073.962-22;da-conceicaoleticia@example.com;Fogaça;40
520;Laura Câmara;617.809.542-20;pimentabrenda@example.org;Barros do Norte;45
521;Clarice Cavalcanti;685.413.729-28;cecilia14@example.com;da Luz de Minas;41
522;Dom Vasconcelos;259.368.041-51;joao-vitor15@example.org;Vargas;27
523;Maria Dias;769.534.208-47;jleao@example.com;Nascimento de Nascimento;29
524;Matheus Barros;963.501.287-02;fonsecamaria-julia@example.org;Araújo;32
525;Dr. Davi Miguel da Rocha;726.195.083-12;sampaiojoao-pedro@example.com;Sampaio;4
526;Maria Fernanda Aragão;197.648.035-39;emanuelda-cruz@example.org;Nunes;16
527;Clarice Teixeira;279.548.316-55;pviana@example.net;da Paz;52
528;Eduardo Araújo;028.935.471-41;rafael62@example.com;Moreira;24
529;Carolina Souza;360.198.724-40;pdias@example.net;Garcia da Serra;50
530;Marcelo Ramos;634.095.281-05;da-costaalexia@example.org;Azevedo;36
531;Anthony Sá;438.501.267-90;daparecida@example.com;das Neves;48
532;Luiz Henrique Sá;463.278.190-87;joana81@example.net;Alves;14
533;Maria Helena Mendes;904.163.827-03;pedrorodrigues@example.net;Vargas;9
534;Srta. Sarah Moreira;985.312.476-91;silvahellena@example.org;Pimenta;22
535;Ana Vitória Cassiano;971.608.235-59;dbrito@example.com;da Rocha;48
536;Bernardo da Mota;958.061.342-70;luisa21@example.net;Aparecida de Fonseca;39
537;Murilo Jesus;927.845.610-11;cmontenegro@example.com;Pinto;35
538;Ana Laura Sousa;380.172.956-77;camarahellena@example.com;Ferreira;6
539;Nina Ramos;871.096.354-57;efarias@example.com;Pereira do Amparo;9
540;Renan Camargo;470.913.528-23;benicio96@example.org;Vieira das Pedras;41
541;Hadassa Aragão;306.271.895-12;jade14@example.net;Leão de Moura;10
542;José Pedro Cirino;016.278.435-07;imelo@example.net;Sampaio;34
543;Maria Sales;960.481.723-03;anna-liz02@example.com;Monteiro;41
544;Sr. Nicolas da Luz;807.613.942-22;laurasampaio@example.net;Peixoto;13
545;Helena Ferreira;390.267.514-43;drezende@example.com;Fogaça da Praia;47
546;Mariane Moreira;512.367.840-90;sgarcia@example.net;Porto da Mata;3
547;Dra. Beatriz Borges;190.437.526-06;lmontenegro@example.org;Leão do Oeste;12
548;Rafael Novaes;613.970.285-21;xabreu@example.org;da Mata Paulista;7
549;Oliver Rocha;306.875.192-68;luigi96@example.org;Correia das Flores;18
550;Paulo Cardoso;629.841.307-31;mirellacampos@example.net;Teixeira Paulista;51
551;Eduarda Duarte;318.096.742-04;valves@example.net;Marques;45
552;Maria Alice Cirino;394.176.850-66;enzo20@example.net;Camargo;13
553;Camila Caldeira;248.105.367-26;fbrito@example.org;Barbosa do Amparo;25
554;Ana Vitória Costela;695.731.480-48;beniciocampos@example.com;Mendes da Prata;21
555;Emanuel Moreira;413.906.527-34;emanuellacamargo@example.org;Duarte;39
556;Henry Barros;248.310.965-98;zsouza@example.com;Moraes das Flores;8
557;José Cavalcanti;346.085.279-83;clopes@example.com;Dias do Campo;33
558;Maria Isis Lima;358.709.164-10;mda-rocha@example.net;Gonçalves do Sul;16
559;Fernando Duarte;625.109.847-30;joaquim05@example.net;Silva;47
560;Sr. Ravi Lucca Nunes;531.824.790-32;novaisagatha@example.net;Oliveira;2
561;Mariah Rodrigues;658.190.374-48;laura11@example.com;Peixoto;48
562;Dr. Isaac Oliveira;049.587.316-01;iandrade@example.net;Fernandes;11
563;Allana Azevedo;716.529.483-09;novaisana-sophia@example.com;Gonçalves;18
564;Rafael Monteiro;159.076.432-34;luiza32@example.org;Silveira;42
565;Sr. Benjamim da Luz;019.276.438-13;luigi29@example.com;Cardoso;34
566;Sr. Noah Porto;713.495.286-09;franciscoda-luz@example.com;Fogaça;16
567;Isabelly Ribeiro;318.907.526-30;mgomes@example.com;Fernandes;47
568;Vinícius Moraes;547.918.032-05;helena79@example.net;Vasconcelos;41
569;Esther Azevedo;462.579.031-06;souzahenry@example.org;Marques;26
570;João Felipe Alves;789.260.415-49;kevingoncalves@example.net;Moraes Alegre;24
571;Pedro Lucas da Mata;510.936.847-39;mcavalcanti@example.com;Moreira de Lopes;52
572;Benicio Ramos;319.065.247-34;da-motarael@example.net;Gonçalves das Flores;2
573;Henry Siqueira;473.162.985-37;britoleo@example.net;Sousa de das Neves;20
574;Srta. Eloá Dias;128.739.064-13;bfarias@example.org;Barbosa da Serra;36
575;Alexia Peixoto;570.316.842-26;rafael88@example.org;Vasconcelos;23
576;Carlos Eduardo da Rosa;578.924.631-19;emanuella70@example.com;Santos Alegre;15
577;Rafaela Camargo;480.136.952-98;da-cruzlorena@example.com;Souza;36
578;Gael Garcia;147.892.653-82;tda-mota@example.org;Pacheco;35
579;Manuela Pimenta;167.425.039-80;maria-florrodrigues@example.org;Pinto da Prata;19
580;Elisa da Rosa;741.620.385-62;josue07@example.com;Lopes;32
581;Sr. Benicio da Cunha;254.678.103-08;matteolopes@example.net;da Rocha;30
582;Arthur Gabriel Melo;536.870.219-12;luizarocha@example.com;Rodrigues;22
583;José Carvalho;683.290.571-86;fernandaviana@example.com;Carvalho;7
584;Melina Sales;589.326.417-73;jalves@example.org;Borges Grande;44
585;Liz Viana;385.147.206-35;isisrios@example.org;Teixeira de Moreira;17
586;Ana Júlia Barros;041.289.637-04;davi19@example.net;Sampaio;29
587;Valentim Casa Grande;872.156.934-73;mendoncamurilo@example.org;Abreu;4
588;Dante Moreira;138.076.594-39;da-rosajade@example.com;da Costa;20
589;Joana Pimenta;716.850.942-01;ninasousa@example.net;Melo;50
590;Lavínia da Rocha;175.823.460-17;bleao@example.org;da Paz;40
591;Bárbara Nunes;604.857.391-00;maria-helenasilveira@example.com;Albuquerque da Serra;36
592;Sr. Luiz Fernando Santos;861.759.234-64;ysilva@example.org;Viana da Mata;24
593;Ana Lívia Ramos;769.451.208-30;isis10@example.org;da Conceição;7
594;Cauê Monteiro;753.681.094-66;dazevedo@example.net;Camargo do Norte;18
595;Srta. Melina Teixeira;502.783.496-92;thiagomendonca@example.com;Câmara do Oeste;42
596;Srta. Maya Moura;310.567.842-53;fonsecajoana@example.net;Fernandes;32
597;Vinícius Monteiro;397.425.108-14;ypires@example.org;Cardoso;28
598;Letícia Brito;173.045.268-07;theodoro65@example.org;da Paz;53
599;Vitor Oliveira;384.970.521-88;bento05@example.com;Costa Alegre;42
600;Davi Miguel Costela;850.137.469-57;vpeixoto@example.net;Novaes;22
601;Caroline da Mata;019.348.256-89;rafael00@example.org;Nascimento;6
602;Maria Helena Rodrigues;087.935.142-04;igormacedo@example.org;Fogaça do Oeste;36
603;Dr. Benjamin da Costa;310.894.752-41;barbosadanilo@example.org;Cirino de da Paz;33
604;Levi Ferreira;934.178.520-05;barbosatheodoro@example.net;Monteiro;44
605;Dra. Maria Alice Câmara;745.682.193-37;vitoria81@example.org;Jesus do Amparo;25
606;Bruno Costela;283.954.107-60;brayanda-costa@example.net;Rezende de Teixeira;49
607;Bruna Almeida;704.293.685-00;hadassa70@example.com;Macedo do Norte;30
608;Gustavo Garcia;260.597.841-94;pedro05@example.net;Lima do Norte;5
609;Yuri Gomes;487.395.201-88;psouza@example.org;da Mota;7
610;Kamilly Barros;384.279.061-96;vitor-gabriel49@example.org;das Neves;19
611;Luna da Luz;278.036.541-26;jporto@example.org;Araújo Verde;22
612;João Guilherme Pimenta;851.372.496-37;rafaelpires@example.org;Pinto;6
613;Ana Julia da Conceição;102.543.786-17;silvavalentim@example.com;Rocha;39
614;Sr. Isaac Ferreira;197.046.853-00;kamilly16@example.com;Alves;31
615;Dr. Lucas Gabriel Jesus;574.801.296-02;benjamimcaldeira@example.net;Dias;21
616;Sophia Viana;953.740.168-57;camaramilena@example.net;Nascimento do Campo;33
617;Ana Júlia Pereira;789.261.504-02;eloada-conceicao@example.com;Souza do Campo;52
618;Srta. Melina Siqueira;651.248.079-11;manuelaviana@example.com;Nunes;5
619;Vitor Gabriel da Cruz;624.985.703-65;gleao@example.org;Pires de Vargas;36
620;Fernando Marques;021.384.659-42;bernardolopes@example.org;Barbosa;38
621;Théo Moura;695.134.827-82;fernandesbarbara@example.net;Silveira;37
622;Brayan Sousa;576.938.210-40;nicolebarros@example.org;Pastor;5
623;Maria Eduarda Rocha;765.314.208-71;marina50@example.net;da Paz Alegre;26
624;Luiza Sá;290.651.384-98;gael-henrique54@example.org;da Paz;11
625;Ryan Macedo;324.870.169-22;gaelcostela@example.net;Alves;36
626;Ana Cecília Nogueira;830.972.164-13;imoreira@example.com;Camargo do Campo;53
627;Marina Monteiro;412.750.693-80;duartelevi@example.net;da Mota dos Dourados;35
628;Sophie Rocha;150.374.286-53;da-cruzjoao-guilherme@example.net;Câmara do Oeste;25
629;Ravy Cassiano;729.815.063-40;lopesdavi-luiz@example.com;Santos;52
630;Arthur Miguel Leão;463.527.190-07;maria-vitoria76@example.net;Nogueira do Amparo;36
631;Calebe Câmara;146.329.705-06;qdias@example.org;Sampaio das Flores;40
632;Srta. Rafaela Mendonça;963.025.178-77;vicente56@example.com;Lima de Guerra;29
633;Benjamim da Mata;735.902.816-77;stellacostela@example.net;Pimenta;11
634;Luísa Cardoso;980.573.621-03;davi-lucas08@example.org;Nascimento do Oeste;4
635;Vitor Gabriel Gonçalves;342.769.150-07;andradeasafe@example.net;Montenegro;45
636;Raquel Aparecida;248.015.673-71;zrezende@example.org;Barros de Minas;1
637;Thiago Silveira;608.549.173-57;ana-liviaviana@example.com;Moraes do Sul;18
638;João Guilherme Marques;314.579.682-82;camarajoana@example.net;Mendes da Mata;24
639;Dra. Sofia da Cruz;607.532.819-02;goncalvesravi@example.com;Mendes Verde;53
640;Leonardo Farias;218.475.390-41;casa-grandeisis@example.net;Moreira de Silveira;1
641;Isabel Araújo;746.259.103-07;rabreu@example.net;Sá;45
642;Rebeca Nogueira;753.298.041-32;garciajose-miguel@example.org;Moreira;39
643;Srta. Eloah Costa;710.368.594-01;salbuquerque@example.org;da Rocha Paulista;40
644;Luna Pimenta;528.741.639-37;nmartins@example.com;Cavalcante;41
645;Olívia Albuquerque;562.130.489-60;gabrielnascimento@example.com;Brito do Norte;7
646;Nina Peixoto;215.748.930-41;yanda-paz@example.com;Freitas das Flores;21
647;Vitor Hugo Ramos;312.058.764-80;cardosorebeca@example.net;Farias Verde;30
648;Kamilly Sousa;973.106.452-43;lucasmelo@example.org;Barbosa do Norte;9
649;Thomas Macedo;675.240.193-43;yvasconcelos@example.net;Fogaça de das Neves;47
650;Luiza Moura;132.579.864-91;ysales@example.com;Novais;42
651;Marcela Cavalcanti;057.682.394-56;lfreitas@example.net;Costa;51
652;Maria Cecília Moura;304.286.795-10;bernardo47@example.com;Sampaio;40
653;Sra. Kamilly Pires;097.453.681-48;andradeester@example.org;Santos;31
654;Srta. Caroline Barros;610.357.248-71;arthur-gabrielfarias@example.net;Santos da Serra;50
655;Maria Clara Moreira;068.759.432-47;enzo27@example.org;Pereira do Oeste;2
656;Dra. Maria Luísa Cavalcanti;048.729.516-11;hborges@example.org;Siqueira;47
657;Francisco Dias;902.681.745-20;ana-lizrodrigues@example.net;Souza;25
658;Srta. Luana Aragão;642.718.950-67;yagocosta@example.org;da Luz dos Dourados;4
659;Caleb Mendonça;598.674.320-29;pachecohelena@example.org;Sampaio;36
660;Manuella Ramos;435.796.208-00;pedro-henrique74@example.org;Moreira;1
661;Ester Melo;275.943.018-97;antony26@example.com;Fernandes do Campo;44
662;Luiz Henrique das Neves;279.603.481-03;pmelo@example.com;Peixoto Alegre;34
663;Maria Liz da Rosa;031.862.549-06;oliviacavalcante@example.com;Nunes;31
664;Davi Lucca Ribeiro;501.276.398-02;qabreu@example.org;Cavalcanti;24
665;Leandro Barros;238.701.496-04;mendesliam@example.com;Melo;34
666;Maria Júlia Sampaio;376.891.045-84;joao-felipe65@example.com;Peixoto das Flores;8
667;Ana Sophia Ferreira;703.415.269-16;pimentaisabella@example.org;Carvalho;24
668;Esther Aparecida;346.029.187-78;ana-livia67@example.org;Leão da Serra;29
669;Miguel Rodrigues;817.602.549-67;castroantonella@example.org;Rodrigues dos Dourados;8
670;Ryan Rezende;690.238.741-96;maria-julia58@example.com;Viana;30
671;Otávio Nascimento;612.074.598-01;daragao@example.com;Campos;47
672;Natália Fonseca;054.328.971-05;ana-beatrizfogaca@example.com;Machado;21
673;Dr. Arthur Miguel Peixoto;150.483.972-23;cardosojoao-vitor@example.net;Lopes de da Mota;19
674;Dr. Joaquim Siqueira;870.925.634-29;umoraes@example.org;Porto da Mata;32
675;Maria Liz Almeida;241.630.795-99;olivia83@example.net;Freitas;20
676;Olívia Cunha;642.780.351-44;anthony63@example.org;Ribeiro Grande;51
677;João Felipe Martins;951.760.243-06;maria-clara96@example.net;Nogueira das Flores;32
678;Alice Fernandes;598.631.724-64;sophiasampaio@example.org;da Cunha das Flores;30
679;Bruno Pires;785.014.293-41;marcela70@example.org;Pinto;31
680;Dr. Oliver Teixeira;047.138.659-66;goncalvespedro-henrique@example.org;Oliveira;4
681;Felipe Castro;689.213.754-73;riosanna-liz@example.net;Câmara das Flores;50
682;Nicole da Paz;728.390.514-60;gomeslarissa@example.com;Correia do Sul;6
683;Heloisa Carvalho;981.463.075-66;maria-juliarodrigues@example.org;Almeida das Flores;17
684;Sophia Correia;275.816.390-02;joao41@example.org;Oliveira;52
685;Natália da Cruz;973.618.025-59;samuelmartins@example.net;Abreu;10
686;Srta. Maria Luísa Moreira;761.832.045-44;umendes@example.org;Gonçalves do Norte;27
687;Dr. Thomas Pires;761.092.843-78;julia52@example.org;Costela de da Luz;45
688;Lucas Ramos;178.692.453-64;manuella49@example.com;Teixeira;40
689;Diogo Moreira;403.296.518-89;maria-laura74@example.org;Casa Grande;48
690;Lavínia Gomes;430.619.278-40;emanuella88@example.com;Pinto de Cavalcante;54
691;Sr. Theodoro Dias;856.731.904-84;qalbuquerque@example.org;Câmara da Mata;9
692;Henry Gabriel Cassiano;413.275.069-80;emanuellarios@example.org;Pires do Campo;50
693;Sr. João Gabriel Novaes;891.603.754-93;samuelda-conceicao@example.net;Cavalcanti de Aparecida;4
694;Juliana Novaes;413.508.267-07;ryanpacheco@example.net;Martins de Brito;12
695;Ana Júlia Dias;137.086.542-26;mariahda-rosa@example.net;Pacheco;48
696;Brenda Silveira;739.028.516-86;natalia78@example.com;da Luz da Prata;19
697;Luigi da Mota;894.530.167-48;nicole77@example.org;Azevedo;35
698;Liz Brito;752.106.439-99;sofia71@example.net;Pimenta do Oeste;54
699;Daniela Duarte;236.715.489-91;uvasconcelos@example.com;da Luz;51
700;Liz Freitas;245.796.318-46;ateixeira@example.org;Araújo das Pedras;18
701;Sr. Rafael Vargas;403.152.968-60;leticia65@example.net;Cunha;54
702;Sarah Macedo;418.762.395-73;vasconcelosheloisa@example.net;da Cruz de da Mota;8
703;Maria Flor Araújo;105.246.398-33;vcarvalho@example.org;Vasconcelos das Pedras;11
704;Dom Pastor;431.872.965-64;carvalhodavi-luiz@example.net;Fonseca dos Dourados;13
705;Srta. Ester Duarte;739.261.540-80;isaqueramos@example.com;Gonçalves do Amparo;52
706;Vinícius Araújo;850.437.291-04;brenda11@example.net;Novais;9
707;Vitor Castro;817.459.026-94;maria-flor72@example.net;Barbosa da Serra;6
708;Maitê Marques;860.342.751-80;albuquerquerael@example.com;Cassiano Paulista;16
709;Luan Nascimento;735.941.602-70;luiz-miguel10@example.net;Vasconcelos;16
710;Vitor Hugo Ferreira;158.976.430-75;oda-mata@example.org;Alves Grande;35
711;Camila Garcia;073.896.415-84;gabriellypastor@example.org;Cavalcanti;45
712;Stella Campos;231.854.967-28;ncorreia@example.org;Mendes Paulista;11
713;Brenda Marques;096.735.812-40;davi-lucca64@example.org;Rezende;15
714;Maria Julia Melo;045.917.826-11;rafaelacassiano@example.org;Teixeira de Andrade;54
715;Gustavo Henrique Sousa;456.713.802-35;monteironicolas@example.com;Pires da Praia;51
716;Lorenzo Alves;059.371.684-10;levibrito@example.org;Câmara de Minas;50
717;Ana Luiza Camargo;796.843.120-40;valentina59@example.net;Mendes;29
718;Fernanda Cardoso;382.615.079-12;nda-paz@example.org;Câmara;2
719;Francisco Siqueira;457.896.201-67;qfreitas@example.org;Souza;50
720;Ana Julia Vieira;320.157.649-25;antonio97@example.com;Correia Verde;37
721;Milena Cunha;749.052.816-01;carolina78@example.com;Rios;17
722;Dr. Benício Viana;560.417.938-84;novaesana-carolina@example.org;das Neves dos Dourados;53
723;Antonella Montenegro;263.158.074-53;sofiamoura@example.org;Nogueira de Goiás;37
724;Dra. Eloah Freitas;219.564.870-85;rcosta@example.org;da Rocha das Flores;43
725;Mariah Melo;752.890.416-30;davi-luizaraujo@example.com;Casa Grande;40
726;Elisa Teixeira;362.598.104-15;camarayuri@example.org;Campos Verde;8
727;Clarice Costela;724.680.951-11;vargasmaria-julia@example.org;da Rosa de Campos;24
728;Mirella Cassiano;154.032.679-99;kpacheco@example.net;Teixeira de da Rocha;26
729;Vicente Caldeira;153.687.490-66;vargasalana@example.net;da Cunha do Galho;28
730;Dr. José Fogaça;109.537.684-57;gustavo-henrique78@example.net;Pereira do Galho;48
731;Maria Helena Aparecida;918.405.732-79;vsilva@example.org;Ramos dos Dourados;5
732;Stephany Andrade;690.148.725-85;da-rochajulia@example.org;da Cunha de Fogaça;3
733;Manuella Fogaça;347.602.981-69;ottonovais@example.net;Sousa das Flores;46
734;Sr. Theo Borges;593.260.481-60;maysa26@example.org;Santos do Amparo;22
735;Dr. Pedro Lucas Fonseca;295.061.834-06;isabellapinto@example.net;Costa;3
736;Caleb Silva;964.152.780-02;vcaldeira@example.com;Duarte;16
737;Pedro Miguel Aparecida;382.570.946-92;raelmacedo@example.net;Casa Grande;35
738;Juan da Cruz;078.345.169-57;kpires@example.com;Santos da Praia;29
739;Pedro Freitas;539.420.186-24;gaelviana@example.net;Nascimento de Dias;50
740;Ian Silveira;583.724.019-50;bpastor@example.org;Almeida;30
741;Melissa Novais;057.681.924-76;silveirayuri@example.net;Siqueira do Sul;27
742;Dra. Rebeca Lopes;263.579.410-34;xcasa-grande@example.net;Abreu do Norte;3
743;Sra. Bárbara Vasconcelos;196.587.420-76;bentorezende@example.com;Farias;24
744;Calebe Guerra;968.357.140-93;das-nevesdaniela@example.org;da Cunha do Amparo;5
745;Francisco da Luz;638.250.914-06;rodriguesevelyn@example.org;Abreu;45
746;Alice Abreu;564.079.283-38;melinacirino@example.net;Ferreira;38
747;Eduardo Peixoto;527.914.630-70;nascimentoisaque@example.com;Caldeira da Praia;25
748;Emilly Pastor;821.374.596-55;jribeiro@example.com;Camargo de Rios;21
749;Ana Luiza Fernandes;352.196.804-98;mendesgael-henrique@example.net;Ribeiro;53
750;Luna Moura;986.741.250-85;mteixeira@example.com;Guerra das Pedras;36
751;Antonella Mendonça;071.243.586-71;daniel80@example.org;das Neves;48
752;Ágatha Cavalcanti;508.723.146-26;gsousa@example.net;Moraes;42
753;Sr. Heitor Brito;723.580.194-88;aparecidagiovanna@example.org;da Rocha;52
754;Isaque Ribeiro;526.718.304-08;thalespinto@example.net;Lima Verde;52
755;Dra. Luana Costela;460.385.271-17;antonio60@example.net;Cardoso de Ribeiro;6
756;Srta. Ana Sophia Porto;192.630.875-12;theorodrigues@example.net;da Paz da Prata;43
757;João Miguel Nunes;418.370.692-04;melomaria-luiza@example.org;da Conceição;41
758;Mathias Cirino;193.742.650-52;xpeixoto@example.org;Vargas;17
759;Liam Aparecida;902.761.548-94;goncalvesgabrielly@example.org;Montenegro de Minas;45
760;Francisco Pires;357.096.128-12;joao-pedronovaes@example.com;Camargo;5
761;Ana Luiza Jesus;890.451.267-02;gustavo-henriquerodrigues@example.org;Garcia;53
762;Benjamin Gomes;913.650.478-57;rda-paz@example.net;Machado de Goiás;20
763;Rebeca Pimenta;457.316.209-70;luiz-fernando64@example.org;Sousa do Sul;5
764;Letícia Casa Grande;076.541.398-10;jadeleao@example.com;Siqueira de Machado;3
765;Maria Julia Martins;598.731.402-04;mathiassiqueira@example.net;Martins da Prata;10
766;Maria Fernanda Ramos;436.180.572-53;costapedro-henrique@example.com;Ribeiro;5
767;Stella Lopes;270.513.648-71;yoliveira@example.org;Jesus;8
768;Dr. Joaquim Sousa;275.468.093-47;barrosasafe@example.org;Farias;43
769;Levi Fogaça;329.806.471-87;tfernandes@example.org;da Rosa do Campo;35
770;Eduarda Cassiano;261.483.795-46;theo12@example.com;Sá;10
771;Davi Luiz Garcia;769.104.285-01;falmeida@example.net;Fernandes de Minas;12
772;Sr. Felipe Carvalho;946.107.285-67;maya09@example.net;Cavalcante da Praia;48
773;Gael Moraes;480.321.756-44;vinicius76@example.com;da Mata;38
774;Dra. Natália Ribeiro;150.947.862-02;maria-isisgarcia@example.com;Sales;20
775;Júlia Sampaio;658.943.721-19;ceciliasilveira@example.com;Mendonça;21
776;João Felipe Barros;715.640.932-80;domcavalcanti@example.com;Cassiano;19
777;Isabela Vasconcelos;190.572.638-40;heitor91@example.org;Costa;52
778;Srta. Ester Borges;106.759.482-58;oduarte@example.net;Melo;8
779;Thales Pereira;274.568.013-71;barrosluiz-gustavo@example.org;Casa Grande da Prata;37
780;Esther Sampaio;193.826.475-46;omontenegro@example.com;Lima;26
781;Luiz Felipe Sousa;380.562.479-47;azevedomarina@example.com;Pinto;44
782;Anna Liz Rocha;701.246.859-94;manuella57@example.com;da Rosa de Teixeira;4
783;Luara Nogueira;392.057.814-79;isis77@example.com;Casa Grande;38
784;Sra. Mariah Alves;256.781.340-35;qvieira@example.org;Pastor;16
785;Henrique Brito;067.125.893-12;tcastro@example.net;da Conceição do Oeste;45
786;Sara Lopes;627.508.931-86;spereira@example.org;Moreira;43
787;Helena Leão;704.512.936-06;peixotojose-pedro@example.net;Fernandes da Praia;49
788;Srta. Maria Eduarda Nunes;710.326.894-04;ana-sophiaporto@example.com;Novais Alegre;48
789;Luísa Sampaio;325.674.180-08;mariananunes@example.com;Dias;27
790;Aylla Gomes;251.438.907-05;mvasconcelos@example.com;Fonseca;40
791;Renan da Cruz;305.249.176-80;mdias@example.net;Ramos;46
792;Dante da Rocha;034.185.962-15;joao-pedroda-rocha@example.org;Rezende;22
793;Mariah Barros;572.396.184-55;henrique47@example.com;Santos;45
794;Mirella da Paz;295.067.831-95;joao-miguel56@example.net;Pires;21
795;Luna Gonçalves;250.896.743-29;maysaazevedo@example.org;Cassiano;50
796;Vicente Castro;315.260.984-15;iguerra@example.org;Ramos das Flores;50
797;Srta. Aurora Costela;721.689.405-76;ramosrael@example.com;Aparecida;27
798;Igor Cassiano;285.937.061-77;qalves@example.net;Novaes de Minas;30
799;Guilherme Pastor;038.479.256-10;nicole26@example.org;Nascimento;5
800;João Miguel da Mata;856.174.290-94;vicente61@example.net;Machado do Sul;1
801;Sophie Vargas;632.098.574-74;ana-ceciliasales@example.net;Pastor;4
802;Luiz Miguel Martins;034.179.258-60;brendacostela@example.com;Silveira Alegre;10
803;Maria Júlia Pereira;278.469.105-58;alvescarlos-eduardo@example.org;Abreu da Mata;38
804;Maria Helena Siqueira;921.087.435-88;da-motalara@example.net;da Rosa;48
805;Dante da Rosa;247.610.853-71;camargoerick@example.net;Marques;15
806;Júlia da Mata;071.568.493-01;calves@example.com;Martins das Pedras;46
807;Anthony Gabriel Oliveira;014.523.879-23;marcos-vinicius37@example.org;Nunes;13
808;Rebeca Vieira;304.287.619-50;evelynribeiro@example.com;Duarte;17
809;Dra. Manuella Jesus;265.397.148-82;bfonseca@example.org;Carvalho Alegre;26
810;Dr. Rael Sá;820.941.637-50;noahsales@example.com;Leão;1
811;Theodoro Nogueira;081.492.765-30;mariana15@example.net;Novaes das Flores;17
812;Maria Júlia Câmara;956.801.372-59;vieiramirella@example.org;Casa Grande de Barbosa;30
813;Sra. Isabella Sá;643.850.192-15;da-rochaisaque@example.org;Vasconcelos;14
814;Ana Sophia Azevedo;471.326.058-44;hellena53@example.com;Pinto Verde;34
815;Ana Cecília Rocha;709.268.531-12;isa@example.org;Sales Verde;47
816;Marcela Rodrigues;706.839.514-75;da-cruzgabriel@example.com;Souza Alegre;53
817;Ravy Andrade;547.183.092-04;montenegrolivia@example.org;Martins;20
818;Mathias Nascimento;041.583.762-62;brunoda-rocha@example.net;Lima do Campo;50
819;Daniela Barbosa;378.109.645-93;luiz-otavio35@example.net;da Conceição de Silva;32
820;Bruna Brito;298.546.017-49;lorena08@example.net;Porto da Prata;20
821;Otto Melo;046.853.972-74;elisa76@example.net;Carvalho;43
822;Apollo Castro;123.754.869-19;yazevedo@example.net;Pacheco;51
823;Bruna Novais;038.126.794-69;moraesapollo@example.org;Pacheco do Galho;18
824;Kevin Carvalho;537.619.842-19;gael-henriquecavalcanti@example.com;Casa Grande;10
825;Carolina Moraes;217.406.853-26;rael46@example.org;Aparecida Alegre;10
826;Ana Correia;567.419.328-28;rodrigopeixoto@example.net;Monteiro de Minas;3
827;Ana Leão;189.570.263-12;maria-fernanda54@example.net;das Neves do Amparo;47
828;Raquel Gomes;982.370.614-03;vitor-gabriel44@example.net;Dias;17
829;Sr. Gabriel Ferreira;435.978.216-00;joao-lucasvargas@example.net;Correia da Praia;53
830;Dra. Luna Costela;782.059.163-30;maysafreitas@example.org;Mendes Paulista;34
831;Natália Nascimento;524.708.916-20;azevedomarcos-vinicius@example.com;Marques de Novaes;3
832;Kamilly Moraes;963.207.485-83;ylopes@example.com;Carvalho;20
833;Davi Fonseca;091.284.653-42;ccostela@example.net;Albuquerque;30
834;Lucca Pinto;496.175.238-09;kevinalmeida@example.net;Teixeira de Goiás;3
835;Matheus Costela;802.945.716-20;da-cruzjoana@example.org;Marques;31
836;Eloah Cavalcanti;341.072.985-23;ocunha@example.org;Jesus;26
837;Sra. Melina Cassiano;690.421.385-05;asafe78@example.net;Macedo do Oeste;12
838;Sr. Breno Peixoto;629.178.453-09;amandada-conceicao@example.com;Alves de Rodrigues;21
839;Isabelly Ramos;170.342.598-79;ulopes@example.com;Borges das Pedras;37
840;Luiz Fernando da Conceição;459.318.720-60;garciaemanuella@example.org;Borges;26
841;Srta. Ayla Pimenta;804.972.361-50;luizada-mota@example.org;Jesus;31
842;Enzo Moreira;139.406.782-87;pcavalcante@example.org;Pereira;43
843;Srta. Ana Lívia Vargas;142.803.765-90;sophiecirino@example.org;Duarte;51
844;João Gabriel Moraes;089.315.746-57;rodrigopereira@example.com;Martins de Goiás;48
845;Emanuella Santos;132.540.698-89;da-pazmaria-clara@example.net;Rocha de Sá;21
846;Ágatha Silveira;687.542.319-73;milenamonteiro@example.org;Costela;54
847;Léo da Rosa;168.325.094-05;arthur-gabrielcunha@example.com;Machado;52
848;Cecilia Rezende;463.108.792-78;tmartins@example.com;Costela dos Dourados;47
849;Oliver Aragão;321.860.579-21;mbarbosa@example.com;Moraes da Prata;20
850;Ana Cecília Mendes;158.924.607-11;vitor-hugoaraujo@example.org;Pires;2
851;Maria Fernanda Alves;765.843.291-19;emilly08@example.net;Macedo;24
852;Marina Teixeira;801.732.546-08;joao-miguelteixeira@example.org;Pimenta;22
853;Kamilly Gonçalves;308.271.495-14;bcassiano@example.net;Costela do Sul;47
854;Enrico Andrade;471.836.502-35;nfernandes@example.net;Melo Paulista;27
855;Luísa Pires;582.964.730-38;augustolopes@example.com;Farias do Galho;12
856;Theo Silveira;604.928.157-20;theomartins@example.org;Sampaio;32
857;Sofia Fonseca;698.425.037-47;eribeiro@example.com;Lopes;8
858;Marina Cassiano;670.298.541-01;lgoncalves@example.org;Lopes de Goiás;18
859;Joaquim Pimenta;259.476.308-00;barrosantony@example.org;Monteiro de Minas;2
860;Dra. Clarice Aragão;072.918.435-88;aparecidalucas@example.com;Brito do Norte;7
861;Antonella Aparecida;903.617.485-66;sara19@example.com;Azevedo;11
862;Joana Castro;817.492.056-02;maria-juliamachado@example.com;da Rocha das Flores;51
863;Isabela Vieira;453.176.902-34;pastorisaac@example.org;Machado;10
864;Dom Silveira;145.728.963-64;hjesus@example.net;Santos do Oeste;32
865;Ana Beatriz Fonseca;263.905.418-05;maysamartins@example.net;Viana Alegre;47
866;Catarina Duarte;652.017.398-30;juan02@example.org;da Mota de Costa;28
867;Srta. Maria Vitória Andrade;058.642.793-74;gvargas@example.org;Casa Grande;10
868;Dr. Vinícius Gonçalves;836.750.921-86;saparecida@example.com;Jesus;48
869;Ana Luiza Melo;673.241.859-91;da-conceicaothomas@example.com;Abreu do Galho;49
870;Asafe Câmara;736.089.412-31;montenegroana-laura@example.net;Monteiro;35
871;Hadassa Nascimento;841.673.209-40;rodriguesliz@example.org;Ramos de Goiás;35
872;Alícia Brito;249.576.301-43;luanfonseca@example.org;das Neves da Prata;54
873;Dra. Ana Lívia Barbosa;210.879.653-30;joaquim88@example.com;Mendes;50
874;Lara Viana;159.273.864-82;pintoerick@example.org;Casa Grande;43
875;Sr. Vicente Sales;837.652.014-80;zcaldeira@example.net;Cunha da Serra;12
876;Rodrigo Vasconcelos;913.657.482-19;miguel00@example.com;Abreu;31
877;Maria Almeida;596.802.374-00;peixotoraquel@example.net;Pastor;1
878;Renan Monteiro;895.046.271-02;cda-rocha@example.org;da Rosa;5
879;Cecilia Sampaio;462.783.051-35;monteiroana-liz@example.net;Jesus do Sul;36
880;João Miguel Duarte;219.465.083-06;da-luzbrenda@example.com;Cirino;5
881;Hadassa Pacheco;130.264.759-80;guilherme60@example.com;Borges Alegre;48
882;Benjamim Carvalho;190.736.582-68;da-luzliam@example.net;Barros;31
883;Sr. Francisco Rezende;910.385.427-23;marcos-vinicius78@example.org;Lopes;38
884;Mathias Correia;845.139.726-37;theo91@example.net;da Cunha do Amparo;36
885;Danilo Guerra;934.517.620-99;joaosilva@example.org;da Cruz;33
886;Srta. Ana Sophia Rodrigues;623.804.597-38;sampaioarthur@example.com;Fernandes;20
887;Pietro Casa Grande;215.937.680-95;noahgomes@example.com;Rios;28
888;Isabelly Mendonça;746.029.318-04;vianadante@example.net;Moura de da Rocha;26
889;Noah Camargo;429.813.057-60;manuellacosta@example.net;Mendes das Flores;28
890;Enrico Mendes;372.019.468-03;da-mataester@example.net;Sales do Campo;40
891;Valentim das Neves;601.487.295-76;maysamoura@example.org;Almeida;16
892;Dr. Luigi Abreu;732.059.814-05;isadorarios@example.net;Brito das Flores;26
893;Fernanda da Cruz;509.231.648-98;bnovais@example.net;Caldeira;33
894;Cecilia da Conceição;603.794.851-84;pedro-miguelsousa@example.org;Freitas;53
895;Arthur Miguel da Cunha;061.254.398-60;renan91@example.org;Vieira da Prata;26
896;Dra. Isabella Aparecida;742.560.381-08;guilherme18@example.net;Oliveira;19
897;Alexandre Lima;597.481.023-60;riosyan@example.org;Castro;46
898;Augusto Siqueira;238.169.705-59;joao-felipeandrade@example.org;Fonseca;21
899;Letícia Rodrigues;621.973.408-40;bernardo82@example.net;Caldeira de Minas;12
900;Heitor Barbosa;261.375.984-46;manuelalima@example.org;da Mota de Dias;53
901;Heitor Siqueira;036.284.597-29;caueda-conceicao@example.net;Novais;27
902;Maria Laura Rezende;920.416.578-20;moraesyasmin@example.org;Nascimento;1
903;Antonella Fernandes;891.265.704-67;nmendonca@example.org;Sampaio;38
904;Aurora Moreira;271.354.098-41;rcavalcante@example.com;Alves do Norte;18
905;Apollo Vasconcelos;091.274.836-22;cbrito@example.net;Araújo do Sul;41
906;Srta. Maria Dias;614.925.807-67;fda-paz@example.net;Cassiano;12
907;João Pedro Montenegro;905.368.714-93;peixotocarlos-eduardo@example.org;da Cruz das Flores;4
908;Dr. Caio Fonseca;842.369.051-24;vitor-gabrielmoraes@example.org;Freitas do Norte;43
909;Dr. Enzo Gabriel Viana;960.457.381-01;rodrigojesus@example.net;Pinto de Fogaça;33
910;Vinicius Cirino;210.975.384-60;da-luzvalentim@example.net;Novaes;54
911;Sara da Cruz;836.514.072-17;leonardorocha@example.org;Sampaio;34
912;Laís Silveira;284.391.067-69;emillysilveira@example.net;Cunha do Campo;34
913;José Barros;706.253.149-99;bryan26@example.org;Fernandes da Prata;8
914;Ester da Rocha;301.962.574-25;vargasrael@example.net;Freitas;2
915;Theodoro Moreira;245.713.096-43;da-rochadanilo@example.com;Costela;23
916;Gustavo Henrique Teixeira;534.720.896-10;gustavoborges@example.org;Moura de Martins;29
917;Srta. Ísis Aragão;938.401.752-32;uramos@example.org;Jesus;40
918;Breno Barros;987.623.015-86;albuquerqueleo@example.org;Alves;12
919;Bianca Farias;612.945.038-98;maria-julia74@example.net;Peixoto do Campo;28
920;Sra. Agatha Pinto;365.421.098-89;campossara@example.net;Caldeira da Prata;9
921;Henry Gabriel da Conceição;687.204.135-80;levicunha@example.net;Barbosa;53
922;Rael da Mota;596.072.841-94;raquelnascimento@example.com;Fonseca;29
923;Alícia Vasconcelos;537.869.024-29;souzajose-miguel@example.com;Aparecida;2
924;Benjamin Moreira;356.940.817-57;ubarbosa@example.net;Brito;29
925;Henrique da Cunha;590.634.187-01;fpires@example.com;Pinto;36
926;Vinicius da Luz;401.729.856-76;carolineda-rosa@example.org;Rios de Novaes;54
927;Dra. Catarina Jesus;038.524.976-47;marcela09@example.org;Nunes Verde;27
928;Srta. Lavínia da Paz;920.538.164-06;qvasconcelos@example.com;Borges de Moreira;25
929;Diogo Nascimento;563.124.087-44;mathias23@example.org;Vasconcelos;53
930;Juan Vasconcelos;268.470.395-74;zcassiano@example.net;Marques;36
931;Ana Ramos;723.841.596-82;raquelcarvalho@example.net;da Paz;29
932;Luiz Felipe Jesus;126.804.937-96;luararibeiro@example.com;Viana;47
933;Maria Helena Oliveira;659.801.724-67;rbrito@example.net;Vargas;33
934;Vinícius Dias;951.276.340-07;ana-liviamoraes@example.com;Alves;37
935;Rhavi Sá;308.549.617-39;camargohellena@example.net;Barbosa;5
936;Gael Pimenta;508.734.621-90;da-rochadiogo@example.net;Aragão dos Dourados;20
937;Emanuelly Pires;837.591.024-41;alanada-mata@example.org;Macedo de Macedo;18
938;Larissa Gonçalves;207.153.498-05;catarinaalmeida@example.net;Souza;34
939;Olívia Gomes;021.689.357-77;correiamiguel@example.org;da Conceição de Borges;1
940;Levi Fogaça;235.806.714-80;lucasrocha@example.org;Pereira;23
941;Alexandre Garcia;136.942.785-91;fernanda13@example.org;Barbosa de Rios;4
942;Laís das Neves;402.697.831-13;nina01@example.com;da Paz do Norte;2
943;Rael Costela;416.390.872-22;marcelobarbosa@example.org;Porto;35
944;Samuel Pastor;821.579.306-12;uviana@example.net;da Conceição de Teixeira;35
945;Isabel Nogueira;312.457.908-97;manuellasousa@example.org;Viana de Sampaio;49
946;Ísis Silveira;691.380.574-84;xmoreira@example.org;Fonseca;36
947;Marcos Vinicius Nogueira;219.867.430-04;goncalvesemanuelly@example.org;Nogueira dos Dourados;31
948;João Guerra;921.457.083-32;isabella79@example.org;da Costa das Pedras;20
949;Ágatha da Paz;802.197.543-14;msilveira@example.net;Montenegro da Mata;43
950;Caroline da Rosa;951.802.473-14;saleslunna@example.org;Cavalcanti de Goiás;29
951;Maria Liz Machado;673.451.029-80;gabrielly19@example.org;Monteiro de Pimenta;53
952;Sabrina Gomes;826.431.750-26;csouza@example.net;Rodrigues do Galho;33
953;Murilo Ramos;235.079.641-80;ugarcia@example.net;Rodrigues dos Dourados;14
954;Ana Carolina Alves;124.798.653-55;sabrinagoncalves@example.com;Costa Grande;17
955;Dr. Francisco Porto;324.691.780-96;jade24@example.org;Cirino da Prata;11
956;Dr. Felipe Fernandes;628.341.597-00;camaramirella@example.org;Freitas da Praia;19
957;Samuel Moreira;465.092.371-99;pietro03@example.com;Rocha;21
958;Ana Vitória Camargo;792.014.836-78;breno15@example.org;das Neves de Minas;28
959;Dr. Rafael Caldeira;593.018.276-03;umelo@example.net;da Costa;25
960;Melissa Dias;094.618.273-69;luiz-gustavo76@example.net;Sampaio;6
961;Valentina Melo;802.639.714-22;oliviamoura@example.net;Guerra da Serra;15
962;Lucas Novais;690.245.318-70;ana-cecilia22@example.com;Moraes Alegre;32
963;Dra. Lara Nogueira;569.824.703-00;isaac16@example.com;Carvalho;52
964;Asafe Aparecida;245.718.609-94;igorduarte@example.com;Costela;10
965;Lorenzo Fernandes;703.569.128-68;ana-julia48@example.net;Gomes Verde;50
966;Rebeca Casa Grande;736.859.241-09;anthony-gabrielcardoso@example.com;Freitas;19
967;Gustavo Henrique Azevedo;832.540.167-26;murilopereira@example.org;Pires;36
968;Caleb Araújo;601.473.258-62;maria-fernandaferreira@example.org;Vargas;42
969;Maria Luiza Moreira;172.698.354-46;eloa84@example.com;Garcia;22
970;Arthur Gabriel Duarte;217.354.890-50;jaragao@example.org;Campos de Ramos;46
971;Emanuella Azevedo;738.951.406-00;luiz-felipecassiano@example.net;Sousa;26
972;Eloá Brito;651.827.409-30;emanuella39@example.net;Dias;36
973;Lorena da Mata;617.593.402-43;pda-rocha@example.org;da Luz Paulista;7
974;Sara Pimenta;127.463.058-44;kazevedo@example.org;da Cruz dos Dourados;49
975;Sara Silveira;137.529.406-70;rochagael-henrique@example.org;Gonçalves do Norte;32
976;Esther Cavalcanti;094.673.521-25;otto58@example.com;da Costa;13
977;Yasmin Gonçalves;093.825.176-77;henry71@example.com;Costela;7
978;Dra. Ayla Almeida;295.706.841-94;nina30@example.net;Abreu;33
979;Maria Vitória Melo;137.046.985-39;kevincamargo@example.org;Campos;30
980;Natália Jesus;720.946.531-61;icaldeira@example.org;Campos;37
981;Ana Beatriz Machado;257.164.803-90;lorenagarcia@example.com;Nascimento;48
982;Felipe Marques;481.726.039-40;vieiraisabela@example.net;Fernandes;44
983;Luan Carvalho;246.108.793-87;gabrielly10@example.org;Cardoso Verde;24
984;Allana Vasconcelos;137.092.584-05;valentina56@example.com;Cunha;36
985;José Pedro Barbosa;209.386.514-98;jda-conceicao@example.com;Araújo da Serra;11
986;Ana Liz Macedo;168.740.352-07;alexiamoura@example.net;Fernandes;44
987;Dr. Emanuel Rodrigues;034.916.785-01;kmonteiro@example.net;Freitas de Lima;18
988;Benício Freitas;758.231.496-46;carvalhotheodoro@example.com;Abreu do Campo;44
989;Bento Vargas;189.076.324-13;machadoisabelly@example.com;Mendonça;42
990;Otávio Moreira;089.472.356-10;silveirahenrique@example.com;Martins;6
991;Gael Henrique Moraes;067.918.324-87;emanuel04@example.com;Mendonça da Mata;11
992;Murilo Cavalcanti;130.748.952-41;tlima@example.com;Monteiro do Sul;7
993;Dante Novais;053.814.796-20;luiza66@example.org;Fogaça;3
994;Ana Luiza Moura;327.065.819-21;tbrito@example.com;Sá;53
995;Danilo Aragão;798.026.451-76;yasminvargas@example.net;Silva;51
996;Júlia Oliveira;053.869.247-29;melissa09@example.com;Gonçalves de Viana;27
997;Vitória Monteiro;319.746.082-04;gustavo66@example.org;Cunha;43
998;Laura Aragão;794.165.280-30;oliviarios@example.net;Pacheco Verde;19
999;Pietro Albuquerque;142.359.068-60;moraesmaria-clara@example.net;Caldeira;33
1000;Noah Araújo;204.876.139-96;henry-gabrielbarros@example.com;Siqueira;53
1001;Sarah Pires;940.678.312-69;lorenzoteixeira@example.org;Fogaça de Moreira;1
1002;Isabel Oliveira;785.304.192-60;valentina06@example.com;Melo de Minas;8
1003;Gabriel Garcia;914.730.658-01;lucas96@example.net;Martins;51
1004;Sra. Pietra Rios;049.821.763-96;wcamargo@example.com;Monteiro;17
1005;Isadora Cavalcanti;743.259.601-80;scirino@example.net;Pereira;24
1006;Larissa Pimenta;693.524.701-25;tmoraes@example.org;Macedo;49
1007;Eduardo Novais;516.872.943-64;vitoria82@example.org;da Mata;18
1008;Maria Liz Nascimento;830.912.657-30;kpereira@example.org;Almeida de Minas;1
1009;Kaique Barbosa;319.254.807-04;da-conceicaopaulo@example.com;Abreu Alegre;14
1010;Josué Aparecida;451.320.768-07;maya24@example.org;Lima;30
1011;Sr. Gael Sampaio;490.683.571-66;esouza@example.net;Sampaio;32
1012;Vitor Gabriel Oliveira;809.635.174-57;macedovitor-hugo@example.com;Viana;5
1013;Luan Pinto;268.943.175-00;gdas-neves@example.com;Sales de Minas;30
1014;Dr. José Pedro Dias;018.476.593-57;thales60@example.com;Barbosa;4
1015;Anna Liz Lima;036.182.759-86;moraesvicente@example.com;Peixoto do Norte;42
1016;Raquel Abreu;094.612.783-22;fernanda64@example.net;Lopes do Amparo;38
1017;Ana Julia Duarte;642.075.318-07;ifernandes@example.org;Viana de das Neves;36
1018;Sr. Gael Viana;806.172.453-71;leovargas@example.com;Sampaio da Mata;14
1019;Cauê Gonçalves;593.067.182-68;kevinda-rocha@example.org;Lima de Mendes;13
1020;Dra. Olívia das Neves;625.403.798-00;alanasantos@example.org;Freitas;36
1021;Isis Nascimento;860.749.512-76;fsilva@example.net;Costa;37
1022;Erick Oliveira;957.602.381-59;lucas61@example.org;Cavalcante;27
1023;Gustavo Moura;437.218.695-91;martinsclara@example.net;Freitas;25
1024;Théo Cavalcanti;421.597.863-73;calebe06@example.com;Rezende da Praia;51
1025;Ravi Lucca Fernandes;231.075.498-60;stephany97@example.net;Machado;20
1026;Maria Laura Teixeira;394.561.802-98;stephanygarcia@example.net;Barbosa;24
1027;Maria Silva;089.674.352-74;bella30@example.com;Duarte;2
1028;Dra. Sarah Casa Grande;435.612.089-24;silvaisabela@example.com;Montenegro de da Paz;10
1029;Ana Lívia Lima;524.869.713-19;nascimentootto@example.net;Sales de Minas;10
1030;Helena Machado;810.562.947-01;stellamarques@example.net;Nascimento das Flores;54
1031;Mariana Pastor;892.654.017-02;spacheco@example.org;Caldeira de da Mota;35
1032;Cecilia da Cunha;630.974.821-13;vitor-gabrielcardoso@example.org;Pastor;30
1033;Elisa Moreira;391.704.856-66;ottocavalcanti@example.net;Silva;32
1034;Hadassa Cavalcante;210.675.849-94;almeidadavi-lucas@example.net;Martins das Pedras;1
1035;Bruna Aparecida;087.539.426-47;marcos-vinicius56@example.org;Araújo de Goiás;38
1036;Lavínia Dias;310.692.547-70;ana-vitoriadas-neves@example.com;Rocha do Campo;27
1037;Alexandre Costa;076.192.483-31;lopesluana@example.net;Lima Paulista;6
1038;Brayan Albuquerque;654.908.137-84;unogueira@example.org;Pimenta Verde;14
1039;Ravy Aparecida;805.641.379-01;joao-miguel68@example.net;Castro das Flores;17
1040;Natália Viana;083.476.912-31;fonsecabento@example.com;Cirino da Praia;13
1041;Ana Vitória Nunes;760.541.892-20;lorenasampaio@example.com;Pires de Moreira;23
1042;Ester Garcia;041.896.253-70;vfonseca@example.net;Campos dos Dourados;3
1043;Mirella da Rocha;127.834.906-50;alanaborges@example.net;Carvalho das Pedras;8
1044;Felipe Castro;275.460.381-62;vitor21@example.net;Rodrigues da Mata;52
1045;Dr. Augusto Dias;682.041.537-08;santosarthur-miguel@example.net;Azevedo;1
1046;Maria Liz Câmara;564.031.789-20;gcavalcanti@example.org;Silveira Paulista;4
1047;Benjamin Borges;782.159.304-41;larissabarbosa@example.com;Abreu do Amparo;6
1048;Bento Viana;580.764.293-74;qcaldeira@example.org;Cirino das Pedras;13
1049;Augusto Souza;537.041.962-07;zbarbosa@example.com;Rodrigues do Sul;42
1050;Rodrigo da Cunha;184.752.603-90;ljesus@example.net;Jesus;35
1051;Sr. José Miguel da Mota;716.950.834-66;stephany13@example.net;Andrade;8
1052;Lucas Gabriel Aparecida;256.187.049-94;eloahmacedo@example.com;Fernandes;39
1053;Otto Moura;064.739.518-57;theodoroda-rosa@example.net;Novaes;10
1054;Felipe Dias;364.917.052-34;machadolivia@example.com;Gonçalves;41
1055;Dr. Lucas Gabriel Fogaça;156.974.820-94;nogueirabrenda@example.com;Aparecida;49
1056;Luana Siqueira;013.965.728-21;peixotoarthur-miguel@example.org;da Rocha dos Dourados;16
1057;Maria Julia Aragão;290.354.871-41;enzo20@example.org;Cirino;18
1058;Luara Viana;950.713.648-75;fernandespaulo@example.net;Ferreira;25
1059;Joana Macedo;950.327.641-16;jose-pedromartins@example.net;Fogaça;9
1060;Dra. Maria Clara Ramos;031.968.245-51;apollo39@example.org;da Mota;28
1061;Sr. Arthur Gabriel Cunha;604.897.235-00;barbarapimenta@example.net;Nogueira;50
1062;Dr. Joaquim Freitas;952.073.648-47;kmendonca@example.net;Ramos;53
1063;Miguel Oliveira;680.743.512-62;vasconcelosrodrigo@example.com;Sales Grande;34
1064;Srta. Evelyn Nunes;495.610.872-94;wgarcia@example.org;Duarte do Sul;26
1065;Enrico Porto;501.376.298-77;scirino@example.org;Nascimento de da Cunha;6
1066;Bento Pires;293.618.407-03;sousabenicio@example.net;Ramos;20
1067;Ana Clara Fogaça;306.421.895-60;gomesisabel@example.com;Vieira;15
1068;André da Paz;579.648.310-20;cavalcantelavinia@example.com;Gonçalves;3
1069;Igor da Costa;620.513.897-21;da-cunhamaria-eduarda@example.com;Sales;3
1070;Carolina Abreu;718.629.450-20;marcos-viniciuslopes@example.net;Brito;11
1071;Eloá Azevedo;581.463.027-26;lopesheitor@example.org;Cunha da Prata;22
1072;Dr. Yan Novaes;157.839.046-00;sacamila@example.org;Nascimento de Teixeira;46
1073;Dra. Helena Azevedo;862.493.175-46;ana-livia01@example.net;Cavalcante;15
1074;Sra. Elisa Abreu;023.486.159-24;leonardoaraujo@example.com;da Mota;42
1075;Ryan da Mota;321.098.746-78;apollocardoso@example.org;Aragão;44
1076;Dom Câmara;297.381.064-78;bryanvasconcelos@example.org;Leão;51
1077;Sr. Nicolas da Cunha;630.572.184-07;zfogaca@example.net;Pimenta;24
1078;Heloisa Cardoso;102.483.597-97;cpereira@example.org;Campos;41
1079;João da Cruz;841.935.702-23;isaacleao@example.com;Montenegro;51
1080;Luiz Otávio Guerra;856.739.014-10;fcassiano@example.net;Fonseca da Praia;31
1081;Kevin Pacheco;498.503.716-84;marcos-vinicius39@example.com;Albuquerque da Mata;38
1082;Maria Flor Cavalcante;732.618.540-90;da-rochajuan@example.com;Viana;19
1083;Cecilia Sousa;589.271.063-77;rpeixoto@example.net;Sousa;34
1084;Maria Luísa Casa Grande;341.586.970-93;camilada-costa@example.org;Marques da Serra;50
1085;Sr. Luiz Otávio Nascimento;398.210.546-33;sarah76@example.org;Silveira Paulista;49
1086;Dr. Mathias Sales;947.235.681-82;eloahda-costa@example.com;Nunes do Amparo;44
1087;Matteo Gomes;986.703.145-84;cavalcanticaroline@example.com;Almeida da Prata;26
1088;Srta. Lívia Pinto;481.627.350-62;esther96@example.com;Machado da Serra;1
1089;Isaque Albuquerque;742.198.063-69;scampos@example.org;Rezende da Prata;14
1090;Fernanda da Cruz;261.985.740-67;anunes@example.org;Câmara de Caldeira;34
1091;Allana Alves;817.429.605-02;isis71@example.net;Dias da Serra;17
1092;Luiz Miguel Ribeiro;426.938.751-37;camargomaysa@example.org;Ramos;25
1093;Amanda Sales;865.719.342-64;lorenaguerra@example.net;Jesus do Oeste;13
1094;Ravi Lucca Abreu;140.572.936-80;freitasaylla@example.net;Andrade;36
1095;Dom Mendes;291.876.340-31;limabenjamim@example.net;da Conceição Verde;20
1096;Srta. Helena Teixeira;681.370.542-35;wpinto@example.com;Moreira;13
1097;Emanuelly Silveira;027.618.543-90;paulo32@example.org;Porto;41
1098;Sra. Heloísa Sampaio;932.075.846-83;rael23@example.com;Borges do Galho;36
1099;Sr. Ravy Gonçalves;107.849.325-14;teixeiramirella@example.org;Garcia;35
1100;Carlos Eduardo Albuquerque;712.309.845-50;monteiroluara@example.net;Nascimento Paulista;32
1101;Pietra Costa;574.169.820-49;lorenzosilva@example.net;Porto;44
1102;João Vitor da Cunha;259.861.473-91;yaraujo@example.org;Cunha da Praia;22
1103;Ana Julia Gomes;379.056.412-52;gda-mota@example.org;Mendonça;15
1104;Luara da Conceição;841.592.706-11;helenacavalcanti@example.com;Moraes;44
1105;Murilo da Conceição;975.302.418-50;antonella49@example.org;Pires;37
1106;Ana Lívia Freitas;164.087.293-04;arthur-gabriel91@example.net;Pastor do Oeste;6
1107;Luna Machado;875.610.342-53;da-cunhalucca@example.com;Rios;22
1108;Brayan Pinto;712.560.834-53;ryansa@example.net;Pinto das Flores;6
1109;Yasmin Nunes;760.483.192-31;emendonca@example.org;Pereira;26
1110;Davi Lucca Macedo;607.254.391-06;renan39@example.net;Costa do Campo;50
1111;Ayla Pires;654.107.283-35;casa-grandecaleb@example.org;Pastor;35
1112;Luiz Gustavo Alves;576.284.319-09;silvacarlos-eduardo@example.org;Leão;54
1113;Nicole Gonçalves;496.372.581-91;felipe63@example.com;Lima do Norte;23
1114;Lucas Andrade;063.281.795-02;kda-mata@example.com;Martins;41
1115;Anna Liz Camargo;952.483.160-06;salesester@example.net;Silveira de Albuquerque;2
1116;Léo Ferreira;128.369.540-51;diasamanda@example.net;Pimenta das Flores;42
1117;Dr. Noah Ribeiro;634.295.187-09;vieiraana-laura@example.net;Gonçalves;16
1118;Isabelly Sá;934.278.601-40;bda-luz@example.net;Casa Grande;42
1119;Benicio Pastor;586.143.729-73;da-cruzlevi@example.org;Teixeira;29
1120;Melissa Cardoso;021.639.578-02;matheus46@example.com;Melo Verde;19
1121;Davi Lucas Andrade;308.264.915-70;casa-grandepietro@example.net;Alves;50
1122;Luiz Henrique Caldeira;213.579.684-00;biancapacheco@example.com;Abreu de Novais;32
1123;Anna Liz Oliveira;931.256.407-25;isabella63@example.org;Câmara;28
1124;Maria Eduarda Aragão;342.196.807-13;ana-luizamarques@example.com;da Luz;32
1125;Giovanna Rezende;104.953.726-25;andradeana-sophia@example.net;Nunes;28
1126;Mateus Sá;902.658.317-68;martinsvinicius@example.org;da Rosa;11
1127;Liam Araújo;235.017.948-60;luiz-miguel75@example.net;Costa;14
1128;Davi Luiz Moreira;230.176.945-34;nicolasalbuquerque@example.org;Câmara;46
1129;José Jesus;791.560.382-59;macedoleticia@example.org;Pimenta de Pimenta;30
1130;Dr. Josué Souza;024.581.936-33;valentimmendonca@example.org;Alves;19
1131;João Gabriel Silva;209.473.856-65;marquesluan@example.org;da Rocha;30
1132;Marcelo Araújo;764.593.012-80;viniciusaragao@example.com;Porto da Prata;27
1133;Vitor Gabriel Macedo;279.840.153-41;pachecocaroline@example.com;Teixeira da Prata;26
1134;José Miguel Montenegro;237.156.890-21;guilhermecardoso@example.org;Aragão;33
1135;Vinícius Marques;803.524.769-74;marquescarlos-eduardo@example.com;Sales do Norte;35
1136;Heloisa Peixoto;251.468.937-64;anna-lizsousa@example.org;Caldeira de Cavalcanti;43
1137;Diego Monteiro;643.187.902-31;amanda22@example.org;Cavalcanti das Flores;8
1138;Luna Rodrigues;463.150.897-39;ana-julia70@example.com;Moraes de Peixoto;42
1139;Luísa Albuquerque;470.618.235-26;diego95@example.org;Monteiro de da Cunha;42
1140;Emilly Gonçalves;632.457.801-17;marcelamonteiro@example.com;Vieira da Serra;47
1141;Luiz Henrique Nunes;206.839.754-47;rezendeemilly@example.net;Cassiano;27
1142;Laura Camargo;156.907.243-43;luizada-cruz@example.com;Ramos;3
1143;Emanuella Pinto;420.367.851-07;ramoscamila@example.org;Costela;12
1144;Srta. Heloisa Rezende;809.245.167-20;ramosenzo@example.org;Brito;36
1145;Breno Freitas;481.529.736-37;tguerra@example.org;Teixeira;12
1146;Brenda Moura;540.329.187-32;vieirahellena@example.org;Macedo de Porto;39
1147;Pietra da Cruz;589.673.412-37;isaac96@example.net;Cunha;53
1148;Fernando Camargo;926.715.038-30;das-nevesdavi-lucas@example.org;Castro Paulista;13
1149;Helena Vieira;147.860.592-85;joanapastor@example.net;Oliveira do Galho;31
1150;Enrico Moraes;310.789.456-75;andrearaujo@example.org;Costa da Serra;25
1151;Maitê Correia;863.905.274-38;luiz-henrique43@example.net;Novaes;6
1152;Srta. Maria Novaes;269.548.031-89;maria-ceciliasa@example.com;da Conceição;33
1153;Gustavo Montenegro;963.175.028-03;piresvitoria@example.com;Gonçalves;5
1154;Bella da Cruz;684.905.732-47;murilocamara@example.net;Brito;7
1155;Ágatha Moraes;352.984.071-88;asafe67@example.com;Brito do Norte;2
1156;Maria Eduarda Pacheco;201.659.784-49;marquesmilena@example.net;Fogaça;5
1157;Mariah Pacheco;834.259.160-33;heloisagarcia@example.com;Nascimento das Flores;24
1158;Luiz Gustavo Oliveira;125.398.764-55;yagorios@example.com;Teixeira;43
1159;Letícia Carvalho;907.253.164-70;tpastor@example.org;Oliveira de Pinto;7
1160;Raquel Almeida;807.253.641-90;jade41@example.net;Pereira;1
1161;Liz Camargo;673.284.901-87;garciaana@example.net;da Luz;46
1162;Levi Albuquerque;926.081.735-86;dcarvalho@example.org;Guerra da Mata;37
1163;Ana Liz Almeida;824.795.036-74;bryanfarias@example.com;Rios da Prata;41
1164;Isabela Pinto;974.650.218-20;cassianomaite@example.com;Aragão;20
1165;Heitor Aparecida;568.049.237-74;fogacahellena@example.com;Novais;23
1166;Gael Macedo;846.390.725-38;mouramaria-julia@example.org;Ramos do Norte;40
1167;Daniel Pires;365.708.192-59;thiago29@example.net;Gonçalves;26
1168;Kamilly Rios;568.721.904-85;josecamargo@example.com;Pimenta das Pedras;44
1169;Cecilia Dias;628.910.453-51;ana-beatrizmacedo@example.org;Monteiro da Mata;42
1170;Maria Julia da Rosa;845.291.370-23;da-conceicaosophie@example.org;Abreu do Amparo;30
1171;Davi Miguel da Paz;593.014.672-16;qcardoso@example.org;Azevedo;53
1172;Sra. Isabela Vasconcelos;278.139.645-19;aurora85@example.org;Pacheco;38
1173;Lorena Cavalcante;529.036.817-59;machadodavi-luiz@example.org;Aragão do Galho;48
1174;Ana Julia Fonseca;419.362.780-22;paulo52@example.com;Moura de Siqueira;9
1175;Dra. Laís Camargo;715.426.308-35;nicolas05@example.org;Moraes de Nascimento;27
1176;Henry Correia;183.705.942-04;gandrade@example.com;Novais;52
1177;Luiz Gustavo Vieira;278.109.356-40;diasluiz-miguel@example.org;Sales de das Neves;41
1178;Lunna Ribeiro;359.740.826-56;lais73@example.com;Garcia do Amparo;53
1179;Rhavi Macedo;629.408.153-05;theogarcia@example.net;da Luz Alegre;48
1180;Arthur Sales;019.465.287-49;nascimentoravi-lucca@example.net;Castro do Campo;40
1181;Srta. Ágatha Peixoto;684.219.357-55;xpacheco@example.com;Novais;33
1182;Dr. Lucas Porto;952.480.637-10;macedomaria-eduarda@example.net;Carvalho;38
1183;Vinícius Nogueira;371.902.486-50;vieiravitor@example.org;Monteiro da Serra;1
1184;Maria Júlia Moreira;192.580.673-12;hnascimento@example.org;Pimenta;46
1185;Zoe Barros;450.679.183-57;doliveira@example.com;Casa Grande da Prata;11
1186;Mariana Pacheco;395.072.641-16;vargasantonella@example.org;Rocha;1
1187;Alícia Souza;193.640.572-52;idas-neves@example.net;Ferreira do Campo;3
1188;Paulo Aparecida;905.648.731-01;davi24@example.org;Costela de Guerra;11
1189;Luigi Sampaio;873.961.502-21;nicole96@example.net;Costela;24
1190;Sr. Bento Santos;058.639.271-86;prios@example.org;Gomes das Flores;39
1191;Ryan Nunes;258.607.314-26;nrocha@example.org;Moraes;54
1192;Ravy Mendonça;270.614.395-99;vabreu@example.org;Cavalcanti do Galho;33
1193;Marcos Vinicius da Cunha;416.075.389-20;stella46@example.com;Freitas;54
1194;Arthur Miguel Correia;890.136.745-93;nleao@example.com;Moraes;39
1195;João Porto;497.085.123-97;augustooliveira@example.com;Leão;13
1196;Maria Liz da Luz;902.145.736-99;antonella51@example.net;Vargas;46
1197;Dr. Davi Luiz Mendonça;174.903.586-39;bernardo34@example.org;Montenegro;26
1198;Gabrielly Novaes;795.418.632-64;amachado@example.com;da Conceição;41
1199;Srta. Alice Pinto;153.487.062-80;wcarvalho@example.com;Aparecida;49
1200;Bernardo Rezende;231.409.875-79;da-mataalana@example.org;Araújo;46
1201;Dra. Sabrina Sales;941.875.260-30;araujomaria-sophia@example.net;Brito Grande;24
1202;João Guilherme Nogueira;709.153.246-52;luiz-otaviocavalcanti@example.com;Monteiro;35
1203;Diego Cirino;409.651.738-01;nascimentocaua@example.org;das Neves;43
1204;Valentina Lopes;163.078.925-95;psales@example.org;Cassiano;39
1205;Arthur Gabriel Peixoto;536.781.024-17;julianogueira@example.net;Albuquerque;41
1206;Dr. Renan Pereira;508.731.496-10;martinspedro@example.net;Borges de Correia;38
1207;Rael Cavalcante;218.743.096-04;marcelocampos@example.org;Dias Paulista;12
1208;Sra. Brenda Monteiro;129.306.875-68;ana-beatriz22@example.com;Borges;14
1209;Maria Laura Albuquerque;259.147.038-32;ana-laura77@example.org;Pimenta do Sul;25
1210;Fernando Leão;591.763.408-48;benicio24@example.com;Pacheco da Prata;3
1211;Sr. Mateus Andrade;218.450.936-15;lorenanogueira@example.com;Siqueira da Prata;32
1212;Jade Mendes;869.173.402-78;ana-livia74@example.org;Macedo;2
1213;Aurora Nunes;107.245.983-32;caio06@example.net;Gonçalves;4
1214;Carolina Costa;534.726.819-00;montenegrolevi@example.org;Oliveira;16
1215;Maria Sophia Dias;462.150.897-02;marianerodrigues@example.net;Albuquerque;22
1216;Dr. Alexandre Costela;308.764.951-10;pmarques@example.net;Pimenta;54
1217;Alexandre Moreira;819.203.546-89;wnunes@example.net;da Costa;28
1218;Thales Costa;789.564.013-57;ana-clara81@example.net;Mendes Paulista;1
1219;Isabelly Aparecida;094.516.382-70;maitebarros@example.org;Dias;35
1220;Léo Sales;452.697.108-11;apollo15@example.org;Teixeira de Goiás;53
1221;Noah Jesus;075.348.216-90;clopes@example.org;Brito;54
1222;Yan Carvalho;402.598.167-01;xpeixoto@example.com;Cassiano;50
1223;Cecília Andrade;851.329.760-77;matheus64@example.org;Ferreira;35
1224;Allana Albuquerque;412.906.873-31;novaesigor@example.net;Azevedo da Serra;16
1225;Lunna Ferreira;904.538.761-10;pedro-lucasaraujo@example.com;Jesus do Sul;18
1226;Bryan Cardoso;832.905.476-47;jose-miguelnunes@example.net;Azevedo da Praia;33
1227;Davi Lucas Alves;485.037.916-84;ana-livia60@example.com;Casa Grande;29
1228;Mariah Câmara;460.798.253-92;melina34@example.com;da Luz;50
1229;Luiz Fernando Novais;617.348.590-75;maria-ceciliarios@example.org;Machado do Sul;18
1230;Maria Júlia Leão;659.172.048-02;ana-beatriz77@example.org;Pacheco;3
1231;Gustavo Henrique Fonseca;096.842.317-50;ravydias@example.com;das Neves;37
1232;Leandro Silveira;692.018.735-30;eduarda25@example.com;Almeida;47
1233;Kamilly da Paz;198.564.302-24;maria-fernandada-cruz@example.org;da Conceição da Mata;8
1234;Lucca Rocha;942.508.731-88;guerrajade@example.com;Ferreira;31
1235;Carlos Eduardo Aparecida;219.675.843-46;silveiramarcelo@example.org;Campos;45
1236;Sra. Ana Júlia das Neves;986.013.574-66;araujonathan@example.org;Sampaio;39
1237;Cauã Peixoto;780.962.534-92;maria-laura13@example.org;Souza de Brito;19
1238;Nina Teixeira;860.957.341-93;silveiranatalia@example.com;Pacheco;10
1239;Larissa Porto;785.620.439-74;ofernandes@example.com;Santos;12
1240;Antônio Melo;287.450.361-44;silvarafael@example.com;Leão;51
1241;Paulo Alves;891.643.702-40;eda-cunha@example.com;Nascimento;36
1242;Ryan Fernandes;307.948.561-01;rochaisis@example.com;Martins do Galho;25
1243;Anthony Gabriel Cavalcante;493.615.702-34;goncalvesbreno@example.com;Novaes da Praia;6
1244;Joana Gonçalves;706.932.815-02;emanuellasampaio@example.net;Borges;52
1245;Sr. Danilo Jesus;426.073.598-56;caleb84@example.org;Cunha do Campo;21
1246;Zoe Câmara;924.786.035-00;da-rosaheitor@example.net;Peixoto de Minas;32
1247;Levi da Conceição;021.893.467-03;ssampaio@example.com;da Conceição;30
1248;Luísa da Conceição;481.062.537-08;qleao@example.org;Montenegro de Pacheco;45
1249;Camila Dias;735.290.164-70;vmonteiro@example.org;da Conceição;41
1250;Maria Fernanda Teixeira;971.265.830-95;ocastro@example.net;Almeida Grande;33
1251;João Vitor Lopes;546.739.108-93;macedogustavo@example.org;Costela de Araújo;29
1252;Nicole Campos;564.893.170-01;gael-henriquemendonca@example.com;da Conceição do Galho;22
1253;Francisco Macedo;419.723.860-69;luiz-felipefarias@example.com;Rodrigues do Galho;7
1254;Clara Machado;284.035.716-07;machadogabriela@example.net;Casa Grande;46
1255;Ana Lívia Santos;359.847.610-84;jose38@example.com;Pereira de Aragão;18
1256;Ana da Luz;896.451.703-20;ravy40@example.com;Rodrigues;35
1257;Clara Melo;361.249.570-43;matheus56@example.com;Sousa;50
1258;Sarah Peixoto;795.261.308-12;sarada-luz@example.org;Mendes;11
1259;Nathan Souza;273.106.495-16;gcaldeira@example.org;Freitas de Rezende;25
1260;Mariane Pereira;179.380.245-97;da-pazvitor-gabriel@example.net;Oliveira da Prata;34
1261;Arthur Gabriel Freitas;216.408.759-30;julianunes@example.net;Brito;37
1262;Francisco Rocha;647.905.328-10;machadomaria-fernanda@example.org;Barros;19
1263;Evelyn Machado;059.724.168-67;lmarques@example.com;Garcia Verde;43
1264;Daniel Macedo;247.318.096-22;sousaisabella@example.com;Araújo da Serra;4
1265;Dr. Cauê Sampaio;938.176.502-21;isaacgomes@example.org;Rezende do Norte;16
1266;Paulo Araújo;268.379.150-02;eduarda39@example.com;Pinto Verde;22
1267;Sr. Rael Silveira;086.293.417-69;cavalcantecaio@example.net;Rios;23
1268;Srta. Eloá Peixoto;028.697.453-38;valentim89@example.org;Cavalcanti;30
1269;Luiz Fernando Correia;392.015.768-03;evelynrezende@example.com;Araújo do Campo;41
1270;Heloisa Fernandes;450.139.287-88;samuelcorreia@example.org;da Cruz das Flores;27
1271;Paulo Cardoso;089.245.176-94;vitor-hugo12@example.net;Macedo;37
1272;Dr. Levi Pimenta;920.715.346-70;mendesmaria-clara@example.com;da Mota da Serra;34
1273;Anthony Gabriel Gomes;241.873.960-04;luiz-miguelgoncalves@example.com;Sampaio;3
1274;Carlos Eduardo Mendes;536.182.970-68;yda-cunha@example.org;Sampaio;13
1275;Otávio Campos;730.945.128-79;joao-guilherme40@example.org;Santos;25
1276;Benício Fogaça;358.026.749-38;pachecogustavo-henrique@example.com;Rios;49
1277;Valentim Macedo;792.834.156-55;leandroborges@example.net;Santos;16
1278;Lorenzo Sampaio;812.507.396-59;omonteiro@example.com;Costela;49
1279;Enzo Gabriel Pastor;986.207.531-77;isilva@example.net;Lopes Paulista;12
1280;Vicente Farias;853.694.172-37;zcarvalho@example.org;Sousa;52
1281;Juliana Gonçalves;728.961.534-46;vianaheloisa@example.org;Cavalcanti;16
1282;Luiz Fernando Albuquerque;182.753.946-19;julianacorreia@example.net;Cirino do Sul;28
1283;Enzo Gabriel Vieira;234.097.156-06;pereiralara@example.com;Sales;38
1284;Ana Cecília Carvalho;690.287.514-67;davi-luizmendes@example.com;Almeida;5
1285;Srta. Ana Vitória Aragão;138.294.506-05;maria-fernanda11@example.net;Garcia;37
1286;Augusto Leão;082.369.715-03;earaujo@example.com;Gonçalves;31
1287;Henrique Santos;850.742.136-90;vitor-hugolima@example.org;Lima de Ribeiro;18
1288;Henry Gabriel Rocha;138.670.429-69;francisco64@example.org;Silva;29
1289;Mathias Ferreira;491.573.682-28;xmoreira@example.com;Sá do Norte;31
1290;Giovanna Vieira;492.807.351-79;carolina18@example.net;Almeida de Borges;21
1291;Esther Cavalcanti;420.189.635-89;vitor17@example.org;da Mata;13
1292;Dr. Lucas Gabriel Vieira;386.429.071-69;stella53@example.com;Leão;13
1293;Ana Cecília da Mota;723.498.065-29;peixotocamila@example.org;Pires Alegre;24
1294;Juliana Cavalcanti;164.927.035-61;enascimento@example.com;Aragão da Mata;47
1295;Maria Sophia Sousa;143.785.290-41;zaragao@example.net;Barros da Prata;52
1296;Marcela Leão;467.153.890-39;ana-cecilia18@example.com;Araújo;29
1297;Rael Melo;210.649.578-11;salmeida@example.org;Jesus das Pedras;37
1298;Lucca Andrade;397.284.106-03;pmendes@example.com;Almeida;37
1299;Olivia Sampaio;182.956.347-55;enrico90@example.net;Moraes de Ramos;22
1300;Marina Farias;385.740.916-93;tcostela@example.net;Sampaio;50
1301;Sarah Sá;760.528.941-30;joao-lucascampos@example.net;Araújo de da Luz;11
1302;Mariana Teixeira;186.573.092-03;marceloaraujo@example.org;Teixeira da Serra;9
1303;Alice Melo;321.546.790-99;larissasampaio@example.com;Vargas;34
1304;Ravi Borges;706.924.581-58;levi03@example.net;Borges;10
1305;Isabela Duarte;401.269.378-69;lpeixoto@example.org;Nascimento dos Dourados;1
1306;Alexandre Freitas;482.719.630-31;sampaiojuan@example.net;Martins;39
1307;Dra. Brenda Leão;780.356.249-38;fernandessarah@example.net;Caldeira;41
1308;Isis Vargas;921.807.356-77;maragao@example.org;Pires da Mata;3
1309;Pietro Aragão;308.457.961-00;sarahcavalcante@example.net;Novaes da Serra;19
1310;Laís da Rosa;850.973.124-14;maria-helenapires@example.com;Barbosa;34
1311;Ágatha Abreu;619.708.342-69;arthurnovais@example.org;Almeida;35
1312;Dante Marques;026.158.479-02;giovanna24@example.com;Abreu de Barros;19
1313;Anthony Sousa;429.158.630-24;cassianopietro@example.com;da Cruz do Sul;9
1314;Yuri da Mata;976.850.123-59;iabreu@example.com;Garcia;7
1315;Sr. Leandro Aparecida;593.872.041-97;agatha03@example.com;Moraes da Prata;42
1316;Dante Fogaça;978.142.536-91;mcassiano@example.org;Lima;18
1317;Mateus Guerra;786.240.139-50;lrios@example.org;da Cunha;48
1318;Vinicius Gomes;296.471.058-94;dbarbosa@example.net;Cavalcanti do Oeste;8
1319;Dr. Eduardo Pastor;983.124.765-55;nmachado@example.org;Vasconcelos das Pedras;25
1320;Kevin Campos;342.087.169-40;sarahsouza@example.org;Cassiano;54
1321;Nathan Albuquerque;091.268.374-04;bernardoda-paz@example.net;Cunha;15
1322;Dante Almeida;387.214.906-78;uramos@example.net;da Rosa da Serra;45
1323;Dra. Catarina da Rocha;052.941.836-33;nunesmaria-vitoria@example.com;Pereira do Campo;28
1324;Joana Novais;962.480.715-94;barrosmaria-julia@example.net;da Cruz do Sul;53
1325;Maria Luísa Jesus;186.423.957-37;das-nevesthales@example.com;da Cunha de Campos;19
1326;Srta. Luiza Câmara;137.542.806-35;monteiromariana@example.com;Ramos;26
1327;Brayan Monteiro;503.784.192-50;diego93@example.net;Correia de Costela;30
1328;Ana Cecília Correia;429.685.310-42;marina60@example.com;Cardoso de Goiás;30
1329;Sr. André Sales;765.048.329-00;felipe73@example.net;Nascimento;51
1330;Manuella Barros;456.120.987-58;ferreiracecilia@example.net;Siqueira;9
1331;Srta. Luna Machado;496.521.083-24;amelo@example.org;Albuquerque Verde;37
1332;Anthony Gabriel Silva;459.072.638-65;enriconogueira@example.org;Pastor;14
1333;Maria Júlia Vargas;203.496.751-80;ribeirolivia@example.net;Cassiano;33
1334;Luna Castro;951.326.708-30;lara23@example.org;Pereira;28
1335;Letícia da Luz;089.635.721-02;peixotolucca@example.org;Peixoto;41
1336;Dra. Ayla Nogueira;431.075.896-75;fariasstephany@example.com;Novais do Norte;50
1337;Sr. Murilo da Costa;218.453.079-41;juanalmeida@example.com;Peixoto;27
1338;Alana Melo;745.926.380-00;matteobarros@example.com;da Rocha;9
1339;Ana Sophia Pinto;953.427.618-91;joanacirino@example.org;Sampaio Verde;25
1340;Agatha Fonseca;302.598.746-47;maria-vitoria87@example.org;Gomes;24
1341;Maria Liz Aragão;506.183.497-66;freitascaio@example.org;Ramos;3
1342;Mariane da Mata;081.974.623-13;dantesousa@example.org;Casa Grande;47
1343;Sr. Antônio Pereira;452.813.796-82;ravi19@example.net;Gonçalves;38
1344;Benicio Pinto;860.132.594-70;yago92@example.org;da Paz da Prata;25
1345;Larissa Sales;453.908.627-83;oferreira@example.com;da Paz;54
1346;Lucas Gonçalves;628.457.103-80;uaragao@example.net;Garcia do Sul;20
1347;Nicolas Caldeira;624.730.591-52;jporto@example.com;Almeida Grande;21
1348;Luiz Gustavo Azevedo;589.062.147-58;macedoraul@example.net;Lima;28
1349;Aylla Dias;605.439.817-20;thomasda-rosa@example.org;da Cruz;34
1350;Lunna das Neves;740.532.896-29;maria-helena90@example.com;Campos de Oliveira;41
1351;Srta. Valentina Porto;986.352.740-83;yfarias@example.org;Correia;52
1352;Dr. João Pires;876.402.359-10;maria-lizmelo@example.net;Nogueira;1
1353;Joaquim Abreu;128.047.396-78;mateuscasa-grande@example.net;Cunha de Viana;20
1354;Catarina Costela;964.201.735-07;isabelamarques@example.com;da Luz;1
1355;Pedro Lucas Melo;329.548.106-70;luiz-otavioalmeida@example.net;da Cunha;12
1356;Srta. Ana Luiza Lima;938.614.250-33;ana-ceciliamonteiro@example.net;Pereira;23
1357;Valentina Cassiano;907.268.513-02;heloisaaraujo@example.com;Lopes Verde;8
1358;Dra. Ana Lívia Costa;831.069.254-42;leovasconcelos@example.com;Cardoso;37
1359;Milena Martins;738.094.612-96;maria-liz07@example.org;Novais;34
1360;Sr. Isaac Garcia;058.147.296-94;siqueirabreno@example.net;Vieira de Santos;19
1361;Benjamim Cardoso;740.563.819-84;amarques@example.org;Nunes do Sul;49
1362;Eduarda Albuquerque;036.142.875-80;da-pazmanuela@example.com;Peixoto do Amparo;14
1363;Giovanna Caldeira;837.546.290-00;natalia60@example.net;Dias do Sul;6
1364;Gustavo Henrique Casa Grande;694.185.723-46;ibrito@example.org;Silva;8
1365;Yasmin Rezende;195.426.708-85;abreudiogo@example.org;Lopes de Sousa;42
1366;Srta. Cecilia Correia;984.321.765-91;gsouza@example.net;Azevedo de Moraes;11
1367;Valentina Casa Grande;237.456.801-62;davi-luiz68@example.org;Sampaio de Minas;10
1368;Srta. Jade Oliveira;564.397.210-70;olivia67@example.net;Nunes das Flores;37
1369;Vitor Hugo da Costa;072.139.485-04;larabarros@example.com;Cardoso do Sul;44
1370;Otto Duarte;597.843.216-37;uduarte@example.com;Fogaça de Brito;37
1371;José Miguel Melo;640.793.812-04;anarodrigues@example.org;Barbosa das Pedras;38
1372;Maria da Cunha;512.879.406-76;anthony23@example.org;Nascimento das Pedras;28
1373;Théo Vasconcelos;357.608.942-00;ccorreia@example.net;da Mata Grande;16
1374;Théo Ramos;602.857.943-29;pereiraagatha@example.net;Cunha;31
1375;Anthony Gabriel Pacheco;617.439.508-10;leandro84@example.org;Fonseca;48
1376;Júlia Moura;045.931.287-14;nicole09@example.com;Porto de Porto;51
1377;José Rocha;059.183.746-39;juan03@example.org;Moura Grande;34
1378;Dr. Antony Martins;342.016.975-25;ida-paz@example.com;Fonseca de Pimenta;27
1379;Sr. Leonardo Azevedo;864.571.902-94;raquel68@example.com;Oliveira;30
1380;Eduarda da Cruz;326.058.941-42;maria-claraleao@example.com;Moreira do Oeste;9
1381;Pedro Miguel Correia;068.147.953-10;martinsvalentina@example.net;da Rocha;36
1382;Mateus Fonseca;546.879.013-01;joao-felipemarques@example.net;Câmara;6
1383;Olívia Campos;780.165.329-77;santosliz@example.com;Silva da Prata;41
1384;Melissa Araújo;847.392.501-79;umonteiro@example.com;Pastor;6
1385;Ana Vitória Nogueira;807.513.964-00;marina90@example.net;Freitas do Galho;9
1386;Maria Julia Cavalcante;683.429.710-31;cassianoarthur-gabriel@example.net;Guerra de Barros;19
1387;Isaac Pastor;612.054.978-11;novaeszoe@example.org;Nunes;45
1388;Ágatha Moreira;612.903.587-02;camposcalebe@example.com;Câmara;5
1389;Clara Pastor;826.471.539-73;maria03@example.net;Aparecida das Pedras;23
1390;Lunna Marques;863.125.709-59;vda-costa@example.org;Ribeiro;26
1391;Carlos Eduardo Duarte;590.823.714-05;mouramaria-liz@example.net;Moreira;5
1392;João Lucas da Luz;045.861.937-00;das-nevesmaria-sophia@example.org;Sá;20
1393;Ian Ramos;503.746.812-44;souzabreno@example.net;Machado de Pinto;52
1394;Zoe Aragão;234.659.718-09;juliana79@example.com;Teixeira;19
1395;Otávio Silveira;640.731.825-44;wcunha@example.com;Campos;51
1396;Dr. Luiz Otávio Machado;297.104.385-14;carvalhofelipe@example.com;Santos da Mata;43
1397;Elisa da Conceição;324.098.671-03;stephany39@example.com;Alves dos Dourados;53
1398;Kaique da Rocha;674.310.295-43;enzo74@example.net;Lima;12
1399;Pedro Miguel Abreu;502.184.963-89;gael-henrique34@example.com;Gomes de Sampaio;27
1400;José Miguel Novais;378.201.469-31;rodrigo30@example.org;Porto da Praia;18
1401;Srta. Maria Isis Santos;213.765.408-35;bjesus@example.org;Carvalho;11
1402;Dr. Isaque da Mota;209.615.438-33;costelaluna@example.com;Leão;7
1403;Maria Alice Pinto;017.634.985-57;yuri61@example.com;Alves da Serra;30
1404;Joaquim Vasconcelos;517.236.980-59;haragao@example.net;da Cruz do Amparo;29
1405;Mateus Cunha;156.482.730-53;maria-vitoriarodrigues@example.com;da Luz de Minas;5
1406;Augusto Alves;385.012.469-05;alicia48@example.com;Casa Grande de Cirino;2
1407;Zoe da Conceição;904.315.872-05;gabriela15@example.net;da Rocha de Pacheco;5
1408;Dom Fogaça;194.573.628-37;davi-lucascarvalho@example.net;da Rocha;19
1409;Lorenzo da Paz;378.596.024-74;sampaiosarah@example.com;Araújo;15
1410;Vitor Gabriel Mendes;314.870.259-04;raul67@example.net;Cavalcante do Campo;16
1411;Ryan Novaes;187.064.329-13;ida-rosa@example.com;Aragão de Jesus;7
1412;Agatha Casa Grande;638.950.214-15;apolloguerra@example.org;Cirino;45
1413;Benjamim Cirino;865.792.041-76;luccada-paz@example.net;Brito;34
1414;Eduardo Alves;697.082.514-02;arthur-miguelbrito@example.com;da Cruz do Oeste;15
1415;Dra. Cecília Cardoso;294.068.175-94;luiz-gustavoaragao@example.com;Carvalho do Sul;31
1416;Augusto Barbosa;134.729.650-61;rafaelramos@example.org;Cirino do Galho;48
1417;Bruna Vieira;329.548.617-46;jose34@example.org;da Rosa da Mata;45
1418;Melina Lima;024.763.591-06;cauesiqueira@example.net;da Cruz das Pedras;34
1419;Olívia Pires;345.189.672-91;fariasluiz-gustavo@example.com;Freitas Alegre;23
1420;Ana Luiza da Mata;762.914.085-11;gda-rosa@example.com;Viana de Freitas;43
1421;Josué Guerra;952.736.814-64;camilacostela@example.net;Cardoso Verde;45
1422;Maitê Souza;324.159.780-60;gustavo57@example.org;Ramos;17
1423;Mariah Costa;835.216.947-55;qda-cruz@example.net;Jesus;31
1424;Matteo Siqueira;824.736.190-69;wbrito@example.org;Brito;39
1425;Sophie Rezende;371.086.945-57;gabriellyaraujo@example.com;Vasconcelos;19
1426;Calebe da Mota;867.450.132-07;isaaccardoso@example.org;Gonçalves do Oeste;7
1427;Letícia Viana;762.958.140-85;mcostela@example.net;Marques;46
1428;Kaique Albuquerque;364.750.891-84;ssilva@example.net;Borges de Pinto;12
1429;Milena Rocha;063.128.975-59;kcaldeira@example.com;Camargo;20
1430;Isadora Nunes;940.671.853-75;pedro76@example.com;Rodrigues;37
1431;Vitor Vieira;140.685.273-26;lopesmarina@example.net;Andrade;25
1432;José Nogueira;196.024.735-25;lorenzo02@example.net;Leão do Campo;32
1433;Ísis Andrade;103.298.576-30;vicente20@example.org;Costa de Minas;43
1434;Ana Liz Sampaio;719.640.823-31;barrosayla@example.com;Sampaio;25
1435;Thales Camargo;321.458.097-32;arios@example.org;da Rocha;33
1436;Dante Cardoso;874.213.069-78;gmelo@example.com;Garcia de da Rocha;19
1437;Esther Pereira;139.058.246-98;ycampos@example.net;Cavalcante de Goiás;38
1438;Clarice Campos;540.791.683-57;caua69@example.net;Ribeiro da Serra;48
1439;Ana Lívia Jesus;845.216.793-82;dom02@example.net;da Paz do Amparo;32
1440;Srta. Nina Pacheco;845.369.270-00;alvesester@example.org;Lopes dos Dourados;8
1441;Dr. Gustavo Henrique Fonseca;584.163.097-01;iguerra@example.net;Guerra da Praia;33
1442;José Pedro Garcia;079.586.231-86;camaraanthony@example.com;Cirino Paulista;4
1443;Théo Macedo;108.536.729-03;mendoncajoao-gabriel@example.net;Abreu;27
1444;Maria Luísa Cavalcante;381.027.465-80;luiz-miguelcavalcanti@example.net;da Paz;22
1445;Vitor Gabriel da Mota;752.419.603-25;francisco08@example.com;Pereira de Camargo;16
1446;Marcelo Viana;193.250.648-98;kcasa-grande@example.net;Abreu;44
1447;Lavínia Campos;570.436.182-07;barbosabenicio@example.com;Pinto;38
1448;Lucas da Cruz;415.689.027-94;maria-isis86@example.com;Siqueira Grande;29
1449;Ana Carolina Cavalcanti;183.079.246-69;maria-fernandanovais@example.net;Rios;34
1450;Calebe Câmara;974.153.062-52;catarina75@example.net;Sampaio do Sul;38
1451;Lara Cirino;906.437.821-50;leandro89@example.net;Albuquerque das Flores;3
1452;Benicio Gomes;567.183.294-28;barrosisabelly@example.com;Macedo;6
1453;Ayla Câmara;681.245.037-53;asafemoraes@example.com;Mendes;39
1454;Sra. Elisa Porto;964.283.701-31;nascimentoalexia@example.net;da Costa;9
1455;Srta. Isis Cavalcanti;340.672.519-80;henry55@example.org;Peixoto do Campo;2
1456;Dr. Levi Marques;406.139.582-33;lucas57@example.org;Teixeira;33
1457;Henry Ribeiro;254.918.073-97;ccamara@example.com;Carvalho;28
1458;Maya Gonçalves;217.803.954-50;benjamimda-rosa@example.org;Martins da Prata;11
1459;Dante Fogaça;326.941.705-52;josefogaca@example.org;Campos;4
1460;Emanuel Montenegro;045.917.683-84;caldeirarhavi@example.net;Cunha;38
1461;Sr. Samuel Pereira;710.965.823-68;ybrito@example.org;Fernandes;30
1462;Lara Sampaio;715.246.098-11;rafaelabreu@example.com;Siqueira do Oeste;24
1463;Igor Barros;678.940.213-69;lunna43@example.com;Viana;15
1464;Srta. Laís Sá;531.098.472-05;dfernandes@example.com;Ribeiro;34
1465;Mariah Azevedo;209.487.365-00;eribeiro@example.net;Cassiano;38
1466;Joaquim Azevedo;167.543.092-61;vcostela@example.org;Cassiano;37
1467;Ryan Campos;852.013.749-05;fcamara@example.org;da Paz;30
1468;Leonardo Correia;098.513.274-41;diogocostela@example.org;Lopes da Praia;4
1469;Sarah Garcia;632.847.019-31;vjesus@example.net;Fernandes;38
1470;Vinicius Carvalho;018.629.374-78;sgoncalves@example.org;Macedo de Goiás;15
1471;Sr. Diego Mendonça;245.917.386-55;helena97@example.com;Moura dos Dourados;44
1472;Laís Pastor;628.749.503-00;joana25@example.org;Pacheco Grande;42
1473;Mariah Duarte;685.901.743-01;tleao@example.com;Peixoto;7
1474;Liam Sampaio;073.256.194-99;da-rosaluiza@example.net;Abreu da Serra;15
1475;Gael Henrique da Rocha;790.263.481-69;moreiraana@example.net;Marques;11
1476;Gustavo da Conceição;982.073.165-86;nunesvitor-hugo@example.com;Silva;19
1477;Raquel Guerra;706.139.425-07;anthonycamargo@example.org;Vieira;8
1478;Apollo Aragão;849.132.607-31;rmachado@example.net;Almeida do Galho;17
1479;Vitor Hugo Pereira;671.583.092-40;luara92@example.org;Leão Paulista;16
1480;Ana Júlia Camargo;324.780.196-04;barbosahenrique@example.com;Gonçalves do Campo;6
1481;Manuella Viana;809.145.762-67;araujoalexia@example.org;da Costa de Minas;14
1482;Dr. Matheus Moraes;513.628.047-62;ddas-neves@example.com;Montenegro do Norte;19
1483;Asafe Pinto;016.423.589-24;jmachado@example.com;Borges;28
1484;Ana Carolina Cassiano;716.495.830-01;gborges@example.com;Lima do Galho;37
1485;Brenda Barros;976.324.150-25;juliaazevedo@example.com;Silveira;32
1486;Sr. Lucas Gabriel Nascimento;359.264.081-05;cduarte@example.net;Nogueira;34
1487;Sr. Luiz Otávio da Costa;382.719.460-13;martinsmaria-luisa@example.com;Azevedo;47
1488;Luísa Nogueira;468.937.102-40;cassianoolivia@example.com;Castro;21
1489;Emanuelly Mendes;693.280.574-00;antonellacardoso@example.net;da Rosa das Pedras;42
1490;Isaque Abreu;873.045.962-10;oteixeira@example.net;Mendes;20
1491;Olivia Marques;194.826.357-28;alexandrevasconcelos@example.net;Albuquerque;53
1492;Antonella Casa Grande;102.579.436-25;rcunha@example.org;Sousa do Amparo;39
1493;Dra. Melissa Melo;169.548.307-39;luara56@example.com;Jesus de da Rocha;6
1494;Marcos Vinicius Moura;394.620.751-07;lorenzoda-paz@example.org;Rodrigues da Praia;46
1495;Raul Pinto;328.604.519-51;marquesasafe@example.com;Mendes de Goiás;49
1496;Ana Julia Teixeira;157.684.039-57;souzagael@example.org;Gonçalves;37
1497;Srta. Mariah Albuquerque;089.132.645-60;mfernandes@example.com;Câmara;31
1498;Dr. Thiago Montenegro;357.041.682-80;fnunes@example.com;da Cruz do Galho;25
1499;Maria Julia da Paz;320.179.684-04;jfonseca@example.net;das Neves;25
1500;Zoe Farias;427.518.039-97;asafenogueira@example.com;Borges;2
1501;Marcos Vinicius Vieira;051.496.278-01;mayacamargo@example.com;Siqueira;25
1502;Gael Henrique da Costa;563.741.082-80;silveirabreno@example.net;Moura;33
1503;Isabela Azevedo;871.502.634-53;agatha15@example.net;Pinto;6
1504;Ana Julia Pinto;304.519.768-00;laragoncalves@example.org;Moraes;6
1505;Davi Miguel Carvalho;681.249.357-00;diogoborges@example.org;Rodrigues da Prata;48
1506;Joaquim Albuquerque;967.143.205-07;souzaana-liz@example.org;Pereira de Goiás;32
1507;Maria Luísa Siqueira;501.369.428-06;zmendes@example.org;Jesus;2
1508;Pedro Nogueira;850.793.142-14;liamcirino@example.com;Lopes dos Dourados;43
1509;Sophie Albuquerque;937.580.614-66;isisramos@example.net;Martins;46
1510;Isaque Dias;981.725.364-37;luaraduarte@example.net;Garcia de da Rocha;46
1511;Yan Correia;850.279.641-02;vasconceloshellena@example.com;Novaes de Pacheco;52
1512;Bernardo Carvalho;956.204.387-83;sara60@example.org;Vasconcelos do Norte;28
1513;Francisco da Luz;427.938.506-83;vasconcelosjoao-miguel@example.net;Almeida;47
1514;Cauã Siqueira;250.784.396-92;kda-mota@example.net;Guerra;28
1515;Manuella Cassiano;293.617.508-95;ccavalcante@example.org;Porto de Costa;15
1516;Davi Luiz da Luz;268.194.370-13;vvieira@example.net;Alves Alegre;45
1517;Ayla Ramos;496.582.371-00;carlos-eduardo68@example.com;Fonseca;25
1518;Liz da Cunha;534.290.618-06;gfogaca@example.org;Montenegro do Oeste;22
1519;Ian Ribeiro;586.913.407-20;hda-rosa@example.com;Cassiano;17
1520;Raul Melo;587.049.263-74;zvargas@example.net;Ribeiro;44
1521;Isis da Rosa;365.840.271-71;dante50@example.net;Nascimento;20
1522;Murilo Martins;208.319.547-79;sampaiomaria-helena@example.com;Sousa;12
1523;Cecília Pastor;549.760.128-67;leaojoao-guilherme@example.com;Camargo da Praia;53
1524;Davi Lucca Sales;045.971.683-20;rafael12@example.com;Vargas de Goiás;12
1525;Samuel Pinto;531.690.482-60;benjamin42@example.com;Cirino dos Dourados;8
1526;Dom Novaes;692.857.043-10;maya38@example.org;Ferreira da Mata;38
1527;Sr. José Pedro Pires;601.472.835-07;catarina55@example.net;Sales;33
1528;Ana Beatriz Teixeira;627.140.395-61;luisada-cunha@example.com;Carvalho;53
1529;Liam Melo;562.837.091-68;moraestheo@example.net;Moraes;42
1530;Melina Gonçalves;208.341.795-04;asafevieira@example.org;Barbosa das Pedras;18
1531;Sra. Ana Liz das Neves;509.746.183-57;rda-conceicao@example.org;Teixeira;1
1532;João Lucas Viana;380.246.751-53;danilocasa-grande@example.com;Guerra;16
1533;Luiz Otávio Aparecida;289.651.034-60;maria-juliafonseca@example.com;Garcia de Martins;31
1534;Benício Camargo;540.926.178-01;theo69@example.com;Vieira;25
1535;Arthur Miguel Rodrigues;278.056.941-76;ianrocha@example.com;Gomes;18
1536;Sr. Rael Cunha;281.637.095-02;nda-conceicao@example.org;Brito;39
1537;Isadora Gonçalves;915.386.470-01;fogacajoao-guilherme@example.net;Mendonça de Abreu;46
1538;Lavínia Ferreira;915.680.273-03;albuquerqueluiz-gustavo@example.org;Vasconcelos;37
1539;Maria Flor Souza;837.460.129-96;daniel29@example.com;Machado das Flores;42
1540;Isaac Rezende;049.851.263-06;ana-cecilia18@example.net;da Costa;50
1541;Ágatha Montenegro;109.746.382-69;saana-sophia@example.org;da Cruz;48
1542;Marcos Vinicius Araújo;184.960.732-03;ravy20@example.net;Rodrigues;6
1543;Srta. Maria Julia Moreira;163.709.524-43;gabriellypeixoto@example.org;Souza de Moraes;51
1544;Lorena Ramos;769.105.483-10;da-cunhaguilherme@example.org;Albuquerque de Marques;9
1545;Pedro Henrique da Costa;485.609.273-10;maria-ceciliaabreu@example.net;Barros do Campo;38
1546;Anna Liz Pinto;495.263.801-42;camila61@example.net;Marques;3
1547;Sara Barros;378.560.941-84;danielaguerra@example.org;Sousa;20
1548;Maria Helena Vasconcelos;783.025.961-59;costayasmin@example.net;Souza de da Paz;25
1549;Enzo Siqueira;234.580.916-70;fcavalcanti@example.com;Siqueira;27
1550;Alexandre da Rocha;197.302.845-04;marcelo48@example.org;Peixoto;41
1551;Yasmin Sousa;639.280.715-21;knascimento@example.com;Almeida de Cunha;1
1552;Isabel Abreu;043.758.169-10;teixeiracatarina@example.net;Souza;29
1553;Danilo Ribeiro;270.394.168-40;da-luzcarlos-eduardo@example.com;Pacheco;38
1554;Bruno Nogueira;728.419.306-96;borgesstella@example.org;Sampaio de Pacheco;24
1555;Ana Júlia Mendes;574.683.291-09;diaslorenzo@example.org;Mendonça;9
1556;Daniel da Mota;865.324.079-92;lopeseduardo@example.com;Pires;10
1557;Luara Jesus;316.807.942-13;vcavalcanti@example.com;Leão;40
1558;Lorena Pereira;637.490.528-83;goncalvessofia@example.org;Camargo;43
1559;Anthony Gabriel Monteiro;167.295.043-07;lauracampos@example.org;Melo;9
1560;Valentina Farias;408.259.731-04;eduardasouza@example.com;Moreira Alegre;43
1561;Heloisa Fernandes;631.782.940-31;auroravasconcelos@example.com;Macedo;45
1562;Bernardo Peixoto;251.869.370-02;santosluiz-otavio@example.net;Guerra;11
1563;Davi Sampaio;863.492.510-24;theodorodias@example.org;Dias;44
1564;Helena Vasconcelos;039.684.521-51;rezendeliz@example.net;Fonseca Verde;12
1565;Nicole Carvalho;402.583.976-83;francisco66@example.net;Azevedo;22
1566;Henrique Pinto;736.809.154-20;ana-beatrizalbuquerque@example.net;das Neves;40
1567;Enzo Gabriel Ramos;241.586.703-90;leosiqueira@example.org;Dias da Mata;26
1568;Calebe Nogueira;148.296.703-04;alanada-cruz@example.com;Sampaio;49
1569;Lorena Macedo;651.084.329-33;lara40@example.net;Caldeira da Mata;17
1570;Marcela Correia;981.730.264-40;aylla19@example.org;Gomes;11
1571;Brayan Alves;356.247.180-71;portoluiz-fernando@example.org;Garcia de Silva;18
1572;Marina Pacheco;628.471.953-19;nunestheodoro@example.org;Pires;28
1573;Evelyn Pereira;034.126.597-70;lrocha@example.net;da Mata;11
1574;Esther Costa;483.126.790-22;nlopes@example.com;Montenegro;36
1575;Maria Cecília da Paz;243.581.790-88;caroline07@example.com;Fernandes;51
1576;Luiz Felipe Castro;895.423.061-05;uda-paz@example.org;Peixoto do Campo;21
1577;Maria Luiza Farias;047.985.162-01;yan28@example.net;Cunha de da Mota;44
1578;Murilo Rios;689.374.210-03;lopescaua@example.org;Pinto dos Dourados;27
1579;Bruno Alves;384.659.012-60;afogaca@example.com;Abreu Alegre;10
1580;Vitor Hugo Siqueira;860.573.421-35;luiz-miguel34@example.net;Freitas;34
1581;Maya Oliveira;850.267.913-95;maria-vitoriafernandes@example.com;Carvalho;7
1582;Dra. Julia Cavalcanti;861.354.792-37;da-rosabernardo@example.org;Araújo de Goiás;37
1583;Luna Santos;762.839.041-22;pietraramos@example.com;Teixeira;40
1584;Sra. Ana Júlia Rios;635.421.078-08;vargasemanuel@example.org;Novaes de Oliveira;39
1585;Lívia Barros;930.624.571-80;hferreira@example.com;Aragão de Cunha;36
1586;Lunna Leão;203.571.946-16;valentimguerra@example.net;Souza de Goiás;1
1587;Cauã Nascimento;123.987.406-50;machadopedro-lucas@example.org;da Rosa de da Mota;24
1588;Dr. Ravi Lima;269.318.475-46;moraesmariana@example.com;Viana do Amparo;8
1589;Dr. João Pedro Rezende;345.182.697-64;benjamin37@example.com;Leão de Novais;13
1590;Larissa Alves;420.635.917-25;livia53@example.com;Barbosa;42
1591;Dr. Gustavo Henrique Rezende;308.675.294-74;zfreitas@example.com;da Costa;25
1592;Sra. Julia Fernandes;385.769.201-40;murilorocha@example.org;Lopes do Norte;9
1593;Alice Andrade;470.698.532-38;eloa61@example.org;Dias de Minas;23
1594;Yan Caldeira;583.972.610-95;ana-laura77@example.com;Moraes;23
1595;Maria Luísa Moraes;704.539.612-07;arthur-gabrielsousa@example.com;Freitas;26
1596;Manuela Peixoto;950.486.713-84;raviabreu@example.net;Oliveira;22
1597;Srta. Sara Lima;405.231.786-62;da-cunhadaniel@example.com;Cunha;7
1598;Vitor Gomes;604.329.185-15;maria85@example.org;Marques da Mata;35
1599;Davi Lucas Abreu;354.208.167-17;oramos@example.com;Nascimento;13
1600;Dra. Maria Luísa Jesus;478.201.539-97;montenegromarcos-vinicius@example.org;Fogaça;37
1601;Maria Fernanda Costa;465.902.183-15;isaacmendonca@example.net;Fernandes do Norte;53
1602;Stephany da Rosa;126.874.095-02;luiz-henrique38@example.org;Pastor;28
1603;Leonardo Nascimento;910.578.642-85;valentimcardoso@example.net;das Neves;25
1604;Cauã Sales;957.810.432-41;leonardo73@example.com;Borges;16
1605;Murilo Borges;391.256.408-60;duartepietro@example.org;Araújo;8
1606;Juan Albuquerque;791.560.428-76;isis45@example.com;Jesus de Sousa;36
1607;Sra. Isabela Souza;459.071.638-01;carolina20@example.com;Rodrigues de Minas;35
1608;Bella Almeida;619.534.072-34;liamrios@example.com;Sousa;1
1609;Nathan Nascimento;269.150.387-95;giovannapinto@example.net;Casa Grande do Sul;41
1610;Evelyn Pires;471.506.239-99;claricemonteiro@example.org;Novaes;23
1611;Mirella Aragão;328.069.741-78;isousa@example.com;Novais;38
1612;Camila Casa Grande;951.267.043-70;pietraguerra@example.org;Aparecida da Mata;8
1613;Ana Cavalcanti;240.395.618-05;msales@example.com;Silva;20
1614;Alícia da Cunha;185.362.904-98;ofarias@example.com;Carvalho de Goiás;30
1615;Rebeca Moura;897.532.640-38;costelaheloisa@example.net;Leão;21
1616;Carolina Carvalho;901.857.364-75;rpastor@example.net;Barros de Sá;5
1617;Alice Cunha;803.296.475-47;amandadas-neves@example.org;da Luz;12
1618;Ana Julia Fonseca;347.186.205-62;pedro-miguel26@example.com;Novais;23
1619;Thomas Teixeira;869.723.150-77;sophie22@example.net;Silva;18
1620;Agatha Teixeira;183.962.507-40;leticia84@example.net;Mendonça das Pedras;4
1621;Sabrina Montenegro;064.271.358-80;maria-laura52@example.org;Fogaça;6
1622;Gabriela Barros;758.962.143-91;stephany74@example.org;Santos;13
1623;Lavínia Moura;629.380.451-15;vda-cunha@example.org;Pimenta das Pedras;33
1624;Dr. Brayan Vargas;564.073.921-52;antonyaragao@example.net;Ferreira;54
1625;Dra. Ester Araújo;163.805.279-40;luiz-felipeda-mota@example.org;Moura;43
1626;Vitor Hugo Vieira;342.965.071-25;srezende@example.org;Porto;47
1627;Ana Beatriz da Mota;038.249.517-97;psouza@example.com;Guerra do Amparo;5
1628;Luiz Felipe Duarte;496.021.837-13;rmendonca@example.net;Porto Grande;25
1629;Catarina Aragão;536.924.087-65;julia72@example.net;Sousa do Norte;27
1630;Bryan Fogaça;538.607.412-17;felipecastro@example.com;Leão;10
1631;Henrique Pereira;567.942.831-82;machadoaugusto@example.com;Barros Verde;38
1632;Dra. Beatriz Pereira;817.325.069-30;gael49@example.org;Costela do Campo;44
1633;Kamilly Pinto;823.459.716-73;wlopes@example.com;Pacheco do Norte;25
1634;Allana Fonseca;548.961.207-01;fribeiro@example.org;Jesus Verde;33
1635;Diego Silveira;049.361.278-50;eloahpastor@example.com;Campos de Aragão;20
1636;Ana Julia Camargo;154.369.287-73;diegoribeiro@example.com;Carvalho de Cavalcanti;38
1637;Dr. Ravi Lucca Montenegro;564.012.739-25;gabriel68@example.com;Martins do Oeste;1
1638;Luara Cassiano;325.864.071-80;msouza@example.com;Fonseca de Montenegro;15
1639;Nicolas Guerra;024.569.137-52;paulosousa@example.net;Macedo do Sul;29
1640;Antony Martins;146.783.092-50;zsilveira@example.net;da Rocha;42
1641;Luiz Fernando Silva;590.481.362-70;handrade@example.com;Correia;14
1642;Maria Julia Brito;017.249.538-50;gomesmaria-clara@example.net;Oliveira do Norte;1
1643;Ísis Lopes;925.870.364-29;souzaemanuella@example.net;Rios;16
1644;Mariana Macedo;635.187.942-64;faparecida@example.org;Cardoso de Carvalho;32
1645;Zoe Cunha;413.820.659-06;da-matamateus@example.org;das Neves de Cavalcante;5
1646;Luana Pimenta;368.751.249-55;evargas@example.net;Moreira do Sul;7
1647;Anthony Rios;073.628.549-00;galves@example.org;Cirino das Pedras;43
1648;Ravy Pastor;412.963.570-07;cardosojose-miguel@example.org;Barbosa;35
1649;Enzo Duarte;261.043.759-52;wteixeira@example.com;da Luz de Pires;4
1650;Júlia Garcia;532.796.410-80;moreiragael@example.net;Barros do Oeste;22
1651;Milena Correia;805.196.723-21;bsilveira@example.net;Vasconcelos do Campo;2
1652;Lara Monteiro;146.597.038-00;miguelda-cruz@example.com;Araújo do Campo;18
1653;Francisco Macedo;283.701.594-60;dda-rocha@example.com;Siqueira;23
1654;Alexia Leão;761.493.805-48;mendeslaura@example.net;Sales de Azevedo;50
1655;Maria Vitória Cirino;172.084.356-26;gustavo86@example.net;Aparecida;18
1656;Enrico Gomes;456.293.810-24;guerrabrayan@example.com;Pereira;2
1657;Alícia Gomes;407.581.269-30;santosmanuella@example.net;Campos;8
1658;Ana Lívia Sousa;581.734.629-09;dalbuquerque@example.com;Campos;40
1659;Sr. Bernardo Peixoto;362.871.905-40;henry-gabriellima@example.net;Novaes;41
1660;Dra. Mirella Fonseca;480.196.537-75;matheus91@example.org;Fonseca dos Dourados;40
1661;Luan Barros;745.238.169-64;alvesluan@example.net;da Rosa;39
1662;Caio Cassiano;839.042.571-88;camaracamila@example.net;Brito de Monteiro;2
1663;Anna Liz Mendonça;039.284.571-79;cardosothiago@example.net;Abreu Alegre;31
1664;Matteo da Cunha;835.169.427-46;samaria@example.com;Martins de Rios;23
1665;Ana Liz Albuquerque;643.298.750-47;portomaria-julia@example.org;da Conceição;15
1666;Felipe da Luz;967.238.405-00;vitoria48@example.org;Sampaio dos Dourados;39
1667;Srta. Bruna Nogueira;156.028.937-68;xpeixoto@example.net;Pacheco da Mata;38
1668;Maria Sophia Campos;190.346.582-60;amanda56@example.com;Cassiano de Moraes;44
1669;Mirella Cassiano;263.948.570-92;antoniopereira@example.net;Rodrigues das Flores;39
1670;Marcela Sousa;609.354.127-43;cunharafaela@example.org;Viana da Prata;17
1671;Ana Beatriz Pinto;798.342.605-47;ycasa-grande@example.org;Martins de Pastor;31
1672;Pedro Miguel Azevedo;107.692.835-86;marceloribeiro@example.org;Nogueira da Serra;7
1673;Guilherme Castro;398.015.472-60;yalmeida@example.com;Garcia;29
1674;Joana Santos;306.421.795-06;xduarte@example.org;Borges Grande;53
1675;Manuela da Cruz;708.632.451-53;sophia75@example.org;Camargo;43
1676;Stephany Viana;042.765.189-11;thales76@example.com;Fonseca;8
1677;Sr. Rhavi Novais;687.430.192-69;luccacampos@example.org;Mendes;2
1678;Caleb Pinto;586.314.927-28;hcastro@example.com;Sampaio;7
1679;José Castro;456.190.327-52;ana-clara16@example.org;Correia;2
1680;Vitor Hugo Novais;807.962.543-38;saramendonca@example.com;Rodrigues de Minas;10
1681;Antônio Casa Grande;201.539.476-16;goncalvesyuri@example.net;Pinto de Carvalho;38
1682;Ana Lívia Araújo;468.132.057-90;jaderodrigues@example.net;da Cunha de da Mota;46
1683;Benjamim da Conceição;607.425.189-49;natalia72@example.org;Gonçalves;34
1684;Alexia Lima;014.237.896-87;emendonca@example.com;Montenegro do Campo;35
1685;Natália Abreu;150.874.392-41;benjaminpinto@example.org;Barbosa Verde;39
1686;Augusto Campos;825.167.493-09;da-matamiguel@example.com;Montenegro da Serra;27
1687;Bella Fernandes;859.607.341-84;da-pazlucas@example.org;Farias de Marques;33
1688;Daniel Vieira;429.731.506-80;ceciliapeixoto@example.org;Sales;5
1689;Felipe da Rosa;978.153.460-57;ana-cecilia34@example.org;da Rosa dos Dourados;15
1690;Sabrina Cavalcante;965.302.841-33;rafaelarocha@example.net;Castro;51
1691;Ana Julia Teixeira;340.521.689-33;piresbento@example.net;Nunes;31
1692;Anthony Peixoto;165.398.407-48;jadegarcia@example.net;Cardoso;22
1693;Dr. Eduardo Andrade;369.048.275-56;rochabrenda@example.org;da Costa de Caldeira;9
1694;Srta. Natália Cirino;264.093.518-60;portodavi-lucca@example.net;Cardoso de Goiás;2
1695;Lucas Pimenta;847.621.950-49;lara67@example.com;Fogaça;27
1696;Antônio Vieira;296.718.340-78;aduarte@example.org;Casa Grande;48
1697;Allana Oliveira;096.235.871-12;joao-vitor78@example.com;Sousa;54
1698;Sra. Luiza da Luz;042.519.376-43;davisousa@example.com;Fonseca de da Mata;14
1699;Heloisa Pinto;349.587.012-14;luiz-otaviovieira@example.net;Cavalcanti do Galho;50
1700;Hellena Farias;738.640.152-35;rda-conceicao@example.com;Pires;8
1701;Giovanna Aragão;236.901.487-31;augusto98@example.com;Silva;45
1702;Eduarda Araújo;395.026.847-29;joaoduarte@example.org;Mendonça;30
1703;Srta. Maria Clara Fogaça;587.042.613-80;ana-clarafernandes@example.com;Barbosa de Minas;38
1704;Eduarda Freitas;512.784.093-60;da-cruzcatarina@example.org;Silva de Goiás;38
1705;Dra. Luana Pimenta;417.023.589-41;goncalvesluana@example.org;Moraes;31
1706;Caroline da Mota;630.987.542-65;luana35@example.org;Vasconcelos;42
1707;Raul Lopes;150.297.638-21;laura97@example.com;das Neves;41
1708;Henrique Sales;608.547.932-83;lara10@example.net;Peixoto;20
1709;Ryan Moraes;891.467.052-01;gomesryan@example.net;Jesus;23
1710;Olívia Santos;851.492.360-98;brayan96@example.com;Teixeira da Prata;32
1711;Elisa Garcia;720.931.568-30;rochaamanda@example.com;Pires;10
1712;Raul Costela;564.037.128-53;carlos-eduardovargas@example.com;Moreira de Teixeira;21
1713;Maria Fernanda Caldeira;459.761.380-39;hellena74@example.net;Lopes;48
1714;Valentina Moraes;675.042.398-10;wda-rosa@example.com;Ferreira;16
1715;Maria Clara Guerra;349.608.521-51;juanalmeida@example.net;Carvalho;6
1716;Dr. Paulo Farias;397.586.102-95;garciamaya@example.net;Caldeira de Pastor;45
1717;Oliver Caldeira;547.910.836-01;carvalhoevelyn@example.com;Duarte do Sul;15
1718;Ana Laura Fernandes;408.596.123-33;dpires@example.org;Carvalho de das Neves;13
1719;Aylla Gonçalves;309.621.458-15;alvesemanuel@example.com;Dias;46
1720;Leandro Pinto;307.562.814-07;vitor-hugo66@example.org;Sales de Correia;42
1721;Sr. Vicente Pereira;628.713.945-55;abreulucas@example.org;Andrade;15
1722;Henry Gabriel da Paz;056.837.941-10;ribeiroemilly@example.net;da Luz;41
1723;Valentim Pires;280.973.415-14;cirinopedro-henrique@example.net;Mendonça;53
1724;Laís Vargas;470.963.158-10;joao-lucas76@example.net;Novaes da Mata;10
1725;Kevin Cassiano;028.674.135-08;diegoda-cruz@example.com;Martins;12
1726;Kaique Fonseca;031.694.528-51;yrocha@example.net;da Luz;5
1727;Josué Rios;960.375.214-25;caldeirajose@example.net;Garcia Grande;42
1728;Ryan Jesus;893.205.174-79;francisco31@example.net;Camargo;13
1729;Bella das Neves;051.867.439-84;qpastor@example.org;das Neves dos Dourados;18
1730;Theodoro Fonseca;604.983.751-10;nmoura@example.org;Costa;7
1731;João Fogaça;645.317.982-28;caue74@example.org;Cunha;33
1732;Julia da Luz;987.041.526-11;isabelsouza@example.net;Borges da Serra;54
1733;Maria Luiza da Rosa;106.895.342-05;davi-luccasampaio@example.net;Ferreira;22
1734;Maria Laura da Costa;109.845.327-14;joana12@example.com;Gonçalves;5
1735;Mathias da Paz;094.327.615-25;ovasconcelos@example.net;Moraes Paulista;20
1736;Ana Lívia Martins;036.795.412-52;sadiego@example.com;Teixeira de Câmara;49
1737;Rafaela Dias;943.610.728-50;barbosaluisa@example.org;Aragão do Norte;31
1738;Apollo Cavalcante;148.206.739-04;oda-mota@example.org;Rios;23
1739;Stella da Rosa;965.217.043-70;ravi-luccafonseca@example.org;Sá;12
1740;Leonardo Pinto;926.538.147-73;sousamaria-liz@example.net;da Costa de Caldeira;3
1741;Helena Nunes;462.793.105-07;qfarias@example.org;Mendes;19
1742;Maria Julia Novaes;714.508.236-53;teixeiramaria-luisa@example.net;Macedo do Norte;14
1743;Alana Fonseca;581.372.640-35;silvajoaquim@example.com;Fernandes;4
1744;Matteo Sampaio;983.267.510-30;galbuquerque@example.com;Fonseca do Amparo;27
1745;Igor Peixoto;342.950.618-24;aurora29@example.net;Farias;3
1746;Erick Gomes;098.576.431-75;abarbosa@example.org;Correia de Novais;8
1747;José Vargas;981.706.532-40;sofiada-rosa@example.net;Oliveira do Norte;12
1748;Maria Luiza Mendes;238.069.475-38;drocha@example.net;Pires;31
1749;Maria Cecília Dias;612.804.957-58;wcunha@example.org;da Paz do Campo;1
1750;Maria Isis Azevedo;302.197.846-04;laviniamontenegro@example.org;Pires Verde;53
1751;Noah Martins;640.915.827-02;luiz-henriquefernandes@example.org;Porto;36
1752;Mirella Caldeira;263.749.508-10;leo96@example.com;da Rosa do Galho;6
1753;Josué Souza;689.405.713-39;caleblima@example.com;Pereira;11
1754;Dra. Amanda Duarte;879.025.436-83;ksampaio@example.com;Pimenta de Aragão;37
1755;Luiz Henrique Oliveira;120.568.379-86;igorjesus@example.org;Gonçalves do Sul;34
1756;Diogo Correia;584.076.123-08;mariana73@example.net;Vieira de Oliveira;8
1757;Luiz Henrique Mendonça;958.041.237-50;enzo-gabriel11@example.com;Gonçalves;22
1758;Alice Cunha;862.735.409-00;emanuellanovais@example.com;Costela;32
1759;Arthur Vieira;089.231.765-59;thiagoporto@example.net;Moraes;48
1760;Heloisa Cavalcante;107.564.982-01;tda-conceicao@example.com;Teixeira da Mata;35
1761;Marcela Cassiano;207.185.346-62;yasminmelo@example.com;Lopes;14
1762;Elisa Mendonça;963.572.081-59;bianca10@example.org;Barros do Norte;52
1763;Bruna Pinto;489.516.302-42;albuquerqueotto@example.com;Machado;14
1764;Davi Lucca da Costa;502.964.187-49;joao-miguel43@example.com;Costela Verde;20
1765;Pedro Henrique Vargas;920.647.381-69;josuelima@example.com;Novais do Amparo;32
1766;Dra. Lorena Albuquerque;390.265.478-38;maria-fernanda00@example.net;da Rocha Alegre;22
1767;Ana Brito;517.328.690-30;pastorjose-pedro@example.com;Campos;37
1768;Sr. Liam Almeida;968.051.743-84;esther23@example.net;Carvalho;26
1769;Ana Julia Duarte;893.756.201-40;danilo47@example.com;Fernandes;54
1770;Dra. Fernanda Peixoto;501.862.734-44;dcirino@example.com;Guerra;27
1771;Henry Barros;740.192.835-32;icampos@example.com;das Neves;50
1772;Felipe Pereira;358.726.109-12;joana75@example.com;Peixoto de Pereira;50
1773;Cauê Rodrigues;379.052.418-23;borgesheloisa@example.org;Moura Verde;32
1774;Ana Carolina Sá;152.906.437-61;abreuolivia@example.org;Marques das Pedras;47
1775;Ana Sophia Cardoso;893.057.216-21;souzathales@example.net;Oliveira de Peixoto;3
1776;Ravi Lucca Caldeira;560.819.324-51;oliviafonseca@example.net;Moraes do Campo;46
1777;Joana Vasconcelos;376.510.429-99;fda-costa@example.net;Pimenta Verde;37
1778;Letícia Viana;457.862.910-49;machadoisis@example.net;Souza;33
1779;Catarina Gomes;543.276.081-90;siqueiravalentim@example.org;Pacheco do Galho;2
1780;Valentim Farias;907.645.312-80;wmontenegro@example.org;Farias de Leão;32
1781;Ana Sophia Garcia;784.612.053-08;macedogael-henrique@example.net;Martins de Gomes;40
1782;Gael Dias;097.461.328-22;mateuscosta@example.net;da Paz do Sul;28
1783;Gabriel Jesus;952.470.168-58;isabeldias@example.org;Marques;35
1784;Levi Sales;514.738.290-97;joao-lucascardoso@example.org;Mendes do Amparo;23
1785;João Vitor Lima;950.412.683-98;japarecida@example.org;Jesus;38
1786;Ravy da Cunha;136.275.498-64;vargasliam@example.org;Ribeiro;34
1787;Ayla Porto;270.639.814-04;cassianolucca@example.org;Rezende;4
1788;Dra. Amanda Fonseca;648.372.150-17;ester55@example.com;Aragão Grande;46
1789;Hadassa Santos;560.389.274-92;mariahjesus@example.org;da Luz;4
1790;Maria Sophia Andrade;082.561.374-44;laisnunes@example.org;Rodrigues;26
1791;Dom Araújo;975.280.341-50;lopesmaria-eduarda@example.org;Fernandes;12
1792;Bianca Cavalcanti;093.412.678-03;mlopes@example.com;Camargo;53
1793;Emilly Siqueira;183.596.027-86;henry-gabrielabreu@example.com;Alves;50
1794;Antonella Castro;260.874.159-20;vmacedo@example.com;Marques;41
1795;Levi da Paz;985.374.602-65;guerramathias@example.org;Sales;21
1796;Stella Sales;012.345.987-79;asantos@example.com;Carvalho Paulista;12
1797;Maria Luísa Albuquerque;960.532.871-21;luiz-gustavo57@example.org;Novaes de Martins;31
1798;Sra. Olivia Monteiro;894.036.215-24;dmartins@example.org;Borges Grande;50
1799;Sophie Montenegro;972.481.350-97;oliviavieira@example.org;Rodrigues de Minas;12
1800;Dra. Maria Flor da Cunha;170.829.364-78;fariashellena@example.net;Nogueira do Galho;14
1801;Guilherme Barbosa;694.372.081-31;josuecavalcanti@example.com;Novais;38
1802;Maria Cecília da Costa;541.630.829-05;asafe87@example.org;Melo;47
1803;Théo Vasconcelos;671.280.354-35;meloallana@example.org;Câmara de Goiás;43
1804;Maria Fernanda Siqueira;769.512.304-80;davi-luiz10@example.net;Aragão;24
1805;Olivia Aragão;175.089.643-57;ceciliarios@example.com;Castro de Rodrigues;16
1806;Heloísa Santos;920.761.348-40;maria-clara53@example.net;Duarte dos Dourados;30
1807;Sra. Jade Teixeira;259.384.760-38;da-pazenzo@example.com;Camargo da Praia;53
1808;Srta. Maysa da Rocha;051.763.842-80;ksousa@example.net;Garcia de Nascimento;53
1809;Marcos Vinicius Vargas;085.239.714-32;raquel49@example.net;Moreira do Galho;4
1810;João Guilherme da Mata;908.124.376-40;rochaeduarda@example.com;da Luz Alegre;40
1811;Pedro Henrique Costela;245.619.730-52;camargofernando@example.net;Sampaio;12
1812;Maria Fernanda Sales;184.356.270-71;eduardoda-cruz@example.com;Campos do Galho;43
1813;Giovanna Aragão;734.590.682-56;jda-luz@example.com;Ribeiro de Carvalho;37
1814;Lucas Gabriel Farias;482.695.370-47;davi-lucasteixeira@example.com;Rodrigues de da Cunha;18
1815;Ágatha da Mota;746.021.839-13;jsilveira@example.com;Vieira de Cirino;51
1816;João Lopes;172.384.095-50;luiz-miguellima@example.com;Pinto do Galho;19
1817;Mirella Pastor;897.325.416-28;steixeira@example.org;da Mota;24
1818;Danilo Pimenta;236.059.871-68;davi-lucas93@example.com;da Cruz do Galho;47
1819;Amanda Camargo;248.693.175-91;ecampos@example.com;Novaes das Flores;26
1820;Davi Lucca Sampaio;307.859.241-32;diasravi@example.org;Andrade Grande;45
1821;Srta. Milena Porto;438.017.529-41;nascimentojulia@example.net;da Paz;31
1822;Rafael Fogaça;631.907.582-12;lnogueira@example.net;Nogueira de Teixeira;52
1823;Miguel Leão;154.278.639-82;wda-conceicao@example.com;Santos da Mata;33
1824;Vicente Alves;289.710.563-12;cpacheco@example.com;Gomes Verde;5
1825;Dra. Valentina Teixeira;428.597.301-41;caioda-cruz@example.org;Rocha;31
1826;Vitor Hugo Novais;712.856.034-35;bmoreira@example.com;Viana;37
1827;Rafaela Nogueira;629.458.130-33;ysousa@example.org;Cassiano;47
1828;Thiago Mendes;783.629.054-92;qcirino@example.net;Câmara;54
1829;Luiz Felipe Sá;573.281.460-44;pmonteiro@example.net;Araújo;38
1830;Lucas Cunha;589.743.102-79;luiginovaes@example.com;Almeida de das Neves;2
1831;Srta. Jade Aparecida;258.963.174-09;crezende@example.com;Caldeira;44
1832;Pietra Novais;815.643.297-55;sarahgoncalves@example.com;Pereira do Sul;50
1833;João Lucas Moraes;467.518.920-20;salesluan@example.com;Fogaça da Prata;31
1834;Maysa Alves;062.154.783-26;laurada-mota@example.org;Jesus de Alves;19
1835;Luna Costela;012.598.476-67;da-costamirella@example.com;Teixeira;47
1836;Cecília Nogueira;395.847.016-57;nogueiraarthur-gabriel@example.org;Cunha do Oeste;25
1837;Lara Costa;567.013.489-39;diasgiovanna@example.com;Ribeiro da Praia;18
1838;Laís Fogaça;758.462.901-67;rhavi62@example.net;Macedo;43
1839;Kaique Moraes;541.876.209-58;emanuellycasa-grande@example.org;Rios de Vasconcelos;16
1840;Sarah Castro;165.084.973-75;mariane44@example.com;Araújo;37
1841;Asafe Vieira;276.849.305-83;ana-claraaraujo@example.org;Rodrigues de Goiás;48
1842;Caleb Viana;248.051.736-53;augusto94@example.org;Silva;54
1843;Yuri Andrade;529.348.076-65;maria-liz94@example.org;Rezende;25
1844;Eduardo Duarte;460.795.832-83;ravi-lucca48@example.net;Melo de Minas;17
1845;Heitor Peixoto;962.384.507-38;sda-costa@example.org;Vargas;12
1846;Dom Alves;213.408.576-26;bernardo29@example.net;Novais;6
1847;Vitória Silva;168.279.405-94;moraesleandro@example.org;Correia;30
1848;Dr. Gustavo Brito;723.695.401-25;mendesenzo-gabriel@example.org;Sales;28
1849;Ayla Pinto;187.206.534-17;liamalmeida@example.org;da Luz Verde;21
1850;Dr. Arthur Monteiro;147.632.089-69;wferreira@example.net;Fogaça;9
1851;Dra. Natália Cassiano;316.758.049-66;maysaramos@example.net;Borges;8
1852;Ana Laura Dias;703.645.982-47;dguerra@example.org;Ferreira;6
1853;Lara Guerra;968.541.702-49;baraujo@example.com;Souza;1
1854;Luiza Moreira;097.682.541-49;theocirino@example.org;Cunha do Sul;3
1855;Maitê Nascimento;748.596.120-94;maria-helenafarias@example.net;Oliveira;33
1856;Ester Casa Grande;852.974.631-73;ana-vitoria13@example.net;Oliveira;1
1857;Amanda Cunha;482.613.970-50;zcosta@example.net;Casa Grande;17
1858;Vitor Almeida;043.726.581-17;zleao@example.com;Sousa do Amparo;16
1859;Sra. Beatriz Gonçalves;371.809.654-48;catarina29@example.com;Guerra de Andrade;31
1860;José Pedro Fogaça;840.975.216-67;luna28@example.org;Silva do Oeste;27
1861;Sra. Ana Lívia Barbosa;689.072.354-65;fbarbosa@example.net;Guerra;50
1862;Dra. Alícia Viana;598.762.314-64;isabellamontenegro@example.org;Montenegro Paulista;40
1863;Theo Machado;140.925.863-70;juliana60@example.org;Abreu;32
1864;Caleb Peixoto;628.315.974-55;jose17@example.net;Gomes;29
1865;Isabel Nascimento;509.673.824-83;bento99@example.org;Rodrigues da Praia;21
1866;Yago Camargo;136.752.089-40;yago37@example.com;Albuquerque;29
1867;Sra. Emanuella Mendonça;958.702.143-60;alice96@example.com;da Rocha Grande;9
1868;Renan Sampaio;562.371.089-12;tsouza@example.org;Costela de da Mata;12
1869;Ravi Pacheco;452.170.389-50;luanlima@example.com;Silva de Borges;18
1870;Ana Clara Aragão;170.348.926-87;manuela61@example.net;Aparecida;28
1871;Kevin Novais;419.856.237-73;vitoriacosta@example.net;Mendes;31
1872;Vitor Melo;567.480.192-49;yduarte@example.com;Silva de Melo;4
1873;Bryan Fernandes;892.560.341-15;silveiraandre@example.com;Camargo;40
1874;Bárbara Barbosa;469.230.785-47;teixeiramaria-cecilia@example.com;Cavalcanti da Mata;53
1875;Hadassa Siqueira;895.716.324-73;maya70@example.org;Novais de Novais;23
1876;Diogo Fernandes;325.016.489-51;jademendes@example.net;Pimenta;54
1877;Maria Luiza Jesus;026.851.473-90;aazevedo@example.com;Teixeira do Galho;40
1878;Cauê Vargas;093.567.824-74;zaparecida@example.org;Moreira de Vasconcelos;42
1879;Vinícius Pires;869.741.503-93;oliveiraolivia@example.org;Montenegro Paulista;21
1880;Daniela Rocha;674.835.129-46;dante74@example.net;Fernandes das Flores;26
1881;Dr. Davi Luiz Lima;765.920.184-02;rpastor@example.com;Oliveira de Ferreira;44
1882;Asafe Correia;452.610.839-15;opimenta@example.org;Cardoso;8
1883;Sra. Jade Ferreira;257.160.489-94;erick68@example.com;Ramos;26
1884;João Gabriel Martins;675.012.839-40;silveiraelisa@example.org;Silveira das Pedras;10
1885;Giovanna Correia;276.189.503-77;xcastro@example.net;Martins;15
1886;Henry Monteiro;295.641.038-51;maria-juliavargas@example.net;Abreu;4
1887;Luana Casa Grande;340.159.768-00;ravi-luccateixeira@example.org;Pires;9
1888;Zoe Moraes;384.290.156-98;da-matamaria-fernanda@example.org;Brito de Pastor;9
1889;Maria Fernanda Sá;176.453.029-25;ester54@example.com;Brito;38
1890;Dr. Vitor Hugo Vieira;372.980.546-00;pcosta@example.net;Moreira do Galho;3
1891;Sr. João Silveira;283.540.197-05;rrocha@example.net;Rocha;39
1892;Bruno Sales;503.184.276-80;eloa10@example.org;Albuquerque das Flores;17
1893;Maya Sousa;860.359.142-33;fmelo@example.com;da Cruz Grande;39
1894;Maria Alice Silveira;910.842.637-69;kgarcia@example.org;Duarte;33
1895;Dr. Isaque Rocha;743.859.126-37;alicia03@example.net;Duarte da Mata;50
1896;Maria Cecília Lopes;531.804.692-42;cassianofernando@example.org;Sousa;44
1897;Gabrielly Garcia;632.758.409-83;nicolasda-paz@example.net;da Mata de Nunes;25
1898;Benício Lima;601.485.972-11;usilveira@example.org;Costela de Souza;43
1899;Noah das Neves;473.589.261-37;fernando76@example.org;Peixoto;43
1900;Thales Brito;645.780.912-01;tda-cruz@example.com;Lopes Verde;13
1901;José Miguel Monteiro;397.640.258-38;heloisa65@example.org;Macedo;35
1902;Liz Sousa;791.465.832-46;viniciusfogaca@example.org;Moraes Alegre;6
1903;Hadassa Montenegro;062.579.148-76;zda-mota@example.net;da Luz;8
1904;Kaique Vasconcelos;354.796.208-00;gustavorodrigues@example.com;Andrade de Goiás;28
1905;Milena Azevedo;089.125.346-70;alima@example.com;Cunha;40
1906;Maria Luiza da Luz;749.358.026-00;lbarros@example.org;Fernandes;7
1907;Isaac Siqueira;965.243.087-00;vianaana-julia@example.org;Moreira de Goiás;17
1908;Henrique Freitas;286.573.049-29;ana-vitoria00@example.org;Viana do Amparo;5
1909;Valentim Albuquerque;109.725.384-88;daniel61@example.net;Pereira Verde;12
1910;Bruna Correia;650.297.483-00;cnascimento@example.org;Vieira do Amparo;43
1911;Rodrigo Abreu;804.716.529-11;arthur-gabriel71@example.net;Barros Grande;12
1912;Hellena Costela;213.946.805-89;bryan03@example.com;Melo;7
1913;Maria Cecília Moreira;856.193.240-60;gguerra@example.org;Leão;11
1914;Srta. Ana Beatriz Rezende;306.428.915-24;cavalcantehenry@example.org;Aragão de Minas;29
1915;Anna Liz Campos;238.106.947-03;dantelima@example.org;Camargo;17
1916;Luigi Peixoto;681.904.325-24;dnovaes@example.com;Alves da Praia;24
1917;Caio Azevedo;203.678.419-40;salesapollo@example.com;Souza das Pedras;39
1918;Vitor Hugo Sampaio;179.204.836-03;vinicius49@example.com;Guerra;45
1919;Lucas Gabriel Montenegro;062.537.418-53;zoeferreira@example.net;Mendonça;31
1920;Diego Pereira;419.857.062-02;ana-vitoriacorreia@example.net;Marques das Flores;21
1921;Antonella Peixoto;530.782.961-21;meloana-beatriz@example.net;Moreira Alegre;32
1922;Alice Carvalho;627.305.914-43;alopes@example.org;Peixoto do Galho;22
1923;João Gabriel Guerra;867.509.312-86;maysasouza@example.com;Aparecida da Serra;47
1924;Luiz Otávio Monteiro;231.579.680-68;carolinacassiano@example.com;Andrade do Sul;30
1925;Luna Souza;846.031.795-10;kaique05@example.net;Farias;19
1926;Caio Correia;184.230.657-07;kaique32@example.org;Abreu;14
1927;Antonella Casa Grande;948.510.237-23;bento87@example.net;da Luz;42
1928;Srta. Nina Mendes;982.570.146-30;jmoura@example.org;Cunha;10
1929;Stella Barros;810.754.369-66;juliaferreira@example.com;Cunha Alegre;49
1930;Dr. Rael da Paz;526.198.703-21;jose-miguelporto@example.com;Duarte;20
1931;Bernardo Martins;892.407.531-41;emanuelly38@example.net;Moraes;52
1932;Eduarda Abreu;476.385.920-00;valentinanogueira@example.com;Duarte do Galho;6
1933;Anna Liz Silveira;207.918.563-21;mateus15@example.net;Gonçalves;11
1934;Calebe Ribeiro;074.592.863-38;albuquerquehellena@example.org;da Paz da Praia;31
1935;Mateus das Neves;574.219.068-94;camposeloa@example.org;da Cruz;10
1936;Rael Cavalcante;967.085.423-74;rael44@example.net;Fonseca de Sousa;32
1937;Dra. Maria Alice Novaes;618.934.502-60;fonsecaleandro@example.com;Cunha dos Dourados;17
1938;Hellena Moraes;274.801.659-94;marceloda-conceicao@example.net;da Luz da Prata;17
1939;Pedro Lucas Albuquerque;473.502.189-23;maria-clara77@example.com;Marques;1
1940;Henry Guerra;695.307.814-66;isiscassiano@example.org;Viana;43
1941;Zoe Cardoso;136.749.825-28;bcarvalho@example.com;Peixoto;20
1942;Gael Henrique Albuquerque;456.910.382-06;gabrielcirino@example.org;Rezende Paulista;30
1943;Luigi Moreira;481.092.376-22;vicentecirino@example.org;Gomes;37
1944;Srta. Nina Novais;170.249.358-04;salesjuliana@example.net;Pacheco da Praia;25
1945;Dr. José Pedro Cavalcante;137.490.586-01;kfernandes@example.com;Mendonça;17
1946;Nicole Lima;879.324.165-82;costelaana-luiza@example.org;da Cunha de Peixoto;47
1947;Luiz Felipe Câmara;804.135.692-33;rochamariana@example.com;Fonseca;13
1948;Arthur Gabriel Brito;193.402.675-16;alexia23@example.com;Monteiro da Serra;51
1949;José Pedro Pacheco;901.854.367-57;maria-clara90@example.com;Fernandes;13
1950;Heloisa Moura;067.483.529-83;lmachado@example.org;Campos do Norte;2
1951;Gael Marques;264.158.079-94;rcastro@example.com;Caldeira de Rios;3
1952;Maria Clara Fonseca;732.685.049-65;ana-liz91@example.com;Costela de Pires;48
1953;Noah Abreu;965.347.802-83;maria-julia35@example.net;Mendes Verde;25
1954;Heitor Sampaio;364.290.157-34;marianagoncalves@example.com;Teixeira da Praia;34
1955;Maria Júlia da Luz;587.963.421-37;luisa15@example.com;da Mota;14
1956;Isis Dias;024.981.376-96;novaisyago@example.net;Dias de Goiás;5
1957;Joana Farias;037.625.918-30;raul83@example.org;Guerra Verde;53
1958;Francisco Silveira;913.746.250-43;benjamin73@example.com;Araújo;20
1959;Caio Fogaça;063.152.987-02;sousajoao-miguel@example.com;Moreira de Goiás;35
1960;Milena Pires;963.127.485-37;isabel60@example.org;Carvalho;5
1961;Fernanda Viana;974.028.163-03;aragaofelipe@example.org;Pires;39
1962;Maya Aparecida;781.542.096-67;maria-eduarda79@example.net;Costa de Moreira;53
1963;Isaac Almeida;614.289.375-28;maria-julia89@example.org;Almeida da Praia;11
1964;Emilly Jesus;027.953.418-32;earaujo@example.org;Castro;43
1965;Emilly da Costa;613.408.972-96;emanuella99@example.net;Rocha do Campo;36
1966;Dra. Giovanna da Cruz;769.024.813-69;piresjade@example.net;Campos do Sul;53
1967;Juliana Aparecida;709.416.253-70;antonioda-conceicao@example.com;Martins do Oeste;7
1968;Luísa Ribeiro;409.271.386-03;correiaisaac@example.com;Vieira;32
1969;Maria Julia da Cunha;316.954.278-82;vitor08@example.net;Souza Verde;17
1970;Apollo Costa;207.593.861-02;laviniapinto@example.net;Campos;20
1971;Sra. Eduarda Costela;026.315.987-68;elisaguerra@example.com;Abreu de Goiás;37
1972;Pedro Lucas Peixoto;915.208.376-40;camposjoao-vitor@example.net;Cunha de Minas;9
1973;Lunna Abreu;042.198.675-11;imoreira@example.org;Moura do Campo;27
1974;Srta. Isabela Araújo;548.931.276-91;lcostela@example.net;da Mata;7
1975;Sra. Lunna da Costa;815.604.937-39;oliviacarvalho@example.com;Cardoso Verde;37
1976;Sr. Thiago Fernandes;258.736.019-68;da-cruzcaue@example.net;Oliveira;10
1977;Luísa da Rosa;487.302.591-50;ian50@example.net;Rezende;18
1978;João Pedro Jesus;403.287.961-31;clarice93@example.com;Moraes do Galho;13
1979;Bento Montenegro;297.385.614-00;xda-mata@example.net;Freitas;13
1980;Dante Cardoso;387.124.695-64;almeidamarina@example.org;Farias da Praia;27
1981;Larissa Novaes;467.250.319-43;carolinaviana@example.com;Campos de Cassiano;12
1982;Dr. Henry Fernandes;027.368.914-22;vianaleonardo@example.org;Casa Grande de Rocha;48
1983;Maria Laura Fonseca;314.620.897-04;dporto@example.org;da Paz da Praia;33
1984;Sr. João Vitor Fogaça;598.310.624-42;esthervieira@example.net;Sampaio de Teixeira;19
1985;Maria Vitória Moraes;085.692.731-77;da-rochamurilo@example.org;Borges de Freitas;54
1986;Dr. Lorenzo Vargas;217.485.396-55;vasconcelosryan@example.org;Andrade do Galho;51
1987;Stella Montenegro;850.762.439-10;borgeshenrique@example.com;Cavalcanti;5
1988;Enrico Guerra;408.951.627-76;fda-cruz@example.net;Cirino;21
1989;Isaac Nogueira;872.504.193-23;manuella81@example.com;Lopes de Guerra;12
1990;João Gabriel Carvalho;083.249.175-60;slopes@example.com;Cassiano das Pedras;31
1991;João Guilherme Alves;473.651.829-46;cda-costa@example.net;Moreira de Minas;22
1992;Olívia Macedo;492.738.560-47;theo69@example.org;da Cruz de Minas;32
1993;Dr. Pedro Henrique Guerra;423.980.157-50;novaisfernanda@example.com;Gomes das Pedras;1
1994;Stella Azevedo;182.694.507-58;hadassa87@example.org;Aragão;9
1995;Ravi Lucca Costela;374.096.125-25;tda-rosa@example.net;Monteiro do Galho;23
1996;Benjamim da Luz;596.823.471-73;ymontenegro@example.net;Aragão;40
1997;Dr. Bernardo Sousa;267.539.481-55;kamillycamara@example.org;Andrade de Freitas;2
1998;Bianca da Cunha;653.291.074-07;erickrodrigues@example.net;Macedo Paulista;45
1999;Beatriz Freitas;203.984.561-51;fernandesjulia@example.com;da Costa;54
2000;Liam Novaes;501.927.483-60;tjesus@example.org;Mendonça;42
2001;Ana Julia Vasconcelos;423.190.567-34;sousamariane@example.org;Fonseca;11
2002;Davi Lucas Pereira;184.236.590-89;joao70@example.net;Ferreira;14
2003;Mariane Brito;143.289.057-32;umendes@example.net;Campos de Goiás;21
2004;Paulo Barbosa;028.934.517-05;maria-claracamargo@example.com;da Costa de Cassiano;50
2005;João Miguel da Cruz;127.890.536-77;zferreira@example.org;Câmara;13
2006;Murilo Borges;658.403.192-60;bianca52@example.com;Carvalho de Aragão;6
2007;Isabella Guerra;702.359.864-29;luiza87@example.org;Pacheco do Sul;45
2008;Dr. Breno Vargas;129.540.376-52;rodrigofonseca@example.org;Teixeira;40
2009;Srta. Allana Pires;548.972.016-67;caraujo@example.net;Correia Grande;49
2010;Vinícius da Conceição;024.138.576-80;henry90@example.org;da Rosa;4
2011;Benício Duarte;480.627.953-65;alicegoncalves@example.com;Câmara;23
2012;Gabriela Teixeira;305.972.481-41;abreuvalentina@example.com;Guerra;7
2013;Igor Machado;702.836.914-50;cirinocarolina@example.net;Novaes;10
2014;Heloisa Cunha;971.354.280-05;mgarcia@example.com;Andrade da Praia;32
2015;Aylla Monteiro;390.657.421-07;enzo69@example.net;da Cruz;42
2016;Dra. Ana Sophia Mendonça;936.258.071-30;caio65@example.net;Fogaça Grande;33
2017;Sra. Gabriela Freitas;709.632.841-69;acirino@example.com;Lima Grande;34
2018;Emilly Machado;126.093.745-34;sousaisaac@example.org;Lopes;25
2019;Bernardo Pastor;401.538.962-05;zsales@example.net;Moura;6
2020;Luiz Felipe Rios;879.635.041-57;scarvalho@example.com;Brito;43
2021;Lucas Gabriel Lima;964.308.751-48;heloisa91@example.net;Cassiano;22
2022;Luiz Gustavo Campos;356.184.970-93;caio07@example.com;Lima;27
2023;Juliana Silveira;867.124.053-35;mendoncamaysa@example.com;da Paz de Monteiro;14
2024;Isabella Freitas;954.176.283-28;cavalcanticlara@example.org;Barros;11
2025;Gabriela Araújo;649.580.132-70;oliveirafelipe@example.net;Pacheco Verde;7
2026;Gustavo Henrique Freitas;309.581.726-68;duarteisabel@example.net;Moraes;18
2027;Dra. Pietra Freitas;395.621.870-12;carvalhoyuri@example.net;da Cunha de Mendes;18
2028;Camila Camargo;289.345.167-55;machadoravi@example.net;Cardoso;42
2029;Henry Barros;796.201.834-87;daniel55@example.com;Silveira de Mendes;24
2030;Anna Liz Marques;431.752.689-19;clarada-cruz@example.net;Azevedo;13
2031;Sra. Sabrina Fogaça;027.194.835-32;gabriellypastor@example.net;Machado da Praia;7
2032;Ester Pimenta;438.907.615-93;aylla06@example.net;da Conceição Verde;3
2033;Júlia da Mata;109.827.354-05;matheus54@example.net;Camargo;46
2034;Cauê Moura;186.470.952-94;manuela53@example.net;Vieira do Galho;15
2035;Ana Vitória Brito;157.092.384-14;ramosfrancisco@example.com;Rodrigues da Serra;37
2036;Ester da Rosa;594.310.872-60;theodoro69@example.net;Casa Grande;8
2037;Isadora Nunes;407.683.129-22;yurigomes@example.com;Pinto;42
2038;Dr. Ravy Rodrigues;096.814.735-66;henrique63@example.com;Barbosa;1
2039;Bryan Sousa;209.178.365-02;gomesolivia@example.org;Lopes Paulista;29
2040;Antonella Moura;541.769.382-00;carvalhorafaela@example.com;Farias;1
2041;Luiza Novaes;179.523.860-77;luiz-gustavo49@example.org;Barros;36
2042;Bruna Ramos;142.865.730-44;henry40@example.org;Moraes;28
2043;Dr. Gabriel Pacheco;142.379.065-07;caldeiramanuella@example.com;Cassiano;27
2044;Thiago Ramos;496.875.312-82;yasmin18@example.org;Cirino de Peixoto;28
2045;Josué Ribeiro;675.403.218-90;mateus21@example.net;Brito;12
2046;Gabriel Araújo;852.107.349-60;amandacirino@example.net;Silva do Sul;19
2047;Srta. Clara Silveira;462.380.197-78;ana-sophiada-cruz@example.com;da Costa;42
2048;Mariana Macedo;078.392.145-41;tporto@example.com;Melo da Mata;32
2049;Vitor Hugo Sampaio;792.063.851-86;almeidarodrigo@example.org;Vieira;39
2050;Sr. Antony Sales;972.831.640-22;sferreira@example.org;Souza da Prata;12
2051;Giovanna Pastor;276.851.930-86;gustavonovaes@example.org;Garcia;26
2052;Evelyn Rios;276.403.518-71;claricemarques@example.net;Barros;10
2053;Maria Eduarda Pacheco;318.594.720-79;antonellada-cruz@example.com;Silveira de Araújo;21
2054;Sr. Ravy Rezende;078.294.631-31;ycosta@example.com;Garcia de Montenegro;43
2055;Maria Vitória Cardoso;130.624.579-61;elisa42@example.org;Pacheco Alegre;9
2056;Sr. Gael Henrique Correia;051.269.347-16;souzagael-henrique@example.org;Monteiro da Mata;5
2057;Sr. Ian Lima;365.740.298-56;davi-lucca73@example.com;Casa Grande;30
2058;José Pedro Carvalho;678.901.452-76;pietrabarros@example.com;Vieira;29
2059;Heloísa Fogaça;475.108.632-44;wda-cruz@example.com;Barbosa;50
2060;Leandro Pereira;391.045.862-98;lopesbruna@example.net;Rocha do Sul;49
2061;Isaac Nascimento;180.953.246-98;rochabreno@example.org;Azevedo;52
2062;Daniela da Rosa;140.873.569-57;bazevedo@example.net;Nascimento de Machado;10
2063;Evelyn Cirino;147.609.853-01;ana-liviarios@example.com;Cunha do Oeste;49
2064;Leandro Cardoso;106.285.497-76;azevedoapollo@example.net;Camargo do Oeste;17
2065;Isaac Fernandes;597.421.086-76;jose-miguelrocha@example.org;Lima dos Dourados;41
2066;Bryan Mendonça;617.543.982-19;efreitas@example.org;Martins de Ribeiro;26
2067;Davi Lucas Vieira;381.467.920-22;da-motanatalia@example.com;Andrade;30
2068;Luiz Miguel Camargo;945.278.360-56;osilveira@example.com;Nascimento;35
2069;Ana Monteiro;964.580.127-30;maria-vitoria58@example.com;Nunes;48
2070;Vitor Hugo Porto;536.910.278-30;ravypacheco@example.org;Barros de Rocha;9
2071;Luara da Cunha;063.427.895-92;sousamaria-helena@example.net;Vargas;29
2072;Sr. Raul Novais;420.586.931-24;antonellada-mata@example.com;Machado;13
2073;Maria Sophia Marques;782.561.039-30;ivasconcelos@example.net;da Mota;41
2074;Leonardo Monteiro;192.730.586-12;da-motagabriel@example.org;Novaes das Pedras;35
2075;Rafaela Barros;864.213.579-46;saraujo@example.com;Melo de Minas;51
2076;Antony Campos;879.601.453-93;dvasconcelos@example.net;Ribeiro da Mata;50
2077;Arthur Martins;324.695.781-91;sapaulo@example.net;da Luz;16
2078;Théo Brito;041.957.638-00;samuel23@example.org;Fogaça das Flores;37
2079;Sr. Thomas Viana;127.840.356-62;vitor-hugoda-costa@example.com;Costa Grande;22
2080;Dr. Ravy da Rocha;053.712.946-43;josuebarbosa@example.com;Caldeira de Minas;36
2081;Apollo Porto;206.837.195-21;caueviana@example.org;Cardoso da Serra;54
2082;Leonardo da Luz;267.519.843-91;ana-vitoriavasconcelos@example.com;Campos;46
2083;Bianca Rodrigues;548.913.026-15;ana-vitoria37@example.com;Guerra;37
2084;Carolina Silveira;950.472.683-65;joao-felipecorreia@example.com;Pastor de Goiás;37
2085;Sr. Gustavo Rios;520.873.691-86;pachecomanuella@example.org;da Luz da Mata;13
2086;Luiz Henrique Cirino;478.362.915-37;samuel04@example.com;Aragão do Norte;47
2087;Alexia Gomes;982.374.601-03;emanuella37@example.com;Viana;17
2088;Maria Rezende;460.971.538-48;martinslevi@example.com;Fogaça do Oeste;18
2089;Maya Aparecida;160.489.523-33;calves@example.net;Gonçalves;15
2090;Luiz Miguel Rios;174.903.582-05;dante39@example.com;Rocha;22
2091;Sophia Moura;492.385.706-47;yborges@example.com;Nunes das Pedras;30
2092;Sra. Maitê das Neves;958.634.071-66;henriquemonteiro@example.net;Rodrigues Grande;46
2093;Bianca Moura;328.570.146-35;irios@example.com;Caldeira dos Dourados;13
2094;Júlia Santos;049.253.681-33;barrosluan@example.net;da Conceição do Galho;40
2095;Davi Almeida;502.914.683-06;camila95@example.org;Macedo;25
2096;Rebeca Mendes;423.918.607-22;ucorreia@example.org;Moreira de Cunha;9
2097;Mariah Vargas;921.680.435-15;fabreu@example.com;Azevedo;24
2098;Gael Pires;486.953.201-89;fonsecaeduarda@example.com;Camargo;13
2099;Luiz Henrique Cirino;083.947.165-39;melootto@example.org;Machado de da Conceição;18
2100;Davi Lucca Pimenta;734.052.968-38;xrios@example.net;Moura;7
2101;Noah Nogueira;098.315.724-32;castrojoaquim@example.net;Ferreira da Serra;18
2102;Lorenzo Nunes;602.198.735-77;ian75@example.com;Costa;47
2103;Gael Henrique Albuquerque;890.637.241-87;apollo24@example.org;Alves;34
2104;Pedro Miguel Moraes;867.524.319-73;anthony95@example.net;da Rosa;17
2105;Sr. Juan Pinto;723.964.851-64;maitecavalcanti@example.net;Fernandes do Campo;17
2106;Camila da Paz;204.617.935-80;rodriguesvalentim@example.com;Caldeira;13
2107;Maria Isis da Luz;349.682.015-24;cda-cunha@example.com;Nunes do Galho;28
2108;Dra. Maria Cecília Nascimento;574.809.612-94;jramos@example.com;Borges do Galho;41
2109;Isabela Rezende;975.138.042-14;otavio16@example.net;Fogaça do Galho;34
2110;José Pedro da Cruz;780.239.641-78;heloisaferreira@example.org;Freitas de Gonçalves;31
2111;Emanuelly Lopes;920.615.374-99;jcampos@example.com;Mendes da Serra;45
2112;Eduardo da Cruz;095.374.268-74;ravi-lucca24@example.org;Vasconcelos das Flores;34
2113;Alícia Abreu;980.623.147-31;bentocosta@example.com;da Cruz;30
2114;Maria Luiza Fernandes;325.974.861-09;valves@example.com;Lima;20
2115;Apollo Monteiro;461.827.930-31;vianaagatha@example.net;Siqueira;33
2116;Raquel das Neves;436.980.571-66;fcirino@example.com;Santos de Mendonça;38
2117;André Sousa;549.683.702-29;valentina74@example.org;Cavalcante do Amparo;26
2118;Maria Cecília da Conceição;149.568.307-93;valentimrodrigues@example.net;Barros;8
2119;Elisa Carvalho;392.074.681-31;cunhajoao-guilherme@example.net;da Rocha;53
2120;Sra. Sophia da Luz;567.830.291-40;siqueiramaria-fernanda@example.net;Gomes do Sul;28
2121;Levi Leão;831.092.475-50;qviana@example.com;Freitas do Amparo;11
2122;Sra. Maria Isis Guerra;476.092.183-40;luizadas-neves@example.com;Cirino de Minas;29
2123;Maria Clara Araújo;487.916.305-84;ana-clara42@example.org;Lopes;21
2124;Yuri Fonseca;062.483.175-26;bernardo06@example.com;das Neves;47
2125;Marina Costa;903.182.654-51;nogueiramateus@example.net;da Costa;39
2126;Bruno Caldeira;184.503.297-79;rebeca75@example.com;Sampaio;53
2127;Luiz Henrique Cassiano;961.208.734-22;cecilia78@example.org;Barbosa dos Dourados;43
2128;Ísis Costa;871.592.463-73;stephany64@example.org;Rezende de Nascimento;11
2129;Luan Rodrigues;601.495.827-49;viniciuslima@example.net;Porto do Amparo;6
2130;Eloá Pastor;364.197.208-69;bcorreia@example.com;Borges;7
2131;Davi Lucca Rezende;710.542.896-11;gcastro@example.org;Vasconcelos;47
2132;Sr. Asafe Porto;456.128.390-06;brayanbrito@example.com;Lima das Pedras;13
2133;Isaac Pereira;350.412.867-44;ucardoso@example.org;da Mota;43
2134;Isaac Aragão;758.649.201-85;davicasa-grande@example.com;Correia da Praia;27
2135;Ryan da Mota;503.916.824-15;carvalhovinicius@example.com;da Rosa;4
2136;Caio Alves;907.384.156-93;jose-pedrosa@example.com;Pires de Ramos;3
2137;Samuel Lopes;594.360.871-01;maria-laura35@example.com;Novais do Campo;51
2138;Ravi Lucca Brito;268.309.145-15;vitorcavalcanti@example.com;Carvalho;24
2139;Luiz Felipe Araújo;134.695.078-48;vpinto@example.net;Montenegro da Serra;41
2140;Pietro Melo;391.674.085-75;saleshenry@example.org;Ferreira de Peixoto;40
2141;Luiz Miguel Dias;714.680.953-66;bernardosantos@example.com;Peixoto de Minas;17
2142;Alexandre Silva;493.721.685-64;otto29@example.com;da Cunha;11
2143;Emanuel Sales;097.516.348-57;levi78@example.org;Nogueira de Dias;39
2144;Rafaela Caldeira;038.421.975-60;araujolavinia@example.org;Fernandes;42
2145;Mariana Ramos;795.236.801-02;ana-luizamartins@example.net;da Costa;16
2146;João Guilherme Leão;392.578.641-46;davi-lucca54@example.net;Sousa do Oeste;46
2147;Sr. Ravi Lucca Dias;735.604.291-61;rnunes@example.com;Santos Verde;41
2148;Dr. Luan Vieira;608.951.432-24;luiz-otavionunes@example.com;Moreira Paulista;19
2149;Cecilia Borges;028.179.563-03;opastor@example.com;Marques;12
2150;Caroline da Conceição;768.029.541-76;paulo02@example.net;Aparecida de Nogueira;45
2151;Henry Vieira;728.461.039-50;kaique43@example.net;Cavalcante;15
2152;Maria Eduarda Andrade;146.982.075-76;miguel90@example.net;Nascimento de Cunha;45
2153;Laís Sá;769.540.813-10;ana-julia66@example.com;Pereira da Mata;7
2154;Dra. Hellena Lopes;043.876.125-17;mourabeatriz@example.com;Farias;20
2155;Mariane Cavalcante;972.364.108-96;manuela27@example.org;Silva das Pedras;23
2156;Eloah Melo;047.165.238-53;zleao@example.org;Fogaça;7
2157;Kaique Peixoto;610.349.825-24;kpimenta@example.com;Pereira Paulista;24
2158;Joaquim Rodrigues;951.436.270-52;ana-clarada-mata@example.org;Sampaio;1
2159;Isabela Brito;830.794.152-05;epacheco@example.org;Monteiro;7
2160;Isadora Pires;980.751.462-20;gcunha@example.net;Cirino do Sul;11
2161;Eduardo da Costa;915.860.743-93;davi-luizda-rocha@example.org;Barros;28
2162;Ryan Aparecida;231.468.509-15;cirinocecilia@example.net;da Cruz;19
2163;Rafael Mendonça;560.798.423-00;vgarcia@example.org;da Rocha;44
2164;Vinícius da Costa;437.026.518-53;luara91@example.org;Pires de Araújo;44
2165;Dra. Milena Albuquerque;279.410.863-87;raquelalbuquerque@example.net;da Paz;53
2166;Bruna Cavalcanti;321.950.476-07;viniciussampaio@example.org;Carvalho;18
2167;Marcela Cirino;762.910.548-76;britoluiza@example.com;Silveira da Mata;16
2168;Vinícius Souza;326.950.487-00;gmachado@example.org;Lopes;54
2169;Zoe Jesus;209.786.143-13;lucca67@example.org;Cavalcante;19
2170;Asafe Pimenta;941.352.780-60;apollo53@example.org;Vasconcelos de Minas;18
2171;Luigi Alves;758.042.961-67;cmendonca@example.org;Viana;46
2172;Sofia da Cunha;678.059.143-20;qda-mata@example.com;Fernandes;39
2173;Isabel Duarte;501.376.942-61;joao-guilhermenovaes@example.org;Campos;33
2174;Dra. Isabela Cardoso;051.976.834-57;ycosta@example.net;Barbosa;50
2175;Ana Cecília Fonseca;024.938.651-89;maria-laura11@example.com;Rios;24
2176;Júlia Nogueira;576.483.120-26;thomasaraujo@example.com;das Neves;37
2177;Letícia Nogueira;139.405.672-99;ymonteiro@example.net;Martins dos Dourados;43
2178;Ana Sophia Pacheco;524.730.619-80;gabrielmachado@example.com;Farias de Minas;36
2179;Nina Teixeira;028.514.967-94;ana-lauramachado@example.net;Macedo;18
2180;Catarina Duarte;320.486.159-70;pviana@example.com;Cavalcanti de Marques;34
2181;Gabriel Cunha;570.192.843-88;brios@example.org;Vargas das Flores;8
2182;Vitor da Paz;427.195.638-46;joao39@example.org;Ribeiro dos Dourados;3
2183;Eloah Viana;273.915.604-99;danielcaldeira@example.com;Correia de Goiás;36
2184;Bento Camargo;421.837.659-09;kamillycunha@example.com;Moura;36
2185;Mariah Cirino;395.802.416-51;isaac43@example.com;Casa Grande de Minas;54
2186;Cauã Martins;548.276.391-91;enricopires@example.net;Cavalcanti da Mata;46
2187;Isabela Montenegro;159.740.862-01;nramos@example.org;Ribeiro das Flores;37
2188;Felipe Pastor;987.123.640-96;wfreitas@example.net;Fonseca;30
2189;Alexandre Araújo;751.260.938-86;ravyaragao@example.com;Novais de Cavalcante;6
2190;Luan Sousa;310.547.892-23;rhavi78@example.net;Cavalcante da Mata;19
2191;Benicio Porto;146.035.872-44;opeixoto@example.com;Souza;31
2192;Luana Pereira;129.436.078-78;limaeduardo@example.com;Barros de Ferreira;24
2193;Alexia Caldeira;125.097.643-06;da-cunhacaua@example.org;Cavalcante de Novais;45
2194;Ágatha Leão;832.016.945-33;joao-miguel50@example.com;Teixeira das Flores;25
2195;Milena Montenegro;420.756.891-30;joao-gabriel46@example.org;Câmara de Mendonça;3
2196;Josué Santos;861.524.907-58;maria-alice57@example.net;Cunha do Amparo;30
2197;Dra. Sarah Cavalcante;930.268.451-24;heloisamacedo@example.com;Melo;17
2198;Carlos Eduardo Aparecida;534.967.018-20;raul90@example.org;Lopes do Sul;51
2199;Vinícius Fogaça;869.350.741-93;maria-helena60@example.com;Barros da Serra;38
2200;Benjamin Borges;842.315.697-46;mouraaugusto@example.org;Ferreira Verde;28
2201;Bento Montenegro;539.821.704-60;maria-isisvargas@example.com;Andrade dos Dourados;30
2202;Sra. Maria Cecília Vasconcelos;573.824.960-74;dom22@example.com;Leão dos Dourados;7
2203;Ana Júlia Barros;752.613.894-37;kduarte@example.org;Monteiro Paulista;19
2204;Ana Júlia Casa Grande;035.298.741-32;fernandesenzo@example.org;Casa Grande das Pedras;11
2205;Luiza Melo;539.071.846-10;lorenzo94@example.com;das Neves;23
2206;Pedro Henrique Souza;204.879.163-87;nicolasda-luz@example.com;Azevedo;23
2207;Sara Moura;739.146.850-93;nataliaaparecida@example.com;Silva;21
2208;Ana Luiza Mendes;160.985.724-02;alexia18@example.net;da Cruz das Pedras;54
2209;Marina Aragão;203.817.694-96;andraderodrigo@example.com;Silveira de Silveira;4
2210;Sara Marques;793.682.514-28;cecilia45@example.net;Costela;8
2211;Thiago Camargo;954.120.738-32;npinto@example.net;Freitas do Oeste;32
2212;Benicio Nascimento;923.516.074-06;das-nevesraquel@example.com;Souza do Sul;40
2213;Alícia Casa Grande;640.319.752-52;heitor51@example.net;das Neves do Galho;31
2214;Maya Castro;164.792.538-09;cauecavalcanti@example.net;Aragão das Pedras;54
2215;Lunna Mendes;259.801.473-14;mariamartins@example.org;Freitas;23
2216;Emilly Nascimento;481.956.237-19;gomesbrenda@example.net;Souza;9
2217;Dra. Kamilly Dias;648.325.107-62;da-luzdiogo@example.com;da Rosa;10
2218;Vinicius Garcia;785.263.041-35;rpeixoto@example.com;Campos;43
2219;Liz Garcia;703.961.285-21;araujoana-luiza@example.net;Martins;10
2220;Ana Beatriz Porto;734.580.196-93;camaraana-cecilia@example.org;Pastor de Pinto;21
2221;Caio Gomes;457.213.680-71;joseteixeira@example.net;Mendonça do Galho;33
2222;Sr. Luiz Gustavo Rodrigues;068.479.213-31;salesaylla@example.com;Rocha das Pedras;14
2223;Otto Leão;840.913.562-06;aporto@example.com;Dias do Campo;11
2224;Sra. Bruna Barbosa;395.817.462-00;moraeskaique@example.com;Pereira das Flores;27
2225;Davi Lucas Barros;267.859.341-09;sara79@example.net;Sousa do Oeste;45
2226;Otávio Câmara;052.389.764-29;loliveira@example.org;Nunes de Minas;11
2227;Isis Carvalho;301.792.548-04;mendoncaheloisa@example.org;Sá;19
2228;Ayla Oliveira;863.750.291-12;hellenaabreu@example.com;Cavalcanti;2
2229;Anthony Gabriel Jesus;356.912.784-28;upinto@example.com;Vargas;8
2230;Stephany das Neves;104.856.927-67;bcostela@example.org;das Neves;1
2231;Emanuella Santos;746.152.980-30;julia11@example.net;Albuquerque;40
2232;Vitor Hugo Abreu;659.180.243-60;britoluan@example.net;Martins;5
2233;Ana Costela;698.317.250-77;rezendethales@example.org;Duarte Verde;38
2234;Lara Fernandes;038.574.926-00;bento37@example.com;Ferreira;47
2235;Fernanda Rios;132.576.948-73;kamilly71@example.net;Aragão de Goiás;44
2236;Léo Guerra;870.391.645-66;ana89@example.org;Castro do Galho;20
2237;Thiago Montenegro;201.986.374-03;kda-mata@example.org;Guerra;53
2238;Srta. Maria Luísa Fogaça;765.148.923-37;nunesbeatriz@example.net;Santos Verde;9
2239;Amanda Cardoso;948.721.536-00;zmendes@example.com;Barbosa de Goiás;26
2240;Zoe Lopes;590.687.421-67;isabelly78@example.org;Costela;11
2241;Maria Clara Sá;936.705.248-00;aalves@example.com;Novais;25
2242;Sr. Nicolas Andrade;870.319.542-23;isisnovaes@example.org;Castro;41
2243;Paulo Gonçalves;763.910.528-59;ana-carolinavasconcelos@example.com;Garcia;12
2244;Dr. Rodrigo Abreu;710.236.589-68;vicente67@example.org;Barbosa;49
2245;Isis Silveira;905.234.768-92;sadaniela@example.net;Nascimento do Campo;4
2246;Enrico Farias;312.489.605-05;maya80@example.net;Nunes;2
2247;Sr. Leandro Albuquerque;146.028.357-08;alvesdiego@example.net;Andrade;20
2248;Giovanna Moreira;854.361.297-73;ryan69@example.org;Novaes;53
2249;Kamilly Caldeira;315.497.026-61;henriquecosta@example.org;da Rocha Grande;20
2250;Ágatha Porto;425.706.983-00;claricepeixoto@example.com;Oliveira;5
2251;Enzo Ribeiro;941.672.380-04;joao-lucasda-cruz@example.net;Rocha de Leão;49
2252;Maria Julia Lopes;062.854.793-56;arthur-gabriel39@example.net;Novaes de Cunha;48
2253;Nicole da Paz;430.976.185-20;nicolasporto@example.net;Santos de Albuquerque;1
2254;Matheus Sá;632.089.714-78;isaac33@example.org;Melo;49
2255;Maria Vitória Araújo;578.369.024-47;bernardoda-conceicao@example.org;Moura;15
2256;Luiza Macedo;405.961.728-85;laraalbuquerque@example.com;Mendonça de Moura;49
2257;Brenda Peixoto;247.513.968-46;correiajade@example.com;Mendes Paulista;46
2258;Sra. Aylla Sales;453.721.896-73;rafaela82@example.com;Silveira;7
2259;Ana Julia Santos;185.067.239-30;yda-cruz@example.org;Barbosa Alegre;14
2260;Mariane da Paz;670.528.394-74;mirellasousa@example.org;Pacheco;4
2261;José Pedro Lopes;502.637.984-29;catarina63@example.net;Costela;4
2262;Clarice da Cruz;452.763.019-99;barbara78@example.net;Guerra;28
2263;Vitor Gabriel Nogueira;032.751.894-41;riossabrina@example.net;Vargas da Serra;26
2264;Dra. Sophia Pires;674.391.825-37;costelacatarina@example.net;Melo da Prata;45
2265;Ester Jesus;813.049.527-97;vargasluiz-fernando@example.net;Carvalho;42
2266;Agatha Teixeira;625.174.830-35;yan55@example.com;Nogueira;48
2267;Eloah Dias;893.026.471-96;bcamara@example.org;Montenegro;19
2268;Pedro Melo;354.670.219-07;luisa16@example.net;Rezende Grande;38
2269;Gael Casa Grande;506.143.279-70;ana-ceciliamacedo@example.com;Rodrigues;20
2270;Valentina Nascimento;230.419.875-97;qmartins@example.org;Costela de Minas;3
2271;Gabriela da Cruz;084.395.671-20;oliviavargas@example.org;Costela;43
2272;Sra. Luana Pereira;084.653.279-47;lopesrhavi@example.com;Rodrigues;17
2273;Ian Brito;016.387.492-13;eloa54@example.org;Sá do Sul;26
2274;Luísa Marques;962.147.035-80;sara61@example.org;Siqueira das Pedras;15
2275;Srta. Ana Liz Cirino;604.378.512-90;murilo89@example.org;Carvalho da Mata;21
2276;Brayan Alves;697.482.510-20;domlopes@example.com;Cavalcanti;37
2277;Kamilly Cassiano;389.265.017-95;ramosarthur@example.net;Sá de Cavalcante;41
2278;Stella Freitas;023.569.874-10;valentina53@example.org;Vasconcelos;35
2279;Theo Teixeira;147.825.630-35;lucasda-rocha@example.net;Castro;15
2280;Fernando Montenegro;815.679.024-30;henrymacedo@example.com;Campos;35
2281;Oliver Pereira;625.089.374-10;agathasouza@example.net;da Conceição;32
2282;Laís da Costa;032.791.846-22;rhavinovais@example.org;da Rocha do Norte;17
2283;Isabel Mendes;654.178.209-11;correiarael@example.org;Porto Paulista;51
2284;João Pedro Novais;632.450.791-25;sayago@example.net;Ribeiro de Caldeira;37
2285;Sr. Levi Campos;823.761.059-86;sda-cunha@example.com;Oliveira de Sales;8
2286;Cauê Sales;179.320.468-31;isabel88@example.net;Moura das Flores;24
2287;Dr. Gustavo Henrique Mendes;496.370.582-65;ugarcia@example.org;Vieira do Amparo;14
2288;Cauã Casa Grande;081.497.325-60;eduardacardoso@example.net;Abreu da Mata;17
2289;Josué Vasconcelos;516.083.294-70;joao66@example.net;Novais do Norte;31
2290;Carlos Eduardo Lima;367.409.251-43;da-cruzcamila@example.org;Gomes de da Mata;53
2291;Théo da Conceição;930.142.658-70;isabellaaparecida@example.net;Correia da Serra;54
2292;Nina da Costa;401.829.357-79;rfarias@example.net;Costa de Rocha;4
2293;Milena Martins;049.835.721-04;heloisa59@example.com;da Conceição de Pimenta;29
2294;Aylla Vasconcelos;034.928.176-96;moreiraasafe@example.com;Santos;7
2295;Sara Dias;643.071.928-69;razevedo@example.net;Oliveira Verde;5
2296;Mathias Dias;872.136.905-40;da-luzstephany@example.com;Novais de Silva;17
2297;Milena Camargo;265.831.097-86;cavalcantemariane@example.net;Rezende da Serra;9
2298;Benício Pinto;604.852.719-58;osilva@example.org;Cunha dos Dourados;5
2299;Gabrielly Campos;859.437.016-48;agatha14@example.net;Abreu do Sul;45
2300;João Gabriel Andrade;756.018.934-20;bruno79@example.com;Pacheco;16
2301;Valentina Sousa;295.781.304-14;maria-vitoria99@example.org;Camargo do Amparo;43
2302;Srta. Maria Sophia Jesus;547.928.360-00;marcos-vinicius92@example.com;Vieira;3
2303;Sabrina Marques;185.973.024-88;oda-rocha@example.net;da Cunha;46
2304;Emanuel Ferreira;608.271.549-76;wmartins@example.org;Vasconcelos de Abreu;44
2305;Brenda Cassiano;791.368.204-31;luiz-henrique72@example.net;Sales;41
2306;Gustavo Henrique Moraes;817.536.402-53;jandrade@example.net;das Neves de Goiás;33
2307;Miguel Porto;315.429.780-41;larissa04@example.com;Moraes de Castro;16
2308;Ana Clara Rodrigues;360.957.281-77;ribeiroleo@example.com;da Costa;5
2309;Arthur Sampaio;973.015.624-70;bmacedo@example.com;da Paz do Sul;5
2310;Sr. Felipe da Mota;216.498.503-60;fonsecadavi-luiz@example.org;Farias;49
2311;Heloisa Cirino;136.784.592-00;esther26@example.org;Campos do Sul;4
2312;Alexia Sousa;597.021.864-20;sda-mata@example.org;Vargas;19
2313;Luigi Rocha;986.512.340-15;uda-cruz@example.com;Andrade;27
2314;Ester Farias;519.034.728-14;pachecomurilo@example.com;Pastor Alegre;9
2315;Bernardo Cavalcanti;734.625.098-29;slima@example.org;Costa;12
2316;Oliver Teixeira;164.530.279-25;theo22@example.org;Vasconcelos dos Dourados;2
2317;Thomas Brito;014.759.823-05;pimentastella@example.com;Vasconcelos;43
2318;Isis da Cruz;741.693.058-84;siqueiraarthur@example.net;Duarte;48
2319;Ágatha Pastor;905.674.823-83;arthur-gabriel33@example.com;Fernandes;7
2320;Yuri Sousa;105.379.264-61;portoleo@example.org;Azevedo;44
2321;Noah Sampaio;649.017.532-07;xlima@example.com;Montenegro;27
2322;Dom Santos;583.710.692-86;dom26@example.org;Abreu;19
2323;Henry Gabriel Barros;465.372.890-92;wgoncalves@example.com;Cunha;34
2324;João Pedro Oliveira;950.214.387-60;wda-mata@example.org;Casa Grande Verde;10
2325;Sr. Davi Lucca Vargas;230.819.654-89;cirinojulia@example.org;Rios;18
2326;Maria Clara Vasconcelos;574.283.069-65;mirella39@example.org;Andrade do Galho;22
2327;Léo da Mata;427.968.053-10;lopeshadassa@example.com;Pimenta do Oeste;35
2328;Léo Rios;962.381.405-42;enzocavalcanti@example.com;da Conceição Paulista;45
2329;Vitor Costela;958.734.062-00;borgesmaria@example.com;Rocha;38
2330;Otto Cardoso;945.601.328-60;maria35@example.net;da Mota;36
2331;João Miguel Sampaio;310.586.427-07;vribeiro@example.com;Oliveira de Porto;45
2332;Otávio Lima;749.351.026-16;ribeirodavi@example.com;Novaes;1
2333;Thomas da Cunha;372.905.618-21;pedro-miguel34@example.org;Duarte;49
2334;Henry Gabriel Pimenta;294.183.760-40;qmarques@example.com;Rocha de Fernandes;8
2335;Enzo Caldeira;895.107.236-30;oandrade@example.net;Correia do Galho;28
2336;Miguel Silva;874.102.365-07;milena94@example.com;Araújo de Gomes;40
2337;Isabelly Rodrigues;925.160.738-95;abarros@example.net;Pastor de da Rocha;43
2338;Melina Ramos;781.465.309-66;camaraaylla@example.net;Vasconcelos Alegre;19
2339;Catarina Santos;195.738.426-37;borgesalana@example.com;Monteiro;12
2340;Mariana Carvalho;639.725.841-64;santosmaria-luiza@example.net;Vieira;12
2341;Antônio Aparecida;810.675.249-67;dpeixoto@example.com;Dias;46
2342;Lorenzo Mendonça;591.240.378-50;ribeironina@example.org;Silva;8
2343;Luiz Gustavo Moraes;724.156.389-19;wlima@example.net;Pinto;25
2344;Valentim Costa;051.394.687-00;cirinopedro-henrique@example.com;Teixeira;17
2345;Luan da Conceição;675.839.410-75;jose-pedro65@example.net;Duarte de Aragão;5
2346;Bernardo Albuquerque;471.203.956-61;vianajulia@example.org;Mendes;4
2347;Matteo Gonçalves;674.310.982-78;raul56@example.com;Viana;28
2348;Srta. Helena Cassiano;536.742.189-09;vsiqueira@example.com;Costela de Dias;40
2349;Srta. Olívia Novais;107.946.253-80;kamilly12@example.net;Borges Paulista;44
2350;Gabrielly Ribeiro;631.948.752-64;tsampaio@example.com;Pacheco;41
2351;Liam Azevedo;956.310.428-51;heloisacasa-grande@example.net;Vieira;3
2352;Luiz Henrique Rocha;164.037.528-71;melissa11@example.org;Teixeira do Oeste;3
2353;Dra. Olívia Souza;365.198.274-28;emarques@example.net;Farias;41
2354;Dr. Valentim Pastor;907.814.326-69;ana82@example.com;Aragão;13
2355;Carolina Oliveira;391.768.542-64;kalmeida@example.org;Lopes;4
2356;Zoe da Paz;157.309.824-88;evelynazevedo@example.net;Vieira das Pedras;54
2357;Renan Lopes;592.167.408-76;brios@example.com;Abreu;49
2358;Clarice Vargas;289.415.706-11;xcaldeira@example.net;Ferreira;50
2359;Maria Luísa da Rosa;726.458.319-82;eloah50@example.com;Moreira;7
2360;Cauã Teixeira;015.769.428-30;isis45@example.org;Nogueira do Campo;43
2361;Alice Dias;801.945.372-50;thiago76@example.org;Machado;6
2362;Mariane Garcia;364.921.708-22;rmacedo@example.net;da Conceição do Oeste;20
2363;Clara Cassiano;621.408.539-89;nda-rocha@example.net;da Cruz de da Paz;43
2364;Sr. Lorenzo Cavalcante;140.257.698-67;nalves@example.com;Castro de Minas;10
2365;Luiz Gustavo Pastor;793.860.254-00;macedoana-cecilia@example.com;Gomes;17
2366;Maria Clara Costela;975.432.681-91;pcamargo@example.org;da Luz Paulista;16
2367;Dra. Maria Julia Azevedo;635.128.794-46;pda-mota@example.com;Barros;50
2368;Henry Montenegro;487.326.059-00;xfarias@example.com;Cardoso;2
2369;Srta. Ana Cecília Porto;095.482.617-58;yda-conceicao@example.com;da Paz do Norte;2
2370;Sr. Henry Gabriel da Mota;429.316.078-78;thalesaraujo@example.com;da Costa do Oeste;16
2371;Sr. Léo Pimenta;750.431.629-61;habreu@example.com;Teixeira de Pires;42
2372;Dr. Thiago Rezende;827.135.604-62;lcamara@example.net;Lopes;37
2373;Maria Sophia Alves;978.425.031-41;emanuella07@example.net;Peixoto;24
2374;Eduarda Pimenta;019.348.527-32;jfogaca@example.com;Ferreira;49
2375;Matheus da Costa;054.892.316-70;marquesluisa@example.com;Pacheco;44
2376;Melina Cavalcante;451.896.320-24;anthony-gabriel75@example.net;Teixeira do Oeste;53
2377;Dra. Agatha Fonseca;365.479.180-84;bernardo70@example.com;Correia;33
2378;Nicolas Pereira;672.014.958-01;manuellaviana@example.org;Mendes;4
2379;Lívia Câmara;782.094.136-78;maria-juliacaldeira@example.com;Abreu;19
2380;Evelyn Nunes;085.419.327-88;laisvasconcelos@example.net;Lima;30
2381;Elisa Costa;869.253.017-40;manuela35@example.com;Abreu;32
2382;Dr. Rodrigo Ribeiro;250.971.638-77;piresvalentina@example.com;Moura dos Dourados;4
2383;Heitor Fernandes;784.623.105-71;aliciacamargo@example.org;Barros da Praia;32
2384;Ravi Lucca Sousa;431.860.975-84;fernandesemanuelly@example.net;Lopes de Minas;40
2385;João Miguel Almeida;475.068.213-62;ramosjoao-guilherme@example.org;Almeida de Guerra;2
2386;Ana Carolina Rezende;648.712.395-19;rocharael@example.net;Cunha da Prata;43
2387;Nathan da Rocha;728.965.013-12;ravyferreira@example.org;Ramos da Serra;52
2388;João Gabriel Ramos;968.514.032-42;eduarda39@example.net;da Mata;39
2389;Dra. Ísis Sousa;672.980.541-20;sousaluna@example.org;Costela de Barbosa;45
2390;Alice Pastor;816.345.072-07;zoeda-rocha@example.com;Rocha;43
2391;Yan Brito;501.329.476-25;estermacedo@example.org;Cassiano;46
2392;Sr. Otto Caldeira;276.483.509-47;melina94@example.com;Fonseca do Norte;19
2393;Ana Liz Pires;987.031.465-10;bbrito@example.org;Cavalcanti das Flores;20
2394;João Vargas;471.320.589-32;leo64@example.com;Rodrigues do Galho;42
2395;Dra. Cecília Peixoto;645.208.731-26;da-cunhanatalia@example.com;Carvalho do Sul;39
2396;Esther Novaes;379.482.150-50;qda-paz@example.net;das Neves;38
2397;Joana Teixeira;402.358.169-06;leonardo55@example.com;Borges da Prata;26
2398;Diego Lopes;213.490.586-70;oliveiraclarice@example.com;Pires;36
2399;Sr. Rodrigo Fernandes;056.479.238-10;macedolevi@example.com;Cassiano;9
2400;Esther Costela;402.591.378-04;kevinjesus@example.com;Machado;16
2401;Joaquim Cassiano;627.359.418-09;natalia81@example.net;Teixeira das Flores;37
2402;Melissa Porto;742.895.106-20;wmendonca@example.net;Castro de Siqueira;5
2403;Maria Luísa Montenegro;405.137.928-05;beniciocorreia@example.org;Campos do Oeste;31
2404;Rodrigo Machado;905.128.674-02;murilocaldeira@example.net;Vieira do Campo;48
2405;Allana Caldeira;694.701.835-84;campospedro-miguel@example.net;Correia de Minas;9
2406;Luiz Gustavo da Mota;371.298.604-13;almeidagabriela@example.com;Montenegro;28
2407;Emilly da Costa;650.237.184-17;ana-liviamonteiro@example.net;Casa Grande;54
2408;Sr. Yan Sampaio;261.879.053-77;araujosofia@example.com;Barbosa;44
2409;Dr. Theo Rezende;062.548.931-42;leo68@example.com;Freitas do Norte;27
2410;Hadassa Leão;816.459.073-84;ecamara@example.org;Moura;9
2411;Mirella Barros;430.197.652-34;heloisa26@example.org;Abreu de Pires;10
2412;João Miguel Monteiro;485.739.102-32;maria-eduardada-conceicao@example.net;Farias;52
2413;Eduardo Peixoto;328.491.760-87;da-rochatheo@example.net;Mendonça da Praia;16
2414;Isaac Ramos;186.725.490-58;meloluiz-felipe@example.net;Sá das Pedras;46
2415;Murilo Jesus;983.725.460-29;barbara83@example.net;Fonseca de Andrade;35
2416;Theo Souza;708.519.342-50;vieirarafael@example.com;da Paz;42
2417;Gustavo Henrique da Costa;156.432.087-17;das-nevesjade@example.org;Pinto;19
2418;Gabriela Costela;520.631.497-80;eduardogomes@example.net;Cardoso das Flores;26
2419;Heloísa da Conceição;169.204.758-20;azevedomaria-laura@example.org;Campos de Pereira;18
2420;Laís Dias;740.298.653-56;abreubrenda@example.com;da Conceição de Porto;16
2421;Sr. Oliver Câmara;591.367.204-61;da-costabenjamin@example.org;Moura;30
2422;Pietra Brito;068.253.941-42;matheusfonseca@example.com;Macedo de da Paz;12
2423;Kevin Pacheco;057.932.164-99;nrodrigues@example.net;Sales de Vieira;34
2424;Marcela Castro;615.439.087-48;mendesheitor@example.com;Borges;39
2425;José Pedro Castro;412.759.683-09;nmacedo@example.org;Macedo;24
2426;Ravy Silva;410.536.289-51;nogueiraclarice@example.com;Correia;22
2427;André Campos;176.038.542-53;camargogustavo-henrique@example.net;Machado;43
2428;Vitor Câmara;189.370.562-59;bfogaca@example.com;Alves;43
2429;Benício Rios;542.630.978-74;dom16@example.com;da Mata;25
2430;Srta. Liz Ribeiro;194.325.680-24;sarah22@example.org;Ramos;26
2431;Laís Cardoso;196.423.078-04;pirescamila@example.net;da Costa;31
2432;Otávio Gonçalves;521.638.974-19;ravi-luccabrito@example.com;Pacheco Alegre;4
2433;Pedro Andrade;541.097.326-70;amandaramos@example.com;Pires;54
2434;Anthony Gabriel Monteiro;807.436.215-90;camargosara@example.org;da Mota;25
2435;Lorenzo Porto;497.231.850-32;maria-isis36@example.net;Andrade de Brito;32
2436;Mariane Montenegro;529.610.374-25;anthony93@example.com;Barros;24
2437;Srta. Stella Duarte;967.250.843-38;daniela09@example.com;Oliveira de Cassiano;2
2438;Ana Lívia Moura;472.369.015-80;aliciabarbosa@example.com;Borges;54
2439;Manuella da Mata;062.534.978-47;zmontenegro@example.org;Teixeira;28
2440;Dom Rios;175.496.802-30;enricocirino@example.com;Mendonça do Amparo;2
2441;Luiz Felipe Abreu;385.690.741-66;da-luzfrancisco@example.org;Vieira da Serra;39
2442;Sabrina Correia;235.781.640-62;rochaana-luiza@example.net;Albuquerque;11
2443;Isis Cirino;073.829.561-21;pintoalicia@example.org;Aragão Alegre;46
2444;Catarina Ribeiro;530.642.981-51;zpereira@example.net;Gonçalves;3
2445;Fernando Mendonça;375.918.046-93;kaiquebarros@example.org;Caldeira do Campo;16
2446;Ana Sophia da Costa;301.892.756-77;vicenteguerra@example.net;Moura da Mata;52
2447;Dra. Bella Cavalcante;328.165.074-08;sabrinasa@example.com;Araújo de Vargas;45
2448;Dra. Liz Costela;913.704.268-87;maria-luizapinto@example.org;Câmara;14
2449;Otávio Sousa;829.350.476-56;xazevedo@example.org;Barbosa;32
2450;Ísis da Rosa;483.901.726-31;zsousa@example.org;Brito;8
2451;Gustavo Henrique Machado;048.312.756-62;macedomariah@example.org;Duarte;15
2452;Luiz Henrique Duarte;892.617.043-87;riosluiz-henrique@example.net;Moreira;23
2453;Sr. Davi Luiz Siqueira;847.395.162-09;pedro-lucas71@example.com;Vargas da Mata;47
2454;Lorenzo da Costa;307.689.412-96;ramosisadora@example.org;Borges;34
2455;Bernardo Silva;618.425.709-94;ucostela@example.org;da Cunha;5
2456;Ana Laura da Conceição;791.308.625-40;leaogael@example.net;Aragão;7
2457;João Pedro Freitas;820.317.645-35;tsales@example.org;Lopes da Prata;14
2458;Rhavi da Cruz;258.039.146-06;pedro-lucas67@example.net;Cardoso;11
2459;Rael Castro;057.486.931-00;antonio81@example.net;Nogueira Paulista;18
2460;Lorenzo Lopes;571.693.280-03;diasvicente@example.org;Barros da Praia;30
2461;Dra. Lunna Leão;740.819.625-02;brayanalves@example.org;da Cunha;29
2462;Anna Liz da Rosa;059.386.724-65;yago65@example.com;Abreu do Norte;27
2463;Asafe da Rocha;094.532.716-16;ymoura@example.org;Siqueira da Prata;52
2464;Marcela Cavalcante;560.249.138-42;ucarvalho@example.com;Araújo de Minas;49
2465;Vinícius Aparecida;751.046.928-76;lfogaca@example.net;Araújo da Prata;23
2466;Bárbara Freitas;950.217.648-02;vasconcelosmaysa@example.com;Pires;31
2467;Kamilly Mendes;763.805.142-44;pachecomaria-cecilia@example.com;Araújo de Castro;25
2468;Dr. Marcos Vinicius Brito;684.293.715-91;theodororodrigues@example.com;Rios;16
2469;Heloísa Cirino;819.673.542-19;msilva@example.net;Vasconcelos;11
2470;Natália Souza;514.627.903-99;hadassa58@example.com;da Costa Verde;26
2471;João Vitor Novais;870.531.642-17;kda-cunha@example.com;Machado;49
2472;Ana Clara Duarte;342.708.561-90;limajose@example.net;das Neves de Macedo;1
2473;Natália Lopes;690.547.823-74;luan64@example.org;Oliveira do Oeste;9
2474;Pietro Lopes;970.423.618-22;piresevelyn@example.net;Siqueira do Oeste;25
2475;Dra. Maria Vitória Mendonça;048.635.791-01;fogacamanuella@example.com;Carvalho;36
2476;Sr. Bryan Fonseca;548.720.913-88;estergomes@example.net;Mendonça;8
2477;João Felipe Souza;845.276.319-00;rodrigofernandes@example.net;Cirino do Sul;41
2478;Sra. Amanda Nunes;530.981.624-06;sarahpires@example.net;Melo;43
2479;Lunna Rocha;897.054.261-20;palmeida@example.com;Pimenta da Prata;42
2480;Francisco Vasconcelos;764.291.805-49;araujomaria-luisa@example.net;Caldeira das Pedras;16
2481;Sr. Rhavi Monteiro;784.123.065-62;pastorhenry-gabriel@example.com;Rodrigues;7
2482;Lívia Almeida;725.418.039-23;ferreiraleticia@example.net;Moura de Araújo;4
2483;Sophia Casa Grande;307.586.492-74;arthur-miguel23@example.com;da Conceição da Serra;4
2484;Emanuella Teixeira;491.805.327-05;camposluiz-fernando@example.net;Leão Paulista;44
2485;Josué Azevedo;182.436.097-50;cecilia11@example.net;Alves;21
2486;Igor Nunes;056.387.294-29;marcos-vinicius83@example.net;Fogaça de Rocha;16
2487;Sra. Eduarda Moura;846.135.792-28;sousaryan@example.org;Machado;10
2488;Catarina Rodrigues;173.608.945-57;clarice32@example.com;Pinto de Pereira;39
2489;João Lucas Rezende;483.571.629-91;ppastor@example.net;Peixoto de Minas;27
2490;Vinicius Lopes;729.386.450-74;da-rochaarthur-miguel@example.com;Santos da Serra;15
2491;Maria Flor Pinto;652.987.041-58;casa-grandearthur-miguel@example.com;da Luz;26
2492;Anthony Marques;192.478.630-31;laviniafonseca@example.com;da Rocha;16
2493;Maria Laura Câmara;590.741.263-16;alvesian@example.net;Moraes da Mata;28
2494;Dr. Pedro Miguel Câmara;137.056.429-52;mateus17@example.com;Alves do Amparo;30
2495;André Cirino;173.895.620-21;abreugael-henrique@example.net;Nunes da Serra;39
2496;Eduarda Barbosa;829.567.031-02;costelasabrina@example.com;da Mata Verde;23
2497;Maria Luiza Aragão;251.976.084-20;azevedobento@example.org;Fernandes do Norte;17
2498;Levi Souza;318.426.905-15;mguerra@example.org;Vieira do Amparo;8
2499;Maya Leão;054.723.168-71;antony42@example.org;Guerra Paulista;46
2500;Mathias Pastor;486.703.215-80;melinavasconcelos@example.com;Vieira;17
2501;Kaique Novais;816.024.739-78;daniela70@example.net;Guerra;1
2502;Maria Helena Duarte;048.529.617-94;joao-vitor67@example.net;Moura;7
2503;Ana Liz Sampaio;501.287.364-53;julianamoraes@example.com;Aparecida de da Rocha;21
2504;José Miguel Azevedo;681.270.354-08;arezende@example.org;Nascimento de Minas;48
2505;Henry Lima;572.914.368-00;rodriguescalebe@example.com;Campos dos Dourados;15
2506;Lorenzo Andrade;076.983.254-74;machadomaria-julia@example.net;Cavalcanti do Galho;40
2507;Léo Fonseca;761.453.890-01;flima@example.org;Pereira;54
2508;Srta. Emanuelly Novaes;341.270.589-60;marcelacavalcanti@example.net;Pinto do Amparo;53
2509;Hellena Costa;674.950.832-47;vitor-gabriel47@example.net;Pastor da Prata;50
2510;Ana Borges;295.631.087-95;vbrito@example.org;Cassiano;26
2511;Dr. Arthur Miguel Vieira;162.503.948-42;estherfernandes@example.net;Pinto do Campo;21
2512;Sr. Matteo Macedo;619.538.742-82;helenaaragao@example.org;da Cruz das Flores;50
2513;Raquel Correia;209.175.483-88;rpimenta@example.org;Novais de Martins;39
2514;Theo Brito;834.065.712-71;valentina48@example.com;Silva;47
2515;Isabel Alves;046.912.375-34;gomesyuri@example.net;Melo;14
2516;Sr. João Miguel da Paz;705.941.862-85;cardosomariana@example.net;Castro;6
2517;Mariana da Luz;513.096.274-52;pintozoe@example.com;Farias de da Rosa;17
2518;Giovanna Nogueira;804.132.965-98;melissaduarte@example.org;Castro de Ferreira;50
2519;Sr. Francisco Albuquerque;529.087.634-00;levi47@example.org;Macedo;18
2520;Sophia Melo;509.814.627-58;moraesbenicio@example.com;da Rocha;50
2521;Davi Lucas Almeida;074.592.861-76;mpacheco@example.org;Vargas;24
2522;Renan Jesus;926.475.810-02;mpimenta@example.org;Rocha;26
2523;Sr. Gustavo Pereira;069.231.574-80;cassianoana-julia@example.org;Mendes;15
2524;Kaique Pimenta;125.406.938-06;mateus64@example.org;Ferreira do Oeste;13
2525;Leandro Sousa;549.380.271-60;da-rochagiovanna@example.net;Vieira;37
2526;Bianca Nascimento;789.315.062-95;da-motaleonardo@example.org;Câmara;39
2527;Dra. Valentina Pires;316.082.749-69;qalmeida@example.org;Vasconcelos;11
2528;Joaquim Vasconcelos;869.342.701-69;heloisaaparecida@example.net;Martins;8
2529;Dr. Thiago Pereira;693.740.251-16;sofiaaraujo@example.net;Costa;43
2530;Augusto Nunes;701.465.932-43;oaragao@example.net;Fonseca de Brito;44
2531;Maria Laura Carvalho;106.793.428-69;limayasmin@example.net;Albuquerque do Sul;47
2532;Maria Liz Vieira;891.734.065-20;luigi84@example.com;Montenegro do Sul;13
2533;Ísis Vasconcelos;172.958.046-76;nalbuquerque@example.org;Novais;12
2534;Vinícius Cunha;480.962.513-33;da-matasophie@example.org;da Cunha;32
2535;Luiza Nogueira;672.301.598-30;limalavinia@example.net;da Rosa do Norte;38
2536;Dr. Kevin Câmara;087.549.136-75;rodrigo71@example.org;Sousa do Galho;54
2537;Sara Almeida;415.623.098-89;eduardoda-paz@example.org;Mendes;28
2538;Maitê Gomes;247.869.503-00;monteiroyasmin@example.org;Câmara de Silveira;27
2539;Luiz Gustavo Rezende;976.310.245-61;isadora40@example.org;Macedo dos Dourados;2
2540;Nicolas Gomes;217.459.380-79;caroline42@example.com;Novais das Pedras;2
2541;Mirella Cavalcanti;920.315.648-89;lopesbenicio@example.org;Vasconcelos Paulista;7
2542;Ian Moreira;273.486.109-78;stellarios@example.net;Carvalho Grande;8
2543;Dr. Otávio Rezende;862.435.097-29;isadora57@example.com;Novais;51
2544;Guilherme Mendonça;142.396.578-73;ramosisabelly@example.org;Siqueira;14
2545;Dom Lima;649.508.371-84;nunesenzo@example.org;Peixoto;10
2546;Pedro Gonçalves;594.261.038-05;rmoreira@example.com;Rezende;30
2547;Sra. Letícia Teixeira;205.176.934-61;danielmonteiro@example.org;Caldeira;20
2548;Maria Laura Freitas;610.537.942-07;nborges@example.net;Abreu Grande;40
2549;Sr. Antônio Jesus;428.367.159-28;ifernandes@example.com;Araújo Alegre;48
2550;João Miguel Monteiro;741.036.925-61;matheus88@example.net;Fernandes de Fogaça;23
2551;Sabrina Dias;920.857.614-02;rafaelaragao@example.org;da Mota de Goiás;10
2552;Josué Pires;278.596.403-92;ana-luizaferreira@example.net;Moura de Lima;23
2553;Larissa Santos;047.312.685-08;ycassiano@example.net;Ribeiro;34
2554;Cauã Nunes;067.589.431-00;ana29@example.net;Pacheco;40
2555;Isadora Azevedo;642.018.537-80;maria-isis02@example.com;Abreu;49
2556;Dr. Ravy Nunes;915.642.837-55;hferreira@example.net;Vargas;37
2557;João Pedro Costela;490.537.816-84;siqueirarhavi@example.net;Pimenta da Mata;23
2558;Lorenzo Machado;845.903.127-60;rebecacastro@example.org;Vieira;42
2559;Fernando Gonçalves;421.590.873-60;gnovaes@example.net;Vargas;17
2560;Mirella Aragão;705.683.921-59;portoisadora@example.org;Rios do Oeste;9
2561;Pedro Miguel Guerra;243.179.508-04;hpereira@example.org;Sousa do Amparo;29
2562;Rodrigo Moraes;937.468.521-37;mateuspinto@example.net;Correia das Flores;33
2563;Bianca Moreira;459.207.163-80;ksilva@example.org;Guerra;6
2564;Antony Brito;651.248.907-11;maite87@example.org;Ramos Alegre;27
2565;Srta. Evelyn Costela;173.059.248-14;nazevedo@example.com;Martins;46
2566;Maria Cecília Pires;021.695.437-16;qdas-neves@example.net;Moreira dos Dourados;14
2567;André Ferreira;125.940.378-50;fariaspedro@example.com;Peixoto do Oeste;37
2568;Ravi Lucca Porto;927.853.104-97;mdias@example.org;Souza;37
2569;Sr. José Pedro Teixeira;387.150.962-03;gaeldas-neves@example.net;da Cunha Paulista;29
2570;Marcos Vinicius Ribeiro;456.182.793-55;oliveirajoao-miguel@example.com;Rios de Barbosa;44
2571;Dr. Ian Rios;685.073.914-00;ceciliaborges@example.net;Vieira;5
2572;Gael Borges;867.103.245-08;agatha56@example.com;Pinto;17
2573;Maria Luiza Siqueira;760.952.841-20;yagoabreu@example.org;Cirino;41
2574;Maria Fernanda Fernandes;764.328.915-82;joao-lucaspastor@example.net;Mendes de da Rosa;24
2575;Bento Fernandes;065.491.872-49;leticia21@example.com;Porto de Almeida;34
2576;Beatriz Garcia;537.102.689-40;mendoncasarah@example.org;Cassiano Verde;1
2577;Bento Oliveira;615.903.748-00;zcampos@example.net;Câmara;4
2578;Natália Araújo;504.863.712-71;gustavo-henriquepeixoto@example.net;Jesus dos Dourados;12
2579;Mathias Rocha;087.243.956-92;arthur-miguelmoraes@example.net;Nogueira de Moreira;36
2580;Ravy Machado;982.713.645-37;rnascimento@example.com;Machado;5
2581;Theodoro Cirino;308.459.712-04;lfarias@example.com;Camargo;16
2582;Henrique Gomes;721.083.456-71;arthur-miguel82@example.net;da Rocha;19
2583;Lorena Pereira;137.082.649-40;pedroribeiro@example.org;Nunes das Pedras;1
2584;Isabela Melo;813.054.697-39;santosrodrigo@example.com;Alves;25
2585;Pedro Lucas Peixoto;046.527.891-49;fariasgael-henrique@example.net;Pimenta;17
2586;Eduardo Monteiro;819.457.320-32;pintomelissa@example.com;Porto;34
2587;Stephany Barbosa;491.356.802-70;dteixeira@example.net;Pereira;40
2588;Enrico Abreu;670.482.935-00;antonio49@example.net;Mendonça de Silva;9
2589;Luna Sampaio;724.061.538-35;davi-lucca86@example.org;Ferreira de Pastor;4
2590;Maya Cavalcanti;248.536.970-47;cecilia83@example.org;Barbosa Verde;45
2591;Bryan Albuquerque;263.194.807-69;wsampaio@example.com;Nascimento;38
2592;Dr. Enzo Lima;823.459.610-15;theo82@example.org;Moreira;54
2593;Alana Campos;158.364.209-98;costelazoe@example.com;da Cruz da Serra;37
2594;Ravy Fonseca;083.471.962-22;antonellacassiano@example.net;Casa Grande;4
2595;Isaac da Cunha;213.497.685-37;anthony-gabrielmendonca@example.org;Freitas;39
2596;Anthony Gabriel Leão;458.790.236-56;bryan78@example.org;Cirino da Praia;47
2597;Sra. Stephany Macedo;237.081.954-50;gabriellyalmeida@example.net;Freitas;14
2598;Sr. Davi Luiz Leão;231.869.054-51;miguel27@example.net;Vasconcelos;31
2599;Kaique Vargas;147.326.809-50;da-costalunna@example.net;Albuquerque de Moura;36
2600;Lucas Gabriel da Cruz;821.675.493-00;marcela53@example.net;Vieira de Teixeira;51
2601;Júlia da Paz;512.973.806-30;nogueiranoah@example.com;da Cunha Paulista;50
2602;Matheus Campos;380.974.651-75;viniciusfernandes@example.org;Gomes;51
2603;Vitória Costa;829.031.564-33;maria-vitoriamontenegro@example.com;Vieira de Caldeira;53
2604;Joaquim Leão;305.942.681-33;rodrigueshadassa@example.net;Barbosa Grande;6
2605;Liam Cavalcante;890.546.372-00;abreumaria-clara@example.org;Peixoto da Serra;24
2606;Murilo Alves;360.452.819-42;mariahcarvalho@example.org;Cavalcanti;54
2607;Sabrina Monteiro;638.904.527-10;ravi-lucca84@example.net;Aparecida;9
2608;Olivia Nunes;756.482.109-49;azevedosara@example.net;da Mota de Martins;41
2609;Caleb Silva;318.792.564-28;cunhadanilo@example.org;Caldeira;18
2610;Brayan Mendonça;817.602.945-94;marinadias@example.net;Barros;34
2611;Luiza Pimenta;206.189.574-30;mariacavalcante@example.com;Novaes;19
2612;Bella Albuquerque;953.068.417-75;davi-lucas36@example.net;Cassiano;54
2613;Yago Rezende;013.579.842-60;anthony14@example.com;Barros de Goiás;21
2614;Ana Carolina Martins;729.108.453-97;nsousa@example.net;da Conceição de Goiás;24
2615;Luiz Miguel Alves;162.397.085-77;gabriela17@example.org;Fonseca;28
2616;Ana Vitória Siqueira;513.896.024-51;dcosta@example.net;da Rocha;8
2617;Rhavi das Neves;135.478.690-48;carlos-eduardocamara@example.com;Ribeiro;2
2618;Maria Cecília Mendes;438.906.275-10;alvesana-cecilia@example.org;Casa Grande das Flores;7
2619;Maria Cecília Aparecida;146.890.253-98;vianaarthur-miguel@example.org;Vargas da Praia;43
2620;Dr. Mathias Souza;420.796.538-65;andrebrito@example.com;Caldeira do Galho;9
2621;Alana Guerra;017.629.384-13;heloisamartins@example.com;Almeida Paulista;48
2622;Aylla Gonçalves;294.157.368-28;kviana@example.org;Abreu;47
2623;Ryan Barros;036.752.184-90;ssa@example.org;da Rocha Grande;39
2624;Dra. Olivia Camargo;974.210.653-34;arthur80@example.org;Pires;30
2625;Allana Lima;954.312.680-15;isales@example.net;Costela das Pedras;34
2626;Ayla Andrade;902.768.415-49;luisa02@example.org;Abreu dos Dourados;34
2627;Daniel Mendonça;069.182.534-33;enricocorreia@example.com;Machado;38
2628;Ester Cirino;805.293.617-95;gomesthales@example.com;Ferreira;19
2629;Juliana Novaes;281.374.506-53;alvesyasmin@example.org;Rezende da Praia;43
2630;Bianca Carvalho;064.328.715-90;wnovais@example.com;Farias;43
2631;José Pedro Fogaça;014.875.632-80;pachecoluigi@example.net;Campos do Sul;18
2632;Vicente Ferreira;514.876.239-09;antonioda-cruz@example.org;Fernandes Verde;7
2633;Vitor Gabriel Teixeira;180.629.457-58;mathias06@example.com;Albuquerque;9
2634;Dra. Ágatha Câmara;034.968.712-96;davi-luccapacheco@example.net;Sousa;37
2635;Lucas Albuquerque;719.042.385-05;agatha06@example.net;das Neves;54
2636;Thomas Marques;673.452.108-71;julia76@example.net;Peixoto dos Dourados;28
2637;Elisa Nunes;629.173.504-07;marianasa@example.org;Rocha;14
2638;Anna Liz Oliveira;056.329.847-29;mateus07@example.com;Cassiano;16
2639;Sofia Macedo;681.593.074-20;meloanthony-gabriel@example.org;Cirino de Goiás;38
2640;Isabella Macedo;437.190.582-04;matheus41@example.org;Rocha do Amparo;23
2641;Srta. Maya Souza;826.075.913-68;beniciomacedo@example.org;Martins da Prata;6
2642;Heloísa Siqueira;541.269.378-46;davi-lucasrezende@example.org;Moraes da Prata;45
2643;Sr. Nathan Guerra;370.845.269-00;camposana-cecilia@example.net;Melo do Galho;52
2644;Srta. Maria Luiza Freitas;608.527.493-92;alice62@example.net;Lopes;35
2645;Ravi Lucca Costela;460.893.157-10;da-luzmathias@example.net;Moreira;46
2646;Gabriel Machado;293.450.816-15;andrevasconcelos@example.net;da Mota;23
2647;Brenda Rezende;164.382.975-00;joananovais@example.org;da Conceição;28
2648;Sra. Caroline Sampaio;271.409.653-07;milena83@example.org;Borges;12
2649;Miguel Mendonça;160.598.274-11;aguerra@example.org;das Neves de Peixoto;37
2650;Ravy Castro;641.029.758-02;imendes@example.org;Moura;53
2651;Isabelly Macedo;935.741.028-79;manuelaramos@example.net;da Mota;16
2652;Marcela da Cruz;953.674.102-43;macedolucas-gabriel@example.net;Moraes das Pedras;12
2653;Bryan Fernandes;623.057.489-65;rochaalana@example.com;Andrade de Barros;7
2654;Breno Cassiano;804.239.176-50;scardoso@example.net;das Neves de Montenegro;13
2655;Dr. Francisco Cunha;786.503.194-75;bjesus@example.net;Teixeira do Oeste;17
2656;Luísa Porto;136.475.092-99;eda-rocha@example.net;Pastor da Prata;12
2657;Henry Leão;638.752.901-86;pedro-miguel57@example.com;Silva de Monteiro;21
2658;Maria Cecília Nunes;245.813.096-89;tda-rocha@example.net;Correia;51
2659;Maria Flor Andrade;429.860.135-89;mendespietra@example.org;Vieira Verde;16
2660;Ísis Barbosa;610.835.974-93;camaranicole@example.net;da Rosa;44
2661;Samuel da Cunha;126.470.398-87;albuquerquesabrina@example.com;Pimenta;53
2662;Nicole Abreu;783.410.569-84;cavalcantemaria-julia@example.com;Cirino da Praia;24
2663;Benício Guerra;579.263.841-19;kaiquenovais@example.org;Rodrigues;30
2664;Sabrina Rios;056.928.371-02;aragaojade@example.org;Souza;47
2665;Maria Helena Camargo;615.803.497-57;ana-beatrizda-rocha@example.net;Garcia dos Dourados;20
2666;Dra. Ayla Moraes;143.957.862-19;eloa46@example.org;Novais do Oeste;52
2667;Fernando Leão;053.148.627-35;zpastor@example.com;Nogueira;15
2668;Dra. Bruna Moraes;750.296.831-86;ana-lauramoura@example.com;Farias do Campo;19
2669;Mathias Campos;937.401.625-70;peixotoana@example.com;Azevedo;2
2670;Elisa Barros;345.298.071-50;carolineguerra@example.com;Cardoso de da Cruz;4
2671;Mateus Ramos;365.941.820-05;henrique04@example.org;Guerra;6
2672;Mirella Mendes;675.941.820-49;hadassa73@example.com;Pastor;54
2673;Olivia Dias;571.680.293-12;castrostephany@example.net;da Rosa do Oeste;6
2674;Vitória Carvalho;679.420.153-43;mmontenegro@example.net;Pereira do Sul;42
2675;Pietra Moreira;631.204.785-71;caue44@example.com;da Mota de Cirino;51
2676;Ana Júlia Machado;254.961.387-28;araujobruna@example.com;Rezende de Castro;10
2677;Olívia da Mota;075.941.682-67;da-costamanuela@example.net;Novais;16
2678;Ian Dias;681.504.237-53;amarques@example.net;Fogaça de Alves;29
2679;Gabriel Oliveira;932.785.461-64;fda-cruz@example.com;Azevedo de Moreira;7
2680;Emilly Jesus;679.031.425-34;sophiecampos@example.org;Costa;48
2681;Nicolas Cardoso;486.209.713-87;yuri97@example.com;Vasconcelos;47
2682;Sr. Matteo da Rosa;439.752.608-74;rezendemaria-flor@example.com;Aragão;35
2683;Ana Beatriz Barbosa;283.941.076-13;fogacathales@example.com;Alves da Mata;48
2684;Maria Guerra;869.405.723-92;marcos-viniciusborges@example.com;da Rosa;19
2685;João Gabriel Campos;579.482.136-19;pborges@example.org;Machado de Siqueira;51
2686;Fernanda da Costa;395.842.107-50;theo57@example.com;Barros das Pedras;25
2687;Dra. Emanuella Oliveira;506.289.143-42;portomariah@example.org;Porto;27
2688;Maria Eduarda Carvalho;346.257.810-35;davicamara@example.net;Sousa das Pedras;26
2689;Emanuella Lopes;490.785.126-01;otto53@example.com;Cirino Alegre;2
2690;Marina Cardoso;860.354.791-20;vvieira@example.org;Sousa;11
2691;Augusto Martins;415.029.873-41;teixeiracecilia@example.net;Vargas Paulista;51
2692;Marcela Barbosa;206.483.571-71;ocunha@example.com;Farias;13
2693;Alexandre da Conceição;154.329.870-23;salesaurora@example.com;Araújo;44
2694;Eloah Vasconcelos;315.094.762-61;marcos-vinicius90@example.org;Teixeira;53
2695;Gustavo Henrique Cirino;926.108.437-04;giovanna28@example.com;Freitas de Gomes;41
2696;Dr. Yago Sales;398.462.105-15;emanuel88@example.net;Teixeira dos Dourados;2
2697;Maysa Moura;280.549.376-10;mmoreira@example.org;Novais;50
2698;Marina Fonseca;984.350.612-05;qcastro@example.com;Porto dos Dourados;21
2699;Gustavo Henrique Castro;719.243.605-43;bernardomendonca@example.com;Aparecida;12
2700;Murilo Vieira;907.214.865-76;sophia47@example.com;Pimenta;3
2701;Asafe Cassiano;498.053.126-15;ibarros@example.net;Campos;32
2702;Fernando Araújo;367.140.928-22;luanabarros@example.net;Leão das Pedras;10
2703;Rodrigo Azevedo;073.218.654-44;benicionogueira@example.org;Rodrigues;15
2704;Anthony Rezende;016.954.872-49;liam90@example.org;da Rocha de Azevedo;37
2705;Sra. Maria Flor Silva;430.987.265-47;goncalvesmariane@example.org;Cardoso;36
2706;Mateus Sousa;497.063.518-84;pmarques@example.org;Marques de Moura;26
2707;Eloah Barbosa;418.063.725-17;maria-julia98@example.net;Silveira;45
2708;Calebe Marques;056.238.741-26;xsa@example.com;Câmara;50
2709;Srta. Maria Liz Pires;754.639.082-65;smoura@example.net;Dias da Serra;15
2710;Augusto Nascimento;045.617.293-99;yasmin20@example.com;Abreu;34
2711;Eduardo Gonçalves;758.236.149-00;felipe63@example.net;Fernandes;51
2712;Cauã Melo;230.194.678-96;hellenacamara@example.net;Alves;50
2713;Ana Júlia Viana;480.956.327-83;cavalcanteemilly@example.net;da Rosa;2
2714;Igor Araújo;657.310.498-66;sampaiojade@example.net;Abreu;23
2715;Vitória Brito;768.129.043-50;mmendes@example.net;Camargo de Barbosa;10
2716;Rael Teixeira;068.453.217-44;da-rochamaria-julia@example.org;Pereira da Mata;14
2717;Lívia Correia;742.916.358-00;felipe66@example.org;Silveira;18
2718;Josué Ribeiro;701.258.634-62;pvieira@example.org;Ramos do Campo;6
2719;Maria Helena Siqueira;329.058.716-95;larissa11@example.com;Rodrigues de Goiás;10
2720;Thiago Vasconcelos;416.859.073-93;duartejulia@example.com;Ribeiro;13
2721;Apollo Oliveira;805.974.136-57;nicolas63@example.com;Moura do Norte;52
2722;Dra. Sara Macedo;934.812.705-50;jgomes@example.org;Souza de da Rocha;50
2723;Antônio Pinto;647.218.503-44;ana-juliamoreira@example.com;Pereira;9
2724;Dra. Emanuella Pacheco;516.984.027-67;vinicius82@example.com;Macedo;8
2725;Gabrielly Câmara;125.409.368-06;vitorabreu@example.com;Pinto;2
2726;Isis da Luz;765.918.243-91;ian69@example.org;Mendes;41
2727;Sr. Ravi Caldeira;352.847.619-28;silvabeatriz@example.org;Fogaça;48
2728;Joana Rodrigues;580.369.241-70;ian38@example.net;Campos;54
2729;Rafael Lopes;073.124.589-04;theofonseca@example.org;Sá da Prata;11
2730;Bárbara Gomes;035.612.974-80;ana-livia61@example.com;Caldeira;32
2731;Bianca Andrade;147.698.023-31;ana-sophiamoreira@example.com;Novais do Sul;52
2732;Beatriz Carvalho;791.835.062-68;mathias90@example.net;Rodrigues;34
2733;Larissa da Mata;740.891.523-05;pereiraheloisa@example.com;Andrade Grande;1
2734;Dra. Isabelly Martins;645.132.708-53;renannovaes@example.com;Leão da Serra;26
2735;Ana Clara Albuquerque;805.469.723-65;sampaiothales@example.org;Farias;44
2736;Rafael Nascimento;286.743.190-50;samateus@example.org;Barbosa de Araújo;53
2737;Ana Luiza Teixeira;628.154.397-19;henry-gabrielfonseca@example.com;Ferreira;23
2738;Srta. Ana Liz Machado;027.514.683-90;juliacunha@example.com;das Neves;25
2739;Eloah Santos;637.592.410-34;pimentajoao-miguel@example.net;da Costa;39
2740;Dr. Vinicius Montenegro;572.491.860-94;lopesenrico@example.net;Ferreira;43
2741;Dr. Luiz Otávio Costela;026.984.751-02;limamaria-helena@example.net;Pires da Serra;14
2742;Ana Cecília Cirino;781.265.034-08;kpires@example.net;Fernandes do Galho;31
2743;Vitor Gabriel Sousa;748.069.135-10;vferreira@example.net;Monteiro;49
2744;Ester Almeida;089.237.461-69;otto57@example.com;Ribeiro;33
2745;Carolina Farias;596.407.218-67;caldeiracamila@example.net;Cardoso;1
2746;Mateus Cassiano;429.758.360-74;carvalhocatarina@example.org;Gonçalves;23
2747;Melissa Carvalho;496.082.351-89;alicianascimento@example.com;da Paz de Marques;8
2748;Isabelly Aragão;835.914.026-05;andradelara@example.org;Ramos dos Dourados;18
2749;Bruno Montenegro;042.951.867-67;maria-liz57@example.org;Vasconcelos;4
2750;Ester Montenegro;765.329.401-43;unovais@example.com;Alves das Pedras;42
2751;Juliana Montenegro;782.539.604-92;aragaocaue@example.org;Fogaça Paulista;4
2752;Julia Fernandes;394.875.201-04;alicia70@example.com;Sales;30
2753;Sra. Maria Fernanda Andrade;563.817.092-86;azevedorebeca@example.org;Ramos do Campo;45
2754;Vitor Ramos;758.246.109-67;thalesramos@example.org;Barbosa dos Dourados;15
2755;Aurora Barros;801.563.427-07;mathias60@example.com;Pastor;15
2756;Luísa Pereira;271.983.654-00;ana-lauravasconcelos@example.com;Sampaio do Galho;5
2757;Hadassa Silva;861.350.972-02;ana-vitoria80@example.net;Correia de Minas;54
2758;Maria Vitória Porto;521.934.086-70;mathias12@example.com;Freitas;48
2759;Dr. Kaique Araújo;284.976.315-28;gabriel26@example.net;da Conceição;16
2760;Thales Moreira;379.041.285-60;cavalcanteravy@example.net;Duarte Verde;7
2761;Srta. Gabriela Cavalcanti;580.912.463-15;caldeirahadassa@example.org;da Mata de Vargas;26
2762;Lucas Gabriel Caldeira;426.173.098-78;martinstheo@example.net;Cardoso;38
2763;Ana Vitória Aparecida;607.312.489-96;kamilly02@example.net;Costela de Goiás;53
2764;Sra. Maria Laura da Mota;162.483.059-51;gabrielfonseca@example.net;da Mata;38
2765;Heloísa Ferreira;172.593.806-59;stella52@example.com;Porto;1
2766;Joaquim Farias;472.180.536-53;calebteixeira@example.com;Camargo;26
2767;Antony Abreu;452.371.960-80;wandrade@example.com;Novais de Goiás;37
2768;Lucas Gabriel Fonseca;563.428.097-47;otto99@example.com;Moura das Flores;36
2769;Ana Cecília Aparecida;597.816.043-01;antonio44@example.com;Alves do Campo;15
2770;Luara Albuquerque;568.274.091-20;sophie69@example.com;Castro;50
2771;Enzo Gabriel da Rocha;204.185.379-41;andradeliz@example.net;Brito de Sousa;12
2772;Mateus Teixeira;351.680.294-42;cassianoagatha@example.com;Carvalho;2
2773;Henrique Castro;861.207.943-87;joao-vitorda-luz@example.net;Cavalcante;37
2774;Isaque Almeida;239.650.487-83;jose-pedromachado@example.net;Nogueira;10
2775;Elisa da Luz;350.849.726-74;raul29@example.com;Camargo do Amparo;10
2776;Ester Pastor;489.356.710-10;fernandaazevedo@example.com;Novaes;50
2777;Alexandre Ramos;708.315.692-12;lavinia72@example.com;Mendonça;32
2778;Srta. Mariane Cirino;924.875.361-28;icosta@example.net;Sales;16
2779;Gael Montenegro;214.387.509-60;sofiacamara@example.org;Costa;51
2780;Lunna Cavalcanti;235.408.167-71;bryan14@example.com;Cavalcante;36
2781;Lucca Castro;294.683.750-56;rafaelsampaio@example.net;Andrade Paulista;8
2782;Eduarda Sales;938.572.016-30;ravi-lucca38@example.com;Viana de Minas;9
2783;Dra. Alícia Fernandes;304.279.651-52;moraesleo@example.com;Cardoso de Câmara;39
2784;Gabriel Albuquerque;079.438.521-41;isabel74@example.com;Cavalcante do Campo;20
2785;Yan da Cruz;569.043.128-15;aribeiro@example.net;Farias;16
2786;Léo Porto;418.560.273-17;ana-juliabarbosa@example.org;Ribeiro das Pedras;16
2787;Mariah Ramos;804.952.317-97;da-cruzmurilo@example.com;Cavalcante da Mata;45
2788;Sr. Eduardo Alves;654.981.730-75;pedro-lucas40@example.net;Mendes;4
2789;Luiz Felipe Cassiano;431.096.287-40;bentopinto@example.net;da Costa de Minas;35
2790;Srta. Elisa Fonseca;264.739.581-00;lopesluna@example.net;da Rocha da Mata;19
2791;Thiago Jesus;307.568.924-65;siqueiradavi-miguel@example.net;Caldeira;6
2792;Juan da Rocha;805.342.197-05;tdas-neves@example.net;Alves;40
2793;José Miguel Pacheco;108.395.724-41;bentoda-paz@example.net;Almeida;18
2794;Sra. Lavínia Araújo;412.063.578-35;domalves@example.com;Viana do Sul;8
2795;Caio Fonseca;897.420.316-22;zmacedo@example.com;da Mata;49
2796;João Moreira;351.290.647-80;maria-ceciliamelo@example.org;Azevedo;50
2797;Sr. Vitor Hugo Gomes;195.067.348-01;da-cunhaoliver@example.com;da Luz;4
2798;Arthur Miguel Gonçalves;165.072.389-02;pedro10@example.com;Monteiro;36
2799;Francisco Casa Grande;072.859.614-85;asafe88@example.com;Sousa;14
2800;Mariane Rocha;925.617.308-59;pachecorenan@example.org;Vargas;23
2801;Sra. Ana Liz Alves;981.754.320-04;leomoreira@example.net;das Neves de Siqueira;10
2802;Lucas Gabriel Santos;942.675.138-64;cassianojade@example.com;Ramos da Serra;46
2803;Isabelly Nascimento;698.240.531-15;vargasluigi@example.net;Sampaio;54
2804;Clara da Mata;306.975.124-52;gmarques@example.org;Monteiro;40
2805;Thomas Sales;240.861.973-40;gaelfogaca@example.com;Araújo;34
2806;Emilly Rios;368.059.172-12;lcassiano@example.com;Rocha;23
2807;Mateus Ramos;609.438.751-10;rocharhavi@example.net;Souza;27
2808;Emilly Ribeiro;769.130.542-70;ceciliaaparecida@example.com;Sampaio das Flores;34
2809;Sabrina Lima;058.946.713-10;novaespedro-henrique@example.org;Pires da Serra;19
2810;Sr. Thiago Andrade;596.270.843-10;otavio61@example.com;Freitas;11
2811;Fernando Peixoto;907.384.526-29;stella36@example.com;Pimenta do Sul;46
2812;Davi Luiz Borges;794.850.612-85;xfarias@example.org;da Mota;18
2813;Thales Fernandes;315.692.807-03;silvastephany@example.org;Andrade do Oeste;35
2814;Ana Liz Cunha;674.835.219-37;nicolas51@example.com;da Luz;13
2815;Sabrina da Paz;327.046.159-34;teixeirabenjamim@example.org;Nogueira de Borges;24
2816;Danilo Abreu;320.415.876-44;peixotobenicio@example.net;Ferreira de Mendonça;49
2817;Dra. Yasmin Vieira;516.304.982-89;ana-livia49@example.org;Câmara Verde;13
2818;Murilo Silva;162.958.374-09;lorenacaldeira@example.org;da Mata do Norte;52
2819;Mateus Almeida;284.639.750-38;santossofia@example.net;Gomes da Prata;45
2820;Maria Liz da Cunha;938.547.210-05;nascimentobryan@example.org;Nogueira;4
2821;Pedro Lucas Jesus;148.295.307-23;pintodavi@example.net;Macedo Alegre;23
2822;Ravi Lucca Pereira;476.810.523-80;arthur-gabrielalbuquerque@example.org;Pastor da Serra;27
2823;Raquel Nascimento;523.870.649-92;saleticia@example.com;Sousa do Sul;5
2824;Maria Luísa Aparecida;106.324.758-62;jose-pedro56@example.com;Sá;4
2825;Helena Novais;540.962.831-42;salesravi-lucca@example.net;Correia do Galho;50
2826;José Garcia;601.294.385-70;pietrobarbosa@example.com;Almeida;8
2827;Allana Martins;910.624.358-42;barbosaelisa@example.org;da Costa;30
2828;Liam Barbosa;289.457.610-20;murilovasconcelos@example.com;da Rosa;7
2829;Rebeca Sá;425.038.196-05;costaeduarda@example.net;Rezende;14
2830;Srta. Melina Moraes;678.925.031-02;antonellamendes@example.net;Silva do Norte;23
2831;Hellena Gonçalves;738.902.164-04;enzo-gabriel51@example.com;Cassiano;23
2832;Luara Lopes;614.758.230-53;macedosarah@example.org;Rodrigues de Fonseca;15
2833;Sra. Olívia Costa;061.239.478-69;peixotogabriela@example.com;Silveira;30
2834;Bento Siqueira;925.374.186-46;ccardoso@example.net;Pires;25
2835;Olívia Mendes;765.201.438-71;da-pazcatarina@example.org;Machado;47
2836;André Vasconcelos;289.376.504-10;xmendes@example.com;Marques;48
2837;Dr. Luigi Rocha;403.629.157-25;elisa53@example.com;Pires da Serra;20
2838;Benicio Pacheco;470.265.319-99;antonioazevedo@example.net;Gomes de Vargas;15
2839;Dra. Eloah Machado;043.862.157-35;fogacarafaela@example.org;Rezende Paulista;34
2840;Apollo Cardoso;973.425.601-70;cassianovalentim@example.net;da Rosa;19
2841;Sra. Sophie Moura;680.453.971-01;mariahcavalcante@example.com;Martins de Caldeira;16
2842;Luiz Fernando Machado;873.940.215-05;ecastro@example.net;Cunha de Garcia;50
2843;Antonella da Costa;873.026.145-71;alima@example.net;Lima;32
2844;Leonardo Souza;689.371.025-95;ana-liviamartins@example.net;Cardoso;9
2845;Thales Guerra;867.053.912-86;portovitor-gabriel@example.net;Marques Grande;47
2846;Dr. Vitor Gabriel Freitas;235.147.089-32;davi-miguel37@example.org;Fernandes Paulista;10
2847;João Pedro Mendes;195.248.706-49;enzo-gabriel71@example.net;Machado;41
2848;Pedro Henrique Marques;763.801.542-80;ryan83@example.org;da Rocha da Serra;32
2849;Dr. Anthony Câmara;538.961.072-59;barbarada-rosa@example.net;Machado Alegre;19
2850;Ana Lívia da Rocha;957.301.824-14;fonsecaliz@example.net;Freitas;51
2851;Fernanda Cirino;014.682.753-80;isabelamelo@example.net;Lopes;6
2852;Marina da Costa;648.527.031-08;joaoviana@example.com;Teixeira de Correia;37
2853;Cecilia Porto;069.214.873-69;borgesluiz-fernando@example.com;da Luz de Cunha;3
2854;Manuela Aragão;672.045.183-90;isaacbrito@example.org;Cunha;52
2855;Clarice Silveira;983.460.517-00;cecilia47@example.com;Lopes;31
2856;Ana Liz Silveira;680.172.539-40;laura80@example.org;Campos;29
2857;Heitor da Costa;605.321.487-62;ferreiravitor@example.net;Pinto Grande;51
2858;Anna Liz Teixeira;716.940.538-57;davi-lucca76@example.com;Almeida;16
2859;Dr. Vitor Hugo Porto;360.475.928-56;saenzo@example.com;Sousa;21
2860;Allana Pinto;643.825.197-64;icostela@example.org;Pacheco;11
2861;Ana Beatriz Camargo;539.170.248-88;luana24@example.net;da Rosa;9
2862;Sabrina Aparecida;469.752.810-76;ununes@example.org;Silva;17
2863;Arthur Gabriel Farias;741.058.936-10;piresalexandre@example.org;Sales;1
2864;Maria Liz Monteiro;705.184.236-62;da-luzmarcos-vinicius@example.net;Casa Grande Verde;10
2865;Arthur Gabriel Vieira;892.746.350-10;correiamaria-liz@example.org;Machado;53
2866;Gabrielly Sá;120.845.369-60;noah07@example.com;Novaes de Barbosa;2
2867;José Miguel Almeida;951.206.843-51;da-cruzhelena@example.org;Andrade de Abreu;44
2868;João Guilherme Moraes;541.967.823-37;albuquerquealice@example.net;Cavalcante Alegre;19
2869;Sr. Matheus Casa Grande;596.028.731-59;azevedodanilo@example.net;Ribeiro;35
2870;Davi Farias;241.360.857-53;levida-cunha@example.net;Peixoto;16
2871;Manuela Sá;261.703.498-40;sampaiodante@example.org;Azevedo;30
2872;Gustavo Henrique Câmara;016.347.285-80;hellenamontenegro@example.com;da Rocha;42
2873;Leandro da Paz;628.940.315-05;murilo89@example.net;Fernandes;45
2874;Dra. Maria Eduarda Abreu;942.850.376-29;vcassiano@example.com;Cavalcanti de Barros;53
2875;Theodoro Mendonça;274.069.518-76;freitascamila@example.com;Novaes;49
2876;Luiz Henrique Silva;526.817.904-76;joao-miguel48@example.com;Nunes;51
2877;Ana Liz Ribeiro;209.483.167-13;rezenderyan@example.net;Casa Grande do Norte;18
2878;Lucas Gabriel Mendonça;813.025.769-68;davicunha@example.org;da Mota;11
2879;Henry Almeida;018.792.364-78;enzoda-paz@example.org;Ramos de Mendes;2
2880;Ana Freitas;528.360.194-33;maria-flor69@example.net;Pimenta de Pacheco;41
2881;Dra. Milena Sampaio;256.843.907-65;ceciliaalbuquerque@example.com;Viana da Mata;38
2882;Maria Helena Machado;276.184.390-87;macedohenry-gabriel@example.org;Monteiro Alegre;31
2883;Luiz Henrique Porto;290.761.354-52;jose-miguelsampaio@example.com;da Costa;13
2884;Cecilia Costela;814.960.375-10;rdas-neves@example.com;Pacheco do Amparo;24
2885;Ryan Camargo;185.067.293-86;rhavipacheco@example.org;Monteiro;31
2886;Lorenzo Ramos;586.013.274-35;ucavalcanti@example.com;Moraes da Prata;21
2887;Sra. Maria Flor Sousa;937.028.416-87;fogacamaria-clara@example.net;Azevedo;36
2888;Vitória da Luz;490.713.285-97;yuridas-neves@example.org;Pereira de Costela;4
2889;Maria Julia Lima;048.735.962-38;hazevedo@example.org;Silva de Macedo;39
2890;Hellena da Rocha;794.835.210-41;portopietra@example.net;Dias;6
2891;Sabrina Duarte;413.625.987-55;zporto@example.org;Peixoto de Viana;38
2892;Srta. Olívia Macedo;045.219.837-23;gustavo-henriquevasconcelos@example.com;Cassiano;42
2893;Emanuella Ferreira;921.574.863-64;valentimaragao@example.com;Fernandes da Serra;4
2894;Sr. Theo Melo;485.321.690-15;pedro74@example.org;Viana;13
2895;Apollo Cirino;204.863.971-22;marqueslorenzo@example.com;Castro do Norte;36
2896;Bianca Silveira;487.309.615-48;xcavalcante@example.org;Oliveira;45
2897;Enrico Campos;956.841.703-66;limacecilia@example.org;Nunes das Flores;20
2898;Bruna Rocha;584.296.103-24;vinicius11@example.net;Andrade;7
2899;Eloá Andrade;867.350.241-17;samuelcirino@example.org;Campos dos Dourados;31
2900;Sr. Marcos Vinicius Melo;926.084.317-04;da-mataotavio@example.com;Cavalcanti;17
2901;Thales Aparecida;431.650.879-20;joao-pedronovais@example.com;Pinto Alegre;46
2902;Evelyn Siqueira;674.183.059-66;psales@example.com;Cunha de Montenegro;21
2903;Ana Laura Campos;193.052.846-98;sofiacamara@example.com;Casa Grande;20
2904;Ravi Lucca Monteiro;504.278.369-56;viniciusda-mota@example.net;Novaes Paulista;31
2905;Ana Beatriz da Mota;126.038.459-42;maria-helenapacheco@example.org;Ribeiro;34
2906;Olivia Araújo;214.530.697-80;maria-julia61@example.org;Pimenta;38
2907;Maria Clara da Luz;410.628.397-22;kamillymarques@example.org;Albuquerque do Oeste;29
2908;Dr. Enzo Gabriel da Costa;724.358.910-32;stephany51@example.org;Guerra;25
2909;Dr. Isaac Cavalcanti;267.405.819-67;mariacavalcanti@example.net;Guerra;48
2910;Lavínia Carvalho;298.714.605-11;maria-liz61@example.com;Freitas do Amparo;24
2911;Emanuel Rios;453.760.829-38;alexiaaragao@example.net;Siqueira;25
2912;Ravy Moraes;361.254.798-46;pgarcia@example.net;Nogueira;16
2913;Rodrigo Pastor;569.107.432-61;afonseca@example.net;Sales;4
2914;Allana da Mota;702.481.635-07;joao-miguel13@example.com;Machado da Serra;4
2915;Heloísa Pacheco;296.574.831-82;levi76@example.net;Pimenta;26
2916;Josué Gonçalves;983.120.745-97;milena16@example.org;Pastor;13
2917;Ana Peixoto;890.274.153-23;lunacasa-grande@example.com;Farias Grande;40
2918;Rodrigo Fonseca;942.361.875-82;leocasa-grande@example.org;Ferreira de Goiás;21
2919;Liam Aragão;163.894.752-09;barrosisabela@example.com;Lima;34
2920;Yago Guerra;245.017.386-26;maria-fernanda52@example.net;Gonçalves da Mata;30
2921;Ana Luiza Rodrigues;189.760.342-87;pachecoerick@example.net;Guerra Alegre;26
2922;Sr. Noah Cunha;685.903.421-15;daniela99@example.net;Peixoto;45
2923;Maria Sophia Pacheco;760.518.432-80;cecilia14@example.org;Rios de Abreu;29
2924;Sra. Fernanda Rodrigues;429.703.165-52;monteiromaria-helena@example.com;Santos Paulista;33
2925;Fernando Casa Grande;124.950.378-79;da-conceicaotheo@example.com;Caldeira;41
2926;Lunna Brito;025.416.893-06;luccamelo@example.org;da Rosa;39
2927;Sr. Lorenzo Borges;356.812.709-12;pereiradavi-lucca@example.com;Costa;31
2928;Dr. Pietro Pires;154.698.732-00;mendoncajuliana@example.net;Sales;54
2929;Clara Andrade;682.459.710-49;oliviada-rosa@example.com;Campos de Rocha;45
2930;Maria Vitória Oliveira;189.357.240-41;da-rosaaurora@example.org;Fernandes do Campo;23
2931;Henrique Moreira;613.792.508-03;limaantonio@example.com;da Costa de Goiás;4
2932;Alícia Mendes;367.019.258-12;wpereira@example.com;Barbosa;45
2933;Cauê Marques;840.563.971-39;dcasa-grande@example.com;Novaes;5
2934;Eloá Pimenta;318.596.472-19;mariane40@example.org;Porto;44
2935;Dr. Josué Campos;758.602.391-30;da-rocharavi-lucca@example.net;Aragão de Goiás;47
2936;Nina Cardoso;675.293.480-00;felipe42@example.com;Pimenta;5
2937;Dr. Gael Henrique Jesus;035.721.496-06;kaiquepinto@example.net;Mendonça do Galho;41
2938;Leonardo Costa;589.460.312-98;zsantos@example.net;Casa Grande;22
2939;Dr. Ian Mendonça;639.814.702-22;zcamargo@example.com;Cunha Alegre;7
2940;Lívia Ferreira;345.609.287-38;stephany63@example.org;Santos de Cassiano;17
2941;Lívia Duarte;417.986.203-40;isaac42@example.org;da Cunha da Mata;5
2942;Srta. Maria Liz Martins;624.178.390-40;augusto52@example.net;Porto de Sales;26
2943;Alícia Costa;547.361.082-07;eduarte@example.net;Pacheco;9
2944;Miguel Santos;514.038.792-14;fonsecabryan@example.com;Silva;4
2945;Srta. Sara Aragão;829.104.635-24;benjaminabreu@example.org;Aparecida de Minas;8
2946;Srta. Liz Macedo;472.960.813-50;rodrigomendes@example.net;Sales;19
2947;Ana da Cunha;975.382.416-55;joao-gabriel63@example.org;da Cruz;49
2948;Ísis das Neves;651.407.238-08;novaisjoao-guilherme@example.com;Costela;54
2949;Dante Lima;064.582.931-51;amandacampos@example.com;Sousa de Pires;19
2950;Gustavo da Paz;307.841.629-13;gomesarthur-gabriel@example.com;Nunes;6
2951;Henry Azevedo;867.594.023-83;nogueiradavi@example.org;Nogueira;14
2952;Isabella Guerra;970.651.243-80;elisalima@example.com;Ribeiro de Minas;16
2953;Gabriel Ferreira;472.931.506-52;ribeirolevi@example.org;Pinto Grande;51
2954;Henry Gabriel Barbosa;751.260.483-17;emanuellavargas@example.com;Moreira;19
2955;Isabella Pimenta;531.089.762-30;liviagomes@example.com;Teixeira;33
2956;Vitor Hugo Rios;024.735.196-25;bianca20@example.org;Rodrigues;28
2957;Luiz Otávio Rocha;498.723.106-96;danilo51@example.net;Albuquerque de Correia;26
2958;Catarina Cavalcante;178.245.039-41;sofia39@example.org;Costela;19
2959;André Sales;410.853.627-44;cassianomaria@example.org;Machado Alegre;52
2960;Sr. Eduardo Lopes;370.589.426-92;augustovieira@example.org;Ferreira;26
2961;Ravi Lucca Gomes;692.013.758-59;costelapaulo@example.com;Oliveira da Praia;14
2962;Emanuelly Porto;956.231.078-77;benicio99@example.com;Barbosa da Mata;7
2963;Maria Clara Costela;763.894.152-73;nicole58@example.com;Monteiro das Pedras;17
2964;Maria Alice Ribeiro;578.902.641-94;caua67@example.net;da Mota Alegre;52
2965;Carlos Eduardo Freitas;905.412.367-25;das-neveslucas@example.com;Garcia do Amparo;12
2966;Maria Alice Aparecida;804.536.921-33;nataliasantos@example.org;Andrade da Mata;31
2967;Oliver Casa Grande;750.681.923-68;brunacavalcanti@example.org;Vargas;13
2968;Anthony Gabriel Cavalcanti;948.531.670-48;gael48@example.com;Pastor do Amparo;32
2969;Ayla Dias;125.864.973-09;rafaelfarias@example.net;Oliveira de Minas;13
2970;Manuella Câmara;592.143.708-50;oliveiracaio@example.org;Monteiro;37
2971;Liz Sá;973.605.412-80;ottolima@example.org;Aragão;12
2972;Sr. João Miguel Rocha;561.493.208-98;mariane58@example.org;Rocha da Mata;49
2973;Dr. Enzo Gabriel Borges;042.958.763-56;rduarte@example.net;Martins;2
2974;Melina Cavalcanti;590.826.713-95;oliveiranicolas@example.com;Machado dos Dourados;50
2975;Pedro Miguel Viana;960.853.721-59;henry-gabriel35@example.org;Nogueira;27
2976;Gustavo Garcia;958.426.137-19;salesjulia@example.net;Carvalho;50
2977;Brenda Freitas;640.378.192-87;almeidaantonio@example.org;Fogaça;46
2978;Davi Miguel Alves;945.873.012-05;vicentepeixoto@example.com;Novais;49
2979;Dr. Guilherme Costela;754.980.123-14;habreu@example.net;Pires;10
2980;Aurora Campos;397.421.605-70;ravy24@example.org;Albuquerque de Rios;44
2981;Beatriz Casa Grande;789.643.105-00;moraesdavi-miguel@example.org;Cavalcanti;35
2982;Srta. Sofia Casa Grande;204.976.138-40;xmoraes@example.net;Leão;4
2983;Luiz Gustavo Melo;104.952.837-97;lucas24@example.org;Aparecida de Santos;52
2984;Vitor Hugo Vasconcelos;319.762.850-03;dantefernandes@example.net;Oliveira de Cavalcante;51
2985;Sr. Theo Câmara;395.401.827-60;calebebarros@example.net;Cassiano do Amparo;8
2986;Mariah Novaes;546.109.378-75;leaolucas@example.org;Caldeira;12
2987;João Felipe Albuquerque;768.259.130-77;igorsa@example.net;Silveira;6
2988;Sr. Carlos Eduardo Caldeira;348.796.205-56;mouraallana@example.net;Fogaça Paulista;12
2989;Lara Sousa;972.863.150-21;mariana44@example.org;Machado;9
2990;Dr. Igor Nunes;409.632.817-04;ana-laura65@example.com;Moreira de Minas;33
2991;Liam Castro;526.837.049-92;da-cunharenan@example.org;Novais de da Rocha;44
2992;Breno da Costa;913.674.582-00;paulomendonca@example.com;Cardoso de Souza;30
2993;Camila Fonseca;428.701.653-07;yansa@example.org;da Paz;50
2994;Cecilia Cirino;372.098.641-13;pedro70@example.net;Lima;43
2995;Enrico da Costa;987.315.206-77;mouracarolina@example.net;Porto;13
2996;Maria Clara Fogaça;826.170.954-01;novaisrebeca@example.com;Moura;13
2997;Carlos Eduardo Pereira;942.803.165-89;jesusthomas@example.org;Ribeiro;45
2998;Luiza Fernandes;349.128.750-23;ocardoso@example.org;Aragão Verde;2
2999;Helena Cirino;429.610.783-69;hcamara@example.com;Câmara;51
3000;Juan Ramos;307.612.458-71;mendoncaisaac@example.org;Cavalcante;9
3001;Dr. Vitor Hugo Pastor;610.827.934-69;amanda95@example.org;Macedo;2
3002;Ana Vitória Fogaça;283.064.719-03;limajade@example.com;Caldeira;15
3003;Ana Julia Aragão;548.013.796-48;riosjose@example.org;Gomes;35
3004;Lucca Melo;510.768.342-80;pdas-neves@example.net;Ramos de da Costa;3
3005;Júlia Machado;184.627.093-69;cavalcantiheitor@example.org;Nascimento;11
3006;Gael Jesus;372.805.164-08;erickaragao@example.org;Cassiano de Goiás;43
3007;Amanda Fonseca;067.524.183-90;leandrooliveira@example.org;da Paz das Flores;23
3008;Dr. Thales Garcia;316.402.785-08;helenafernandes@example.org;Souza da Mata;31
3009;Gustavo Macedo;246.375.108-80;egomes@example.com;Ramos dos Dourados;12
3010;Alice da Mota;592.617.840-11;leticia42@example.com;Pereira dos Dourados;30
3011;Ana Júlia Garcia;437.098.625-74;nina97@example.org;Caldeira;31
3012;Ana Clara Campos;569.147.203-80;vargasanna-liz@example.com;da Cunha;43
3013;Caleb Ferreira;043.657.921-99;mouraolivia@example.org;Moura da Praia;37
3014;Sr. Paulo da Luz;547.283.910-60;siqueiraana-julia@example.org;Moura da Serra;1
3015;Lunna Guerra;847.592.061-67;lmendes@example.com;Araújo;30
3016;Bianca Farias;806.345.219-42;pereirapedro-miguel@example.net;da Paz;32
3017;Rafaela Barbosa;927.815.306-03;silveirajuan@example.net;Pimenta das Flores;47
3018;Liam Barbosa;875.302.194-05;fernandabarbosa@example.org;Azevedo;29
3019;Leonardo Jesus;417.859.203-32;leticiamonteiro@example.com;Gomes;14
3020;Hellena Cassiano;840.763.592-83;maria-vitoriaalves@example.net;Brito de Moura;8
3021;Noah Marques;907.351.682-02;nferreira@example.org;das Neves de Jesus;15
3022;Bryan Aparecida;067.329.451-06;azevedoolivia@example.org;Freitas;29
3023;Maria Laura Garcia;180.375.249-14;abreumelina@example.org;Brito;15
3024;Dom Sá;291.753.680-21;gael01@example.org;Siqueira;32
3025;Fernanda Vieira;410.635.928-60;aparecidahenry@example.com;Barros de Minas;34
3026;Heloísa Cavalcanti;829.704.315-05;natalia61@example.com;Casa Grande de Caldeira;3
3027;Ryan Almeida;254.697.318-55;castroyuri@example.net;Silva;37
3028;Valentim Ribeiro;254.870.931-05;bella02@example.com;da Cunha;36
3029;Cecilia Leão;395.160.827-77;milena77@example.org;Cassiano;22
3030;Eduardo Almeida;613.458.072-44;bmachado@example.net;da Mota de das Neves;53
3031;Eloah Cavalcanti;870.314.965-00;cda-conceicao@example.net;Leão das Flores;16
3032;Maya Cavalcanti;960.514.328-33;portobryan@example.com;Campos de Leão;54
3033;Luan da Cunha;584.923.617-19;da-cruzmanuella@example.org;Costa Paulista;51
3034;Ravi Lucca Montenegro;932.481.605-51;ulima@example.com;Cardoso do Amparo;27
3035;João Vitor Lima;459.801.623-05;guilhermeda-rosa@example.org;Leão Alegre;13
3036;Laís Fogaça;382.165.740-53;ceciliagomes@example.com;Cardoso;54
3037;Maria Vitória Fonseca;754.981.032-04;costaravi-lucca@example.net;Porto de Gonçalves;41
3038;Breno Fonseca;790.826.431-03;portogabrielly@example.org;Azevedo;27
3039;Sr. João Gabriel Castro;819.243.570-97;garcianathan@example.net;Porto de Fonseca;42
3040;Léo Macedo;921.680.453-05;alvesvinicius@example.com;Albuquerque;53
3041;Davi Miguel Marques;732.608.914-04;maiteramos@example.com;Novaes;32
3042;Vinicius Cavalcanti;632.985.470-00;borgesana-luiza@example.org;Souza;13
3043;Raul Fernandes;387.026.541-80;joao-felipe93@example.org;Rios Paulista;14
3044;Sra. Brenda da Paz;389.654.012-24;joao-felipe89@example.com;Aragão da Praia;54
3045;Larissa Ribeiro;743.862.910-40;pcastro@example.com;Pereira dos Dourados;26
3046;Ísis Cavalcanti;245.976.081-76;joaquimalmeida@example.org;da Rosa;42
3047;Maria Liz Campos;178.425.603-07;lunna98@example.com;Cardoso das Pedras;51
3048;Emanuelly Viana;395.610.428-51;clara39@example.com;Porto;11
3049;Dr. Gustavo Marques;731.926.548-64;campospedro-miguel@example.org;Azevedo;13
3050;Marcela Campos;738.241.905-32;josuefernandes@example.org;Lima Verde;12
3051;Leonardo Câmara;879.036.154-75;olivia91@example.org;Viana Paulista;1
3052;Emanuella Farias;627.143.805-90;lopesenzo@example.org;Ramos;11
3053;Cecília Novaes;687.421.395-46;diaspedro-miguel@example.com;Vieira de Carvalho;12
3054;Pedro Lucas Souza;506.349.827-29;isabela85@example.net;da Rocha de Minas;1
3055;Laura Oliveira;391.605.278-03;benjamin26@example.net;Brito;51
3056;Ana Cecília Gonçalves;036.175.289-02;luigi29@example.net;Lima;23
3057;Dr. Caleb Costa;073.645.891-39;aurora44@example.org;Abreu;40
3058;Lavínia Viana;578.320.916-30;montenegrootto@example.org;da Cruz do Oeste;41
3059;Luiz Otávio Câmara;369.027.514-80;daraujo@example.org;Fernandes;23
3060;Rafael Silveira;698.034.271-13;leticiabarros@example.org;Moraes das Pedras;45
3061;Dr. Gustavo Henrique Carvalho;647.209.531-07;rochavicente@example.org;Moreira da Mata;42
3062;Giovanna Dias;960.785.143-93;gomespedro@example.net;Pastor;8
3063;Diogo Mendes;193.406.725-34;jesusbrenda@example.org;Moura;13
3064;Ravi Lucca Sousa;576.908.421-94;urodrigues@example.net;Cardoso;10
3065;Caroline das Neves;915.874.602-11;vlopes@example.net;Mendonça;34
3066;Gabriela Barbosa;317.248.095-04;marianarocha@example.com;Viana;38
3067;Dr. Josué Mendonça;651.047.283-07;henry63@example.net;Marques;34
3068;Ravy Brito;543.718.026-80;joaquim35@example.org;Costa;15
3069;Murilo Albuquerque;746.958.312-28;ana-carolina65@example.com;Nascimento Grande;27
3070;Théo Mendonça;382.017.495-88;cda-mota@example.com;Cunha;26
3071;Luigi Azevedo;346.208.917-03;vsales@example.org;Vieira de da Mata;18
3072;Rhavi Mendonça;134.092.576-16;erick06@example.com;Carvalho de Pimenta;35
3073;Dra. Melissa Leão;659.710.384-00;ravi-luccacunha@example.com;Rodrigues de Mendonça;51
3074;Jade das Neves;104.973.825-04;danielalbuquerque@example.org;Andrade de Goiás;4
3075;Sr. Rhavi Sousa;173.569.082-12;lopesisabella@example.com;Lopes da Praia;36
3076;Theodoro da Mata;789.564.321-55;melissa79@example.net;Martins Verde;42
3077;Antonella Brito;417.923.056-99;danielabrito@example.org;Carvalho;16
3078;Stella Gonçalves;689.457.203-83;da-conceicaomarcelo@example.com;Araújo de Goiás;44
3079;Liam Carvalho;418.270.356-17;camarapedro@example.com;Nunes;34
3080;Marcelo Melo;603.594.728-00;nogueiravitor-hugo@example.net;Sá;32
3081;Dra. Pietra Aragão;453.976.810-75;manuelajesus@example.com;Cassiano do Campo;6
3082;Fernanda Farias;456.702.183-53;oliviapires@example.org;Novais Verde;10
3083;Maria Cecília da Cruz;120.748.693-04;cavalcantialana@example.org;Andrade de Cunha;5
3084;Isis Cirino;379.106.285-95;davi-lucas47@example.org;Gonçalves de Castro;31
3085;Rhavi Viana;742.581.039-50;fcarvalho@example.com;Barros;8
3086;Sra. Aurora Mendes;507.943.182-23;yanrodrigues@example.org;Pastor das Flores;20
3087;Otto Sampaio;516.387.092-03;baragao@example.com;Vasconcelos do Galho;23
3088;Elisa Vargas;375.896.021-59;cavalcantidavi-lucca@example.net;Sales;5
3089;Aurora Monteiro;670.538.492-10;boliveira@example.org;das Neves Alegre;17
3090;Pedro Miguel Montenegro;430.571.826-07;sviana@example.com;Nunes da Mata;26
3091;Dra. Aurora Ribeiro;864.759.321-91;luiz-henriqueabreu@example.org;Cavalcante;51
3092;Maria Luiza Montenegro;703.925.641-06;beatriz76@example.com;Abreu;32
3093;Cecília da Luz;643.089.152-60;ceciliamarques@example.com;da Luz;48
3094;Davi Miguel Castro;694.812.075-01;ester73@example.org;Vargas Verde;8
3095;Otávio Lima;294.365.078-10;mendesdavi-miguel@example.org;Casa Grande;11
3096;Levi Moura;864.053.127-71;ppereira@example.net;Sá;24
3097;Gabriela da Cruz;839.475.126-19;catarinamoraes@example.org;Costela de Novais;35
3098;Sra. Zoe Caldeira;652.819.704-02;maria-luizanogueira@example.com;Siqueira;1
3099;Maria Cecília Carvalho;180.342.675-62;amandacavalcanti@example.net;Araújo da Prata;6
3100;Nicole Cassiano;268.140.579-30;vmarques@example.com;Macedo de Goiás;45
3101;Dra. Rafaela Barbosa;810.254.396-51;pedro-henriqueandrade@example.com;Sales;24
3102;Lara Aparecida;624.130.785-17;kevinda-mota@example.net;Monteiro de Correia;26
3103;Marcela Caldeira;894.670.315-66;joao-miguelpacheco@example.com;Guerra;53
3104;Luiz Otávio Melo;247.318.950-14;sribeiro@example.net;Andrade do Sul;15
3105;Cecilia Novaes;435.907.816-10;ana-sophia05@example.org;Pimenta do Sul;6
3106;Theodoro Sá;735.948.210-05;aurora36@example.com;Brito do Norte;44
3107;Sara Silveira;978.165.423-64;gabriela15@example.org;Andrade;51
3108;Diogo Monteiro;027.689.315-86;ksales@example.org;Dias;1
3109;José Fogaça;386.540.719-66;brenomonteiro@example.com;Aragão;21
3110;Nathan Pimenta;915.246.870-49;valentimda-cunha@example.com;Lopes Alegre;37
3111;Heitor Cirino;214.576.980-30;evelynrezende@example.org;Guerra de Nunes;27
3112;Fernanda Costela;031.284.659-24;walbuquerque@example.net;Peixoto da Praia;5
3113;Srta. Alice Lopes;361.507.948-57;azevedomaria@example.org;Rodrigues;49
3114;Heloísa Moura;214.987.365-64;mirellaoliveira@example.org;Vasconcelos;22
3115;Ester Novaes;405.189.276-01;oliveiragael@example.org;Aragão Paulista;22
3116;Dra. Ísis Fogaça;865.247.091-01;arthur93@example.net;Fogaça da Mata;54
3117;Ana Lívia Pinto;270.596.314-61;fernandesisabelly@example.com;Câmara;37
3118;Benicio Freitas;604.253.817-90;carvalhopedro-miguel@example.com;Leão;43
3119;Maria Fernanda Garcia;605.824.971-67;maria-cecilia65@example.com;Melo;16
3120;Isadora Pacheco;147.293.560-80;ayllacassiano@example.org;Almeida Verde;23
3121;Apollo Carvalho;764.302.185-62;enricobrito@example.org;Cardoso;30
3122;Maria Vitória Teixeira;237.814.069-03;pimentastephany@example.org;da Luz;31
3123;Sr. Josué Mendonça;803.271.469-31;oda-luz@example.org;Leão Alegre;36
3124;Maria Júlia Jesus;805.497.621-67;pedro81@example.com;Freitas de Aragão;14
3125;Levi da Mata;385.940.712-05;heitor48@example.net;Ferreira;10
3126;Bruna da Rocha;468.095.217-20;cborges@example.org;Fonseca das Pedras;53
3127;Miguel Gonçalves;685.297.143-00;maysamonteiro@example.com;Fonseca da Praia;12
3128;Ana Clara Cavalcante;348.615.079-01;giovannalima@example.com;Pimenta do Campo;15
3129;Maria Júlia Brito;462.981.305-51;ribeiroevelyn@example.org;Borges;27
3130;Maria Cecília Barros;319.270.485-32;tcorreia@example.com;Oliveira de Viana;7
3131;Pietro Cavalcante;231.860.594-70;ceciliamoreira@example.net;Rios do Galho;37
3132;Gael Henrique Campos;357.204.916-43;benjamin73@example.net;Cassiano de Oliveira;54
3133;Mariah Caldeira;756.238.014-71;amandada-luz@example.org;Campos de Minas;26
3134;Ana Carolina Peixoto;549.208.137-32;jose-pedro86@example.org;Novaes Paulista;16
3135;Bernardo Lima;170.653.248-26;ana-laura53@example.org;Sales de Ferreira;51
3136;Antônio Brito;561.230.987-21;ferreiramaria-julia@example.org;Melo;50
3137;Stella da Mata;013.297.546-70;kcamargo@example.com;Ramos de Caldeira;49
3138;Letícia Ferreira;145.028.796-49;ycunha@example.net;Martins;34
3139;Matteo Lima;180.429.765-85;maria-helenasilva@example.org;Rezende;51
3140;Arthur Gabriel Marques;046.275.938-56;garciaandre@example.com;Silva do Campo;45
3141;Ana Julia Moraes;187.960.435-39;tda-costa@example.org;Cirino de Cavalcante;14
3142;Theo Câmara;650.218.374-35;da-luzmaria-fernanda@example.org;Costela Alegre;4
3143;Enzo Leão;543.021.768-90;gael35@example.net;da Rocha Grande;4
3144;Ana Liz Porto;608.495.371-93;antonio51@example.com;Camargo;53
3145;Lavínia Borges;193.726.540-43;eloahda-paz@example.org;Aparecida do Norte;44
3146;Carolina Nogueira;928.147.635-55;stephanyramos@example.net;Oliveira da Mata;32
3147;Sr. Eduardo Duarte;174.632.985-82;wmarques@example.com;Dias do Campo;4
3148;Théo Vasconcelos;856.147.392-46;xferreira@example.com;Costela;12
3149;Alexandre Barros;291.764.350-16;luiz-henrique14@example.com;Vieira;6
3150;Dr. Lucas Sá;743.896.120-69;kevin54@example.org;Pinto;41
3151;Luigi Sales;352.076.941-70;bleao@example.com;Souza;1
3152;Ravy Caldeira;579.308.426-65;cunhaasafe@example.org;Caldeira;41
3153;Srta. Giovanna Pacheco;591.703.682-95;danielada-luz@example.org;Cardoso da Serra;1
3154;Isabel Pires;269.075.481-94;fernandesbrayan@example.com;Campos das Flores;27
3155;Ísis Macedo;780.695.234-92;luiz-henriquelima@example.net;Cirino do Oeste;43
3156;Matteo Correia;594.370.186-93;erickandrade@example.com;Barros de Nunes;13
3157;Isadora Cavalcanti;381.265.407-53;olopes@example.org;Abreu da Serra;7
3158;Lucas Lima;403.895.726-83;apollo78@example.com;Nunes de Gonçalves;9
3159;Helena Rios;819.542.376-00;cavalcantiravy@example.net;Peixoto;2
3160;Dra. Alexia Andrade;241.960.375-34;marcelacostela@example.com;Costa;30
3161;Renan Andrade;286.374.591-37;otavio11@example.com;Azevedo;36
3162;Nathan Fogaça;148.639.527-91;murilo10@example.com;Macedo do Amparo;35
3163;Augusto Costela;027.843.961-69;cpimenta@example.net;Farias;12
3164;Letícia Costela;423.089.516-05;cavalcantecatarina@example.net;Aparecida das Pedras;31
3165;André Sá;981.402.563-15;josue41@example.com;Fogaça;39
3166;Luiz Fernando Albuquerque;134.852.976-82;kamillyda-cunha@example.org;Cavalcante;15
3167;Liz Machado;254.817.639-82;isabellaalbuquerque@example.com;da Cunha;20
3168;Vitor Gabriel Barros;748.126.359-00;marcelavieira@example.com;Almeida;27
3169;Beatriz Novaes;812.973.406-04;stellaaparecida@example.net;Abreu de Castro;1
3170;Ravi Lucca Pastor;063.298.571-21;paulo31@example.com;Carvalho;48
3171;Marcela Costela;378.049.615-10;eteixeira@example.com;Cirino de Vargas;43
3172;Sr. Ravi Lucca Borges;720.598.164-67;abreumurilo@example.org;Garcia Verde;6
3173;Júlia Macedo;413.805.296-89;amandanogueira@example.net;Castro Grande;20
3174;Marina Costa;154.907.836-48;da-cruzdom@example.com;Porto Alegre;33
3175;Mateus Lopes;713.926.840-13;aylla22@example.net;Cunha;6
3176;Luan Rodrigues;345.718.920-04;joana57@example.com;Novaes de Goiás;16
3177;Hellena Ferreira;217.053.968-95;felipe23@example.net;Duarte;42
3178;Asafe Cassiano;497.810.356-84;guerramatteo@example.org;Porto de Almeida;9
3179;João Felipe Oliveira;149.602.738-87;juliada-rosa@example.org;Cassiano de Siqueira;19
3180;Francisco Guerra;459.138.726-73;qmendes@example.com;Mendes da Serra;27
3181;Sophie Jesus;301.576.489-66;gabrielmachado@example.org;Ramos;1
3182;Rafaela Campos;961.248.057-58;das-nevesmaria-clara@example.com;Campos das Pedras;52
3183;Srta. Giovanna Nogueira;452.306.189-06;isis14@example.org;Nunes;36
3184;Maria Helena Azevedo;523.198.740-97;caio69@example.org;Araújo;8
3185;Srta. Laura Sousa;718.906.352-86;ravi-luccamoura@example.net;Porto Verde;30
3186;Sr. Davi Miguel Pastor;207.165.839-68;kaique33@example.net;Azevedo do Campo;3
3187;Srta. Isabella Pires;978.614.320-50;knascimento@example.org;Abreu da Prata;16
3188;Sra. Emilly Cardoso;968.207.431-22;benicioguerra@example.org;Garcia;49
3189;Ana Luiza das Neves;841.963.702-50;azevedooliver@example.org;Moreira;54
3190;Isaac Ramos;314.075.698-48;mda-cruz@example.org;Abreu dos Dourados;25
3191;Lucca Aragão;493.617.028-31;casa-granderaquel@example.com;Teixeira do Campo;35
3192;Aurora Rocha;639.712.045-70;rezendeliz@example.org;da Costa;44
3193;Bella Costa;705.392.864-00;kjesus@example.org;Siqueira Alegre;8
3194;Juliana Campos;529.641.807-76;ana-vitoriamonteiro@example.net;Campos;15
3195;Larissa Viana;468.792.305-47;dantevieira@example.org;Cavalcanti;9
3196;Beatriz Fernandes;851.604.239-15;aragaogabriel@example.com;Aparecida Grande;4
3197;Léo da Cruz;562.480.913-15;carvalhoryan@example.com;da Conceição de Minas;15
3198;Sabrina Garcia;602.389.147-04;iborges@example.org;Nascimento;38
3199;Leandro Monteiro;705.862.394-56;cirinopietra@example.org;Cunha;8
3200;Bruno Sampaio;482.750.639-65;da-motaana-carolina@example.com;Nunes dos Dourados;5
3201;Laís Casa Grande;563.240.971-61;umoura@example.net;da Cruz;35
3202;Luiz Miguel Abreu;041.829.635-98;benjamimmacedo@example.com;Barbosa do Amparo;28
3203;Mathias Sampaio;168.452.390-70;peixotorebeca@example.com;Moura;6
3204;Vicente Barbosa;816.437.905-01;theo05@example.com;Casa Grande de das Neves;1
3205;Nicole Cavalcante;136.798.502-12;qabreu@example.com;Camargo do Amparo;1
3206;Dra. Eduarda Correia;109.386.427-31;lunacarvalho@example.org;Viana da Prata;20
3207;Helena Ferreira;840.623.715-53;castrolara@example.com;Ferreira das Flores;28
3208;Sra. Beatriz Rodrigues;659.378.012-02;barrosisaac@example.org;Monteiro;41
3209;Cauã Moreira;053.624.719-61;xcirino@example.net;Carvalho da Praia;5
3210;Mariah Barros;503.124.978-14;gazevedo@example.com;Sá;5
3211;José Costela;428.963.705-10;salesandre@example.org;Câmara;47
3212;Ísis Nunes;308.275.196-21;ana-luiza90@example.org;Aparecida Alegre;18
3213;Lívia Sousa;025.346.987-29;daniel27@example.net;da Mata;41
3214;Evelyn Gonçalves;918.476.350-75;acarvalho@example.net;Barros das Pedras;40
3215;Srta. Maria Julia Macedo;719.532.846-55;luiz-miguel69@example.org;da Mata da Prata;54
3216;Nicole Nogueira;814.059.276-58;esa@example.org;Andrade da Prata;52
3217;Maitê Fernandes;056.128.947-67;lmoreira@example.net;Alves do Campo;36
3218;Daniel Oliveira;387.092.615-59;britorodrigo@example.com;Cunha da Prata;31
3219;Srta. Ísis Ribeiro;140.239.685-60;elisamacedo@example.org;Jesus;49
3220;Elisa Mendes;390.456.781-01;ana-carolina46@example.net;da Cruz da Serra;53
3221;Asafe Peixoto;546.830.917-39;vianamaria-julia@example.net;Oliveira;45
3222;Ana Vitória Sales;984.365.017-48;isaac10@example.org;Guerra da Serra;40
3223;Dr. Miguel Carvalho;108.947.263-31;augusto00@example.com;da Mota de Minas;11
3224;Dr. Mateus Rodrigues;305.791.642-25;marceloalmeida@example.org;Machado;46
3225;Sr. Heitor Nunes;053.798.126-86;vsampaio@example.org;Cirino de Abreu;5
3226;Helena Cassiano;483.615.792-73;emendonca@example.net;Garcia das Flores;25
3227;Lunna Costela;241.698.507-85;mendoncalunna@example.com;Porto de da Paz;38
3228;Manuella Moura;579.328.046-47;joao-guilherme79@example.org;Gomes da Prata;47
3229;Carolina Rezende;985.032.167-95;beatrizcaldeira@example.org;Mendes de Moura;21
3230;Isabella da Luz;148.735.692-73;mvasconcelos@example.net;Ribeiro de Silveira;16
3231;Antony Correia;187.693.425-55;jesusvalentina@example.net;Macedo da Mata;29
3232;Srta. Alexia Farias;057.423.198-60;qcostela@example.com;Borges da Prata;35
3233;Sra. Luiza Vargas;153.096.247-16;melissaramos@example.com;Nascimento;11
3234;Dra. Marina Ribeiro;865.902.317-02;monteiroarthur@example.net;Nunes de Goiás;45
3235;Maria Vitória Martins;015.278.436-53;sousajoao-felipe@example.com;Freitas Alegre;26
3236;Luiz Miguel Silva;789.612.053-40;anthonycirino@example.org;Silva de Campos;54
3237;Heitor Rezende;180.796.234-22;silveirasophie@example.com;Rodrigues de Dias;29
3238;Dr. Pietro Rodrigues;734.561.920-61;davi-luizcorreia@example.org;Novaes;54
3239;Isabella Leão;643.285.091-60;hpeixoto@example.com;Carvalho;51
3240;Mirella Dias;845.316.029-51;oaragao@example.org;da Rosa das Flores;47
3241;Valentina da Mota;580.473.691-48;mmoura@example.org;Casa Grande das Pedras;40
3242;Nathan Silveira;587.129.460-01;casa-grandesofia@example.net;Vieira Grande;6
3243;Ana Cecília Pacheco;274.816.093-22;casa-grandejoao-guilherme@example.org;Sá;51
3244;Luigi Rezende;125.093.867-86;henrique65@example.org;Mendonça;32
3245;Alexandre Vargas;879.320.465-56;liamsilveira@example.com;Melo;20
3246;João Pedro Teixeira;784.163.952-09;vasconcelosdavi@example.org;Cunha;50
3247;Yago Ribeiro;543.796.802-74;agatha58@example.org;Pinto;33
3248;Lara Teixeira;562.178.039-68;eduardafonseca@example.net;Sousa;9
3249;Eloá Sales;307.482.591-04;qalmeida@example.com;Araújo de Marques;49
3250;Ester da Rosa;459.832.607-74;henryfreitas@example.net;Moura do Amparo;5
3251;Danilo Rocha;024.138.756-62;alanalima@example.net;Freitas do Galho;12
3252;Carlos Eduardo Albuquerque;903.624.571-07;gabrielacorreia@example.net;Sales;49
3253;Marcela Andrade;271.483.906-13;hcastro@example.net;Mendonça;25
3254;Pedro Henrique Leão;470.359.268-10;nunesjade@example.net;Câmara de Goiás;29
3255;Dr. Diego Correia;950.178.426-67;rodriguescaio@example.org;Nascimento;33
3256;Felipe Cardoso;053.186.927-02;hadassa08@example.net;da Rocha;37
3257;Maria Isis Barbosa;710.692.345-16;maria-flor59@example.net;Vargas;21
3258;Ryan Correia;906.328.751-86;bsilva@example.org;Martins;18
3259;Davi Lima;035.912.467-43;josesousa@example.com;Sales;46
3260;Dra. Marcela Cassiano;416.925.387-64;dgarcia@example.com;Jesus do Campo;27
3261;Enzo Silva;840.765.931-20;mateus78@example.com;Siqueira de Brito;46
3262;Renan da Costa;823.169.507-95;xvasconcelos@example.org;Costela;15
3263;Srta. Juliana Farias;015.293.486-33;anascimento@example.com;Aparecida;18
3264;Dra. Ana Julia Andrade;051.694.387-10;wpereira@example.org;Pires;45
3265;Kevin Moraes;914.083.762-96;cecilia58@example.org;Montenegro;47
3266;Maria Eduarda Monteiro;579.081.623-12;matheusmendonca@example.org;da Mota Paulista;6
3267;Zoe Porto;501.974.836-66;henrique84@example.org;Castro;49
3268;Lara Duarte;701.369.458-48;aragaolavinia@example.com;Guerra;14
3269;Luiz Felipe da Rocha;971.834.602-31;hellenacavalcante@example.net;Martins de Dias;40
3270;Agatha Lopes;041.836.597-01;isisoliveira@example.org;Santos;3
3271;Rodrigo Dias;864.127.903-22;pietro36@example.org;da Luz;36
3272;Catarina Montenegro;961.453.027-80;isabela86@example.org;Dias Paulista;2
3273;Maria Helena da Mota;290.345.168-06;cauealbuquerque@example.org;Nascimento do Norte;22
3274;Natália Freitas;634.527.098-92;enzo-gabrielpereira@example.org;Silveira de Castro;23
3275;Melina Montenegro;340.981.527-97;gomesmaria-julia@example.org;Machado de Rios;24
3276;Dante Abreu;340.179.685-20;udas-neves@example.com;Caldeira do Amparo;36
3277;Ana Luiza Montenegro;480.765.932-47;danterodrigues@example.net;Silveira;33
3278;João Guilherme Novaes;904.865.127-11;fogacaeduardo@example.net;Martins;9
3279;Clara da Mata;437.582.910-97;leticia89@example.org;Sales da Prata;27
3280;Srta. Gabrielly Gonçalves;574.308.912-41;pereiraleo@example.net;Moraes;41
3281;Henry Gabriel Moreira;265.304.891-42;carvalhogabriela@example.com;Rodrigues Verde;53
3282;Matheus Siqueira;927.630.581-59;maria-alice48@example.net;Freitas dos Dourados;17
3283;Luiza Peixoto;796.314.085-66;bernardo68@example.org;Rezende;46
3284;Srta. Olívia da Costa;394.820.165-05;cfernandes@example.org;da Cruz de Ramos;16
3285;Maria Eduarda da Luz;605.183.972-03;pedro-henriqueabreu@example.net;Moraes dos Dourados;6
3286;Eloah Pires;890.156.243-05;wpinto@example.org;Moraes;9
3287;Zoe Cunha;709.456.823-10;mcardoso@example.net;Ferreira;30
3288;Sra. Heloisa Vargas;491.832.507-60;hmendonca@example.org;Sá de Vargas;43
3289;Juan Pimenta;856.127.340-26;gustavo-henrique62@example.net;Marques da Serra;31
3290;Anthony Montenegro;962.453.087-47;guilhermefreitas@example.com;Machado do Norte;40
3291;Breno Moraes;719.062.435-06;meloemanuel@example.net;Cassiano;37
3292;Bruno da Cruz;186.027.935-02;portofernando@example.com;da Rocha;24
3293;Rodrigo Santos;419.325.780-05;thalescostela@example.com;Pastor de Minas;7
3294;Liz Souza;915.736.802-30;ocosta@example.net;Silva da Mata;23
3295;Maria Liz Farias;097.261.584-94;azevedoerick@example.com;da Conceição das Flores;33
3296;Ravi Almeida;698.753.420-92;viniciusazevedo@example.com;Cassiano Paulista;6
3297;Yan Lopes;415.820.976-58;clarasousa@example.org;Aparecida das Flores;37
3298;Eduardo Peixoto;465.017.382-53;da-rosagustavo-henrique@example.org;Vargas Paulista;43
3299;Valentim da Luz;701.498.263-03;pcunha@example.net;Ribeiro;46
3300;Matteo Cardoso;532.648.710-17;saleslucca@example.net;Oliveira do Campo;37
3301;Thomas Vargas;308.915.726-86;vitor-gabrielfonseca@example.org;Monteiro Verde;9
3302;Thales Machado;619.034.758-48;kaiqueda-costa@example.org;Nunes do Campo;46
3303;Gustavo Henrique Fonseca;315.829.674-82;ana-liviafogaca@example.net;Vargas;27
3304;Arthur Oliveira;419.635.087-93;eduardonascimento@example.net;da Rocha;24
3305;Matheus Novaes;216.837.509-77;sramos@example.net;da Conceição de Casa Grande;12
3306;Srta. Helena Carvalho;249.631.570-80;vmoraes@example.org;Fernandes;30
3307;Cauã da Rocha;527.648.310-80;valentim74@example.net;Macedo;24
3308;Luana Cunha;491.023.586-89;usales@example.org;Cunha da Serra;4
3309;Isadora Pires;248.697.135-19;oliveiraemilly@example.com;Sá;52
3310;Milena Mendes;547.198.026-30;balves@example.com;Ferreira;53
3311;Srta. Bella Santos;628.071.349-04;allana87@example.org;Moreira Paulista;17
3312;Caroline Lima;152.489.067-76;cauanovais@example.org;Almeida;19
3313;Sra. Sarah Abreu;982.104.635-51;abreuyan@example.org;Porto;8
3314;Dr. Samuel Nunes;130.598.627-02;ana-vitoriaborges@example.org;Vieira;29
3315;Eloah Cavalcante;782.693.145-28;luccalopes@example.org;Cavalcanti;12
3316;Kaique Aragão;807.359.461-75;mendoncaheitor@example.com;Garcia;27
3317;Lunna Casa Grande;460.985.237-38;nogueirabeatriz@example.org;Barros da Serra;20
3318;Thomas Leão;608.495.321-24;henry17@example.org;Pacheco do Norte;32
3319;Nathan da Rocha;873.912.064-31;vitor-gabrielteixeira@example.org;Nunes;52
3320;Melina Nogueira;671.298.534-09;ybarros@example.net;Macedo do Amparo;49
3321;Augusto Martins;190.826.437-31;kaique17@example.org;da Mata;51
3322;Lucca Sá;158.476.390-66;ribeiroyago@example.net;Nogueira;31
3323;Ana Laura Garcia;195.280.467-11;ian92@example.net;Duarte Verde;23
3324;Sr. Renan Costela;368.924.017-40;cunhamanuella@example.com;Teixeira;50
3325;Srta. Ayla Nunes;801.695.342-51;yanda-mata@example.org;Gomes;41
3326;Dr. Levi Barros;891.543.270-32;rhavi69@example.net;Ramos;48
3327;João Gabriel Fonseca;943.028.567-00;andradeanthony@example.com;Guerra da Prata;6
3328;Vitor Gabriel Sampaio;398.075.142-23;arthur-gabriel30@example.com;Abreu Alegre;21
3329;Amanda Rezende;640.875.319-10;oliveiragustavo-henrique@example.com;Freitas do Campo;35
3330;Luan Pereira;206.913.745-70;eduarda83@example.net;Barros;33
3331;Maria Clara Siqueira;695.241.870-94;julianamoreira@example.net;Abreu;53
3332;Maria Flor Santos;320.749.685-74;mendoncasabrina@example.org;Sousa de Lima;24
3333;Josué Silva;258.460.793-00;lunnamartins@example.com;Fonseca;4
3334;Yago Alves;784.216.359-64;araujothomas@example.net;Ferreira;36
3335;Melina Jesus;571.829.463-19;qnunes@example.com;Peixoto;12
3336;Ana Luiza da Cunha;901.652.843-15;ana-julia44@example.net;Cavalcante da Praia;30
3337;Daniel Leão;537.691.042-34;kevin44@example.org;da Costa;46
3338;Lorenzo Mendes;970.324.865-92;emilly07@example.com;Lopes;49
3339;Luan Aparecida;960.874.153-00;teixeiralarissa@example.com;Costela;1
3340;Heloísa Fogaça;260.735.149-99;mirella13@example.org;Brito do Oeste;32
3341;Dr. Davi Luiz Machado;012.865.937-86;pietro04@example.net;Melo da Mata;14
3342;Rafael Brito;853.109.267-12;aylaleao@example.org;Fernandes de Correia;54
3343;Bianca Vasconcelos;843.172.605-90;kamillyda-cunha@example.com;Sá de Azevedo;35
3344;Maria Isis Correia;930.165.748-10;gabreu@example.net;Barros;14
3345;Sra. Maitê Mendonça;412.670.895-20;amandaalbuquerque@example.net;Melo;32
3346;Ana Sophia Pastor;495.723.861-82;wcassiano@example.org;Machado do Campo;51
3347;Ryan Campos;203.967.581-77;gabrielly59@example.net;Costela;38
3348;Benicio Cardoso;249.163.057-52;rafael33@example.net;Barros dos Dourados;24
3349;Eduarda Azevedo;195.846.302-70;leaomaria-julia@example.com;Cardoso do Norte;17
3350;Bruna Siqueira;173.065.428-26;rodriguesvinicius@example.com;Aragão;38
3351;Sr. Augusto das Neves;956.347.208-00;agathapeixoto@example.com;Melo;40
3352;Emilly Carvalho;783.641.095-10;luiz-migueldas-neves@example.com;Mendonça;27
3353;Maya Fogaça;796.281.530-21;da-cunhalavinia@example.org;Cavalcante;10
3354;Laís Fernandes;347.280.519-60;maria-flor81@example.net;Casa Grande;32
3355;Heitor Ramos;498.236.751-55;nvasconcelos@example.net;da Rosa Alegre;36
3356;João Cavalcanti;157.948.063-20;dsilva@example.com;Câmara;26
3357;Bryan da Mata;382.967.504-65;clariceduarte@example.com;Sousa Grande;9
3358;Sr. Gustavo Henrique Macedo;206.735.184-26;da-costapaulo@example.com;Novais das Flores;8
3359;Benjamim Silva;753.406.829-00;pietrarodrigues@example.net;Moraes;51
3360;Srta. Luna Albuquerque;734.952.601-61;goncalvesnicole@example.org;Brito de Minas;26
3361;Oliver Carvalho;785.396.104-93;ana-luizada-conceicao@example.net;das Neves;13
3362;Luiz Miguel Jesus;514.763.209-34;da-rochavalentim@example.com;da Cruz;44
3363;Joana Duarte;549.607.128-30;diogopimenta@example.net;Novais do Campo;14
3364;Bruno Cardoso;053.948.162-98;kevinsilva@example.org;Silva;10
3365;Bernardo Monteiro;697.053.128-77;gabrielasantos@example.com;da Rocha de Araújo;51
3366;Allana Rios;078.125.396-95;arthur-miguel12@example.org;Fonseca;44
3367;Sr. Benjamim Campos;253.981.764-55;llima@example.org;Araújo de Lima;18
3368;Luísa Lopes;490.157.238-50;isaquebarbosa@example.net;Farias do Amparo;49
3369;Antony Ferreira;593.107.264-07;cassianohellena@example.net;Freitas do Sul;37
3370;Sr. Matteo Aragão;728.469.150-67;ggomes@example.net;Brito;52
3371;Murilo Pires;529.861.043-98;laiscaldeira@example.com;Lopes;27
3372;Pedro Miguel Almeida;729.851.034-79;cirinoana-beatriz@example.org;Nunes de Pimenta;34
3373;Pedro Miguel Melo;891.024.536-06;benicio54@example.org;Novais dos Dourados;29
3374;Larissa Porto;041.623.978-13;kmendonca@example.com;Duarte;54
3375;Sra. Elisa Carvalho;913.754.026-25;hnovaes@example.com;das Neves;4
3376;Sra. Maria Luiza Sales;390.645.217-43;gustavo59@example.org;Carvalho dos Dourados;28
3377;Rebeca Marques;416.283.759-73;vnovais@example.com;Rodrigues;5
3378;Beatriz Garcia;436.057.912-80;joao-guilherme41@example.com;Lopes;17
3379;Sabrina da Rosa;782.931.650-30;ayllaborges@example.org;Barros;10
3380;Enzo Ribeiro;893.502.617-40;barrosfelipe@example.net;Aparecida;35
3381;Rafael das Neves;741.253.809-88;marcos-viniciusvasconcelos@example.net;Cirino;13
3382;Srta. Emanuella da Cunha;582.730.461-17;pachecoluiz-miguel@example.com;Machado Paulista;43
3383;Srta. Maria Luísa Sales;425.816.309-06;gpinto@example.net;Vieira da Mata;34
3384;Maria Luiza Lopes;920.351.678-68;igorsilveira@example.net;Alves de Moraes;24
3385;Isabella Costela;495.183.207-05;salesmurilo@example.net;Gomes do Galho;33
3386;Davi Miguel Novais;490.138.657-39;tnovaes@example.com;Caldeira da Mata;32
3387;Ana Laura da Luz;475.021.386-17;bporto@example.com;Nogueira;4
3388;Josué Rodrigues;820.576.193-03;leaomaria-luisa@example.net;Pires;54
3389;Otávio Dias;530.419.672-43;olivianovaes@example.org;Pinto do Sul;12
3390;Liam Nascimento;328.169.504-33;moreirapaulo@example.net;da Cunha;45
3391;Júlia Nogueira;293.516.487-37;zsa@example.org;Barros de Aparecida;13
3392;Aylla Vargas;863.109.472-22;enricovasconcelos@example.com;Ribeiro da Praia;45
3393;José Miguel Machado;297.056.831-40;thomas22@example.net;Pimenta dos Dourados;54
3394;Arthur Gabriel Cunha;745.908.132-97;joao-vitorsiqueira@example.org;Guerra;24
3395;Alana Ramos;830.596.142-70;xteixeira@example.net;Pacheco do Galho;48
3396;Raquel Borges;573.162.940-43;lvargas@example.org;da Cruz;28
3397;Lavínia Viana;056.482.319-89;maria-fernandasousa@example.net;Cassiano;20
3398;Dra. Ana Clara Martins;962.740.853-00;joao-felipe75@example.com;Machado;21
3399;Srta. Melissa Cassiano;017.659.438-84;bianca56@example.com;da Rocha de Mendes;17
3400;Léo Camargo;067.528.439-29;scampos@example.com;Pires de Mendonça;11
3401;Sophie Aragão;302.741.568-90;novaispaulo@example.org;Campos da Prata;14
3402;Bárbara Vasconcelos;590.614.872-85;correiaester@example.com;Caldeira;44
3403;Pedro Lucas Sousa;312.547.089-79;xsampaio@example.net;da Conceição de Carvalho;51
3404;Srta. Catarina Mendes;802.416.397-78;leaoluiz-henrique@example.org;Lima dos Dourados;45
3405;Maria Vitória Costa;031.684.927-87;cmendes@example.com;Sampaio da Prata;32
3406;Sra. Jade da Mata;418.920.637-78;lucas-gabriel72@example.com;Marques de Goiás;44
3407;Cauã Montenegro;087.124.593-05;cardosolorenzo@example.net;Cirino de Mendonça;19
3408;Sra. Eduarda Camargo;527.691.408-76;pedro-miguel41@example.net;Gomes de Goiás;36
3409;Eduarda Leão;795.643.182-46;pcamargo@example.net;Jesus do Sul;52
3410;Sr. Kevin Gonçalves;574.608.329-10;sophie69@example.net;Brito de Lima;27
3411;Sra. Maria Liz Viana;291.635.740-80;rodrigo90@example.net;Barros;49
3412;Antônio Andrade;793.041.865-01;diego98@example.com;Costela;26
3413;Francisco Dias;081.475.693-00;ana54@example.net;Silveira da Mata;54
3414;Rodrigo Castro;789.541.263-91;dbarbosa@example.com;Jesus;30
3415;Maria Julia Machado;942.603.581-89;ipereira@example.org;Machado;44
3416;Antonella Novais;253.047.896-10;cavalcantimelissa@example.org;Barros;47
3417;Nathan Cunha;581.239.046-06;kcavalcante@example.net;Sá do Campo;32
3418;Gabriela Correia;562.847.901-20;vitoriacirino@example.net;Alves do Campo;21
3419;Luiz Gustavo Sampaio;208.915.763-12;melissateixeira@example.net;Cassiano;15
3420;Rodrigo Pinto;698.753.102-12;mendoncalucca@example.net;Aragão do Oeste;47
3421;Marcela Barros;376.542.019-07;novaisamanda@example.com;Pinto;18
3422;Alexandre Moraes;465.192.078-02;freitasisis@example.net;Sá da Praia;16
3423;Hadassa Sales;401.832.795-14;icavalcante@example.com;Viana de Siqueira;44
3424;Luna Aragão;295.410.763-43;estherda-mata@example.com;Dias do Sul;23
3425;Anthony Gabriel Machado;952.763.410-52;fernandamacedo@example.net;Moreira de Correia;34
3426;Alexia Macedo;516.840.379-48;esa@example.net;Albuquerque Verde;50
3427;Raul Costela;728.450.319-04;cunhaisabelly@example.org;Porto da Praia;47
3428;José Alves;215.390.768-30;diego49@example.org;Nascimento;30
3429;Luan Silva;602.149.783-03;tvargas@example.net;Correia das Pedras;23
3430;Isabelly Nogueira;054.396.821-98;barbararios@example.net;Mendonça;51
3431;Sr. Bruno Macedo;261.049.578-11;satheodoro@example.com;Caldeira da Serra;35
3432;Lívia Aragão;897.264.501-01;gnascimento@example.org;Silva das Pedras;44
3433;Ana Clara Pinto;651.048.372-62;ycorreia@example.org;Melo;34
3434;Milena Moraes;549.326.801-98;moreiracaroline@example.net;Novaes do Galho;7
3435;Esther das Neves;856.291.437-19;enzo15@example.com;Cassiano do Amparo;30
3436;Ana Júlia Barros;562.384.079-56;jose79@example.org;Aparecida;47
3437;Lunna da Cunha;631.852.907-12;tporto@example.net;Castro;18
3438;Ryan Farias;583.461.902-98;theo25@example.com;Oliveira da Serra;50
3439;Emanuella Souza;068.321.547-71;andradeasafe@example.org;Nascimento;27
3440;Alexandre Aparecida;032.586.491-89;moraesnina@example.com;das Neves Verde;22
3441;Matteo Casa Grande;796.201.854-20;teixeiraenzo-gabriel@example.org;Oliveira;39
3442;Luiz Miguel Costa;537.241.809-50;zsouza@example.org;Cavalcante da Mata;39
3443;Gabriel Cunha;801.659.324-06;macedomaria-eduarda@example.com;Gonçalves do Sul;33
3444;Hellena da Rocha;864.703.251-90;gabrielcardoso@example.org;Camargo;33
3445;Sr. João Gabriel Peixoto;762.039.845-74;marcelaferreira@example.org;Caldeira das Flores;26
3446;Nicolas Sales;682.143.970-22;zmoura@example.org;Moura;29
3447;Noah Cunha;598.760.432-00;da-luzcecilia@example.org;Correia Alegre;14
3448;Maria Clara da Costa;016.274.398-03;theo59@example.net;da Luz;43
3449;Sr. Brayan Abreu;203.467.891-50;da-cruzliz@example.org;Cardoso de Minas;49
3450;Carlos Eduardo Abreu;046.837.519-84;aparecidadante@example.net;Novaes das Pedras;32
3451;Dr. Erick Ferreira;568.719.420-76;vitor41@example.com;Almeida;4
3452;Dr. Theo Cunha;923.567.014-43;rda-cunha@example.net;Casa Grande de Silva;12
3453;Lucas Gabriel Teixeira;835.092.167-68;bmendes@example.org;Moreira do Oeste;8
3454;Srta. Melissa Gonçalves;273.195.640-25;tsiqueira@example.org;Cassiano;13
3455;Sra. Elisa Cardoso;506.712.938-77;raviabreu@example.org;Jesus Paulista;11
3456;Rafaela Fonseca;039.642.571-25;davicunha@example.net;Caldeira de Aparecida;11
3457;Antônio da Mota;438.026.957-47;bryan96@example.net;Araújo;45
3458;Dra. Rafaela Guerra;846.279.503-65;leo77@example.com;Martins Alegre;26
3459;Dr. Juan das Neves;297.380.456-65;eloahcardoso@example.net;Macedo da Mata;50
3460;Lara Carvalho;291.360.845-06;da-motaagatha@example.com;Sales;19
3461;Fernando Souza;035.867.192-21;carlos-eduardo49@example.org;Silva do Oeste;41
3462;Clara Sá;317.256.809-12;ana-ceciliamendes@example.com;Cunha do Norte;8
3463;Sra. Luiza Nascimento;582.367.491-00;ferreiramariana@example.org;Porto;8
3464;Samuel Sá;851.296.740-49;dnascimento@example.com;Pinto;20
3465;Raul Dias;056.972.418-01;monteiroana-clara@example.net;Novais;10
3466;Maria Liz Vieira;961.024.837-31;siqueiramilena@example.com;Pastor;33
3467;Alexia Barros;263.509.781-02;dantegomes@example.org;Porto de Minas;20
3468;Nathan Pinto;760.281.594-76;davi-luizpereira@example.com;Barros de Pacheco;25
3469;Srta. Caroline Rios;327.506.948-92;marcela59@example.org;Cirino;22
3470;Arthur Miguel Costa;480.236.175-08;emanuelsousa@example.org;Gonçalves do Oeste;42
3471;Brayan Moura;670.584.329-29;asafe54@example.com;Pinto do Oeste;9
3472;Yan Caldeira;312.769.058-40;theocaldeira@example.org;Rezende do Sul;20
3473;Dr. André Machado;647.058.329-65;matheus68@example.net;Correia;26
3474;Juan Farias;340.691.782-87;rafaela45@example.net;Aragão da Serra;45
3475;Enrico Macedo;760.194.582-02;vcardoso@example.org;Pastor de Correia;8
3476;Dra. Larissa da Cunha;451.890.372-23;joao-pedro10@example.net;Albuquerque;8
3477;Giovanna Silveira;493.657.081-84;biancamacedo@example.net;da Mata da Serra;20
3478;Raul da Costa;534.781.296-64;lucascastro@example.com;Fernandes;12
3479;Francisco Cirino;794.538.062-00;mariane13@example.com;Fernandes;21
3480;Sabrina Rodrigues;752.160.894-11;siqueiraana-laura@example.org;Cunha;26
3481;Lara Carvalho;038.547.126-26;otto50@example.org;Brito;54
3482;Dr. Isaque Nogueira;368.942.175-64;nsiqueira@example.com;Pereira;42
3483;Pietra Nogueira;513.962.487-73;lorenzopeixoto@example.com;Monteiro de Correia;21
3484;Luara Pacheco;423.095.761-07;oguerra@example.org;Cirino do Galho;22
3485;Bruno Brito;541.387.269-00;wabreu@example.com;Rios Verde;30
3486;Brayan Rocha;406.257.319-99;cirinolais@example.com;Peixoto do Sul;36
3487;Maria Alice Câmara;513.482.690-06;pedro-miguelda-rosa@example.net;Lima Alegre;30
3488;Lucas Gabriel Sales;829.510.763-12;fernandesleticia@example.com;Sousa da Praia;51
3489;Marina Barros;243.195.068-98;ypacheco@example.net;Moraes;1
3490;Clarice Freitas;214.578.306-71;calebemoreira@example.org;Teixeira;48
3491;Srta. Maria Júlia Sales;867.529.341-00;icosta@example.org;Azevedo de Nascimento;39
3492;Calebe Guerra;948.607.132-22;montenegromaria-helena@example.net;Silva;32
3493;Luigi da Conceição;987.206.453-92;sophie51@example.org;da Paz de Cavalcante;25
3494;Anna Liz das Neves;297.806.453-65;sabrinarodrigues@example.com;Rezende;25
3495;Ana Novais;103.276.984-03;alvesana-livia@example.net;da Cunha;54
3496;Ana Carolina Teixeira;125.874.309-41;guilhermerezende@example.com;Moraes;42
3497;Anthony Novaes;697.802.143-13;bpeixoto@example.org;da Mota do Norte;22
3498;Júlia Cassiano;823.694.571-55;qpinto@example.org;da Paz do Galho;40
3499;Sra. Ana Vitória Cavalcanti;123.847.095-50;taparecida@example.com;Martins;15
3500;Henry Gabriel Farias;264.513.079-80;taraujo@example.com;Caldeira de Lopes;31
3501;Thiago da Mota;754.930.621-43;juliana14@example.com;Moraes de Goiás;18
3502;Maria Guerra;016.734.258-44;cviana@example.net;da Conceição Grande;12
3503;Rael Vargas;538.017.624-08;gabrielasiqueira@example.org;Viana;3
3504;Maria Laura Camargo;574.196.320-06;hsousa@example.org;Machado;2
3505;Ravi Lucca Barbosa;865.490.312-06;salesjuan@example.org;Jesus Alegre;38
3506;Luan Garcia;568.193.740-20;luiz-gustavocostela@example.org;Sá da Serra;29
3507;Benjamin da Conceição;782.094.356-47;csilveira@example.org;da Conceição;31
3508;Lucas Gabriel Vargas;739.582.064-92;jose-pedropinto@example.org;Azevedo;53
3509;Gustavo Henrique Macedo;045.329.781-14;emanuel13@example.net;Nascimento;4
3510;Gael Henrique Jesus;964.718.530-84;da-costaagatha@example.org;Silva;10
3511;Helena da Cruz;839.756.124-28;da-rosadavi@example.com;Rocha de Jesus;18
3512;João Pedro Fonseca;615.409.723-99;goncalvesalicia@example.net;Vieira;2
3513;Ester Cavalcante;317.546.290-16;bryanazevedo@example.org;Abreu;18
3514;Eduarda da Conceição;297.853.106-12;vitor10@example.net;das Neves;54
3515;José Cassiano;537.216.409-34;isis47@example.net;Aparecida de Cassiano;13
3516;Davi Lucca Montenegro;310.472.956-52;da-rocharhavi@example.net;Vargas de Oliveira;31
3517;Srta. Isabella das Neves;102.679.584-20;gcostela@example.org;Teixeira da Serra;28
3518;Laís da Paz;187.635.409-75;iporto@example.com;Nunes;43
3519;Carolina Silveira;042.683.759-29;silveirabenjamin@example.net;Ferreira;29
3520;Emanuelly Cunha;065.983.427-83;isaac52@example.net;Aparecida;34
3521;Oliver Alves;546.802.971-58;erick70@example.com;Aragão;41
3522;Rhavi Costela;087.463.291-96;lorenzocavalcante@example.net;da Rocha do Campo;47
3523;Igor Rocha;350.617.498-39;balbuquerque@example.org;Cunha;43
3524;Sr. Gael Henrique Farias;062.379.514-07;lucas-gabrielmontenegro@example.com;da Luz;43
3525;Mateus Brito;435.621.780-26;ana-lizferreira@example.net;Machado da Mata;23
3526;Mariah Pires;438.102.579-23;agatha18@example.org;Ribeiro do Galho;25
3527;Sr. Luigi Abreu;628.740.935-56;rhavi73@example.org;Azevedo;26
3528;Gustavo Sampaio;865.234.970-38;joao-guilhermealbuquerque@example.net;Freitas;52
3529;Yago Santos;472.398.065-29;isabela51@example.net;Rodrigues;39
3530;Sr. José Miguel Lopes;120.758.649-85;yanalmeida@example.org;Macedo de Viana;47
3531;Otto Pires;019.458.763-01;lorena32@example.org;Fonseca de Goiás;47
3532;Isabella Pimenta;753.092.148-79;vieiraleo@example.net;da Cunha;49
3533;Benicio Andrade;253.789.046-92;breno02@example.org;Souza de da Mata;11
3534;Vinícius Pastor;759.842.103-04;piresbreno@example.net;Lopes;25
3535;Fernando Camargo;429.031.875-41;lrezende@example.org;Ramos de Pinto;22
3536;Fernanda Pinto;205.986.371-68;marcos-vinicius30@example.com;da Cunha;51
3537;Júlia Novais;152.834.697-19;rhavirocha@example.com;Camargo;9
3538;Anthony Casa Grande;903.864.527-92;fernandoazevedo@example.org;Albuquerque do Amparo;4
3539;Dr. Ravi Lucca Nascimento;621.937.854-73;ravi-lucca05@example.org;da Luz do Amparo;18
3540;Dr. Antônio Vieira;823.416.057-53;maria-ceciliarezende@example.org;Rodrigues do Galho;54
3541;Ana Mendonça;327.089.145-88;joao-miguel84@example.com;Cunha da Prata;50
3542;Emanuelly Aragão;329.415.670-70;vicente32@example.com;Alves da Serra;37
3543;Maria Fernandes;852.764.039-29;isaquealves@example.net;Montenegro;11
3544;Dr. Vitor Gabriel Siqueira;051.274.839-04;xporto@example.com;Pastor;44
3545;Joana Ribeiro;471.950.863-48;jesuskaique@example.org;Jesus do Campo;40
3546;Henrique Ferreira;473.651.802-26;aurora56@example.org;Pires da Prata;51
3547;João Camargo;578.904.621-58;joao-gabriel23@example.net;Leão da Praia;41
3548;Vitor Porto;514.076.832-17;marcela45@example.com;Pacheco Grande;29
3549;Sr. Ryan Lima;397.651.840-93;ravi71@example.org;da Rocha;19
3550;Isabelly Aragão;708.426.193-13;valentinagoncalves@example.org;da Costa;19
3551;Benicio Cavalcanti;658.329.741-82;isabelagoncalves@example.com;Duarte;38
3552;Carlos Eduardo Guerra;083.291.745-14;nicolasda-mata@example.net;da Mota do Amparo;6
3553;Fernanda Fonseca;356.102.487-44;juliamarques@example.org;Jesus;51
3554;Sra. Ana Liz Borges;361.409.875-39;joao-miguelcampos@example.net;Rezende de Vargas;14
3555;Marcela Pastor;419.235.807-79;rael37@example.net;Pastor dos Dourados;49
3556;Beatriz Sampaio;627.318.549-28;saisadora@example.org;Andrade;8
3557;Vitória Cavalcanti;391.846.725-28;ncamara@example.org;Caldeira;4
3558;Mirella Novaes;162.354.890-05;igor05@example.net;Cunha de da Rosa;10
3559;Noah Moreira;508.423.917-97;isabellyvasconcelos@example.net;Gomes;7
3560;Daniela Siqueira;907.416.325-43;leticiasiqueira@example.net;Machado de Lima;29
3561;Marcos Vinicius Gomes;352.916.048-24;emilly04@example.org;Camargo do Oeste;51
3562;Isabel Vasconcelos;801.932.746-04;ramosmaria-isis@example.net;Monteiro;31
3563;Sarah Silveira;861.472.390-31;qlima@example.org;Novaes;24
3564;Agatha Cardoso;802.167.453-90;sampaiojulia@example.com;Melo;19
3565;Sra. Marina Gonçalves;629.830.745-10;luiz-fernandocosta@example.net;Alves Verde;14
3566;Srta. Ester Vasconcelos;617.324.589-28;lucas-gabriel73@example.com;Araújo dos Dourados;31
3567;Lorenzo da Rosa;720.641.358-71;joao-miguel96@example.com;Melo do Campo;34
3568;Ana Vitória Sampaio;690.317.482-69;enunes@example.com;Gomes do Norte;26
3569;Felipe Castro;093.567.284-29;joao-gabrielda-cruz@example.com;Cirino Grande;5
3570;Leonardo Brito;245.763.190-43;augustocavalcante@example.com;Ramos do Sul;28
3571;Isis Caldeira;136.275.984-82;macedoheloisa@example.com;Silva da Prata;14
3572;Otto da Rosa;950.641.378-93;mariane20@example.net;Silva;25
3573;João Pedro Sales;306.821.459-98;marcela09@example.net;Leão;43
3574;Bruna Novaes;923.670.418-22;monteirogael@example.net;Câmara;17
3575;Mariana da Cunha;680.354.921-60;correiaguilherme@example.org;Vieira de Mendes;18
3576;Ana Carolina Fernandes;387.204.651-90;marcelaramos@example.org;Nunes;52
3577;Sra. Sabrina Costa;380.672.519-59;larasiqueira@example.net;Porto da Mata;9
3578;Anthony da Luz;239.064.817-78;mateuscamara@example.com;Moura de Azevedo;35
3579;Heloísa da Rosa;218.936.574-00;kcamara@example.net;Barros Paulista;54
3580;Lucas Gabriel Leão;173.609.258-86;thiagomelo@example.net;Camargo dos Dourados;48
3581;Benicio da Conceição;530.728.961-86;marianacostela@example.com;Gonçalves;27
3582;Rebeca Farias;413.687.520-71;vieiraantonella@example.org;Cardoso;1
3583;Sofia Costa;028.915.364-60;bryan38@example.com;Monteiro;42
3584;Kaique Correia;062.431.789-78;estercamargo@example.net;Rocha de Rodrigues;32
3585;Vitor Gabriel Siqueira;596.341.087-84;maria-juliamoraes@example.com;Siqueira;12
3586;Sra. Yasmin Macedo;659.801.742-49;levi11@example.org;Cunha de Minas;13
3587;Brenda Farias;697.542.308-38;diogo12@example.net;Pires;8
3588;Stephany Azevedo;042.618.739-31;manuella96@example.com;da Rocha da Praia;9
3589;Theodoro Duarte;549.860.327-47;rodrigo98@example.com;Pinto da Prata;1
3590;João Lucas Abreu;602.934.871-03;calebe52@example.org;Cirino;11
3591;Theo Martins;730.469.258-83;pedro-lucascostela@example.org;Martins dos Dourados;51
3592;Luiz Felipe Casa Grande;972.814.603-50;opastor@example.org;Casa Grande;29
3593;Sr. Josué Carvalho;584.690.271-58;maria-vitoriada-mota@example.org;Brito;19
3594;Daniel Borges;548.297.603-38;joana10@example.net;Gomes;41
3595;Ayla Abreu;713.964.502-70;gabriel46@example.org;Correia de Monteiro;33
3596;Benjamin das Neves;032.579.614-99;castrodom@example.com;Lima do Oeste;24
3597;Luana Costa;614.290.735-43;rhavi12@example.net;Nascimento das Pedras;51
3598;Natália Macedo;564.379.180-39;kevinandrade@example.net;Moreira do Campo;40
3599;Sofia Fogaça;310.549.768-48;gcamargo@example.com;Viana;18
3600;Elisa Melo;324.695.107-16;kda-mota@example.com;Moraes;4
3601;Emanuella da Costa;243.876.591-73;frocha@example.org;da Cruz;28
3602;Eduarda da Cunha;928.501.463-15;goncalvesdiego@example.net;Rodrigues da Mata;2
3603;Alícia Fogaça;627.890.531-03;sabrina26@example.org;Sousa Verde;39
3604;Guilherme da Mota;381.724.096-13;eda-mata@example.com;da Rosa;41
3605;Sra. Ana Laura da Rosa;241.973.650-80;zbarbosa@example.org;Guerra da Mata;17
3606;Apollo Silveira;072.835.469-10;pedro-henrique13@example.net;Sá de Moura;6
3607;Ravi da Paz;768.954.132-19;lviana@example.com;da Cunha;32
3608;Rodrigo Moraes;412.693.507-06;leticiacaldeira@example.org;Silva Verde;28
3609;Nicole Machado;941.820.356-15;maria-ceciliaferreira@example.com;Silveira;30
3610;Juan Andrade;867.915.234-09;raquel10@example.com;da Mota;33
3611;Ana Vitória Gomes;563.984.710-75;benjamimfernandes@example.com;Fogaça;1
3612;Theodoro Alves;786.923.405-29;ypacheco@example.org;Souza;12
3613;Isaque Correia;627.038.149-50;maria-julianogueira@example.net;Gomes Grande;39
3614;Luan da Rocha;351.740.269-99;danielapereira@example.com;da Rocha;8
3615;Lucca Aparecida;045.697.321-43;xalbuquerque@example.net;Pacheco;27
3616;Sr. José Pedro Cunha;981.245.706-20;mariana02@example.org;Jesus;32
3617;Maria Julia Guerra;028.497.316-50;silvamaria-luisa@example.net;Teixeira;20
3618;Dr. Yuri Sampaio;361.502.748-53;gabrielagomes@example.net;da Paz Verde;5
3619;João Miguel Martins;430.126.895-24;isabela61@example.org;Ferreira das Flores;37
3620;Ana Vitória Jesus;064.592.371-07;bleao@example.net;Melo;30
3621;Eduarda Rocha;961.823.704-40;vitoria02@example.com;Siqueira de Silva;47
3622;Srta. Sara Costa;016.472.389-78;meloana@example.com;Dias da Prata;35
3623;Ísis Nascimento;436.925.170-25;rmoreira@example.org;Freitas dos Dourados;8
3624;Maria Ferreira;731.258.469-19;sofiabarros@example.com;Barros do Oeste;7
3625;Alícia Cardoso;327.691.048-96;xcostela@example.net;Gonçalves de Moreira;48
3626;Maria Isis Fonseca;964.830.721-04;rafael40@example.net;Caldeira Verde;18
3627;Maysa Vargas;518.632.907-02;danilo60@example.org;Andrade;27
3628;Beatriz Gomes;268.435.170-80;luiz-fernandocavalcanti@example.com;Mendonça;5
3629;Benício Nunes;682.713.049-50;lopesmaria-julia@example.net;Castro de Lima;19
3630;Bárbara Freitas;614.593.072-16;thomasrodrigues@example.com;Barros das Flores;38
3631;Matheus Alves;715.063.489-39;murilo00@example.com;Freitas do Amparo;31
3632;Dra. Sophia Guerra;852.169.034-70;maria-liz74@example.net;da Rosa;50
3633;Davi Luiz Porto;019.826.754-11;ecavalcanti@example.com;da Mota;54
3634;Sra. Maria Vitória Moura;701.634.582-35;lopesmaria-sophia@example.org;da Costa;51
3635;João Gomes;583.724.096-92;arios@example.com;Câmara;37
3636;Maria Luísa Sampaio;298.604.357-74;guilhermeda-costa@example.org;Alves Verde;30
3637;Isabela Pereira;947.812.065-49;vicentesampaio@example.com;Albuquerque dos Dourados;12
3638;Liz Costela;498.603.217-87;mborges@example.com;Borges;46
3639;Enzo Gabriel da Costa;925.064.317-99;teixeiramathias@example.org;Gonçalves;17
3640;Sr. Raul Cassiano;670.952.843-00;sabrinanascimento@example.org;Pereira;49
3641;João Gabriel Fernandes;816.539.027-95;da-matajose-pedro@example.org;Novais;46
3642;Sr. Luiz Fernando Castro;731.048.592-05;lcirino@example.com;Castro;44
3643;Maria Julia Farias;034.965.287-29;luiz-miguelda-luz@example.net;Sales;46
3644;José Miguel Vieira;406.382.195-15;cauapastor@example.com;Sampaio Paulista;35
3645;Maria Isis Azevedo;832.764.019-40;domvieira@example.org;Cavalcante de da Mota;2
3646;Dr. Bento Vasconcelos;512.046.398-33;mouramaya@example.org;Fernandes;9
3647;Valentim Silva;473.126.059-07;varaujo@example.org;Fonseca Verde;36
3648;Sr. Levi Mendes;072.634.189-40;lorena99@example.net;Azevedo;9
3649;Sra. Cecília Barros;370.159.862-21;gomesmaria-laura@example.org;Aragão de Cassiano;15
3650;João Vitor Barros;026.195.748-11;arthur-miguelteixeira@example.net;da Rosa;51
3651;Srta. Camila Oliveira;384.602.157-17;raularagao@example.com;Barros;18
3652;Ravi Casa Grande;987.614.350-66;brunoda-rosa@example.org;Montenegro;8
3653;Maria Liz Montenegro;098.536.417-39;vmarques@example.org;Moura de Viana;36
3654;Sr. Marcelo da Cruz;913.425.076-06;ppires@example.com;Nascimento Alegre;23
3655;Srta. Maria Alice da Cunha;423.185.076-35;bianca10@example.net;Porto;6
3656;Pedro Miguel Brito;087.246.193-96;rda-paz@example.com;Novais;24
3657;Sra. Catarina Fernandes;478.321.059-41;onascimento@example.com;Cardoso;51
3658;Ravy Moura;190.657.342-52;xda-cunha@example.com;Pacheco do Oeste;37
3659;Otto Novais;159.324.086-42;oaragao@example.com;Fernandes do Campo;5
3660;Maria Flor da Paz;923.507.468-10;mendesyago@example.net;Castro Alegre;2
3661;João Felipe Jesus;713.092.564-70;mfogaca@example.com;Castro;17
3662;Sra. Giovanna Farias;951.768.024-49;vitor-gabriel32@example.org;da Mota;20
3663;Hellena Ferreira;516.437.829-91;ymendes@example.org;das Neves;52
3664;Theo Campos;894.130.526-89;lara45@example.com;Vieira;18
3665;Elisa Moreira;403.275.916-25;ana-laura06@example.com;Cassiano Alegre;45
3666;Enrico Moraes;369.054.872-10;hcavalcanti@example.net;Nunes;19
3667;Esther Siqueira;029.578.341-97;qcavalcante@example.org;Rios do Campo;17
3668;Ana Julia Barbosa;861.407.329-13;valentina05@example.net;Moraes;14
3669;Augusto da Rocha;793.201.564-25;eda-rocha@example.com;Cirino;31
3670;Vinicius Dias;563.817.420-62;pietrofarias@example.org;Monteiro;37
3671;Catarina Caldeira;182.460.953-15;almeidaleonardo@example.com;Pimenta;54
3672;Luiz Gustavo Ramos;814.357.620-53;gabriela23@example.org;Pastor;37
3673;Raul Oliveira;765.921.834-46;aylla82@example.net;da Luz das Flores;37
3674;Rhavi Costela;390.716.254-43;zrios@example.org;da Paz;46
3675;Emanuelly Fonseca;301.754.826-08;saandre@example.org;Carvalho;9
3676;Manuella Carvalho;071.432.986-03;lara63@example.com;Monteiro;7
3677;José Pedro Vargas;379.682.015-86;rhavi55@example.net;Lima da Serra;6
3678;Eduardo Rodrigues;847.635.091-01;alexandre91@example.net;Garcia;24
3679;Henry Gabriel Freitas;815.026.739-59;araujoana-livia@example.net;Farias das Pedras;44
3680;Yuri da Cunha;654.827.913-19;xfonseca@example.com;Castro;14
3681;João Vitor Almeida;015.864.973-75;fogacabenjamim@example.com;Cavalcante Verde;37
3682;Sra. Eloá Almeida;129.375.084-05;thomascavalcanti@example.org;Moreira;44
3683;Kaique Barros;985.364.701-00;riosrhavi@example.com;Costela;53
3684;Rafael Câmara;571.983.026-02;oliver52@example.com;da Cruz Alegre;46
3685;Dr. Dante Dias;419.830.276-69;allanada-costa@example.org;Novais das Flores;42
3686;Srta. Mariane da Luz;148.592.076-02;theovasconcelos@example.com;Sampaio do Amparo;4
3687;Ana Julia Brito;590.467.381-75;brenda45@example.org;Santos da Serra;12
3688;Maria Julia Ferreira;370.629.458-38;isabela83@example.com;Fogaça;52
3689;Vinicius da Costa;490.132.865-42;camposyuri@example.org;Almeida de Goiás;13
3690;Gabriela Lima;936.412.087-69;alvesvitor-gabriel@example.com;Sá Verde;51
3691;Ana Cecília Pires;460.321.587-80;pintolavinia@example.com;Costa da Mata;25
3692;Camila Leão;605.723.489-83;elisa54@example.org;Cirino de Goiás;27
3693;Bruno Peixoto;312.506.497-06;vitoriamendonca@example.com;Siqueira;2
3694;Amanda Andrade;791.643.508-00;glopes@example.net;Costa do Oeste;41
3695;Pedro Duarte;083.149.675-48;caio14@example.org;das Neves do Oeste;54
3696;Heloísa da Mota;684.351.207-08;mariahcavalcanti@example.com;Borges;5
3697;Sr. Léo Moreira;462.805.197-67;castroantonio@example.org;Garcia;14
3698;Zoe Guerra;017.842.536-26;daniela05@example.org;Santos;3
3699;Maria Flor Borges;426.731.890-50;emonteiro@example.net;da Cunha;29
3700;Aurora Borges;089.751.346-01;auroraribeiro@example.net;da Luz de Moura;34
3701;Maria Alice Guerra;425.138.607-80;fonsecaravi@example.com;Fogaça;19
3702;Manuella Gomes;397.126.580-40;alvesbento@example.org;da Cunha;36
3703;Antônio Vieira;127.360.594-25;ester78@example.com;da Rosa do Campo;47
3704;Davi Lucca Siqueira;849.103.672-50;eduardosantos@example.net;Araújo da Mata;33
3705;Aurora Costa;671.309.245-43;hadassada-costa@example.net;Machado;15
3706;Lorena Borges;458.093.162-98;pereiraraquel@example.com;Câmara;50
3707;Elisa Santos;425.713.068-71;agathadas-neves@example.com;Costela da Mata;22
3708;Joana Mendes;465.901.732-06;vasconcelosesther@example.org;Silveira;43
3709;Vinícius Borges;591.763.480-75;ravicasa-grande@example.org;Brito de Minas;6
3710;Lucas Santos;295.784.613-64;costelaemanuel@example.com;Nogueira do Campo;39
3711;Caio Sá;324.906.158-15;emanuel42@example.org;Fogaça de Macedo;19
3712;Luigi Rodrigues;451.378.069-00;vinicius87@example.com;Machado do Galho;53
3713;Marcelo Sousa;916.325.087-02;jda-cunha@example.org;Lopes;25
3714;Danilo Mendes;147.695.823-82;murilo19@example.com;Barros das Flores;45
3715;João Vitor Brito;805.297.634-00;riosyago@example.org;Vasconcelos;32
3716;Maria Laura Sales;107.465.398-00;guilhermecaldeira@example.net;Almeida de Ribeiro;22
3717;Natália Moreira;157.284.096-01;limaaurora@example.com;Aragão de Rocha;15
3718;Valentina Lopes;675.083.192-30;joao-vitor85@example.com;Araújo de Minas;38
3719;Dr. Bryan Rios;506.479.283-29;barrosgabrielly@example.net;Nascimento de Mendonça;33
3720;João Gabriel Moraes;085.972.314-32;maria-cecilia16@example.net;da Rocha do Sul;31
3721;Gael Brito;342.598.176-55;maria-eduarda13@example.net;Martins do Sul;52
3722;Cauê Lima;845.071.923-23;cavalcantipedro-miguel@example.net;Nascimento de Pimenta;15
3723;Esther Aparecida;381.259.407-23;oliveiraisabela@example.net;Sousa;21
3724;Cecília Nunes;295.648.137-19;isaacabreu@example.net;Costa da Serra;4
3725;Sra. Caroline Macedo;206.379.458-83;maysa30@example.org;Duarte de Rios;8
3726;Ravy Vasconcelos;450.986.173-75;vicentemoreira@example.org;Aragão de da Mota;30
3727;Mariah Mendonça;249.358.076-10;ccunha@example.net;Andrade;26
3728;Pietro Casa Grande;028.143.596-06;eandrade@example.com;Souza;37
3729;Erick da Mata;431.079.562-52;cunhaisis@example.com;Andrade do Norte;12
3730;Ester Siqueira;542.308.197-14;marquesgustavo-henrique@example.com;Aparecida;31
3731;Dr. Luiz Felipe Alves;827.594.361-28;peixotomarina@example.com;Leão dos Dourados;53
3732;Yago Cassiano;239.648.701-96;da-rosajoana@example.com;Borges de Sampaio;31
3733;Dra. Raquel da Rocha;265.847.901-85;fvieira@example.org;Ferreira do Sul;44
3734;Bernardo Lopes;012.657.943-16;salesjulia@example.org;Gonçalves de Cavalcanti;32
3735;Srta. Alícia Pacheco;629.510.387-12;ucirino@example.org;Aragão;21
3736;Evelyn Azevedo;410.982.673-03;ana-cecilia05@example.com;da Paz Grande;41
3737;Maria Júlia Souza;172.683.940-04;mouramariane@example.org;Aragão da Mata;43
3738;Mathias Casa Grande;037.265.894-65;erodrigues@example.org;Sampaio Grande;23
3739;Ana Sophia da Cunha;218.903.547-32;mdas-neves@example.org;Monteiro;15
3740;Gael Moreira;342.901.758-05;aaraujo@example.net;Rios Verde;45
3741;Davi Lucas Cardoso;571.392.068-21;luan41@example.com;Porto;25
3742;Luiz Otávio Lima;468.193.025-33;carvalhocaio@example.com;da Costa;10
3743;Dr. Luiz Henrique Porto;974.832.516-46;yda-mota@example.net;Monteiro das Flores;17
3744;Maysa da Cunha;913.254.086-89;cunhalucas-gabriel@example.com;Castro;47
3745;Otávio Sampaio;453.812.970-41;das-nevesisabelly@example.org;Almeida;16
3746;Théo Correia;508.247.136-80;teixeiraana@example.com;Duarte;27
3747;Antonella Nascimento;376.214.980-13;duartemaria-cecilia@example.net;Teixeira;28
3748;Caleb Almeida;807.294.653-65;yago51@example.org;da Mota do Norte;15
3749;Kaique Cavalcanti;205.498.167-20;fonsecabarbara@example.net;Oliveira da Praia;44
3750;Emanuella da Mata;179.362.408-96;camposzoe@example.org;Ramos;5
3751;Agatha Costela;280.516.973-59;sbarbosa@example.com;Melo;3
3752;Daniela Barbosa;651.240.837-35;fnovaes@example.org;Camargo do Campo;52
3753;Isabela Mendes;021.874.659-85;eloaduarte@example.net;Martins de Goiás;22
3754;Gael Henrique Rios;129.706.854-85;sgarcia@example.com;Pereira;34
3755;Guilherme Sales;621.874.950-94;eabreu@example.com;Siqueira do Campo;35
3756;Srta. Alexia Fernandes;849.236.170-04;pietra13@example.net;Freitas;48
3757;Heitor Sales;364.092.875-00;machadoclara@example.com;Nascimento Grande;16
3758;Dr. José Pedro Moraes;386.459.072-83;raquel79@example.org;Abreu do Amparo;37
3759;Asafe Sampaio;907.614.235-16;pvieira@example.com;Guerra dos Dourados;6
3760;Carlos Eduardo Cunha;962.543.108-05;ana-liz70@example.org;Cirino;38
3761;João Pedro Costa;538.421.709-04;vargasclara@example.com;Souza das Flores;49
3762;Juan Aragão;287.963.401-69;vitoria13@example.org;Monteiro do Galho;19
3763;Eduardo da Mata;423.807.659-10;heloisaalves@example.com;Lima;1
3764;Vitor Hugo Santos;231.476.958-91;daniela45@example.com;Correia;11
3765;Camila Rezende;869.241.375-55;piresluiz-gustavo@example.net;da Rocha Alegre;6
3766;Vicente Cardoso;791.452.063-25;henry36@example.com;Rocha dos Dourados;48
3767;Elisa Pacheco;194.620.785-30;novaisluiz-gustavo@example.org;Rodrigues;44
3768;Maria Flor Camargo;725.461.839-82;luisacampos@example.net;da Luz;45
3769;Dr. Caleb Cavalcanti;851.703.246-26;bfreitas@example.net;Gonçalves;4
3770;Sr. Theodoro Cunha;704.381.965-20;eloaalmeida@example.com;Camargo;37
3771;Srta. Alana Câmara;581.674.329-55;pintoluana@example.net;Sampaio;26
3772;Marcelo Cassiano;405.297.386-00;davi-lucas99@example.net;Vasconcelos da Praia;41
3773;Enzo Gabriel Peixoto;278.601.934-69;antonella54@example.org;Andrade;18
3774;Dr. Theodoro Silveira;721.945.360-43;emanuellyrocha@example.net;Marques;20
3775;Paulo Souza;329.065.741-80;maria-liz63@example.org;Rezende do Campo;54
3776;Maria Sophia Cardoso;156.832.709-95;mariane03@example.net;Cunha;32
3777;Maria Júlia da Cruz;860.134.579-48;milena40@example.com;Teixeira;50
3778;Vitor Pires;865.421.973-46;hsiqueira@example.com;Martins;45
3779;Oliver Araújo;034.962.178-04;da-costaesther@example.org;Borges de Pastor;18
3780;Juliana Rios;974.205.381-23;valentim07@example.net;Porto;33
3781;Lorenzo da Conceição;461.025.987-76;vieirajoao-guilherme@example.com;Aragão;34
3782;Luiz Miguel Novaes;193.048.267-13;vargasluara@example.net;Porto do Campo;9
3783;Sr. Diogo Sá;345.608.971-66;sousapedro-henrique@example.com;Gomes dos Dourados;5
3784;Bento Gomes;069.257.314-34;gabriel18@example.org;Novaes;30
3785;Sra. Alícia Sampaio;148.037.695-75;auroracamara@example.org;Correia de Sousa;42
3786;João Vitor Lopes;158.962.034-89;emanuel48@example.org;Leão;47
3787;Dra. Catarina Gomes;583.291.706-59;gviana@example.net;Jesus do Sul;49
3788;Sra. Juliana Duarte;684.307.159-75;qnunes@example.net;Farias Verde;15
3789;Fernando Pires;348.657.290-38;martinsana-luiza@example.com;Montenegro de da Luz;15
3790;Bento Sousa;230.867.951-40;benicio28@example.com;Barbosa;51
3791;Thiago da Cruz;761.048.523-35;dmoura@example.org;Aparecida;7
3792;Raul Abreu;849.526.703-92;jade72@example.org;Nunes;12
3793;Luísa Barbosa;104.259.378-79;jesuscarolina@example.com;da Rosa;42
3794;Emanuella Rodrigues;098.465.321-05;heitor43@example.com;Cavalcante de Castro;7
3795;Thiago Freitas;563.024.179-61;silveiracaio@example.net;Costa de Casa Grande;12
3796;Maria Vitória Silva;103.765.982-12;vieiraluigi@example.com;Viana;12
3797;Luiza Pacheco;395.420.786-92;yan00@example.com;Lopes do Amparo;29
3798;Ian Pastor;781.045.962-76;xgarcia@example.net;Duarte;13
3799;Maria Clara Dias;870.216.543-08;tmendes@example.org;Freitas;4
3800;Matteo Garcia;079.143.658-66;isisalves@example.com;Camargo de Cassiano;39
3801;Nathan Sousa;629.534.170-52;lucca89@example.org;Cavalcante das Flores;5
3802;Lunna Sousa;496.703.285-00;diegopinto@example.org;Correia;48
3803;Srta. Lara da Rosa;217.498.536-55;wda-cunha@example.net;da Paz;1
3804;Oliver Cavalcante;409.562.813-89;limahelena@example.com;Mendonça;6
3805;Benjamim Araújo;397.402.815-32;cardosobruno@example.com;Almeida da Praia;37
3806;Sarah Alves;856.401.927-20;montenegronatalia@example.net;Macedo;24
3807;João Guilherme Cassiano;075.194.368-10;gabriellypeixoto@example.com;Macedo de Goiás;35
3808;Levi Moreira;601.528.497-85;vitor-hugo91@example.net;Sales das Flores;19
3809;Sr. Pedro Henrique Monteiro;921.730.846-31;mendesjoaquim@example.net;Melo do Norte;49
3810;Marina Montenegro;372.069.841-69;maria-eduarda13@example.org;Rios;20
3811;Sr. Nicolas Costela;481.705.239-23;hnunes@example.net;da Cruz de Goiás;40
3812;Luigi Novais;187.539.204-14;fgarcia@example.org;Andrade;37
3813;Ana Luiza Oliveira;581.630.724-07;mduarte@example.com;Vasconcelos do Campo;35
3814;Luiz Henrique Almeida;189.436.205-51;wda-rosa@example.net;Gomes;27
3815;Ana Vitória Cavalcanti;514.893.027-60;ana-liviaazevedo@example.com;Azevedo;25
3816;Bruno Vieira;938.471.056-39;vieiraravy@example.net;Montenegro;47
3817;Melina Pereira;573.896.214-19;almeidaisis@example.net;Freitas Grande;24
3818;Rhavi Cardoso;540.139.286-98;correiarenan@example.org;Siqueira Alegre;16
3819;Sr. Davi Luiz Freitas;548.619.207-01;da-costaheloisa@example.net;Casa Grande;41
3820;Dr. Vinícius Vasconcelos;613.859.407-00;zbrito@example.net;Caldeira;42
3821;Davi Rios;372.159.480-05;josuecunha@example.net;Silveira da Serra;14
3822;Srta. Ana Vitória Campos;190.468.725-30;correiapietra@example.net;Pires;39
3823;Mariana Almeida;209.463.875-83;ravy35@example.net;Cavalcanti da Prata;38
3824;Léo Montenegro;805.463.721-71;marquesjoana@example.net;Nunes de Aragão;39
3825;João Lucas da Paz;648.192.357-37;salesmarcelo@example.net;Alves de Casa Grande;6
3826;Ana Cecília Mendonça;542.617.039-80;igomes@example.net;Guerra;39
3827;Cauê Farias;965.843.720-65;caue34@example.net;Fernandes Paulista;29
3828;Sr. Otto Marques;932.815.746-37;montenegrodiego@example.org;Fogaça de Pastor;34
3829;Maria Luísa Borges;496.328.570-38;maria-isis10@example.com;Gomes;42
3830;Calebe da Cunha;028.517.396-03;raquel55@example.org;Teixeira;26
3831;Maria Cecília Almeida;948.130.256-33;wsilveira@example.org;Monteiro;13
3832;Lorenzo Macedo;576.413.980-57;montenegromaria-laura@example.org;Câmara;9
3833;Maria Pimenta;078.235.694-00;anthony-gabriel97@example.org;Fernandes Alegre;25
3834;Daniel Sales;398.621.047-40;ssampaio@example.net;Sampaio de Goiás;10
3835;Theodoro Montenegro;534.018.627-07;fariasraquel@example.com;Garcia;40
3836;Enzo Gabriel Costela;107.542.396-16;ccasa-grande@example.com;Carvalho do Sul;9
3837;Dra. Aurora Borges;869.741.305-20;ana-juliaaparecida@example.org;da Paz;48
3838;Maysa Silva;741.806.935-93;gustavo31@example.net;Moura da Serra;15
3839;Dra. Cecilia Martins;634.172.809-31;gsiqueira@example.net;Porto da Prata;4
3840;Liam da Mota;739.268.015-30;manuelada-luz@example.net;Peixoto de Costa;48
3841;Vitor Hugo Alves;712.863.490-87;henriquefarias@example.com;Teixeira da Serra;22
3842;Pedro Lucas da Cruz;978.560.234-65;barbara88@example.com;Cunha;45
3843;Júlia Correia;235.408.176-62;wduarte@example.com;Silveira do Galho;10
3844;Arthur Miguel Albuquerque;421.609.387-69;rochajade@example.net;Ribeiro das Flores;6
3845;Melina Oliveira;327.451.980-41;hpacheco@example.net;Silva;43
3846;Raquel Sousa;820.354.197-60;albuquerquehenrique@example.org;Cardoso Paulista;25
3847;Thiago Souza;315.678.942-91;qda-paz@example.com;Sales do Oeste;8
3848;Dra. Emanuelly Casa Grande;509.273.461-25;saevelyn@example.net;da Luz do Amparo;45
3849;Fernando Abreu;028.176.394-13;alicecorreia@example.net;Viana;2
3850;Joaquim Silveira;724.916.805-30;fdias@example.org;da Conceição dos Dourados;4
3851;Sr. Felipe Cassiano;072.984.615-67;cavalcantileo@example.org;Monteiro do Norte;3
3852;Enzo Gabriel Ramos;138.740.592-60;pimentajulia@example.com;Oliveira;44
3853;Luiz Miguel Duarte;507.941.682-30;jose-miguelda-rosa@example.com;Câmara;24
3854;Matheus Brito;085.273.914-14;joanada-cunha@example.org;da Mota do Campo;41
3855;Sr. Davi Moraes;298.701.463-50;barbosabenjamim@example.org;Cavalcanti;25
3856;Emanuel Silveira;132.547.098-88;uda-conceicao@example.org;Carvalho;18
3857;João Felipe Viana;916.705.428-58;joao-miguelborges@example.org;Pimenta do Amparo;9
3858;Letícia Ribeiro;281.697.504-58;pintomaria-helena@example.net;Mendonça;35
3859;Isabella Almeida;198.267.045-20;barrosana@example.org;da Rosa;31
3860;Stephany Carvalho;064.523.189-42;pimentaagatha@example.org;Santos;51
3861;Esther Lopes;523.471.890-50;souzaana-vitoria@example.com;Jesus dos Dourados;10
3862;Aylla Teixeira;671.834.290-40;da-conceicaoaugusto@example.com;Cardoso de Duarte;44
3863;Josué Rezende;247.603.158-53;gnovaes@example.com;Camargo Verde;5
3864;Bento Silva;295.806.731-95;limaheloisa@example.net;Dias do Norte;22
3865;Liam Vieira;628.749.053-56;salbuquerque@example.com;Santos;12
3866;Ana Luiza da Paz;705.963.241-70;mendesjoao-vitor@example.net;Cavalcante;18
3867;Sophie Brito;538.261.497-00;asafepimenta@example.net;Leão;51
3868;Mirella Montenegro;839.061.524-05;caioramos@example.com;da Luz Alegre;42
3869;Valentina Albuquerque;348.027.519-23;emanuel97@example.net;Sampaio de Goiás;23
3870;Manuella Andrade;498.657.120-67;alana55@example.com;Cirino;29
3871;Giovanna Barbosa;174.825.906-76;brunarios@example.net;da Rocha de Cassiano;17
3872;Maria Sophia Sousa;304.725.861-90;pnascimento@example.net;Santos da Mata;48
3873;Pedro Henrique Costa;892.450.671-49;ceciliacaldeira@example.org;Campos;43
3874;Larissa Garcia;231.085.974-50;leticiacamara@example.org;Rodrigues;35
3875;Gael Costa;501.236.874-62;isis94@example.org;Gomes dos Dourados;17
3876;Luigi Pinto;283.564.701-53;qmarques@example.net;Ribeiro;49
3877;Camila Lima;568.723.410-17;pcunha@example.com;Fernandes do Galho;12
3878;Bruna Machado;190.346.528-15;leoda-mota@example.net;Cassiano de Goiás;30
3879;João Miguel Costa;625.083.179-77;omachado@example.com;Monteiro;47
3880;Srta. Heloisa Sampaio;360.789.412-40;freitaspaulo@example.com;Andrade do Oeste;2
3881;Sr. Paulo Rocha;540.963.721-61;jda-rosa@example.com;Abreu do Galho;44
3882;Maria Eduarda Machado;649.701.352-07;jose-pedro86@example.com;Casa Grande;20
3883;Beatriz Pinto;217.835.964-73;mda-conceicao@example.org;Rodrigues do Norte;21
3884;Eduarda Monteiro;723.986.401-40;bsampaio@example.com;Sales do Amparo;31
3885;Bárbara Leão;402.138.695-51;camila72@example.com;Peixoto de Minas;7
3886;Marina da Mata;826.094.731-50;zmoraes@example.org;Costela;26
3887;Allana Mendonça;038.592.714-23;fernandesmatheus@example.org;Nascimento;9
3888;Sr. Vitor Gabriel Costa;860.349.152-60;ksousa@example.org;Aparecida;28
3889;Anthony Gabriel Nogueira;975.431.068-84;vitor-gabriel16@example.org;Guerra do Campo;51
3890;Alexandre Gonçalves;354.721.908-60;olivia08@example.net;Dias;12
3891;Pietra da Luz;987.246.031-04;melissamarques@example.org;Nascimento;24
3892;Cecília Marques;935.726.410-80;luna30@example.org;Cardoso das Flores;8
3893;João Guilherme Sampaio;572.689.310-77;dcunha@example.com;Carvalho;41
3894;Antonella Jesus;376.109.852-95;manuela00@example.org;Rocha do Norte;40
3895;Srta. Júlia Costela;162.495.780-30;da-costavinicius@example.org;Freitas;24
3896;Aurora Vasconcelos;205.394.187-14;yabreu@example.net;Moura;30
3897;Milena Vargas;287.019.453-60;ravi-lucca10@example.com;Porto Verde;49
3898;Srta. Pietra Alves;069.483.512-98;aylapastor@example.org;Fonseca do Amparo;42
3899;Nicolas Sampaio;156.973.084-93;saemanuel@example.org;Cunha;13
3900;Fernando Correia;036.817.259-77;nogueiraerick@example.com;Costa;34
3901;Sr. Gustavo Henrique Silveira;420.319.867-40;joao-gabriel48@example.com;Pires;10
3902;Pedro Moura;832.067.149-31;wnovaes@example.net;da Conceição de Correia;27
3903;Dra. Julia Gomes;679.534.120-80;alvesmariah@example.org;Albuquerque de da Costa;20
3904;Milena Vieira;746.921.503-43;manuella04@example.com;Vasconcelos da Praia;9
3905;Enrico Novais;357.821.094-32;yasminaparecida@example.com;Rodrigues dos Dourados;9
3906;Julia Souza;893.064.752-92;yfreitas@example.net;Oliveira;17
3907;Yuri Fonseca;679.805.241-01;pastorolivia@example.org;Sá Alegre;32
3908;Vinicius Pires;943.518.026-42;julianada-conceicao@example.com;Vieira de Pires;11
3909;Mathias Monteiro;804.637.912-31;cecilia29@example.org;Moraes da Serra;54
3910;Cauê da Paz;807.264.195-67;vasconcelosbruno@example.com;Gomes de Vargas;40
3911;Maria Liz Peixoto;461.920.375-07;da-luzgustavo-henrique@example.net;Novaes de Rocha;25
3912;Luana Vargas;105.369.478-48;lavinia30@example.org;Sá do Amparo;37
3913;Maria Vitória Fernandes;357.498.610-66;bvasconcelos@example.org;Brito;54
3914;Enzo da Mota;586.029.341-06;guilherme85@example.org;Moraes do Oeste;3
3915;Srta. Rafaela Sousa;620.415.378-17;larissa02@example.org;Sales;48
3916;Sophia Almeida;473.186.950-10;idias@example.net;Caldeira;18
3917;Catarina Ferreira;967.042.831-96;dmacedo@example.org;Costa do Campo;11
3918;Sra. Fernanda Moura;062.583.497-65;nuneslucas@example.net;Rodrigues;14
3919;Sra. Juliana Andrade;260.541.938-05;otavio54@example.org;Vasconcelos da Prata;40
3920;Emanuel Abreu;459.716.382-46;luana75@example.org;Jesus da Prata;34
3921;Ana Vitória das Neves;532.970.164-34;mcostela@example.org;Ribeiro da Mata;4
3922;Vicente Brito;948.275.036-56;joao-lucas73@example.com;Oliveira;21
3923;Caleb Dias;786.925.143-73;cavalcanteapollo@example.com;Rocha;39
3924;Melissa Alves;019.382.657-77;piresjose@example.org;Guerra Grande;34
3925;João Vitor Câmara;762.841.059-67;vicente56@example.net;Viana do Amparo;49
3926;Gabriel Macedo;079.864.231-96;wvasconcelos@example.org;Fernandes;7
3927;Sra. Jade Sales;371.096.258-77;salesdavi-lucas@example.net;Nogueira de Barros;5
3928;Raquel Farias;815.460.372-17;maria-flormoreira@example.com;Montenegro;42
3929;Nicole Azevedo;957.023.168-86;almeidavalentim@example.com;Viana;37
3930;Lavínia Aparecida;659.427.038-92;da-rosalavinia@example.org;Aragão;10
3931;Raul Porto;423.791.685-55;renancamargo@example.net;Melo do Sul;43
3932;Diogo Gonçalves;056.871.432-62;ravi-luccagomes@example.org;Brito;46
3933;João Vitor Casa Grande;147.390.526-52;milenacamargo@example.org;Costa;54
3934;Matteo Sales;895.124.036-33;lizda-cruz@example.com;Machado do Galho;39
3935;Vitória Casa Grande;451.963.028-24;isaqueviana@example.com;Costa;39
3936;Yuri Moreira;239.568.710-30;sofiamelo@example.org;Dias da Mata;4
3937;Apollo Farias;475.218.603-90;cpinto@example.com;Vieira;34
3938;Kaique Pacheco;914.506.378-84;kmoraes@example.com;Sá de Fogaça;12
3939;Srta. Maria Helena Albuquerque;045.627.381-62;dcunha@example.org;Gonçalves;11
3940;Dra. Manuella Costa;724.869.350-29;liamgarcia@example.net;Barbosa da Mata;2
3941;Isabella Leão;920.746.138-22;ana-liviasouza@example.org;Peixoto;26
3942;Allana Moraes;953.486.701-20;bernardo13@example.com;Novaes Verde;15
3943;Sara Novais;263.784.159-19;abreubianca@example.net;Camargo;39
3944;Alícia da Rocha;479.026.581-11;apollo60@example.org;Leão da Serra;49
3945;Alexia Gomes;105.864.793-84;samuel72@example.net;Martins;51
3946;Julia Abreu;894.376.250-00;vianaisaac@example.com;Duarte de Minas;26
3947;Letícia Cunha;382.461.950-42;pastormaria-alice@example.com;Novaes;14
3948;Maria Vitória Novaes;287.593.061-30;mathiasaragao@example.net;Fernandes de Sales;45
3949;Dr. Yan Jesus;165.842.073-07;andradenicolas@example.org;Almeida;1
3950;Lavínia Guerra;206.537.198-68;fvasconcelos@example.net;Silva de Minas;5
3951;Srta. Emilly Montenegro;263.540.179-99;caueda-conceicao@example.org;Caldeira da Serra;26
3952;Pedro Dias;817.394.562-46;laisda-conceicao@example.com;Cardoso;39
3953;Antony Duarte;325.190.478-79;cirinosamuel@example.org;Cunha de Moura;39
3954;Ana Liz Barbosa;291.786.340-40;araujoeduardo@example.org;Porto de da Mata;26
3955;Sr. Benicio Silveira;508.467.921-76;duartemirella@example.org;Pires do Campo;52
3956;Benício Duarte;041.762.938-96;milenamarques@example.com;Moreira;3
3957;Miguel Martins;039.481.765-66;rodrigo71@example.net;Andrade;30
3958;Léo Camargo;419.357.082-79;cazevedo@example.net;Novais de Goiás;35
3959;Vitor Hugo Silveira;351.679.208-68;ana-juliamelo@example.net;Fogaça;45
3960;Ian Rodrigues;347.208.519-32;laura36@example.com;Pires;48
3961;Maria Eduarda Moura;581.042.973-41;meloaugusto@example.com;Fonseca de Melo;35
3962;Marina Cardoso;710.653.948-10;benicioda-cruz@example.org;Costela de Santos;35
3963;Sra. Isabel Novais;682.940.731-13;albuquerquemaria-helena@example.net;Camargo das Pedras;29
3964;Agatha Araújo;853.297.610-77;hda-rosa@example.org;da Rosa da Mata;51
3965;João da Mota;629.317.584-00;pachecorebeca@example.org;Nascimento;11
3966;Gabriel da Mota;941.267.835-55;drocha@example.org;Freitas;6
3967;Maria Sophia Campos;608.719.435-57;zazevedo@example.net;Ribeiro de Pereira;39
3968;Valentina Ramos;923.046.715-43;ana-cecilia00@example.net;Leão;43
3969;Lucas Alves;946.537.018-57;kmoreira@example.org;Fonseca;46
3970;Sra. Eduarda Montenegro;873.954.201-79;da-luzian@example.net;Cavalcanti;9
3971;Dante Jesus;178.963.402-40;fariaspietro@example.org;Camargo;32
3972;Elisa Farias;186.230.759-86;caleb23@example.org;Vasconcelos;32
3973;Laís Santos;471.623.509-25;ubrito@example.net;Albuquerque;10
3974;Jade Novais;832.941.067-69;casa-grandehenrique@example.com;Guerra;32
3975;Benicio Mendes;675.832.901-12;xcasa-grande@example.org;Lopes;48
3976;Nina da Cruz;657.984.230-00;isaquepires@example.com;Camargo;14
3977;Bruno Monteiro;831.729.054-97;julialima@example.net;Mendes;44
3978;Maria Cecília Montenegro;813.675.094-75;ibarbosa@example.com;Sales do Norte;14
3979;Manuella Nogueira;431.658.792-73;vianaagatha@example.org;Ribeiro Paulista;14
3980;Gustavo Henrique da Mota;025.784.931-97;fcaldeira@example.com;Garcia de Goiás;54
3981;Dr. Alexandre Correia;816.749.502-76;nsiqueira@example.net;Farias da Mata;43
3982;Pedro Miguel Abreu;192.345.876-00;joao-felipeda-luz@example.net;Jesus de Borges;34
3983;Hellena das Neves;879.563.042-29;almeidasophie@example.com;da Luz;3
3984;Sr. Bruno Campos;571.483.206-07;scamargo@example.org;Moura Paulista;52
3985;Mariana Lopes;569.420.783-10;cunhaluisa@example.com;Correia de Lima;25
3986;Luiz Miguel Leão;712.608.934-13;tporto@example.org;Fogaça do Amparo;45
3987;Dra. Catarina Campos;318.749.620-22;melissacastro@example.net;Lopes de Mendonça;26
3988;Srta. Emanuelly Vasconcelos;071.659.834-57;marcos-viniciusjesus@example.com;Pereira da Mata;53
3989;Cecília Monteiro;836.972.410-87;amandafarias@example.com;Oliveira;21
3990;Dr. João Gabriel Nunes;684.319.705-10;siqueiraluiz-fernando@example.net;Mendes;48
3991;Brenda Mendonça;164.289.753-19;luiz-felipeda-mata@example.com;Albuquerque;31
3992;Enzo Pacheco;594.301.867-01;felipegomes@example.net;Nascimento;37
3993;Mateus Vieira;824.167.395-73;esales@example.com;Cardoso;26
3994;Zoe Câmara;917.524.086-67;pachecoana-luiza@example.net;da Mota;42
3995;Laís Rodrigues;190.682.357-02;limaheitor@example.com;Nogueira;22
3996;Samuel da Costa;810.653.947-48;ecavalcante@example.net;Andrade da Prata;19
3997;Davi Miguel Gonçalves;163.208.497-03;asafe17@example.com;das Neves;38
3998;Anthony Barbosa;758.024.139-05;da-pazfrancisco@example.org;Mendonça de Alves;51
3999;Luiz Miguel da Costa;387.416.520-53;cassianorodrigo@example.net;Siqueira;15
4000;Yuri Mendonça;408.632.175-08;stellasiqueira@example.net;Cunha da Serra;25
4001;Ryan Gomes;035.861.249-70;maria-luisa22@example.org;da Paz do Amparo;37
4002;Theodoro da Cruz;394.516.802-33;joao-gabrielcassiano@example.net;Farias de Garcia;13
4003;Theo Rezende;583.296.017-30;pintonatalia@example.net;Siqueira;21
4004;Antonella Silva;924.561.803-05;wcamara@example.net;Freitas de Castro;43
4005;Théo Sampaio;832.041.956-51;vianaluiz-gustavo@example.net;Jesus;3
4006;Maysa Nascimento;514.269.783-91;joao-miguel97@example.org;Casa Grande de Lima;47
4007;Esther Castro;394.715.826-28;manuela37@example.net;Borges de Goiás;39
4008;Fernanda Barbosa;165.908.342-70;vsales@example.net;Macedo da Praia;42
4009;Ana Beatriz Fogaça;719.024.653-34;raelda-conceicao@example.com;Cavalcante da Praia;9
4010;Sr. Davi Costela;584.061.293-60;lunnacorreia@example.net;Alves;3
4011;Carolina Cardoso;017.846.523-26;goncalvesstephany@example.com;Leão de Goiás;34
4012;Rodrigo Almeida;964.783.125-00;liz81@example.net;Pinto;28
4013;Luísa Oliveira;190.845.237-41;antonellaalbuquerque@example.net;Casa Grande;47
4014;Maria Eduarda Correia;264.873.190-31;sampaioenrico@example.org;Gonçalves;36
4015;Sr. Guilherme Cavalcante;361.804.972-22;barbosacamila@example.org;da Rocha Paulista;46
4016;Lívia Pereira;236.794.850-00;bpacheco@example.org;Abreu;24
4017;Rafael Abreu;328.905.764-00;costavitor@example.net;da Cruz de Campos;5
4018;Luiz Otávio Cunha;893.014.652-05;milenacasa-grande@example.org;Campos das Pedras;30
4019;Bryan Almeida;972.546.180-02;cardosogabriel@example.org;Fonseca;31
4020;André Leão;074.839.256-47;pachecoluna@example.net;Rocha de Guerra;44
4021;Isabella Caldeira;094.218.673-78;hadassaduarte@example.net;Cavalcante;11
4022;Anna Liz da Luz;725.039.168-21;maria-ceciliafreitas@example.org;das Neves Paulista;38
4023;Hellena Barros;743.905.681-75;ysouza@example.net;Câmara do Sul;43
4024;Gabriela Martins;295.384.760-00;gandrade@example.org;Abreu;15
4025;Lorenzo Macedo;892.156.473-09;ncarvalho@example.com;Ribeiro;52
4026;Ian da Rocha;296.805.417-11;matheusabreu@example.com;Gomes Alegre;46
4027;Milena Leão;061.587.294-85;renan42@example.org;Nogueira;12
4028;Isaac Pimenta;893.540.126-98;apereira@example.com;Lopes do Galho;30
4029;Dom Gonçalves;874.592.063-00;qlima@example.net;Camargo Grande;31
4030;Samuel Rodrigues;685.974.312-37;liz92@example.com;Peixoto do Norte;34
4031;Yan Castro;794.382.165-37;maria-helena63@example.com;Machado da Prata;4
4032;Asafe Aragão;137.584.960-39;da-costamaria-vitoria@example.org;Cavalcanti do Norte;23
4033;Otto Souza;539.108.762-77;gabrielavieira@example.com;Oliveira de Novaes;33
4034;Augusto Aragão;203.891.467-22;bnunes@example.net;Porto;52
4035;Davi Lucca Borges;532.149.706-07;camila06@example.org;Campos de Novais;7
4036;Benjamim Gomes;315.264.087-08;ysiqueira@example.com;Carvalho do Norte;41
4037;Mariah Duarte;165.093.274-06;maria-sophiaandrade@example.com;Viana;13
4038;Ana Luiza Viana;415.869.372-19;vargasbenjamim@example.org;da Mata da Praia;1
4039;Nicolas Porto;935.786.120-30;cirinomathias@example.com;Ramos do Oeste;38
4040;Hadassa Lopes;062.913.487-13;piresmelina@example.org;da Cruz de Melo;17
4041;Miguel Leão;803.974.516-01;msilva@example.org;Gomes das Pedras;27
4042;Augusto Fernandes;531.462.789-28;rezendeheloisa@example.org;Pinto do Norte;18
4043;Pedro Lucas Pimenta;826.517.943-09;xda-rosa@example.org;Silveira da Praia;28
4044;Ana Clara Moreira;906.381.754-10;pachecofelipe@example.net;Barros das Pedras;42
4045;Helena Campos;398.712.406-78;pedro-lucas32@example.net;da Cunha Paulista;13
4046;Marcelo Viana;816.247.309-22;mirellajesus@example.net;Duarte;3
4047;Bianca Fonseca;674.503.289-92;srezende@example.net;Lima;37
4048;Vitor Hugo Brito;257.603.849-29;viniciusnovaes@example.net;Azevedo de das Neves;5
4049;Ana Júlia Jesus;756.920.483-29;henry-gabrielrocha@example.net;Pinto de Machado;54
4050;Sra. Liz Vieira;704.593.861-66;isabella12@example.com;Jesus Grande;47
4051;Dr. Luiz Felipe Azevedo;251.374.068-80;vianayan@example.org;Moura;54
4052;Lavínia Monteiro;467.920.138-03;valentina04@example.com;da Conceição Alegre;49
4053;Ana Carolina Aparecida;279.403.516-99;carvalhohenrique@example.org;Ferreira;12
4054;Sarah Siqueira;841.973.560-48;vasconcelospedro-miguel@example.net;Pacheco Paulista;31
4055;Ana Martins;812.479.053-14;luan22@example.net;Campos;19
4056;Leonardo Cirino;318.269.450-24;sophie83@example.org;Almeida;34
4057;Ana Carolina Dias;354.186.270-07;ottonascimento@example.com;Costa de Minas;23
4058;Pedro Lucas da Rocha;914.735.208-60;anthonyabreu@example.net;Aragão;3
4059;Vitor Novais;706.549.182-01;daniel11@example.com;Moraes;15
4060;Caio Vasconcelos;680.315.724-53;benicio77@example.org;Montenegro;25
4061;Allana Lopes;650.823.917-12;augusto02@example.com;Barros de Jesus;49
4062;Rafael Carvalho;795.184.260-58;sampaioliz@example.org;Nogueira;17
4063;Stella Camargo;421.986.750-30;alvesana-carolina@example.net;Pereira Grande;18
4064;João Felipe Jesus;876.503.492-92;maria-fernanda00@example.org;Oliveira;33
4065;Bento Melo;376.925.801-03;maria-sophia29@example.org;da Luz;12
4066;Ian Nogueira;651.398.724-55;maria-vitoriacavalcante@example.com;Gonçalves;27
4067;Luiz Felipe Pimenta;312.607.549-52;pereirahenrique@example.org;Siqueira;34
4068;Vicente Lopes;139.067.285-95;smartins@example.org;Pastor;41
4069;Enzo Araújo;453.976.281-82;rebecaribeiro@example.com;da Cruz Alegre;29
4070;Sra. Maria Júlia Nogueira;168.970.435-75;heloisacosta@example.com;Mendes do Norte;52
4071;Ana Lívia Farias;180.536.974-10;julianaazevedo@example.com;Gonçalves Paulista;47
4072;Dr. Pietro Ferreira;310.789.425-79;luiz-otavio75@example.com;da Mata;52
4073;Ana Luiza Cavalcanti;592.403.781-97;yuri74@example.org;Rios;54
4074;Sra. Maria Sophia Leão;842.317.950-88;kaiqueda-mota@example.org;Correia;5
4075;Vicente Sousa;912.854.706-30;souzaana-sophia@example.org;Aragão;5
4076;Josué Oliveira;419.587.036-48;camposluisa@example.com;Pinto do Campo;53
4077;Emanuella Moraes;324.780.691-13;ralves@example.org;Pinto de Minas;52
4078;Oliver Oliveira;934.587.612-09;maria-juliada-mata@example.net;Macedo do Oeste;37
4079;Ravi Casa Grande;172.054.936-25;guerraolivia@example.net;Gonçalves da Mata;47
4080;Vitor Monteiro;345.796.128-09;gcorreia@example.org;Cunha;18
4081;Dr. Fernando Dias;867.293.510-12;costelaluan@example.net;Souza;13
4082;Dr. Breno Costa;682.195.074-11;qrodrigues@example.com;Andrade do Amparo;47
4083;João Pedro Vasconcelos;801.436.597-66;nogueirathomas@example.net;Dias;51
4084;Srta. Rebeca Machado;195.783.240-14;uporto@example.org;Barros de Goiás;6
4085;Arthur Miguel da Rosa;063.815.479-01;ramosmaria-alice@example.net;Caldeira;21
4086;Heitor Alves;736.804.915-57;bpastor@example.net;Moura de Azevedo;20
4087;Emanuella Guerra;671.920.354-16;sribeiro@example.com;Aparecida de Aragão;35
4088;Helena Castro;127.059.643-80;brezende@example.net;Sá Grande;8
4089;Hellena Caldeira;673.924.158-91;lorenamendonca@example.net;Sousa de Minas;54
4090;Sarah da Mota;054.729.163-99;cardosogabriela@example.net;da Cruz de Melo;29
4091;Cauê da Mata;487.302.165-08;elisapeixoto@example.net;Cunha;49
4092;Dra. Ana Vitória Pastor;736.482.105-80;barrosjoao-felipe@example.net;Azevedo do Sul;30
4093;Ana Luiza Silveira;289.367.541-73;otaviomendonca@example.com;da Conceição de Castro;39
4094;Lorena Castro;697.310.458-48;carolinaribeiro@example.org;Rocha de Pimenta;9
4095;Juliana da Costa;407.853.129-60;qlopes@example.com;Moreira das Pedras;41
4096;Levi Gomes;413.056.782-90;silveiraleandro@example.net;Casa Grande de Pimenta;24
4097;Lucas Gabriel Campos;356.048.791-93;guerradiego@example.org;Pires Alegre;1
4098;Maria Clara Rodrigues;036.715.892-21;bduarte@example.com;Costela Grande;8
4099;Otto Albuquerque;274.351.908-88;marcelafarias@example.net;Silva da Praia;44
4100;Rafaela Sampaio;023.697.541-25;cdas-neves@example.net;Jesus;53
4101;Lorena Caldeira;586.342.170-35;rsampaio@example.org;Sá da Praia;48
4102;Rafael Farias;764.293.180-87;da-rosaisaque@example.net;das Neves da Serra;54
4103;Bento da Paz;365.278.049-38;daragao@example.net;Santos;36
4104;Dom Lima;567.481.390-66;raul41@example.com;da Rosa;23
4105;Ana Cecília Nascimento;965.784.301-48;jpimenta@example.net;Sales;15
4106;Henry Rodrigues;687.923.504-29;nicolemelo@example.com;Albuquerque de Rocha;2
4107;João Felipe das Neves;716.420.859-01;brayan80@example.net;Carvalho do Galho;23
4108;Srta. Luiza Siqueira;571.283.064-71;peixotoenzo@example.net;Santos;5
4109;Dom Farias;953.218.607-77;zleao@example.net;Ribeiro;4
4110;Otávio Novais;568.704.923-10;ana-julia11@example.org;Porto;17
4111;Arthur Borges;502.638.719-59;maria-fernandasales@example.com;Ramos;28
4112;Benício Aragão;452.698.317-91;gmontenegro@example.org;Santos;41
4113;Isis Pinto;526.087.913-95;gabriel37@example.org;Caldeira;21
4114;Enzo Costela;148.763.952-09;cavalcantianna-liz@example.com;Nogueira Alegre;19
4115;Melissa Farias;265.830.419-60;sabrinasampaio@example.com;Correia Grande;8
4116;Ana Beatriz Santos;819.304.652-89;luara13@example.com;Duarte;22
4117;Anthony Vargas;037.254.196-80;pintolarissa@example.net;Andrade do Norte;9
4118;Dra. Sara Martins;571.269.304-61;maysa64@example.com;Sousa;17
4119;Lucca Marques;850.427.691-02;fogacafernanda@example.org;Cardoso;40
4120;Maria Luiza Teixeira;251.076.943-06;pandrade@example.org;Castro;32
4121;Noah Mendes;768.459.320-00;fda-rocha@example.org;Pinto;24
4122;Ana Luiza Abreu;726.315.894-91;igor57@example.org;da Luz;38
4123;João Miguel Vieira;917.605.438-10;cpires@example.com;Rezende;33
4124;Leandro Pastor;437.286.015-35;vnovais@example.org;Montenegro;36
4125;Gabrielly Garcia;934.506.271-80;yda-mata@example.org;Fogaça do Norte;29
4126;Laís Cunha;305.289.417-04;nina26@example.net;Marques;36
4127;Lucca Jesus;390.741.586-84;melomaria-julia@example.org;Fogaça do Oeste;3
4128;Rebeca da Costa;174.905.283-05;luanasouza@example.net;Leão;47
4129;Thales Aparecida;735.201.986-30;ivargas@example.net;Correia Alegre;5
4130;Laís Brito;230.589.614-05;theo77@example.org;da Cunha Grande;6
4131;Luiz Otávio Jesus;385.096.142-70;vasconcelosenrico@example.com;Cardoso do Oeste;54
4132;Anna Liz das Neves;540.163.279-70;luana42@example.org;Freitas Verde;26
4133;Davi Luiz Monteiro;120.385.746-26;rafaela62@example.net;Moraes de Correia;43
4134;Thiago da Paz;531.674.029-70;raraujo@example.net;Sales;33
4135;Henry Gabriel Sousa;687.093.154-20;nascimentovinicius@example.net;Sá de da Paz;48
4136;Asafe Araújo;054.819.672-94;lda-rosa@example.org;Cassiano;8
4137;Eloah da Rosa;450.198.632-89;rrezende@example.net;Cirino do Oeste;19
4138;Liam Costa;794.615.380-57;jda-paz@example.com;Teixeira;32
4139;Sr. João Pedro Fogaça;462.307.951-16;clara88@example.com;Siqueira;48
4140;Vitória Nunes;034.862.751-35;otavio91@example.org;Câmara;43
4141;Vitor Costela;219.036.584-89;fernando97@example.org;Porto;29
4142;Diogo Vieira;983.106.745-20;abreudaniel@example.com;Teixeira da Prata;33
4143;Zoe Mendes;105.246.893-42;araujovitoria@example.com;Jesus Alegre;11
4144;Ana Vitória Dias;396.175.420-99;xda-mota@example.com;da Mata Verde;16
4145;Luana Lopes;520.864.971-30;kaiquefreitas@example.com;Jesus;38
4146;Benjamin Mendes;726.418.509-58;pereirajade@example.com;Machado;14
4147;Luigi Vieira;079.816.425-58;meloemanuelly@example.net;Cardoso;18
4148;Rhavi Cardoso;485.961.072-58;qmontenegro@example.com;da Mata;27
4149;Luiz Fernando da Conceição;867.539.402-00;mpires@example.com;Melo Grande;17
4150;Ana Cecília Costa;671.549.238-73;benicio12@example.org;Mendes do Galho;8
4151;Erick Costa;947.081.265-49;fernandacasa-grande@example.net;Rocha de Goiás;2
4152;Luana das Neves;147.635.298-46;montenegrostella@example.org;Moraes do Sul;37
4153;Valentina Moura;032.984.517-97;melodaniela@example.com;Farias;54
4154;Srta. Ana Luiza Pires;258.190.437-23;ucosta@example.com;Aragão da Serra;1
4155;Stella Melo;038.192.647-87;brunocosta@example.net;Moraes;46
4156;Dr. Ravi Lucca da Mata;360.245.179-80;agatharodrigues@example.net;Macedo;19
4157;Sra. Alana Lopes;047.985.621-49;diego31@example.net;Vargas;19
4158;Enrico Nunes;673.908.214-69;stephanygarcia@example.com;Barbosa do Norte;37
4159;Sra. Beatriz Cavalcante;794.803.612-13;pedro-lucaspeixoto@example.org;Silva Grande;5
4160;Ana Beatriz da Rocha;914.507.286-85;renancostela@example.net;Camargo;37
4161;Sara Cavalcanti;908.136.254-24;sousathomas@example.org;Borges do Oeste;20
4162;Samuel da Rosa;592.408.136-24;fonsecamaria-liz@example.net;Novaes;32
4163;Davi Lucca Ribeiro;263.850.147-62;maysaazevedo@example.net;Viana Paulista;38
4164;João Guilherme Vasconcelos;612.573.094-80;mateusviana@example.org;Alves do Oeste;37
4165;Vitor Hugo Silva;925.310.476-70;gabrielferreira@example.org;Moraes;23
4166;João Miguel Araújo;276.035.849-65;joaocamara@example.com;da Cunha Grande;5
4167;Clara Teixeira;317.594.086-20;siqueirayan@example.org;Leão de Fonseca;9
4168;Marina Fernandes;709.318.245-32;ana-sophiaaraujo@example.net;Azevedo;35
4169;Francisco Barros;061.928.457-94;aurora58@example.org;Alves;32
4170;Jade Sá;124.860.379-69;pfarias@example.com;Pinto;17
4171;Henrique Souza;873.615.420-26;cmacedo@example.org;Costela da Mata;51
4172;Luiz Gustavo Sales;170.892.643-78;freitasevelyn@example.com;da Luz;45
4173;Isadora Abreu;871.905.342-88;davi-miguel12@example.org;Gomes;11
4174;Benicio Pastor;061.957.342-25;msantos@example.com;Moraes de Alves;9
4175;João Miguel Oliveira;316.784.529-55;emanuellyfonseca@example.com;Oliveira do Sul;26
4176;Manuela Macedo;471.360.285-07;rebeca96@example.com;Cassiano;33
4177;João Vasconcelos;693.048.271-40;pastormatteo@example.net;Gomes;10
4178;José Costa;026.198.735-68;ferreirajoao-vitor@example.org;Vargas de Costela;24
4179;Brenda Aragão;187.956.432-73;fernandesluan@example.com;Vargas do Amparo;53
4180;Bento Correia;167.894.025-94;breno73@example.com;Barros;8
4181;Alícia Viana;857.912.346-19;rfernandes@example.net;Araújo de Borges;36
4182;Dr. Dom Rios;270.459.613-16;bernardoaragao@example.net;Sales de Goiás;8
4183;Valentina Silveira;906.217.548-11;caldeiravalentina@example.com;Jesus de Machado;39
4184;Srta. Elisa Viana;948.506.273-74;cassianomarina@example.net;Macedo;33
4185;Matheus Guerra;206.513.749-52;kalbuquerque@example.net;Melo Paulista;22
4186;Sr. Rafael Azevedo;623.418.579-73;brenda75@example.com;Rios do Galho;8
4187;Daniel Castro;095.327.486-10;asafe74@example.org;Moura;25
4188;Eduarda Ribeiro;709.524.183-04;allanacavalcante@example.org;da Cunha da Prata;52
4189;Josué Sales;280.753.641-71;mariahmoura@example.org;Nogueira;51
4190;Stephany Pastor;389.452.601-70;melina12@example.net;Araújo do Oeste;50
4191;Julia Sá;057.692.843-74;novaesmaria-eduarda@example.org;da Conceição;15
4192;Srta. Lunna Caldeira;950.431.678-66;benjamim59@example.net;Novaes;44
4193;Dra. Ísis da Costa;398.754.602-65;sabrina05@example.net;Pimenta;52
4194;Vitória Pereira;581.249.076-76;ferreiracaroline@example.com;da Mota de Guerra;36
4195;Davi Luiz Cirino;730.981.542-41;da-motasabrina@example.com;da Rocha;31
4196;Vinícius Pires;041.876.235-07;nlima@example.org;Mendonça de Vargas;6
4197;Isabella Moraes;047.695.182-85;alopes@example.com;Pastor;16
4198;Thales Peixoto;970.623.485-38;montenegrocaua@example.net;Mendonça;39
4199;Srta. Heloísa Lima;295.834.607-29;kaiquecardoso@example.org;Camargo;24
4200;Thiago Moraes;619.307.528-30;thiagoborges@example.com;Sousa do Galho;10
4201;Jade Ferreira;361.502.749-34;fonsecapedro-miguel@example.com;da Paz de Nunes;39
4202;Heitor Aparecida;810.354.962-24;efogaca@example.org;Melo;10
4203;Eloá Gomes;745.619.308-84;macedoisis@example.org;Mendes;22
4204;Liam Cirino;273.851.460-07;dcamargo@example.org;Novais de Minas;26
4205;Yan Correia;581.634.097-20;ana-ceciliaramos@example.com;Correia;36
4206;Dr. Vitor Gabriel Cunha;542.061.783-80;das-nevesvinicius@example.com;Araújo;47
4207;Dr. Ryan Pereira;843.021.976-50;albuquerquemaria-flor@example.com;Ferreira Alegre;42
4208;Nathan Freitas;302.586.971-21;luan32@example.org;Carvalho do Sul;24
4209;Laura Castro;247.609.183-96;calebe13@example.com;Carvalho de da Rocha;21
4210;Sr. Isaac Casa Grande;095.764.318-75;nunesrael@example.org;Pereira da Mata;54
4211;Marcos Vinicius das Neves;310.847.659-93;vrezende@example.net;Pires;4
4212;Dr. Danilo Ramos;786.104.932-96;theodoronovais@example.org;Nunes;31
4213;Vicente Almeida;742.385.061-62;davi17@example.com;da Mota dos Dourados;15
4214;Sr. Henry Ramos;169.237.548-28;rioslara@example.net;Camargo;8
4215;Apollo Almeida;301.549.827-41;vguerra@example.net;da Rocha da Mata;34
4216;Vitor Hugo Novais;850.136.729-02;das-nevesfrancisco@example.net;Moreira;54
4217;Letícia Novais;260.589.374-00;joao-lucascavalcante@example.org;Teixeira das Flores;32
4218;Juan Costa;976.841.203-87;fernandesalexia@example.com;Costela da Serra;34
4219;Maria Alice Duarte;758.146.209-94;thiago13@example.net;Melo;45
4220;Kamilly da Cunha;327.410.568-62;vargasjoao-pedro@example.org;Ribeiro de Albuquerque;8
4221;Heloísa Cassiano;287.601.359-21;joao-lucas06@example.org;Sá;53
4222;Laura Caldeira;067.358.294-92;isisgoncalves@example.org;Melo de Costela;53
4223;Laís Casa Grande;175.863.902-40;pietro69@example.org;Sousa de da Rocha;49
4224;Heitor Novaes;086.497.523-65;meloana-clara@example.com;Sampaio Grande;20
4225;Sra. Luiza Porto;370.826.495-92;helenavargas@example.org;da Paz de Minas;1
4226;Matteo Pereira;278.501.496-02;leticiarezende@example.com;da Cruz;6
4227;Lunna Machado;167.948.023-50;andradeenzo@example.net;Fogaça Paulista;14
4228;Marcelo Sá;748.930.126-22;ebrito@example.com;da Rocha de Peixoto;33
4229;Renan Pimenta;239.471.680-04;mcasa-grande@example.org;Teixeira dos Dourados;33
4230;Clarice Sales;072.364.195-16;luiz-felipe18@example.com;Freitas;23
4231;Luiz Henrique Gomes;347.215.608-26;pastormurilo@example.com;Gomes;41
4232;Eduarda Jesus;348.271.059-79;freitasana-liz@example.com;Albuquerque de Minas;3
4233;Heloisa Porto;792.435.861-73;isousa@example.org;Correia de das Neves;32
4234;Dr. Davi Almeida;719.403.285-60;leticiada-rosa@example.com;Carvalho;7
4235;Breno da Luz;642.019.357-52;boliveira@example.com;Ferreira de Moreira;42
4236;Gustavo da Rosa;348.965.107-39;rjesus@example.org;Novaes de Lima;31
4237;Fernando Abreu;457.368.201-53;bento69@example.org;Barros do Campo;11
4238;Luiz Felipe Ribeiro;569.814.730-20;jadecasa-grande@example.com;Vargas;14
4239;Sra. Marina Mendes;738.416.290-40;maria-fernandanovais@example.com;Rocha;3
4240;Gabriela Rocha;149.720.653-70;enrico41@example.org;Azevedo;10
4241;Apollo Gomes;793.684.205-56;pvargas@example.com;Leão de Campos;37
4242;Lucas Gabriel Fernandes;847.619.203-78;barbosadavi@example.com;Borges;16
4243;João Almeida;768.349.021-04;wda-rocha@example.org;Moreira;24
4244;Rafael da Conceição;310.692.587-68;erickaparecida@example.com;Marques de Correia;18
4245;Maria Eduarda da Cruz;364.025.891-60;maria-luiza98@example.net;Cavalcanti;18
4246;Cecilia Araújo;935.120.648-33;carolina46@example.com;Albuquerque;13
4247;Renan Fogaça;870.691.524-85;correiayan@example.org;Gonçalves;43
4248;Vitor Gabriel Leão;109.847.635-20;carolinesa@example.net;Viana;29
4249;Alícia Aparecida;560.483.129-89;peixotohadassa@example.org;Caldeira Paulista;5
4250;Pedro Lucas da Paz;605.341.782-35;aylamendes@example.com;Costa do Galho;27
4251;Isabel Correia;562.970.841-49;gda-costa@example.net;Martins;25
4252;Maria Helena Pinto;856.437.921-09;maria-florsales@example.net;Gomes da Prata;50
4253;Ana Beatriz Siqueira;856.321.047-53;sara78@example.com;Moreira do Sul;42
4254;Benjamim Farias;194.683.207-31;joao-vitoraragao@example.com;Duarte;42
4255;Luna Porto;780.541.296-02;manuelada-cruz@example.net;Macedo;21
4256;Allana Lopes;706.128.459-58;isisbrito@example.org;Pereira;53
4257;Dr. Bento Viana;632.195.840-98;vsampaio@example.net;Silveira do Norte;24
4258;Rhavi Cunha;198.670.534-00;iangoncalves@example.org;Mendonça;3
4259;Calebe Pinto;932.581.460-98;stephany63@example.com;Lopes Verde;15
4260;Josué Viana;268.197.340-69;machadoyuri@example.org;Lima do Oeste;53
4261;Theodoro Pires;912.840.537-41;oaraujo@example.net;Almeida do Oeste;25
4262;João Pedro Azevedo;738.901.425-32;agathaborges@example.net;Fernandes Paulista;18
4263;Melina Ferreira;152.947.306-34;vieiragiovanna@example.com;Câmara;51
4264;Davi Luiz Rodrigues;370.481.596-93;sdas-neves@example.org;Sampaio;32
4265;Lucas Rocha;395.417.628-91;bruno90@example.org;Moura;36
4266;Thiago das Neves;836.274.095-74;gomesmaria-flor@example.net;Rezende;22
4267;João Miguel Jesus;806.593.217-77;henry-gabrielrocha@example.com;Melo Grande;38
4268;Raquel Cirino;340.985.617-00;vvasconcelos@example.net;Novaes;30
4269;Maria Julia Novaes;970.312.584-05;henriquegoncalves@example.net;Viana;6
4270;Theo Oliveira;953.821.046-89;bmontenegro@example.com;Fogaça;19
4271;Miguel Machado;569.147.083-39;correiaisabella@example.org;Almeida;49
4272;Pedro Henrique Pires;051.968.243-24;zcavalcante@example.com;Casa Grande dos Dourados;32
4273;Oliver Marques;520.841.697-20;maysa23@example.net;da Luz de Cirino;19
4274;Ravi da Paz;251.469.378-00;felipe98@example.com;Rodrigues da Praia;52
4275;Hadassa Souza;160.895.234-70;gustavo-henrique72@example.com;Sales;22
4276;Sra. Catarina Moreira;820.564.179-01;matheus02@example.com;Aparecida;3
4277;Davi Lucas Vasconcelos;980.213.765-03;ana-vitoriada-costa@example.com;Monteiro do Sul;25
4278;Melina Ribeiro;850.637.942-38;rezendekevin@example.org;Moura de Nascimento;10
4279;Yasmin Silva;816.593.472-46;joao-lucas23@example.org;da Rosa da Mata;16
4280;Ana Lívia Borges;754.982.306-56;avasconcelos@example.com;Ramos da Mata;48
4281;Ana Sophia Fonseca;361.280.745-53;gabrielrodrigues@example.net;Sampaio;11
4282;Olívia Aparecida;415.307.986-39;daraujo@example.com;Barbosa das Pedras;36
4283;Benjamin Ramos;640.728.513-53;silveirajoao-felipe@example.net;Mendes;20
4284;José Pedro Vieira;281.035.947-41;vitor-hugomoura@example.net;Vieira;32
4285;Levi Vieira;957.284.630-29;noahmonteiro@example.com;Câmara;31
4286;Luiz Otávio Viana;823.460.751-08;hadassa75@example.com;Sá;40
4287;Emilly das Neves;760.312.845-53;diogo31@example.com;Leão do Oeste;8
4288;Sara Rezende;621.753.094-52;yuri47@example.net;Viana;25
4289;Catarina das Neves;597.348.610-93;pintoallana@example.net;Rocha;33
4290;Henry Gonçalves;360.725.981-02;qmonteiro@example.org;Pires Paulista;42
4291;Dr. Matteo Barros;407.328.596-38;bda-cunha@example.com;Fonseca;19
4292;Henry Cavalcanti;276.453.190-70;maria21@example.net;da Mota Alegre;15
4293;Hellena Cardoso;619.403.275-80;catarina22@example.com;Moreira;36
4294;Luiz Gustavo Dias;470.853.962-29;lararezende@example.org;Ferreira;33
4295;Sra. Isadora da Conceição;640.983.572-83;qbarros@example.org;Sá;34
4296;Isabelly Campos;067.125.984-94;stephany81@example.com;Albuquerque;20
4297;Henrique Castro;812.369.047-96;lucca78@example.net;Correia do Amparo;35
4298;Olivia Castro;427.890.651-01;danilo58@example.org;Cunha do Campo;8
4299;Letícia Macedo;054.763.291-61;mendespedro@example.org;Ferreira das Flores;30
4300;Sophia Rocha;932.140.857-60;joao-pedronogueira@example.org;Araújo do Oeste;8
4301;José Miguel Nunes;795.864.103-66;ivasconcelos@example.org;Moraes da Prata;39
4302;Luigi da Mota;906.354.872-92;gustavo-henriquesantos@example.net;Pimenta;16
4303;Sara Vasconcelos;647.258.103-71;ninacavalcante@example.org;Albuquerque de Guerra;8
4304;Olivia Monteiro;793.042.158-97;machadoluna@example.org;Cunha;5
4305;Ágatha Borges;046.713.592-43;ferreiraana-clara@example.com;Cardoso;5
4306;José Miguel Siqueira;912.584.376-19;gustavo-henriqueribeiro@example.net;Siqueira do Campo;47
4307;Jade Oliveira;265.708.934-83;anthony-gabrielcirino@example.net;Borges;5
4308;Sr. Carlos Eduardo Rios;806.912.574-85;ravi59@example.com;Albuquerque;19
4309;Stephany Aragão;657.139.084-10;ana-liz56@example.org;Rodrigues;16
4310;Luiz Felipe da Paz;053.796.218-21;vicente09@example.net;Rodrigues da Serra;45
4311;Rael Santos;726.194.503-06;gmendes@example.net;da Mata das Pedras;24
4312;Pedro Lucas Correia;274.103.896-13;qrezende@example.net;Albuquerque;32
4313;Valentim Silveira;476.395.201-34;calves@example.org;da Mota;33
4314;Yan da Cunha;765.910.284-20;ana-ceciliateixeira@example.com;Nascimento;36
4315;Gabriel Porto;891.652.730-95;da-pazanna-liz@example.net;Garcia;1
4316;Murilo Souza;097.283.415-04;diogomarques@example.net;Jesus;20
4317;Sabrina Macedo;481.967.023-96;scosta@example.net;Montenegro Paulista;51
4318;Otávio da Costa;361.480.792-40;dfonseca@example.org;Casa Grande de Novaes;38
4319;Brenda Ribeiro;841.523.906-89;castroisabel@example.com;Viana;27
4320;Lavínia Jesus;186.357.029-21;diogo81@example.com;Aragão Paulista;29
4321;Aurora Cassiano;936.175.028-30;zpeixoto@example.net;Viana;38
4322;Heitor Teixeira;472.509.316-52;pintolorena@example.com;Macedo;17
4323;Natália Alves;327.845.019-14;luisarocha@example.com;Fernandes;7
4324;Anthony Gabriel Novaes;396.705.218-40;ferreiradom@example.org;Mendonça;43
4325;Isaque Castro;241.730.986-69;catarina57@example.net;Lopes de Goiás;45
4326;Liz Almeida;812.374.560-53;xmacedo@example.net;Machado da Serra;30
4327;Ravi Rios;012.753.486-53;opimenta@example.com;da Cruz;32
4328;Bárbara Sales;135.086.749-75;caue81@example.com;Costela;23
4329;Maysa Gonçalves;135.926.047-16;rodrigo84@example.com;da Rosa da Serra;47
4330;Nicole Carvalho;497.218.360-87;borgesalexia@example.net;Pimenta;13
4331;Gael Henrique Mendes;925.746.381-82;antony66@example.org;Barros;35
4332;Manuella Fernandes;865.092.731-95;ester81@example.net;Rocha;41
4333;Ana Júlia Leão;605.379.428-74;correialuiza@example.org;Nascimento;23
4334;Heitor Nogueira;096.154.738-39;laviniapacheco@example.net;Albuquerque;47
4335;Sara Ribeiro;872.604.513-35;saleshenry@example.com;Borges das Pedras;10
4336;Ana Cecília Alves;472.081.596-02;pimentaoliver@example.com;Barros de Mendonça;25
4337;Francisco Albuquerque;058.729.461-20;araujoaylla@example.org;Casa Grande de Goiás;20
4338;Luiz Gustavo Ferreira;438.291.506-60;ana-juliacosta@example.org;Farias;5
4339;Gabriela da Cruz;036.591.478-93;lsiqueira@example.org;Rezende do Amparo;49
4340;Julia da Rosa;730.456.982-47;uporto@example.net;Siqueira;3
4341;Raquel Leão;674.215.930-80;clararocha@example.com;Câmara dos Dourados;13
4342;Bernardo Rocha;180.963.745-75;maria-luisasantos@example.com;Leão;35
4343;Levi Araújo;395.068.124-89;daniela73@example.com;Ferreira;11
4344;Anthony Gabriel da Cruz;426.701.358-62;isadorapimenta@example.net;Machado;31
4345;Valentim Martins;028.479.651-49;enrico10@example.org;Pereira;52
4346;Julia Albuquerque;965.384.271-46;daniela98@example.net;Teixeira;7
4347;Ana Luiza Costela;032.416.759-80;heitorcunha@example.net;Sousa do Oeste;9
4348;Davi Lucas Borges;390.756.284-47;fernanda03@example.org;Peixoto;36
4349;Alexandre Pacheco;587.910.643-84;leandro00@example.net;Duarte;18
4350;Dr. Heitor Barros;860.351.427-53;rodrigo87@example.com;da Conceição do Amparo;40
4351;André Ferreira;356.198.702-86;ayllacarvalho@example.com;Pereira;18
4352;Maria Isis Mendonça;481.790.253-14;melinafonseca@example.com;Azevedo da Mata;8
4353;Bernardo da Rosa;013.465.728-44;emillyda-costa@example.net;Silveira;2
4354;Bella Moraes;942.870.516-02;cirinozoe@example.com;Azevedo;49
4355;Benjamim Aragão;416.297.085-85;ida-luz@example.com;Correia;39
4356;Dante Moreira;703.428.569-10;vinicius02@example.net;Jesus;26
4357;Ágatha Sales;061.723.854-53;joao-pedroda-mata@example.net;Lopes da Serra;2
4358;Lívia Fonseca;615.739.804-39;enzo-gabriel72@example.com;Sales da Prata;8
4359;Rafael Peixoto;270.945.613-34;machadopietro@example.com;Guerra;23
4360;Otto Santos;849.350.621-42;anthony91@example.net;Gomes;53
4361;Eduardo Porto;870.953.642-65;gda-rocha@example.org;Vasconcelos;27
4362;Diogo Fogaça;860.745.912-02;hellena54@example.org;Cirino;39
4363;Erick Casa Grande;960.347.125-99;meloliam@example.net;Casa Grande de Minas;17
4364;Maria Sophia Lopes;782.154.369-19;dsilveira@example.com;Pacheco da Mata;16
4365;Maria Laura Câmara;789.654.213-73;barrosrebeca@example.net;Sales de Cardoso;46
4366;Valentim Camargo;870.315.624-90;livia26@example.com;Cavalcante;5
4367;Stella Camargo;076.198.425-94;odas-neves@example.net;Santos das Pedras;24
4368;João Lucas Borges;324.870.156-08;enzo42@example.org;Moreira Grande;49
4369;Dr. Luigi Sousa;143.298.570-14;mouragiovanna@example.net;Andrade;49
4370;Sr. Bento Correia;415.926.870-67;alice28@example.org;Carvalho dos Dourados;22
4371;Otto Albuquerque;791.243.580-88;isabelapimenta@example.org;Ramos de Aparecida;5
4372;Davi Lucca das Neves;293.807.465-47;rochagustavo-henrique@example.com;Andrade;51
4373;Sr. João Pedro Dias;960.475.138-75;ccavalcante@example.net;Almeida da Serra;47
4374;Ana Beatriz Ramos;943.021.678-31;melorebeca@example.com;Ferreira;25
4375;Maria Liz Sales;156.934.872-37;arthur-miguel45@example.com;Abreu das Pedras;29
4376;Valentim Ferreira;367.824.150-62;mateus13@example.org;Borges;31
4377;Srta. Rebeca Souza;064.283.159-98;maria-julia91@example.org;Aparecida;43
4378;Srta. Heloisa Melo;916.042.738-87;dmacedo@example.com;da Paz do Sul;19
4379;Giovanna Teixeira;057.369.241-61;heloisaalmeida@example.org;da Paz Grande;5
4380;Maria Vitória Cunha;574.089.261-94;vinicius44@example.org;Teixeira;10
4381;Ísis Cardoso;582.917.406-58;maria-claracostela@example.org;Gomes;38
4382;Thales Mendes;980.214.736-22;gcunha@example.org;Peixoto da Praia;3
4383;Ravi Viana;614.052.378-80;ribeiroluara@example.net;Mendes;47
4384;Henry Gabriel Novais;210.487.693-13;da-motasara@example.net;Camargo;51
4385;Maria Helena Novais;504.371.926-52;heloisa90@example.net;Porto do Campo;44
4386;Paulo Andrade;392.615.407-16;otavio75@example.com;Carvalho de Martins;21
4387;Srta. Lívia Pimenta;250.874.369-00;zpimenta@example.com;Monteiro de Guerra;30
4388;Nina Nogueira;871.904.235-32;acardoso@example.org;Santos das Pedras;40
4389;Davi Lucca Pinto;568.237.194-19;lopesdavi-lucca@example.net;Fogaça de Albuquerque;23
4390;Henrique Moura;140.298.735-88;davi-miguelfogaca@example.org;Sá;8
4391;Sr. Léo Rios;345.782.196-82;razevedo@example.org;Moreira de da Rosa;3
4392;Rael Gomes;013.827.956-02;ravi52@example.com;Teixeira Verde;35
4393;Paulo Aragão;425.960.837-10;pimentarodrigo@example.net;Siqueira da Prata;48
4394;Sophia Barros;843.512.967-55;ravi-lucca42@example.com;Pires de Minas;43
4395;Eduardo Novais;652.481.907-11;icassiano@example.com;Carvalho do Campo;43
4396;Ana Cecília Aparecida;735.409.168-57;enzo-gabriel48@example.org;da Mota;17
4397;Antony Cirino;598.623.170-86;kda-mata@example.net;Abreu da Prata;54
4398;Dr. Augusto Carvalho;625.947.013-43;pedro-henrique95@example.net;Jesus do Campo;50
4399;Elisa Albuquerque;703.956.148-48;dcamara@example.org;Rezende da Serra;10
4400;Rafaela Costa;741.082.539-14;fogacakaique@example.net;Nogueira;52
4401;João Vitor Aragão;908.612.435-60;aylamartins@example.org;Cunha;25
4402;Felipe Castro;037.612.495-43;murilorodrigues@example.net;Vasconcelos do Sul;46
4403;Oliver da Mota;785.903.624-00;melinaazevedo@example.net;Fogaça do Galho;34
4404;Sr. Antônio Cardoso;146.278.053-90;lucas-gabrielalmeida@example.com;Fogaça;1
4405;Liam Alves;197.345.628-19;da-rosamaria-flor@example.net;Albuquerque;18
4406;Emilly Carvalho;501.362.874-17;peixotoluiz-henrique@example.org;Jesus;33
4407;Leandro Ramos;470.358.619-39;marina96@example.com;Melo;28
4408;Josué Barbosa;125.469.703-99;camargoluana@example.org;Rodrigues Paulista;19
4409;Luiz Felipe Barbosa;691.730.854-48;maria-laura85@example.org;Dias;15
4410;Srta. Cecilia Pires;743.816.029-78;rfogaca@example.com;Nogueira do Sul;41
4411;Catarina Araújo;952.834.761-46;machadolevi@example.com;Peixoto;9
4412;Gabriel Porto;302.894.167-87;paulo84@example.com;Novais;36
4413;Gustavo da Cunha;975.632.104-07;mourajulia@example.org;Teixeira;22
4414;Sr. Davi Lucas Freitas;513.049.768-66;joanada-rocha@example.net;Teixeira de Mendonça;46
4415;Renan Almeida;345.910.276-43;maria-vitoriada-cunha@example.org;Guerra;11
4416;Bella Pacheco;579.642.083-65;ayla49@example.org;Duarte da Mata;19
4417;Sra. Valentina Souza;294.057.318-23;ribeirohenrique@example.net;Araújo de Albuquerque;13
4418;Juliana Pimenta;809.374.562-92;ianfreitas@example.com;Martins dos Dourados;18
4419;Sr. Danilo Jesus;352.876.410-44;gmoura@example.net;Dias;31
4420;Sr. Vitor Gabriel Pacheco;795.860.241-30;monteiroana-carolina@example.org;Camargo;38
4421;Alexandre Vasconcelos;379.680.451-93;marcelo32@example.org;Teixeira;28
4422;Bianca Teixeira;420.873.169-96;ninada-rocha@example.org;Mendes;34
4423;Thomas da Rosa;690.471.258-94;rezendeoliver@example.org;Brito;10
4424;Gael Garcia;057.189.342-23;fonsecajulia@example.com;Rodrigues da Serra;40
4425;Theodoro Lima;582.310.479-05;montenegrodaniel@example.org;Vieira;24
4426;Helena Moura;742.319.085-32;marina55@example.org;Sá das Flores;36
4427;Stephany Câmara;291.540.786-01;nunesenzo-gabriel@example.com;Sampaio de Alves;23
4428;Vinicius Cirino;791.342.685-37;bgoncalves@example.org;Barros;39
4429;Sra. Rebeca Silva;498.023.517-41;maria-luisafarias@example.net;da Rocha;33
4430;Ana Vitória Cunha;281.405.793-60;milena44@example.com;Correia de Duarte;10
4431;Mathias da Luz;071.562.934-43;da-luzlorena@example.net;Casa Grande do Amparo;31
4432;Benjamin Siqueira;456.278.109-20;da-costasarah@example.org;Dias do Campo;24
4433;José Miguel Machado;296.715.308-77;joaquim13@example.net;Rocha;14
4434;Diogo Cassiano;761.248.930-96;nogueiramaria-julia@example.net;Cirino da Serra;10
4435;Dante Novais;583.091.427-14;mariane03@example.com;Pinto;2
4436;Bárbara Siqueira;814.672.509-02;lunnarezende@example.com;Novais;1
4437;Esther Camargo;785.143.960-48;heloisa85@example.org;Guerra;15
4438;Ryan Sales;586.741.329-28;carlos-eduardoramos@example.org;Pinto;39
4439;Matteo Campos;021.965.347-06;da-rochamaysa@example.net;da Conceição de Melo;14
4440;Thomas Aragão;521.963.048-24;kda-costa@example.com;Pires;16
4441;Oliver Rocha;316.842.097-22;lcamargo@example.com;Lopes de Mendonça;27
4442;Sra. Ana Luiza Rodrigues;690.324.581-24;vitor24@example.com;da Mata;2
4443;Dra. Sofia Moraes;645.183.290-15;larafarias@example.org;Leão de Leão;18
4444;Isabela Caldeira;592.760.384-00;felipebarros@example.org;Nascimento do Campo;44
4445;Maria Sophia Moreira;506.129.473-43;fernanda88@example.org;Sampaio de Goiás;22
4446;Felipe da Rosa;235.416.809-89;joao-gabriel51@example.org;Cirino do Amparo;33
4447;Luan Nascimento;612.097.548-94;ferreiraana-livia@example.com;Cavalcante;45
4448;Marcos Vinicius Cardoso;759.816.402-94;hbrito@example.net;Lopes;15
4449;Manuella Cassiano;974.680.125-20;elisacastro@example.org;Moreira Paulista;44
4450;Maria Fernanda Peixoto;638.594.210-42;lda-paz@example.org;Souza do Galho;11
4451;Liam Duarte;561.743.028-90;da-rochaleo@example.com;Duarte;20
4452;Joana Gonçalves;583.162.709-86;ynovaes@example.net;Correia do Galho;44
4453;João Gabriel Almeida;847.316.902-69;maysamarques@example.net;da Rosa;9
4454;Apollo Rodrigues;469.073.815-75;gcamargo@example.net;Machado Alegre;19
4455;João Gabriel Fonseca;216.980.437-40;ayllada-cunha@example.net;Carvalho de Minas;42
4456;Srta. Cecilia Camargo;546.179.028-30;juan76@example.net;Brito;3
4457;Nina Alves;605.193.824-98;gabriellyda-conceicao@example.net;Sousa Alegre;17
4458;José Pedro Porto;364.917.820-69;ana-livia52@example.org;Viana;17
4459;Eloah Gonçalves;712.946.085-76;garaujo@example.net;Sousa;24
4460;Pedro Lucas da Cruz;546.073.821-08;portomaria-julia@example.com;Teixeira das Flores;6
4461;José Pedro Sá;925.684.103-70;ununes@example.com;Nogueira do Norte;20
4462;Davi Lucas Cavalcanti;076.238.195-77;camila96@example.org;da Luz de Cardoso;32
4463;Igor da Rosa;123.897.045-14;marcelo69@example.com;Mendes da Praia;8
4464;Benício Garcia;913.427.805-23;zgoncalves@example.org;Cunha do Galho;23
4465;Vinicius Caldeira;172.698.035-95;hdas-neves@example.org;Viana do Oeste;26
4466;Leandro Lopes;063.489.521-42;yago20@example.com;Pimenta;21
4467;Isadora Pimenta;608.534.297-74;anthony-gabriel61@example.com;Cirino de Costela;25
4468;Catarina Andrade;751.092.384-05;jsantos@example.org;da Cruz;54
4469;Bento Carvalho;240.731.896-03;aurora43@example.org;da Luz;36
4470;Maria Luísa Mendonça;408.692.713-69;camargoevelyn@example.net;Silva de Câmara;39
4471;Ana Julia Jesus;340.271.598-88;ocirino@example.net;Costela da Serra;36
4472;Bruna Montenegro;238.607.451-07;kamillysousa@example.net;Ribeiro;3
4473;Lívia das Neves;814.295.730-23;diasjade@example.org;Cunha;13
4474;Eloá da Rosa;746.839.150-57;daniela13@example.com;Costela;45
4475;Sra. Milena Peixoto;780.436.291-96;nmelo@example.net;Pimenta;23
4476;Pedro Henrique Peixoto;345.691.072-06;anna-lizcastro@example.org;da Rosa;26
4477;Aylla Campos;461.795.802-94;sabrinalopes@example.org;Oliveira Grande;21
4478;Lorenzo Sales;243.750.816-35;lgoncalves@example.net;Sampaio do Campo;15
4479;Josué Rezende;016.297.538-40;hcardoso@example.org;Lopes;21
4480;Ana Carolina da Mota;381.024.765-08;alexandregarcia@example.org;da Paz de Minas;10
4481;Luara Sá;016.732.985-59;maya56@example.net;Barbosa;39
4482;Heloísa da Cunha;315.864.709-57;joao-felipesousa@example.net;Vasconcelos;28
4483;Gustavo Henrique Fonseca;963.257.140-16;livia19@example.net;Oliveira;10
4484;Otto Dias;278.651.094-58;thiagoalbuquerque@example.org;da Paz do Galho;51
4485;Anthony Gabriel Sales;254.039.871-50;efonseca@example.com;Mendes;3
4486;Sra. Luara Sá;321.769.845-28;qda-rocha@example.org;Pastor do Oeste;33
4487;Arthur Barbosa;503.412.876-44;joao-guilhermerocha@example.net;Viana;26
4488;Guilherme Gomes;495.361.027-06;klima@example.com;Souza;27
4489;João Gabriel Almeida;694.238.017-22;mendoncakevin@example.net;Aragão;25
4490;Davi Miguel Moura;834.751.269-82;bryan74@example.net;Pinto;53
4491;Sophie Casa Grande;803.574.219-14;albuquerquedavi-lucca@example.org;Lopes do Galho;15
4492;Rafaela Melo;903.572.614-61;leandrocamargo@example.com;Rodrigues do Galho;19
4493;Eloá Sales;867.439.152-46;xcorreia@example.com;Cardoso;25
4494;Gabriela Silveira;152.683.097-30;agatha15@example.com;Moura do Campo;36
4495;Arthur Miguel Barbosa;548.320.169-89;eda-costa@example.net;Moraes do Norte;27
4496;Srta. Clara Abreu;327.650.981-40;mendessara@example.net;Cassiano;26
4497;Catarina Freitas;015.723.896-21;leoda-cruz@example.net;Guerra;3
4498;Caleb Marques;542.389.107-88;carvalhoyago@example.org;das Neves;32
4499;Esther Rezende;906.854.213-33;ccasa-grande@example.net;Mendes do Oeste;3
4500;Davi Luiz Santos;348.956.012-42;nda-conceicao@example.net;Pinto;8
4501;Davi da Cruz;701.495.368-01;igorlopes@example.net;Porto do Amparo;38
4502;Isaque da Luz;189.623.457-73;freitasdavi@example.org;Moraes;44
4503;Joana Fernandes;982.047.613-50;wjesus@example.org;Borges da Prata;48
4504;Amanda Novaes;540.917.683-93;esterduarte@example.com;Costa dos Dourados;37
4505;Anthony Vargas;560.793.284-29;joao-miguelfonseca@example.net;da Cruz de Pinto;41
4506;Nicole Aragão;710.359.426-07;anthonycamara@example.org;Cunha;2
4507;Eduarda da Cruz;543.197.260-06;vsampaio@example.com;Vieira;12
4508;Mathias Melo;412.038.957-04;rcasa-grande@example.net;Cunha Verde;35
4509;Ana Julia Peixoto;960.834.127-22;ferreiragabriel@example.com;Sousa;35
4510;Ana Lívia Pires;081.327.564-44;vasconcelosemanuella@example.net;Pires;25
4511;Bento Silva;923.581.604-15;antony15@example.org;Aragão;53
4512;Sra. Julia Moura;615.379.820-95;isis96@example.net;Pereira da Serra;31
4513;Marina Costa;860.713.429-96;andradeantonella@example.com;Guerra de da Mota;21
4514;João Pedro Pinto;492.581.073-14;barbarafonseca@example.org;Garcia;8
4515;Ana Luiza Mendes;827.143.609-04;spimenta@example.org;Lima do Sul;15
4516;Davi Lucca Pastor;631.820.459-89;dante40@example.net;das Neves;49
4517;Rhavi Leão;071.835.429-04;bda-rosa@example.com;Alves de da Mata;18
4518;Augusto Ribeiro;869.523.401-06;theo01@example.org;Gomes;11
4519;Liz Campos;539.210.847-41;pintoisis@example.org;Azevedo;42
4520;Cecilia Silveira;532.617.049-34;rezendemaysa@example.com;Moura;43
4521;João Barros;623.918.547-73;ana-liz02@example.net;Costa;54
4522;Davi Luiz Cassiano;760.814.592-76;gduarte@example.org;da Luz do Oeste;4
4523;Sophie Freitas;512.469.380-06;moreirabento@example.com;Albuquerque;25
4524;Milena Gonçalves;904.312.857-05;henriquenovaes@example.net;Pinto de Goiás;21
4525;Natália Fonseca;395.472.061-25;matheuscavalcante@example.net;Rocha de Goiás;4
4526;Luan Almeida;684.921.750-01;aylada-mata@example.com;Ribeiro;46
4527;Renan Nogueira;068.274.531-62;jvieira@example.net;Moraes da Serra;32
4528;Sarah Fogaça;512.309.476-80;zaraujo@example.org;Albuquerque de Viana;14
4529;Dra. Luna Fernandes;456.820.719-30;luiz-gustavo38@example.com;das Neves;6
4530;Sr. Leandro Campos;382.174.069-87;portoantony@example.org;Oliveira;22
4531;Luiz Felipe Andrade;492.580.317-41;rezendesarah@example.org;Porto;49
4532;Sra. Heloisa Farias;517.683.942-37;antonella65@example.net;da Rocha;43
4533;Maria Vitória Novais;254.973.106-99;caio11@example.com;Almeida;3
4534;Paulo Moreira;467.385.029-74;cardosomaria-flor@example.com;Macedo;13
4535;Manuela Ferreira;574.910.632-25;fborges@example.com;Fogaça;34
4536;Lucas Gabriel Cavalcanti;236.140.895-33;mfernandes@example.org;Porto de Cardoso;52
4537;Maria Brito;315.479.806-48;costelasabrina@example.net;Melo dos Dourados;41
4538;Maitê da Rosa;074.218.539-79;joana28@example.com;Garcia;27
4539;Maria Liz Marques;206.793.581-02;arthur-gabriel37@example.com;Campos;10
4540;Sra. Agatha Duarte;570.234.968-74;ravimendes@example.net;Novais;37
4541;Isabela Fonseca;765.321.840-71;pintoana-sophia@example.com;Barros de Monteiro;49
4542;Sra. Isis Siqueira;168.325.709-02;ribeiroluana@example.org;Novais;48
4543;José Miguel da Paz;359.620.471-25;yandrade@example.net;Pires de Lopes;20
4544;Josué Silva;453.067.198-48;leonardo74@example.net;Sousa;25
4545;Diego Nascimento;138.042.956-06;saagatha@example.org;Santos de Fogaça;32
4546;Rafael da Rosa;126.079.384-22;caroline86@example.org;Cardoso do Sul;12
4547;Clarice da Rocha;897.410.526-85;mathias65@example.com;Cassiano;42
4548;Levi Correia;840.176.259-67;hvasconcelos@example.com;Pereira;29
4549;Dr. Nicolas Marques;230.659.471-61;macedodavi-miguel@example.org;Montenegro;30
4550;Luiz Felipe Azevedo;463.287.915-00;ana-clara76@example.org;Lima;14
4551;Isabel Santos;486.317.029-78;santosmaria-liz@example.com;Mendes;38
4552;Guilherme Carvalho;641.375.280-71;cecilia88@example.com;Campos;12
4553;Emilly Pacheco;901.865.734-48;albuquerquegustavo@example.net;Machado;45
4554;Srta. Júlia Novais;834.017.659-57;eribeiro@example.org;Cavalcanti de Peixoto;28
4555;Ana Julia Correia;450.829.167-85;theodoroda-cunha@example.com;Pires do Oeste;8
4556;Olivia da Rocha;295.364.107-61;gustavo-henriqueda-mota@example.com;Moraes;16
4557;Gael Henrique da Costa;213.506.897-77;joao-gabrielgoncalves@example.com;da Cruz;41
4558;Dr. Carlos Eduardo Azevedo;943.702.618-13;manuelanovais@example.net;da Cruz;39
4559;Dr. Gustavo Henrique Barbosa;849.623.017-13;heloisa34@example.com;Lopes;3
4560;Valentina Araújo;178.064.329-22;vicente06@example.com;Aragão;27
4561;Gael Henrique Freitas;641.203.857-44;enricosantos@example.org;das Neves de Goiás;5
4562;Sr. Gabriel Macedo;183.524.760-17;gustavoaraujo@example.net;Macedo;20
4563;Ágatha Freitas;851.947.603-10;sophiada-costa@example.com;Moura de Lopes;20
4564;Nicolas da Mota;619.027.458-76;fernandesapollo@example.org;Andrade do Sul;45
4565;Sara Nascimento;618.520.379-03;da-conceicaoana-julia@example.net;Almeida de Andrade;42
4566;Caroline Gonçalves;374.592.608-00;caio74@example.com;Cavalcante de Minas;20
4567;Isabelly Sousa;835.410.672-17;caraujo@example.org;Fonseca;20
4568;Lunna Campos;179.260.834-96;odias@example.com;Costa de Sales;32
4569;Cauê Vargas;017.369.854-93;kamillybarbosa@example.com;Andrade do Galho;19
4570;Maria Clara Guerra;910.846.237-22;araujoryan@example.org;Porto Alegre;41
4571;Gabriel Camargo;742.103.985-60;costahellena@example.net;Rios de Moreira;19
4572;Manuela da Cruz;720.314.689-87;rebeca17@example.net;Pimenta;47
4573;Bella Cunha;195.748.206-02;agatharios@example.org;Siqueira;8
4574;Emanuel Brito;829.407.613-96;ramosantonella@example.com;Costela;38
4575;Caleb Cassiano;594.162.730-07;luiz-fernandoaraujo@example.com;Alves;43
4576;Sr. Yan Pacheco;840.597.321-41;ryanteixeira@example.org;Pacheco de Goiás;12
4577;Sr. Augusto Martins;385.021.796-59;lais79@example.com;Ferreira;6
4578;André Pimenta;461.325.970-34;wnovais@example.org;Moreira;14
4579;Aylla Silva;513.609.748-57;pastorlarissa@example.org;Ramos;48
4580;Eloah Garcia;236.047.918-04;sjesus@example.org;Martins;20
4581;Sarah Dias;079.562.314-34;matteosa@example.org;Costela;53
4582;Dra. Luara Pires;012.864.937-22;santosluan@example.com;da Mota;38
4583;Luiz Gustavo Rodrigues;829.016.743-13;novaesvalentina@example.org;Aragão das Flores;5
4584;Maria Fernanda Peixoto;356.702.894-47;clara28@example.com;Guerra;1
4585;Daniela Borges;748.350.612-17;joao-lucasda-rocha@example.net;Ribeiro da Prata;3
4586;Melina Guerra;316.079.428-87;saleslarissa@example.com;Alves de Souza;45
4587;Luiz Fernando Cardoso;950.631.247-80;pedro-miguel04@example.com;Gomes dos Dourados;28
4588;Sr. Nathan da Cruz;243.190.587-04;maria-fernandada-luz@example.net;Gomes;51
4589;Otto Souza;985.102.346-98;fariasmathias@example.org;Oliveira;52
4590;Júlia Guerra;563.941.280-15;saramacedo@example.net;Borges dos Dourados;48
4591;Sra. Zoe Borges;381.076.925-86;cavalcantisophia@example.net;Leão;37
4592;Sr. Asafe Sousa;310.429.865-33;leoalmeida@example.net;Fogaça Grande;51
4593;Rafael Monteiro;486.012.375-17;borgeshellena@example.net;Rodrigues;20
4594;Maysa Cassiano;732.549.618-46;jda-mata@example.com;Moreira;2
4595;Sr. Fernando Moura;612.389.057-30;glopes@example.org;Melo Grande;47
4596;Emanuelly das Neves;176.402.983-69;beatriznunes@example.net;Macedo Grande;19
4597;Sra. Camila Pereira;541.923.076-34;isisnunes@example.com;Cavalcanti de Nascimento;49
4598;Cecilia Fonseca;765.280.913-40;davi-luccada-mata@example.org;Peixoto;5
4599;Manuella da Conceição;213.059.867-68;yvargas@example.com;Nogueira do Oeste;41
4600;Theodoro Novais;067.948.315-20;enzo86@example.net;Souza de Farias;31
4601;Maria Sophia Garcia;719.528.630-40;wsampaio@example.net;Caldeira de Goiás;27
4602;Heloísa da Mota;745.609.218-49;daniel06@example.org;Albuquerque;26
4603;Stella das Neves;369.824.701-13;zpereira@example.org;Alves Paulista;10
4604;Maria Júlia Pereira;384.019.652-33;da-conceicaomateus@example.org;da Mota;53
4605;Daniel Montenegro;260.357.894-47;melolunna@example.com;Ramos das Flores;38
4606;Alícia Vasconcelos;574.102.983-32;albuquerquebrayan@example.org;Leão;3
4607;Murilo Cirino;018.469.327-69;souzabruno@example.net;das Neves;41
4608;Joaquim Cassiano;693.528.714-64;portovinicius@example.org;Pastor de Rodrigues;24
4609;Diogo Ramos;528.016.973-03;benjamimmelo@example.com;Rodrigues de Goiás;7
4610;Sr. Dom Fonseca;613.570.482-62;tdas-neves@example.org;Lima Grande;50
4611;João Pedro Sampaio;584.967.210-94;wporto@example.net;Leão;24
4612;Srta. Sabrina Rocha;562.983.014-70;bella01@example.net;Farias dos Dourados;35
4613;Anthony Gabriel da Paz;017.856.349-84;portoluigi@example.net;Sampaio de Minas;54
4614;Dante Teixeira;893.425.706-74;galves@example.com;Ribeiro;50
4615;Maria Eduarda Oliveira;425.718.630-53;nalbuquerque@example.com;Alves;31
4616;Sra. Maria Alice Pinto;954.207.861-76;rafaelacarvalho@example.org;das Neves Verde;5
4617;Mariane Correia;083.457.691-01;nogueiramelissa@example.org;Novais;16
4618;Lívia da Cruz;410.836.597-66;ana-beatriz49@example.net;Albuquerque de Machado;38
4619;Dr. João Vitor Fonseca;382.167.049-50;xandrade@example.net;Mendonça da Mata;25
4620;Vinicius Casa Grande;672.413.895-73;cmoura@example.com;Aparecida;27
4621;Sr. Igor Caldeira;462.981.573-28;viniciusfogaca@example.net;Cavalcante de Câmara;37
4622;Isadora Rezende;625.794.830-47;portovalentim@example.com;Fonseca de Moura;43
4623;Sra. Heloisa Nascimento;680.273.915-12;fariasluiz-henrique@example.com;Barbosa de Moura;43
4624;Sra. Antonella Almeida;093.861.275-12;gduarte@example.com;Moura;28
4625;Hellena Cardoso;497.658.130-66;casa-grandemirella@example.com;Ramos da Praia;44
4626;Dra. Ester Montenegro;146.503.987-20;novaisigor@example.org;Vasconcelos de Cardoso;31
4627;Ryan Rocha;283.706.419-03;zoe79@example.com;Borges;26
4628;Evelyn Costa;290.318.756-86;nda-paz@example.com;Gomes Verde;19
4629;Davi Lucas Montenegro;743.621.089-04;allanaaraujo@example.net;Fogaça;42
4630;Gustavo Henrique Santos;450.136.278-26;kvasconcelos@example.org;Sampaio da Serra;14
4631;Ana Lívia Melo;519.620.874-76;dandrade@example.org;Cunha;5
4632;Aurora Cunha;923.164.785-73;bella12@example.org;Leão de Rezende;34
4633;Agatha Machado;869.035.217-12;marquesbreno@example.com;Caldeira de da Conceição;34
4634;Maria Eduarda Rocha;923.106.857-12;rsousa@example.org;da Mata Grande;53
4635;Breno Brito;269.738.415-46;ydas-neves@example.net;Fernandes do Sul;31
4636;Dr. Levi Ribeiro;143.296.870-03;antony85@example.net;Barros;38
4637;Dr. João Machado;504.321.987-41;leandro28@example.net;Rezende;1
4638;Eduardo Leão;027.568.914-01;osales@example.net;Rios de Costa;33
4639;Luiz Felipe Castro;017.395.428-60;ccosta@example.org;Lima da Praia;6
4640;Luiz Otávio Sampaio;815.634.029-98;enricoda-luz@example.net;Novais da Prata;50
4641;Isaac Novais;591.820.463-60;isis67@example.org;Montenegro;41
4642;Alana da Luz;801.753.642-90;calbuquerque@example.org;Borges;20
4643;Dr. Oliver da Costa;190.542.683-60;pietromoreira@example.org;da Cunha;36
4644;Cauã Vieira;476.398.251-64;vborges@example.net;Alves;4
4645;Kaique Dias;271.358.046-35;vargasdavi-miguel@example.org;Duarte de Abreu;26
4646;Esther Barbosa;061.372.485-26;mendesmaria-liz@example.com;Camargo;40
4647;Maria Helena da Paz;016.824.597-30;vitor-gabriel79@example.com;Nascimento;17
4648;Dra. Ana Montenegro;937.124.560-34;isilveira@example.net;Monteiro;22
4649;Luara Almeida;149.650.738-00;isabellada-mota@example.net;Fogaça do Amparo;31
4650;Ana Lívia Sousa;052.631.478-80;ana-luiza35@example.com;Mendes de Novais;1
4651;Ana Laura Campos;526.790.318-30;barbaramoraes@example.net;Oliveira;50
4652;Juliana Machado;916.324.085-89;clarice03@example.org;Campos;48
4653;João Porto;814.693.205-33;fonsecagabrielly@example.com;Farias da Prata;32
4654;Rodrigo Cunha;720.893.164-03;vitorcampos@example.net;Almeida da Mata;22
4655;Ana Liz Albuquerque;609.384.715-20;bento82@example.net;Cunha;35
4656;Ana Júlia Alves;927.164.803-03;marina02@example.net;Rocha do Amparo;4
4657;Bernardo Nogueira;257.609.318-30;mendesbella@example.org;da Conceição dos Dourados;30
4658;Maria Helena Rezende;903.784.251-88;liampacheco@example.net;Costela;24
4659;Ana Sophia Pastor;571.348.062-35;piresemilly@example.com;da Cunha de Minas;34
4660;Dr. Yan Pacheco;742.583.960-10;gaelnogueira@example.net;Rios;21
4661;Allana Souza;215.738.409-04;ubrito@example.com;Casa Grande;30
4662;Olivia Pastor;473.065.198-75;jesusgabriel@example.org;da Cruz;51
4663;Emanuella Novais;857.690.412-85;liam63@example.net;Cavalcante;9
4664;Maria Luísa Leão;980.615.327-86;ylopes@example.org;Oliveira;45
4665;Gustavo Marques;412.986.075-58;gabriela73@example.com;Rodrigues;34
4666;Emanuella Cardoso;047.561.932-34;benjamin74@example.net;da Mota;54
4667;Yan Cunha;356.910.724-80;caldeiravitor-hugo@example.net;Câmara de Siqueira;17
4668;Davi Miguel Martins;290.468.753-00;fonsecadom@example.com;Ribeiro da Prata;41
4669;Sofia Jesus;290.346.571-16;rhavi89@example.com;Vargas;30
4670;Sr. Josué Fogaça;982.501.634-51;gfreitas@example.com;Martins;3
4671;Samuel Macedo;234.158.796-82;luna98@example.net;Pires das Pedras;9
4672;Sr. Henrique da Costa;504.378.916-66;zvieira@example.com;Pinto;28
4673;Ana Beatriz da Cruz;075.842.369-10;pereiravalentim@example.net;Sales do Amparo;3
4674;Isabela Rezende;438.967.052-29;pereirapietro@example.com;Ramos de Araújo;52
4675;Bárbara Pimenta;870.594.326-47;pgomes@example.net;da Mata;16
4676;Aurora Araújo;596.381.204-60;joao07@example.net;Cavalcanti dos Dourados;25
4677;Raul Rios;137.628.549-55;wsouza@example.org;Câmara das Pedras;11
4678;Vitor Oliveira;361.924.057-43;araujoleonardo@example.com;Moura;35
4679;Eloá Novais;160.928.435-60;vargasian@example.org;Cavalcanti;52
4680;Brayan Câmara;921.304.758-41;vabreu@example.net;Cavalcanti de Leão;27
4681;Isaque Cassiano;938.506.142-98;luan12@example.com;Aparecida;14
4682;Cecilia Cardoso;417.259.306-25;zda-mata@example.net;da Cunha;1
4683;Maya Pereira;029.651.347-43;ana-vitoria08@example.org;Porto;7
4684;Pedro Silveira;927.416.305-34;saracorreia@example.net;da Rocha de Dias;27
4685;Pedro Miguel da Mata;012.347.958-41;mda-rocha@example.org;Jesus;2
4686;Sr. Dante Casa Grande;483.691.720-40;upires@example.com;Machado de Goiás;54
4687;Lucas da Mata;132.985.064-51;luiz-otavio30@example.net;Peixoto;8
4688;Nicole Cunha;348.210.657-62;joao-vitor05@example.org;Rodrigues do Amparo;27
4689;Valentim Ramos;807.639.145-84;qda-conceicao@example.net;da Rocha do Norte;25
4690;Enzo Gabriel Carvalho;026.734.581-07;castromaria-liz@example.net;Dias;9
4691;Ana Silva;273.501.469-06;riosbreno@example.org;Borges;35
4692;Bento Novais;092.641.837-87;gmoraes@example.com;da Rocha;5
4693;Ravi Lucca Montenegro;926.870.413-78;joao-lucas95@example.net;Freitas de Goiás;2
4694;Rafaela Aragão;971.256.804-02;isis32@example.net;Melo;37
4695;Marcelo Moura;754.293.108-32;anagoncalves@example.com;das Neves;5
4696;Emilly Peixoto;489.160.732-78;pietro10@example.org;Ramos do Norte;23
4697;Melina Siqueira;067.592.184-85;henrique93@example.com;Montenegro;14
4698;Srta. Maria Eduarda da Mata;238.697.501-03;novaesjoaquim@example.org;Cavalcanti da Prata;13
4699;Sophie Camargo;514.398.076-39;ppacheco@example.net;Silva;52
4700;Dr. Thales Cassiano;876.420.913-03;hellenacamargo@example.net;Gonçalves;33
4701;José Pedro da Conceição;418.357.260-62;eloahdas-neves@example.com;Farias;5
4702;Sra. Juliana Vasconcelos;632.041.897-40;vvasconcelos@example.org;Novaes das Pedras;4
4703;Asafe Novais;497.306.821-78;raqueljesus@example.com;Cunha de Goiás;29
4704;Yuri Souza;985.612.074-85;eduardacavalcante@example.com;Novais do Sul;45
4705;Daniel Viana;539.610.742-16;jose-pedro14@example.net;Ribeiro do Amparo;48
4706;Sr. Rael da Mata;312.598.074-79;gustavo-henriqueda-rosa@example.com;Cirino de Lima;29
4707;Maria Eduarda da Rosa;256.830.491-05;gsales@example.org;Abreu da Prata;49
4708;Antony Mendonça;452.769.301-80;mouraeloah@example.com;Borges;36
4709;Vitor Gabriel Almeida;306.582.417-53;diasmaria-fernanda@example.net;Araújo de da Cruz;45
4710;Nicole Caldeira;318.642.759-28;aparecidadavi@example.org;Gomes das Pedras;33
4711;Pedro Henrique Costela;287.465.019-67;liz06@example.net;Duarte Verde;38
4712;Bianca Farias;249.357.086-38;garciagustavo-henrique@example.com;Pires;47
4713;Maria Júlia da Cunha;431.875.062-08;alvesana-liz@example.net;Vasconcelos da Serra;33
4714;Vinicius Sá;235.048.169-70;jade38@example.com;Jesus de Nogueira;36
4715;João da Mota;129.640.357-25;joao-pedropires@example.org;Nogueira de Pacheco;27
4716;Davi Lucas Teixeira;603.185.924-60;ianfarias@example.com;Fogaça;47
4717;Luana Sampaio;283.645.079-74;andradebruna@example.net;Albuquerque de Barros;6
4718;José Pedro Rocha;423.701.896-22;luiz-henriquesampaio@example.org;Machado;2
4719;Enzo da Cruz;205.697.843-10;raul68@example.net;Oliveira do Campo;53
4720;Yan Araújo;306.792.548-38;siqueirabenjamim@example.net;da Cruz;9
4721;Rafaela Dias;567.301.298-59;matheusda-mota@example.com;Almeida;36
4722;Sra. Olívia Borges;427.150.893-41;alice14@example.net;Sá;42
4723;Bárbara Ramos;192.478.560-94;pcavalcanti@example.org;Souza da Prata;19
4724;Cecília Freitas;137.896.420-96;eloa59@example.org;Ribeiro do Galho;31
4725;Cauê Albuquerque;348.972.106-31;milena20@example.net;Vasconcelos de Ramos;35
4726;Sarah Barbosa;270.681.439-03;pereiracaua@example.com;Pereira;7
4727;Kevin Casa Grande;052.916.378-03;ycaldeira@example.org;Fogaça de Silva;29
4728;Henrique Rios;480.597.631-48;das-nevesana-beatriz@example.com;Silva Grande;2
4729;João Guilherme Cavalcanti;542.308.917-41;zviana@example.net;Cavalcante;10
4730;Mariane Castro;584.630.927-56;meloleticia@example.net;Pinto do Norte;47
4731;Sr. Augusto da Luz;431.598.207-50;eloahpinto@example.org;Abreu de Aparecida;21
4732;Melina da Paz;073.148.659-57;vasconcelosanthony-gabriel@example.net;Rios;26
4733;Caio Moreira;683.549.270-83;hadassa93@example.com;Silveira das Flores;42
4734;Bernardo Rocha;809.476.513-57;gabrielmoreira@example.net;Campos Paulista;5
4735;Ana Luiza Pimenta;734.698.015-84;usa@example.com;da Rocha da Praia;14
4736;Ryan Porto;568.402.319-33;borgesmateus@example.net;Oliveira dos Dourados;22
4737;Ágatha Marques;193.480.657-93;ana-beatriz66@example.net;Caldeira Paulista;37
4738;Olívia Pacheco;732.849.065-92;jose-miguel95@example.net;Pires do Norte;30
4739;Ana Ferreira;453.021.697-70;saleslarissa@example.net;Ferreira do Campo;11
4740;Jade Alves;364.017.852-17;otaviocirino@example.com;Campos;22
4741;Antônio Câmara;854.317.092-32;duarteluiz-felipe@example.org;Jesus;33
4742;Srta. Hadassa Santos;081.653.724-08;mendeslorena@example.org;da Mota;11
4743;Benicio das Neves;415.398.076-57;mrocha@example.net;Oliveira Paulista;39
4744;Ana Laura Vieira;182.369.475-64;dda-cunha@example.net;Freitas das Pedras;49
4745;Srta. Ana Vieira;295.673.041-06;ceciliasouza@example.com;da Mata;12
4746;Renan Gomes;078.364.159-10;marcelo09@example.net;Garcia de Goiás;9
4747;Samuel Macedo;741.263.950-16;ana-cecilia19@example.org;Cavalcanti;21
4748;Ana Cavalcanti;914.872.603-69;melissa01@example.com;Pereira dos Dourados;15
4749;Benjamin Ferreira;652.130.978-12;martinsesther@example.org;Oliveira;34
4750;Natália Abreu;839.465.012-06;miguelmoura@example.org;Moraes de Rodrigues;14
4751;Anna Liz Rodrigues;723.814.059-41;luanapeixoto@example.net;Montenegro;5
4752;Beatriz Santos;092.143.586-05;davi-luizcostela@example.com;Viana da Praia;2
4753;Nicolas Costela;893.145.720-05;freitasmaria-fernanda@example.com;Sales da Prata;9
4754;Danilo Barbosa;801.369.425-98;nicolecamargo@example.com;Brito de da Mata;39
4755;Yuri Rocha;401.682.953-42;carolinapimenta@example.com;Araújo;21
4756;Ana Cecília Farias;530.481.967-57;hpacheco@example.com;Araújo;28
4757;Pedro Miguel Monteiro;629.048.153-33;ester37@example.net;Sá das Flores;50
4758;Maria Vitória Novaes;260.534.197-61;isaac79@example.net;Novais da Prata;27
4759;Helena Aparecida;395.061.842-24;andradeluiz-miguel@example.net;Duarte do Norte;49
4760;João Lucas Rocha;710.345.692-52;bda-cruz@example.com;da Cruz;17
4761;Srta. Ana Laura Rocha;104.273.658-80;bentocaldeira@example.org;Monteiro;29
4762;Antônio Nogueira;163.240.579-25;carvalhomaria-eduarda@example.org;Ramos dos Dourados;28
4763;Emanuella Lopes;154.693.027-25;wcorreia@example.net;Nogueira Grande;12
4764;Gael da Rosa;829.406.713-03;otaviogomes@example.org;Oliveira;17
4765;Nicolas Silva;135.609.284-51;luiz-gustavo56@example.net;Sales de Pires;47
4766;Vinicius Nascimento;063.271.495-61;francisco37@example.net;Nogueira;27
4767;Calebe Cavalcanti;716.280.395-40;araujojuliana@example.net;Barbosa de Minas;38
4768;Ana Beatriz Cavalcante;012.896.734-03;jvargas@example.org;das Neves de Moraes;50
4769;Thiago Oliveira;360.518.279-86;evelynribeiro@example.net;Santos de Ribeiro;42
4770;Ayla Cunha;742.609.518-58;nunesevelyn@example.org;Araújo;7
4771;Nathan Abreu;582.309.471-04;maria-vitoria61@example.net;Oliveira Paulista;52
4772;Juan Albuquerque;501.734.826-35;maria54@example.net;Cavalcante de Goiás;4
4773;Dr. Théo Pereira;725.806.491-58;britoandre@example.net;Ramos de Borges;43
4774;Dr. Anthony Viana;928.451.763-09;manuellacastro@example.com;Novaes de Goiás;27
4775;Dr. Léo Silva;957.136.284-00;antony02@example.org;Pereira;17
4776;Dra. Nicole Castro;967.841.350-75;oliviaduarte@example.net;da Mata;11
4777;Otto Cardoso;043.629.875-92;caldeiramatteo@example.org;Vieira;45
4778;Joaquim Carvalho;638.495.721-37;mmendes@example.com;Fogaça;45
4779;Isabella Oliveira;128.046.759-20;diaslarissa@example.net;da Mata;26
4780;Noah Viana;498.563.210-42;silvadom@example.org;Macedo do Sul;6
4781;Ana Clara Fonseca;309.178.246-87;andradetheo@example.org;da Mota das Pedras;20
4782;Murilo da Conceição;892.147.036-04;maria-vitoria90@example.net;Porto do Amparo;43
4783;Hellena Duarte;805.293.176-21;cfogaca@example.org;Ribeiro Verde;27
4784;Cauã Farias;308.279.461-04;vasconcelosmaite@example.net;Costa;47
4785;Isabel Andrade;397.254.086-83;pimentaalice@example.com;Martins de Minas;21
4786;Ana Luiza Costela;410.897.356-93;santosyasmin@example.com;Leão;16
4787;Benjamin Leão;709.346.582-00;sarah91@example.org;Caldeira de Melo;5
4788;Isabelly Viana;265.783.041-26;milenapastor@example.com;Jesus;3
4789;Mariana da Conceição;185.296.374-37;duarteana-clara@example.org;Lima;44
4790;Maria Helena Peixoto;195.820.746-20;laispereira@example.net;Ribeiro Verde;1
4791;Melissa Jesus;860.734.129-40;mayapastor@example.net;da Mata do Norte;28
4792;Rodrigo Aparecida;389.205.146-15;freitaseduarda@example.com;Aragão de Azevedo;43
4793;Hellena Albuquerque;784.906.132-22;ralbuquerque@example.net;da Conceição Grande;11
4794;Dante Costa;028.146.759-58;evelynmachado@example.org;Costa;23
4795;Joana da Cunha;729.401.586-49;maria-luiza35@example.org;Ribeiro da Mata;23
4796;Maria Helena Aragão;690.358.412-98;casa-grandeyago@example.org;Siqueira das Flores;6
4797;Hellena da Luz;854.732.061-07;hpeixoto@example.org;Dias;27
4798;Isabel Casa Grande;673.809.125-77;macedoraquel@example.net;Silva;41
4799;Asafe Pimenta;527.419.683-73;onovais@example.com;Camargo de Minas;47
4800;Ana Vitória Sampaio;065.928.174-02;lucasleao@example.org;Garcia;13
4801;Sr. João Guilherme Silveira;960.217.834-50;sousamatheus@example.net;Borges da Praia;1
4802;Maria Liz Oliveira;409.673.825-56;portomaria-helena@example.net;Vargas;9
4803;Maria Júlia Leão;154.287.069-02;moreiralunna@example.org;Barros;26
4804;Noah Dias;128.063.947-40;gpereira@example.org;das Neves dos Dourados;15
4805;Lucas Pastor;856.421.093-24;oliviapereira@example.net;Costela Alegre;11
4806;Cauã da Luz;301.542.796-25;isabellycorreia@example.org;Caldeira da Praia;28
4807;Caleb Aparecida;430.972.658-56;vargasbrayan@example.org;Pimenta do Norte;27
4808;Pietro Freitas;476.903.581-01;davi-luiz84@example.com;Melo;37
4809;Thomas da Rosa;712.304.865-26;enzo-gabriel98@example.net;Nascimento de Costa;14
4810;Igor Cunha;065.274.319-61;eduardafernandes@example.org;Abreu;46
4811;Srta. Caroline Macedo;961.538.042-33;sophieaparecida@example.net;Vasconcelos Alegre;48
4812;Srta. Milena Cirino;943.150.826-51;eloada-rosa@example.org;Carvalho Alegre;15
4813;Maria Laura Viana;406.852.317-71;antonioaragao@example.net;Albuquerque Verde;46
4814;Lucas Gabriel Monteiro;275.031.869-68;lorenzofarias@example.org;da Cruz do Galho;47
4815;Luiza Correia;123.846.507-26;francisco84@example.com;Lopes da Serra;19
4816;João Felipe Cirino;457.893.160-93;da-cruzluan@example.net;Caldeira;52
4817;Sophia Andrade;823.640.715-26;maria-cecilia29@example.org;Carvalho;4
4818;Pedro Farias;158.376.920-02;egarcia@example.org;Carvalho de Vieira;30
4819;Nina Ribeiro;876.524.309-92;larissa05@example.net;Sá de Teixeira;29
4820;Luiz Fernando Almeida;218.479.065-67;isabelasilva@example.net;Farias;28
4821;Raul Vargas;024.586.137-80;luara93@example.com;Correia da Serra;52
4822;Enrico Novaes;372.601.594-99;marcelocardoso@example.org;da Rosa da Prata;9
4823;Anthony Ramos;094.216.753-80;luccamonteiro@example.net;Montenegro;23
4824;Thales Cassiano;724.615.893-64;asafeda-luz@example.net;da Paz de Goiás;24
4825;Maria Isis Casa Grande;825.794.631-19;maysaferreira@example.net;Fonseca da Praia;43
4826;Sabrina Lopes;941.705.382-50;ocasa-grande@example.com;Gonçalves;8
4827;Hadassa Teixeira;182.576.349-64;isabelly65@example.com;Albuquerque da Serra;51
4828;Ana Monteiro;624.958.037-92;wcamargo@example.org;Siqueira de Câmara;13
4829;Vicente Farias;748.092.561-11;yuri95@example.org;Aparecida de Freitas;53
4830;Marcela da Mata;941.283.670-87;apollo22@example.org;Azevedo da Prata;5
4831;Sra. Maysa Garcia;819.352.406-33;davi87@example.com;Freitas;25
4832;Lara Novaes;094.573.826-92;fernandamonteiro@example.net;Castro;31
4833;Anthony Gabriel Siqueira;934.182.576-82;freitasbarbara@example.org;Guerra da Serra;10
4834;Letícia Pimenta;937.145.280-32;da-matanoah@example.org;Guerra;37
4835;João Pedro Carvalho;637.245.890-00;heloisa85@example.net;Marques das Pedras;26
4836;Léo Almeida;579.463.280-10;enzonascimento@example.net;Pinto;19
4837;Asafe Ferreira;489.352.170-50;eloahmoreira@example.org;Nogueira do Oeste;26
4838;Pedro Miguel Gomes;820.961.375-86;yuri21@example.org;Silva de da Conceição;34
4839;Larissa Pimenta;627.813.945-64;macedoaugusto@example.org;Sampaio;14
4840;Davi Miguel Cavalcanti;358.702.496-00;melina10@example.net;Cardoso do Norte;13
4841;Ana Beatriz Cassiano;018.926.735-68;da-rochaisabel@example.org;Ramos;25
4842;Levi Aparecida;920.764.815-67;fbarros@example.org;Mendonça;43
4843;Davi Lucas Silva;612.748.395-64;manuellacamargo@example.net;Vasconcelos;17
4844;Danilo Albuquerque;084.721.569-58;souzaotavio@example.com;Vargas;22
4845;Sophia Ramos;934.528.716-73;qmontenegro@example.net;Pinto de Cassiano;39
4846;Ana Sophia Barros;619.572.384-37;leolopes@example.com;Rios;34
4847;Dra. Anna Liz Moraes;827.453.690-83;ester84@example.net;Borges das Flores;15
4848;Emilly Lima;357.628.410-90;bento54@example.org;Nascimento do Oeste;51
4849;Dante da Luz;214.385.069-70;uaragao@example.com;da Mota do Sul;40
4850;Ryan da Rocha;124.960.837-69;silveiramaria-laura@example.net;Ramos;3
4851;Dom Gomes;613.759.408-48;joao85@example.net;Pereira;13
4852;Sr. Gustavo Henrique Sampaio;120.795.384-97;emilly96@example.com;Barbosa;17
4853;Srta. Olívia Mendonça;809.147.563-20;da-cruzcaue@example.com;Silva do Campo;48
4854;Sara Rios;021.847.953-05;alexandre10@example.com;Rios de Carvalho;17
4855;Sr. Davi Lucca Campos;085.419.326-05;matteo82@example.net;da Cruz;1
4856;Sr. João Gabriel Borges;187.932.640-03;enzomartins@example.com;Azevedo do Oeste;47
4857;Fernanda Camargo;156.842.790-58;dnovaes@example.net;Fernandes do Amparo;14
4858;Isabela da Luz;162.790.354-25;ottomachado@example.org;Aragão;53
4859;Sra. Maria Eduarda Silva;741.598.302-50;kmendes@example.org;da Luz Grande;51
4860;Sr. Bryan Melo;027.361.984-50;jsilveira@example.net;Moraes de Cassiano;24
4861;Manuela Albuquerque;031.576.249-70;kleao@example.com;Pinto;20
4862;Rebeca Camargo;832.614.709-50;diegofernandes@example.com;Cirino Grande;46
4863;Igor Caldeira;510.297.648-67;iviana@example.org;Aragão;15
4864;Dra. Brenda Novais;870.465.293-29;camarasarah@example.net;Brito;54
4865;Srta. Carolina Andrade;360.497.185-39;isadora12@example.com;Machado;13
4866;Theodoro Araújo;734.628.950-10;aragaolevi@example.org;Oliveira;14
4867;Pedro Miguel Pacheco;804.239.715-14;luigi35@example.net;Araújo;48
4868;Ryan Costela;047.892.653-74;agatha30@example.org;Azevedo;19
4869;Mariane Mendonça;051.789.462-94;auroracosta@example.com;Rodrigues da Serra;2
4870;Srta. Mariane Freitas;375.246.098-92;tvieira@example.org;Nunes de Minas;16
4871;Valentim Farias;961.482.375-55;lunna39@example.net;Rezende;29
4872;Bryan Lima;127.498.530-79;azevedoaurora@example.org;Campos de Leão;16
4873;Carolina Costela;217.069.384-03;benicioborges@example.com;Araújo de Farias;49
4874;Dr. Arthur Miguel Caldeira;430.185.927-60;yanvargas@example.com;da Mota;28
4875;Vitor Câmara;249.068.715-85;moraesana-beatriz@example.org;Pereira de Sales;47
4876;Olívia Gonçalves;426.157.908-11;eduardaleao@example.org;Cavalcanti;23
4877;Nina da Mota;140.526.793-34;ymartins@example.org;Guerra;53
4878;Otto Pastor;346.092.518-33;danielmelo@example.net;Siqueira Grande;39
4879;Theo Fernandes;704.653.298-29;ubarros@example.org;Correia;9
4880;Maria Vitória Correia;174.680.392-40;gustavovieira@example.org;Sousa;52
4881;Emilly Marques;256.319.780-59;mendesana-beatriz@example.net;Lima;20
4882;Isis Martins;560.847.213-62;gustavo-henrique57@example.net;Campos Paulista;2
4883;Fernando da Conceição;428.093.567-00;ayllada-conceicao@example.com;Cassiano;48
4884;Henry Gabriel Ramos;286.437.509-56;hellena09@example.net;Vasconcelos;2
4885;Larissa Monteiro;589.467.132-91;kevinsousa@example.net;Vargas;24
4886;José Miguel Rocha;045.937.628-47;wbarbosa@example.com;Nunes Alegre;35
4887;Marcelo da Cruz;623.750.914-34;cda-conceicao@example.com;Garcia;26
4888;Lunna Nunes;649.210.758-67;stephany95@example.com;Duarte Paulista;13
4889;Larissa Cunha;987.541.026-85;abreualana@example.com;Leão do Norte;15
4890;Dra. Maria Cecília Rodrigues;296.501.847-67;augustofarias@example.org;Gonçalves;41
4891;Apollo Silveira;918.530.674-66;ana-carolina89@example.org;Castro;47
4892;Srta. Camila da Luz;015.249.387-50;ravipeixoto@example.net;Abreu de da Rocha;10
4893;Stella Correia;563.179.048-39;pachecopedro-lucas@example.org;Fernandes de Carvalho;10
4894;Dr. Paulo Nogueira;752.391.684-82;vsiqueira@example.org;da Rosa Grande;25
4895;Raul Borges;916.427.530-25;xcunha@example.com;Rezende Alegre;7
4896;Ana Cecília Duarte;375.682.014-90;teixeiradavi-lucca@example.net;Camargo do Sul;38
4897;André Novaes;987.651.320-68;ana-liz71@example.org;Correia de Pastor;38
4898;Marcos Vinicius Sales;695.874.023-83;asilva@example.org;Monteiro de Goiás;6
4899;Srta. Ester Sá;547.032.618-71;tmonteiro@example.org;Cassiano;31
4900;Maria Luiza Mendonça;416.703.859-57;da-matamaria-laura@example.net;Fernandes;32
4901;Dr. Otto Caldeira;289.670.153-21;luisaporto@example.com;Garcia;16
4902;Theo Aparecida;897.025.641-58;mendesmateus@example.org;Mendes;21
4903;Sra. Yasmin Monteiro;943.150.287-97;vasconcelosvitor@example.net;Gomes;42
4904;Dr. Alexandre Mendonça;549.271.806-11;aalbuquerque@example.net;Correia da Mata;49
4905;Catarina Pacheco;632.071.584-71;souzamarcela@example.net;Moraes;25
4906;Maria Alice da Mata;812.374.059-04;sampaioluiz-otavio@example.com;Mendes Grande;23
4907;Otávio Costela;309.264.581-24;bryanmontenegro@example.net;da Cruz das Pedras;17
4908;Mariah Santos;470.263.851-35;camaracaleb@example.com;Mendes do Norte;38
4909;Camila Câmara;089.154.326-06;marinasales@example.org;das Neves do Sul;48
4910;Maitê Correia;517.036.429-61;eduardoda-cruz@example.org;Casa Grande de da Conceição;54
4911;Ana Lívia Costela;280.765.931-40;moreiramaria-julia@example.com;Alves do Oeste;44
4912;José Miguel Jesus;705.361.924-99;da-pazdante@example.org;Gomes;46
4913;Marcela Lima;204.793.856-29;saramoraes@example.org;Nunes;5
4914;Ágatha Teixeira;437.810.926-31;novaiscaroline@example.org;Dias de Rezende;4
4915;Arthur Gabriel Pinto;720.843.965-65;vargasalana@example.org;Teixeira;23
4916;Cecilia Farias;063.192.487-69;fcunha@example.com;Novais do Amparo;32
4917;João Guilherme Souza;195.037.286-30;enzo-gabrielnascimento@example.org;Rocha;28
4918;João Pedro Gonçalves;480.395.716-93;pmonteiro@example.org;Pinto;45
4919;Felipe Cirino;821.507.643-26;vitor-gabrielrodrigues@example.net;Campos dos Dourados;36
4920;Dra. Bianca Nunes;328.790.514-79;bryan64@example.org;Sampaio de Monteiro;54
4921;Davi Lucca Alves;360.972.854-00;tmoura@example.com;Freitas do Amparo;30
4922;Maria Luísa Rios;763.052.849-38;silvaluiz-felipe@example.net;Cirino;12
4923;Ian Pacheco;470.685.291-94;xcamargo@example.com;Costela das Flores;10
4924;Lunna Lopes;890.675.341-10;calebeda-mota@example.com;Fonseca;12
4925;Hadassa Cardoso;693.027.154-34;icasa-grande@example.org;Alves de Pacheco;14
4926;João Felipe das Neves;284.971.065-20;da-pazhellena@example.net;Pinto;54
4927;Gabriel Costela;078.136.425-62;caue45@example.org;Sales;35
4928;Cecilia da Rosa;850.192.364-89;maria-lizcassiano@example.com;Teixeira;21
4929;Vitor Gabriel Peixoto;694.031.257-99;nascimentoemilly@example.net;da Conceição Paulista;33
4930;Sr. João Guilherme Ferreira;235.109.874-97;araujoemilly@example.com;Sousa de Nunes;1
4931;Dra. Lara Cirino;234.015.967-99;nicolepimenta@example.net;Garcia;29
4932;Sr. Luiz Fernando Jesus;549.730.162-25;ncampos@example.com;Oliveira;13
4933;Dra. Maria Flor da Luz;176.582.309-95;qpeixoto@example.net;Cavalcanti;4
4934;Benicio Correia;256.317.049-43;kvargas@example.net;Alves de Nunes;23
4935;Dom Santos;697.031.482-04;fpereira@example.org;Alves;13
4936;Rodrigo Barbosa;513.689.720-12;nogueiramariana@example.net;Viana;23
4937;Isabelly Monteiro;627.981.054-20;andradeluiz-henrique@example.org;Cassiano;13
4938;Letícia Barbosa;648.537.920-74;zoe93@example.org;Porto;42
4939;Pietro Pires;489.573.201-05;apollovasconcelos@example.org;da Rosa;15
4940;Maria Fernanda das Neves;890.637.512-30;oliviada-costa@example.net;Viana das Pedras;7
4941;Larissa Mendonça;183.264.597-55;wcassiano@example.com;Siqueira;46
4942;Luara Rodrigues;596.024.178-11;antonellacaldeira@example.com;da Conceição;29
4943;Dra. Amanda Leão;831.567.429-37;da-costathomas@example.org;Farias;22
4944;Ana Carolina Monteiro;067.928.541-58;hcirino@example.com;Albuquerque;2
4945;Olivia Vargas;813.594.072-60;vasconcelossophie@example.net;Ramos;9
4946;Ísis Silva;405.791.386-66;rebeca65@example.net;Rocha;44
4947;Yan Fogaça;824.695.037-10;psilveira@example.org;Peixoto Verde;2
4948;Luna Marques;512.698.704-67;lramos@example.net;Moreira Grande;5
4949;Dra. Clara Rocha;410.528.769-94;ramosbruno@example.org;Leão de Goiás;18
4950;Carlos Eduardo Moreira;075.863.421-80;nicolas22@example.net;Correia;19
4951;Theo das Neves;239.461.078-69;vitoria06@example.net;da Mata do Norte;6
4952;Gabriela Martins;213.760.954-16;luiz-miguelda-mata@example.net;da Cruz do Galho;24
4953;Luiz Otávio Garcia;971.345.082-50;ana13@example.org;Moraes;42
4954;Léo Rocha;193.065.428-60;caldeirathiago@example.com;da Rosa;11
4955;Cecilia da Cunha;941.253.087-05;hadassa63@example.net;Macedo;49
4956;Thomas Marques;569.730.482-00;anthony40@example.org;Mendes;11
4957;Leandro Rodrigues;175.094.362-06;macedovinicius@example.com;Pimenta da Prata;34
4958;Sra. Maria Sophia Cirino;759.368.102-59;ycasa-grande@example.com;Rodrigues do Galho;8
4959;Rael Cavalcante;094.283.615-42;davi-miguel78@example.net;Macedo;14
4960;Henry Sales;502.871.643-90;pimentarebeca@example.net;Câmara;23
4961;Sra. Cecilia Cassiano;428.175.690-67;lcampos@example.org;Alves;28
4962;Lucca Cunha;097.165.234-16;theo40@example.com;Costa;54
4963;Melissa da Paz;897.025.436-65;fogacamaria-helena@example.net;Farias;1
4964;José das Neves;930.456.172-80;erickferreira@example.org;Moreira;46
4965;Henrique da Cruz;201.438.567-07;clara60@example.net;Marques;15
4966;Maysa Cardoso;193.542.760-16;caue22@example.com;Pinto do Oeste;17
4967;Benjamim Souza;382.647.501-17;emanuelferreira@example.net;Ramos de da Costa;41
4968;Ana Clara Câmara;895.361.702-21;marcos-viniciusgarcia@example.org;Correia da Praia;35
4969;Ana Viana;670.198.354-57;almeidaaurora@example.org;Carvalho do Campo;23
4970;Emanuelly Cardoso;965.180.427-02;vitor-hugo71@example.org;da Mota;47
4971;Valentim Caldeira;216.743.085-07;paulo61@example.org;Moreira;40
4972;Théo Machado;867.935.042-74;rodriguesryan@example.org;Albuquerque;47
4973;Maria Laura Cirino;573.084.216-35;enzo69@example.org;Nogueira Grande;10
4974;Caleb Almeida;036.872.945-10;oda-conceicao@example.com;Peixoto de Pimenta;52
4975;Gabrielly Barbosa;583.726.941-09;osampaio@example.net;Fonseca;41
4976;Laís das Neves;397.516.204-06;pedrooliveira@example.net;Barros;35
4977;Mariah Siqueira;862.091.347-69;melissa87@example.net;Andrade;44
4978;Sara Pereira;723.481.059-50;lrodrigues@example.net;Rocha da Mata;28
4979;Allana Araújo;103.485.962-51;amanda63@example.org;Cavalcante;4
4980;Melissa da Conceição;952.637.084-83;diogoda-conceicao@example.org;Pereira;48
4981;Ana Cecília Jesus;840.726.519-58;emanuellycampos@example.org;da Conceição;22
4982;Lorena Nunes;201.768.534-80;vitoriaoliveira@example.net;Sampaio do Campo;8
4983;Elisa da Rocha;325.698.041-42;julia45@example.com;Pastor Verde;39
4984;Srta. Hadassa Correia;654.210.983-89;ana-claramartins@example.net;Freitas de Leão;39
4985;Joaquim Cassiano;738.145.906-00;luiz-felipearaujo@example.net;Campos de Minas;16
4986;Dante Viana;704.613.958-00;murilo37@example.org;Caldeira dos Dourados;3
4987;Augusto Pimenta;782.364.015-53;jda-paz@example.org;da Cunha de Câmara;2
4988;Luara Rodrigues;178.342.960-78;sampaiofelipe@example.com;Rezende do Galho;54
4989;Rafaela Novais;718.435.269-64;nfernandes@example.org;Casa Grande dos Dourados;13
4990;Pietra Aparecida;695.208.473-83;kaiquelopes@example.org;Marques Alegre;35
4991;Nicolas Jesus;680.145.297-58;emanuelly54@example.com;Camargo;27
4992;Sra. Manuela Dias;953.486.107-39;lalmeida@example.com;das Neves das Flores;50
4993;Luiz Gustavo Guerra;723.048.519-32;julianavasconcelos@example.com;Pacheco de Goiás;21
4994;Lorena Teixeira;709.563.124-70;limamaria-vitoria@example.org;Macedo das Flores;48
4995;Dra. Cecília Novais;940.315.267-25;maria-helena78@example.net;Oliveira;32
4996;Pedro Henrique Marques;691.387.025-68;rafaelsales@example.org;Pereira;37
4997;Enrico Aragão;014.295.378-41;ana-liz00@example.net;da Conceição;41
4998;Carolina Cardoso;472.816.503-53;apastor@example.net;Dias;43
4999;Zoe Araújo;823.067.495-74;isabel39@example.com;Fernandes das Flores;29
5000;Erick Casa Grande;601.932.548-24;ribeirofrancisco@example.net;Montenegro;18
5001;João Lucas Marques;940.276.835-10;natalia12@example.net;Sá;5
5002;Ester Martins;251.809.674-49;vargasisis@example.com;Correia de Caldeira;7
5003;Erick Nascimento;519.284.370-79;ejesus@example.com;Ramos;48
5004;Ana Clara Cavalcanti;396.417.820-96;falves@example.net;Mendonça da Serra;42
5005;Luigi Carvalho;917.320.645-80;tmarques@example.com;Vieira do Oeste;50
5006;Cauê Cavalcante;406.758.291-94;mmoura@example.net;Monteiro do Sul;28
5007;Danilo Caldeira;853.276.104-62;lda-cunha@example.net;Pimenta;38
5008;Isabelly Vargas;461.809.372-22;machadostella@example.com;Nogueira;39
5009;Enzo da Paz;057.864.139-93;nicole37@example.com;Gonçalves;19
5010;Matteo Santos;140.659.278-11;ccamara@example.org;da Rocha de Jesus;24
5011;Sr. João Lucas Moreira;349.506.218-15;udas-neves@example.org;da Rosa;1
5012;Dra. Lunna Jesus;924.061.837-69;laura84@example.net;Sampaio;28
5013;Maria Alice Rios;298.743.650-56;pietrojesus@example.org;Dias;40
5014;Luísa Ramos;518.620.397-12;albuquerqueanthony@example.com;Peixoto de da Paz;13
5015;Aylla Oliveira;912.056.438-42;rebecacirino@example.net;Sousa;2
5016;Dr. Matteo da Mota;103.457.829-41;da-rosajoao-miguel@example.org;Albuquerque;35
5017;Dr. Bernardo Ribeiro;217.598.643-82;macedosophie@example.net;Fonseca;33
5018;Lavínia da Mata;725.016.943-25;aurora09@example.net;Mendes;17
5019;Cauã Pimenta;430.259.617-16;rcunha@example.com;Dias;33
5020;Ian Gomes;124.609.358-89;maria-isisramos@example.net;Marques;48
5021;Cauã Mendonça;602.578.193-12;aylavargas@example.com;Pastor de Vieira;13
5022;Dr. Emanuel Oliveira;910.738.642-78;iaparecida@example.org;da Conceição;21
5023;Natália Novaes;250.419.736-52;cda-paz@example.org;Rezende;25
5024;Ayla Garcia;069.183.745-75;mathias37@example.com;Leão do Galho;37
5025;Marina Montenegro;273.980.541-14;vcirino@example.net;Pacheco de Moreira;24
5026;Mariane Moura;620.859.714-58;ninacardoso@example.org;Albuquerque do Galho;30
5027;Lucca Cavalcante;391.465.807-00;tvasconcelos@example.org;Novais;23
5028;Jade Novaes;928.106.574-67;carvalhorodrigo@example.org;Pires da Praia;22
5029;Sra. Evelyn Costa;517.624.398-91;tnogueira@example.net;Mendonça do Campo;41
5030;Dra. Larissa Marques;143.568.209-24;rezendemariana@example.org;Vargas do Sul;14
5031;Sr. José Marques;723.601.485-08;sbrito@example.org;Ramos Alegre;13
5032;Liz Nascimento;671.502.843-53;scamara@example.org;Costela;36
5033;Benício Garcia;046.189.357-66;barbosaagatha@example.org;Dias de Fonseca;52
5034;Eloá Guerra;354.029.678-65;kda-cruz@example.com;Nogueira;50
5035;Júlia Sampaio;571.243.960-34;isis25@example.org;Jesus de Minas;17
5036;Bianca Mendes;132.807.654-71;heloisa30@example.com;Jesus;32
5037;Maya Ramos;139.706.842-69;pmoreira@example.com;Sousa;29
5038;Anna Liz Carvalho;346.507.198-01;matheusandrade@example.net;Lopes;3
5039;Manuella Moreira;293.605.814-70;sofia18@example.com;Dias Verde;4
5040;Mariana Borges;681.254.093-51;cavalcantebenjamim@example.org;Novaes;6
5041;Srta. Natália Cunha;639.285.714-19;theo20@example.net;Novaes Grande;26
5042;Rael Rezende;504.236.918-05;sampaiolara@example.org;Nogueira da Mata;46
5043;Ana Sophia Guerra;584.702.691-94;walmeida@example.org;Macedo de Goiás;49
5044;Kamilly Pereira;985.016.724-67;vitor-gabriel90@example.org;Dias;21
5045;Sra. Eduarda Castro;184.956.720-49;gda-mota@example.com;Santos da Praia;34
5046;João Felipe Vieira;019.653.247-70;esthermonteiro@example.org;Pacheco dos Dourados;5
5047;Elisa Nogueira;046.372.519-07;eduardacaldeira@example.com;Pastor do Galho;30
5048;Jade Cirino;701.546.328-80;melissarodrigues@example.com;Nunes de Moraes;47
5049;Murilo Lopes;658.124.703-08;alicelima@example.net;Sales dos Dourados;47
5050;Apollo da Cunha;098.421.365-15;fcosta@example.org;Jesus;17
5051;Rebeca Gomes;124.806.935-89;lauraalmeida@example.org;Pereira do Sul;6
5052;Dra. Sophia Monteiro;759.431.286-46;juliana34@example.org;da Conceição da Praia;47
5053;Luana Viana;620.398.157-59;gabrielly55@example.org;Teixeira;13
5054;Bruno Monteiro;698.735.012-40;arthur-miguelporto@example.net;Sousa de Fonseca;29
5055;Cecilia Fernandes;798.536.042-56;manuelacostela@example.org;Martins;36
5056;Otto Sá;512.764.980-20;jose-pedro34@example.net;Cirino;1
5057;Srta. Bárbara Pereira;906.213.457-25;maria74@example.net;Rios;19
5058;Luiz Fernando Andrade;312.986.507-12;wsilveira@example.com;Barros de Viana;20
5059;Vinicius Gonçalves;647.819.032-31;maria-fernandanogueira@example.org;Moura de Pacheco;8
5060;Sr. Ravy Sá;860.517.492-76;cavalcanteluisa@example.net;Sousa;19
5061;Natália Borges;613.705.492-61;wcosta@example.com;Monteiro;18
5062;Jade Freitas;127.560.493-52;ana-lizteixeira@example.net;Rocha de Martins;50
5063;Júlia Caldeira;567.438.021-07;maria-flor62@example.com;Machado da Serra;14
5064;Gael Henrique das Neves;617.490.385-01;rochalevi@example.org;Mendonça;7
5065;Maya da Luz;194.326.087-78;qmoraes@example.net;Nascimento de Jesus;40
5066;Enrico da Mata;687.053.219-21;enzo-gabrielcastro@example.com;Cunha de Barros;47
5067;Sr. Vitor Gabriel Borges;504.613.827-17;santosaylla@example.net;Rocha;35
5068;Hadassa Pereira;451.879.230-05;anthonymontenegro@example.net;Souza;16
5069;Beatriz Viana;157.924.630-34;silvajulia@example.com;Azevedo das Flores;43
5070;Bruna Cardoso;381.754.926-19;nmoraes@example.net;Viana de Cavalcanti;12
5071;Gael Henrique Monteiro;243.756.908-10;kamilly37@example.org;Ribeiro;52
5072;Sophia Rodrigues;973.128.045-60;joao-miguel47@example.org;da Conceição da Praia;24
5073;Augusto Souza;792.604.351-61;anadias@example.net;Moraes de da Luz;17
5074;Isabel Nunes;974.012.568-94;vicentejesus@example.net;Silveira;5
5075;Rebeca Moraes;370.812.964-40;aragaopietro@example.net;Ramos;48
5076;Henry Barros;127.438.690-03;bporto@example.net;Garcia da Serra;47
5077;Liz Cassiano;823.765.140-53;camarabrayan@example.com;Mendes do Campo;14
5078;Gustavo Sales;786.492.105-11;tsouza@example.com;Ribeiro da Mata;13
5079;Dra. Clarice Macedo;354.780.916-93;rafaela71@example.org;Siqueira;38
5080;Marina Montenegro;294.587.061-49;gcassiano@example.com;Garcia de Goiás;49
5081;Lucca Casa Grande;589.741.036-48;casa-grandeotavio@example.net;da Cunha;43
5082;José Pinto;087.196.452-01;kamilly80@example.net;da Costa Paulista;23
5083;Isabela Leão;549.762.308-56;otavio98@example.net;da Luz de Silveira;45
5084;Dr. Heitor Lopes;419.786.350-01;novaisenrico@example.org;Ribeiro;31
5085;Apollo Aragão;210.346.859-70;carvalhoanthony@example.com;Albuquerque;35
5086;Fernanda Cirino;821.759.643-37;luiz-miguel02@example.net;Viana;25
5087;Lucas Gabriel Carvalho;839.461.257-19;nmendes@example.com;Siqueira;16
5088;Emanuel da Conceição;586.079.431-20;mmoreira@example.com;Santos;43
5089;Calebe Ramos;507.321.498-60;maria-sophia01@example.net;Leão;6
5090;Sr. Davi Miguel Peixoto;806.752.913-21;gandrade@example.net;Sampaio;7
5091;Kamilly Abreu;126.537.809-68;ana-clara76@example.com;Pacheco;26
5092;Davi Miguel da Rosa;782.106.435-17;gguerra@example.net;Pastor;1
5093;Srta. Pietra Abreu;653.879.042-92;vieirajoao-guilherme@example.org;Peixoto de Cassiano;2
5094;Ayla da Luz;802.145.673-62;dda-luz@example.com;Campos Grande;27
5095;Antony da Mota;384.157.609-57;barrosclarice@example.net;Melo;43
5096;Srta. Eduarda da Cunha;529.417.863-09;paulocavalcante@example.org;Barbosa;26
5097;Isis Mendes;018.375.692-40;rodriguesheitor@example.net;Marques;53
5098;Maya Cassiano;375.298.046-00;barbosaluiza@example.com;Vieira de Goiás;1
5099;Eduardo Caldeira;206.315.748-08;raquel94@example.net;Cassiano;49
5100;Maria Flor da Rosa;641.735.908-57;pmontenegro@example.org;Moura;5
5101;Igor Câmara;178.396.240-22;anna-lizsampaio@example.com;Novaes de Minas;54
5102;Manuela Rezende;579.436.012-70;jrezende@example.net;Alves do Amparo;16
5103;Dr. Otto Costela;862.194.703-03;martinscecilia@example.net;Sales;32
5104;Léo Leão;603.271.498-50;maria-luisa81@example.com;Guerra do Oeste;25
5105;Luiz Felipe Camargo;467.230.195-80;isadora19@example.org;Cirino Paulista;54
5106;Nathan Cardoso;416.753.298-00;sofia99@example.com;Nunes;23
5107;Ana Clara Viana;483.650.192-05;da-rosarafaela@example.com;Lima;44
5108;Pedro Lucas Pacheco;963.258.017-68;ana-luizamelo@example.net;Rezende;1
5109;Enzo Pimenta;783.604.519-66;nathansiqueira@example.net;Souza;40
5110;Maria Viana;532.869.401-51;carlos-eduardo37@example.org;Vasconcelos;23
5111;Maria Helena Casa Grande;476.352.018-08;maria-luisa57@example.com;Duarte de Minas;38
5112;Cauê Pires;584.269.713-00;paulocavalcanti@example.org;Nunes de Brito;34
5113;Anthony Gabriel Caldeira;864.152.309-05;monteiroarthur@example.org;Vargas de Cavalcanti;24
5114;Cecilia Araújo;245.976.381-64;lorenaborges@example.com;da Mata;29
5115;Vicente Cunha;941.532.608-51;novaisisabel@example.org;Ramos;31
5116;Larissa da Mota;658.031.792-21;joao-felipe38@example.org;Nogueira;40
5117;Daniela Farias;654.391.827-64;sarahmelo@example.com;Porto;48
5118;Dr. Gael Henrique Mendes;351.640.298-98;yan76@example.net;Pires da Serra;1
5119;Heloisa Nogueira;724.963.150-07;henry-gabrieljesus@example.net;Câmara;27
5120;Maria Cecília Rios;361.275.984-19;maria-isislima@example.net;da Rocha;54
5121;Caio Pereira;412.689.735-64;erickpastor@example.org;Sales da Mata;18
5122;Eloah Novaes;982.037.451-05;nicole67@example.org;Sousa;8
5123;Cauê Carvalho;169.437.052-61;carvalholeo@example.com;Nascimento;17
5124;Davi Luiz Sales;904.235.681-24;benjamin46@example.org;Rocha;32
5125;José Monteiro;149.035.728-97;carolina06@example.com;Barros da Mata;17
5126;Brenda Brito;796.543.120-34;msiqueira@example.net;Cassiano dos Dourados;12
5127;Nicolas Mendes;413.052.968-42;vda-cunha@example.com;da Luz;47
5128;Vinicius da Conceição;730.659.842-29;usales@example.net;Pires;30
5129;Pedro Caldeira;835.627.941-00;maria-helena10@example.com;da Costa;17
5130;Dr. Lorenzo Campos;072.856.419-01;marinarocha@example.net;Sales;27
5131;Clara Camargo;476.189.523-37;arthurcosta@example.org;Silva;39
5132;Laura Vieira;617.248.350-17;gporto@example.net;Novais da Prata;23
5133;Cecilia Nogueira;186.379.504-93;riosmilena@example.net;das Neves;36
5134;Isadora Ferreira;809.253.714-32;luiz-miguelramos@example.net;Pimenta;49
5135;Ayla Barbosa;862.751.093-86;silvamirella@example.org;Silveira;22
5136;Maria Júlia Farias;039.856.421-33;maysa51@example.net;Santos Grande;14
5137;Vinicius Vargas;140.735.862-62;emanuellynogueira@example.org;Abreu Grande;45
5138;Gustavo Henrique Mendes;745.029.863-56;thiagopires@example.net;Martins da Mata;50
5139;Diego Albuquerque;589.413.670-93;anthony-gabrielramos@example.net;Rocha;25
5140;Heloísa Cassiano;972.408.536-83;cmontenegro@example.net;da Paz;14
5141;Isadora Duarte;506.937.218-12;hpastor@example.org;Alves de Farias;12
5142;Brenda Campos;327.561.498-37;ocavalcante@example.com;Novais de Cunha;8
5143;Bernardo Teixeira;684.293.510-51;vargasgael-henrique@example.org;Cavalcante;20
5144;Luiz Otávio Mendonça;371.542.096-07;hmonteiro@example.net;Araújo;14
5145;Paulo da Cunha;602.954.187-02;zcarvalho@example.com;Farias de Viana;9
5146;Sr. Josué Porto;276.315.089-68;alexandrenovaes@example.com;Sá de Minas;51
5147;Aurora Barros;609.518.372-30;arthur-miguelcasa-grande@example.com;Moraes;12
5148;Srta. Ester Duarte;248.791.063-13;inovaes@example.org;Ramos Alegre;4
5149;Raquel Rezende;120.798.456-67;pazevedo@example.com;da Rosa do Oeste;54
5150;Maria Flor Azevedo;807.541.963-48;thiagonunes@example.net;Rodrigues;18
5151;Rebeca Silveira;265.048.179-01;rebeca53@example.com;Vieira do Galho;26
5152;Sr. João Moura;276.591.480-01;npacheco@example.net;Peixoto;17
5153;Kaique Silveira;739.541.086-66;umarques@example.net;Cunha;19
5154;Ana Beatriz Leão;652.738.019-40;ana-beatrizcorreia@example.com;Fonseca;8
5155;Maitê Araújo;267.091.534-52;maria-luisa40@example.com;Oliveira da Serra;54
5156;Antonella Azevedo;083.749.625-00;davi-lucca86@example.com;Marques do Oeste;43
5157;Maria Clara Lopes;480.576.139-39;fernandespedro-henrique@example.org;Fogaça;53
5158;Dra. Maria Isis Costa;604.851.279-11;lbarros@example.com;Dias Grande;7
5159;Isabela Souza;153.948.702-41;freitasluiz-felipe@example.net;Cirino;27
5160;Luna Costa;457.238.691-91;isiscostela@example.org;Duarte;13
5161;Srta. Heloisa Casa Grande;467.390.825-29;josegoncalves@example.com;Barros de Barros;1
5162;Bruno Moraes;734.568.912-37;gabriellydias@example.net;Pereira de Moreira;4
5163;Ian Garcia;201.385.476-53;danilosouza@example.net;Novais;31
5164;Rael Casa Grande;603.527.184-71;cirinothales@example.com;da Cruz de Pires;50
5165;Mariana Câmara;691.534.820-42;caldeiramaria-cecilia@example.net;Farias do Oeste;11
5166;Vitória da Cruz;291.438.056-98;eduardoguerra@example.com;Alves;50
5167;Luiz Gustavo Sales;901.486.532-51;pirescarlos-eduardo@example.com;Cirino;15
5168;Sr. Bernardo Cavalcante;048.357.621-26;thales66@example.com;Fogaça Alegre;37
5169;Bernardo Moura;085.427.631-90;ana-cecilianogueira@example.com;Moraes;2
5170;Fernando Pastor;506.984.731-75;luiz-gustavo76@example.org;Cavalcanti;15
5171;Eduardo Mendes;439.057.261-06;ayllasilveira@example.org;Moraes do Campo;42
5172;Yago Ferreira;369.042.178-04;maria-flor37@example.org;Vasconcelos dos Dourados;51
5173;Fernanda Almeida;635.278.094-65;gomesravy@example.net;Castro Alegre;21
5174;Olívia Pereira;792.318.650-21;melinamontenegro@example.org;Moraes de Minas;21
5175;Cecilia da Rosa;593.871.206-86;pereiralucas@example.net;Pires da Praia;51
5176;Vitor Gabriel Abreu;709.563.824-10;sofia58@example.net;Casa Grande;16
5177;Gabrielly Fonseca;625.840.319-06;viniciuspimenta@example.net;Martins do Norte;5
5178;Rebeca da Conceição;831.507.692-21;novaisbenicio@example.org;Rocha;37
5179;Ana Cecília Fonseca;206.193.754-34;ana-beatrizda-mata@example.org;Santos da Prata;25
5180;Ana Cavalcanti;178.903.264-40;joao-lucasmelo@example.com;da Cruz Verde;32
5181;Daniel Melo;293.657.804-38;xalbuquerque@example.com;Peixoto da Praia;6
5182;Fernanda Moura;978.130.526-68;silveiraisabelly@example.net;Sampaio de Monteiro;34
5183;Dr. Dante Barros;847.319.625-28;manuela91@example.com;Mendes;14
5184;Alexandre Cavalcanti;763.804.591-20;ucamara@example.org;Fogaça Grande;41
5185;Bryan Pastor;134.598.267-46;ymendonca@example.com;da Rosa Grande;32
5186;Vitor Guerra;694.203.517-34;moraesdavi-lucas@example.com;Silveira da Serra;26
5187;Apollo Castro;091.362.487-03;pintorael@example.com;Moreira;11
5188;Sr. Juan Albuquerque;685.497.120-94;brunavasconcelos@example.org;Guerra da Serra;25
5189;Sra. Maysa Aparecida;217.630.854-90;leticiasilveira@example.net;Vasconcelos de Machado;37
5190;Beatriz Almeida;928.604.371-69;emanuellaazevedo@example.com;Pinto do Campo;19
5191;Léo Fonseca;925.178.306-30;britoana-sophia@example.org;Silveira;17
5192;Bianca da Costa;795.126.840-20;eduardavieira@example.org;Nascimento da Praia;29
5193;Mariana Rodrigues;438.062.975-92;danilovargas@example.net;Mendes de Araújo;14
5194;Fernanda Peixoto;540.312.796-80;fernando45@example.net;Novais do Oeste;16
5195;Gael Henrique Nogueira;609.257.834-47;davi-miguelmoura@example.com;Mendonça;16
5196;Maria Luiza Monteiro;304.789.165-66;isadoracampos@example.com;Sousa;29
5197;Gabriela Araújo;253.786.194-91;gomesotto@example.net;da Paz;5
5198;Sra. Mariana Azevedo;174.829.365-64;apires@example.com;Costela de Goiás;37
5199;Enzo Dias;475.309.861-39;maria-isisgoncalves@example.org;da Paz;11
5200;Leandro Pires;189.507.264-67;marcos-vinicius73@example.net;Duarte;21
5201;Fernando Vargas;067.581.429-49;gmoura@example.com;Peixoto das Flores;23
5202;Maria Flor Melo;143.872.569-82;nataliaazevedo@example.org;Garcia da Praia;25
5203;Maria Vitória Ribeiro;024.791.865-20;emanuellypeixoto@example.net;Vargas da Prata;46
5204;Pedro Henrique Lima;401.329.856-24;santospedro-lucas@example.org;Novais;7
5205;Sophia Câmara;320.695.718-40;cardosonina@example.com;Rodrigues;51
5206;Diego Campos;475.612.893-91;stephanylima@example.org;Casa Grande;10
5207;Brayan Mendes;059.326.718-40;davi-lucca26@example.com;Novais;32
5208;Maysa Nunes;705.916.324-70;mmartins@example.org;Leão;42
5209;Maria Isis Sales;189.523.406-98;erickda-luz@example.com;Caldeira;24
5210;Dra. Maria Alice Cardoso;695.180.372-21;aylada-paz@example.com;Souza de Farias;49
5211;Dr. Valentim Rios;254.138.096-89;eduardo68@example.net;Mendonça de Aparecida;35
5212;Benício Novais;489.236.051-15;barbosacecilia@example.com;Araújo Alegre;47
5213;Sabrina Cunha;428.517.693-91;riossofia@example.org;Vargas de da Cruz;22
5214;José da Conceição;092.834.675-74;rafaela97@example.org;Teixeira;15
5215;Hadassa Novais;872.950.431-79;leonardoda-cunha@example.org;Andrade Paulista;18
5216;Aurora Brito;380.547.691-48;prodrigues@example.org;Pires de Minas;2
5217;Jade Cirino;265.947.803-10;abreujose@example.org;Vieira;14
5218;Guilherme da Mata;071.283.496-69;kdias@example.org;Moraes do Amparo;20
5219;Dr. Isaque Duarte;578.964.302-74;rebecalopes@example.com;Cavalcanti Verde;50
5220;Joana Pires;294.803.651-89;xmartins@example.org;Carvalho do Campo;5
5221;Diego Mendonça;351.094.687-10;afreitas@example.com;Sampaio;3
5222;Rafaela Andrade;214.395.706-80;joao-lucas34@example.net;Teixeira de Pereira;14
5223;Heloisa Campos;845.763.210-80;machadodaniel@example.com;Vieira de Novais;50
5224;Matheus Mendonça;609.437.528-92;auroravasconcelos@example.org;Almeida;38
5225;Dr. Henry Azevedo;670.289.154-76;calebe66@example.net;Almeida das Flores;8
5226;Augusto Garcia;462.395.810-89;abreunicolas@example.org;Correia;36
5227;Maria Eduarda Moura;780.365.412-62;henrycostela@example.net;Casa Grande;46
5228;Rebeca Moraes;592.437.168-91;santosian@example.org;Duarte Paulista;45
5229;João Pedro Araújo;541.397.280-60;samaya@example.net;Peixoto do Amparo;35
5230;Clarice Sá;897.613.054-57;abreumurilo@example.com;Fogaça;1
5231;Isabela Pimenta;952.740.831-88;enzo-gabrielmoura@example.org;Oliveira;19
5232;Maria Luiza da Cruz;316.924.870-78;carlos-eduardo10@example.org;Albuquerque;52
5233;Aylla Sales;957.108.632-03;novaislevi@example.org;Nascimento da Serra;53
5234;Erick da Rocha;715.920.648-76;oliviafonseca@example.com;Pimenta do Galho;48
5235;Ayla Borges;960.178.324-50;portogustavo@example.net;Nunes;43
5236;Theo Vasconcelos;527.901.643-80;arthur-gabriel82@example.com;Garcia do Campo;12
5237;Vitória Campos;648.193.502-42;pastorbenicio@example.com;Pinto;13
5238;Antonella Siqueira;304.862.519-42;henry-gabrielda-mota@example.com;Monteiro do Oeste;24
5239;Benicio Silveira;916.230.487-96;brenomoreira@example.net;Martins Paulista;40
5240;Isabelly Barbosa;945.617.302-06;correiajulia@example.org;Farias Paulista;10
5241;Thomas da Rocha;412.385.607-17;xpires@example.net;Costela Paulista;7
5242;Dr. Enrico Lopes;359.218.764-37;sara07@example.com;Jesus do Norte;23
5243;Maria Luísa Dias;452.867.913-28;machadolorena@example.com;da Rosa;19
5244;Isabella Cirino;734.968.502-56;ribeiroana-vitoria@example.net;Nascimento Grande;14
5245;Ana Cecília Teixeira;607.581.924-01;ninaferreira@example.net;Cassiano;37
5246;Vicente Castro;064.391.782-96;anascimento@example.org;Ferreira;42
5247;Alexia da Cunha;391.548.672-82;da-rosaana-clara@example.com;Pires do Oeste;49
5248;Srta. Sabrina Monteiro;207.548.196-20;osousa@example.net;Pacheco;34
5249;Yasmin Souza;853.762.941-37;benjamimda-paz@example.net;Barbosa do Norte;10
5250;Sra. Zoe Silva;374.869.051-75;joao-lucas51@example.net;Rezende do Galho;1
5251;Ana Julia Rodrigues;590.364.271-34;sousaguilherme@example.net;da Rocha;41
5252;Vitória Ribeiro;350.619.278-77;duartemanuela@example.org;Souza;11
5253;Melissa Souza;791.045.632-80;luna54@example.org;Albuquerque;9
5254;Carlos Eduardo Jesus;962.051.487-49;ffonseca@example.com;Pires;46
5255;Heitor Casa Grande;942.581.706-58;bianca33@example.net;Fonseca da Serra;54
5256;Rael Silveira;941.837.260-69;rafaelafreitas@example.org;Carvalho;41
5257;Cauã Pimenta;512.097.438-41;haparecida@example.com;Vasconcelos das Flores;12
5258;Julia Araújo;906.821.547-76;alvesstephany@example.org;Cirino;42
5259;Ana Sophia Camargo;150.492.367-70;da-rosaemanuel@example.com;Fogaça;16
5260;Dr. Rodrigo Montenegro;841.263.570-17;catarina87@example.net;Monteiro das Flores;22
5261;Ana Vitória Gomes;348.967.502-92;vargasenzo@example.net;Ferreira de Machado;23
5262;Sr. Bento Rezende;453.706.291-61;cunhadom@example.com;Pacheco;43
5263;Clarice Jesus;128.563.904-98;caleb47@example.com;Silveira de Araújo;49
5264;Maysa das Neves;149.325.068-05;eduarda93@example.org;Mendes de Minas;37
5265;Melina Dias;164.237.859-37;matteo97@example.com;Barros;36
5266;Dra. Alícia Moraes;974.825.103-97;da-conceicaobrenda@example.org;da Mota;32
5267;Melina Campos;867.104.239-13;gabrielacavalcanti@example.org;da Mata;14
5268;Luiz Henrique Borges;340.792.568-92;eda-luz@example.org;Sousa Paulista;1
5269;Vicente Pastor;501.963.247-34;mcosta@example.com;Dias do Campo;8
5270;Giovanna Novais;529.173.846-46;da-motagabrielly@example.com;Borges de Porto;13
5271;Heloisa Porto;791.234.506-06;goncalvesanthony@example.net;Pimenta;39
5272;Antony Peixoto;382.491.760-22;brendamontenegro@example.com;Albuquerque de Souza;32
5273;Davi Luiz Azevedo;248.639.071-50;ribeirogabrielly@example.com;Fernandes Verde;14
5274;Thiago Costela;074.918.625-94;valentim22@example.net;da Luz de Costela;17
5275;Sra. Rafaela Guerra;261.053.894-42;davi-miguellopes@example.com;Santos;30
5276;Srta. Lara Barbosa;659.314.720-61;luiza10@example.com;Campos;35
5277;Luísa Leão;269.184.570-20;casa-grandeana-laura@example.com;Garcia de Monteiro;10
5278;Evelyn Macedo;980.674.235-47;evelyn15@example.net;Peixoto da Prata;3
5279;Gustavo Henrique Cardoso;219.746.503-16;correialeandro@example.com;Leão;7
5280;Leonardo da Mota;380.276.495-10;hmendes@example.org;Araújo da Mata;39
5281;Sra. Mariah Fogaça;046.751.829-76;luccajesus@example.com;Novaes;21
5282;Maria Júlia Costa;152.830.697-02;bda-paz@example.com;Sales;39
5283;Gael Fernandes;690.425.381-98;cecilia00@example.com;Pinto de Jesus;14
5284;Nicolas Carvalho;578.306.124-71;nunesjoao-miguel@example.net;Abreu;32
5285;Milena Caldeira;762.093.541-06;castroluigi@example.com;da Mota;40
5286;Bianca da Mota;193.780.652-95;hellenaabreu@example.org;Fonseca;53
5287;Kamilly Campos;709.862.451-94;anthony46@example.net;Melo Alegre;4
5288;Dr. Felipe Garcia;698.250.713-03;vianadavi-miguel@example.net;Marques;48
5289;Lara Ferreira;174.598.023-79;caio09@example.com;Vasconcelos do Oeste;50
5290;Letícia da Luz;532.910.876-40;fernandeserick@example.net;Jesus do Campo;6
5291;Maria Cecília Nunes;631.578.209-40;heitorporto@example.net;Garcia de da Luz;17
5292;Gael Pereira;327.519.806-86;gabrielda-cunha@example.com;Macedo do Galho;15
5293;Otávio Moura;965.210.348-98;bgarcia@example.net;Carvalho de Minas;6
5294;Ana Albuquerque;014.352.678-26;davi-lucasmontenegro@example.net;Moura;48
5295;Nicolas da Costa;602.843.175-35;qaragao@example.com;Silveira;5
5296;Sara Ferreira;706.842.915-76;calebedas-neves@example.org;Moraes de Moraes;54
5297;Liam Moura;149.085.732-04;eloamachado@example.com;Peixoto do Norte;35
5298;Eloá Costa;948.570.231-05;yagoalbuquerque@example.com;Azevedo de Martins;30
5299;Valentina Fernandes;753.642.901-07;davi-lucasfreitas@example.org;Novaes;44
5300;Ester Fonseca;802.461.795-11;sophiebarros@example.com;Siqueira de Rezende;42
5301;Pedro Miguel Pinto;694.085.732-00;opires@example.org;Moraes;7
5302;Ryan Almeida;805.137.296-40;leandro84@example.com;da Paz do Norte;30
5303;Kamilly Sampaio;978.345.620-29;juansiqueira@example.org;Novais do Campo;22
5304;Lunna Albuquerque;091.624.358-33;vitor-gabriel19@example.net;Cavalcanti;33
5305;Josué Lima;598.163.407-39;murilo77@example.org;Marques da Prata;53
5306;Isabel Monteiro;037.186.945-57;domda-mata@example.com;Silveira de Sales;8
5307;Dra. Luana Martins;632.758.140-44;alice90@example.net;Fogaça;12
5308;Clarice Vasconcelos;280.147.536-07;emillycasa-grande@example.org;Novaes da Mata;21
5309;Beatriz Casa Grande;497.386.152-91;xdias@example.net;Fogaça;40
5310;Srta. Stella da Mota;304.216.597-34;eloah22@example.org;Pimenta;4
5311;Asafe Fogaça;391.542.607-52;laisporto@example.org;Viana Verde;18
5312;Luigi Nascimento;385.610.297-30;rsampaio@example.net;Mendes das Flores;46
5313;Maria Liz Alves;248.065.973-92;diasvitor-hugo@example.net;Câmara;17
5314;Eloah Caldeira;789.425.061-94;fonsecaisadora@example.net;Novais;23
5315;Ana Júlia Melo;485.619.372-46;allana22@example.net;Nunes;23
5316;Leonardo Mendonça;201.376.945-80;evelynmontenegro@example.net;Pastor;1
5317;Erick Fernandes;962.813.704-22;cirinohenrique@example.org;Camargo do Campo;39
5318;Olívia Costa;749.315.062-16;vitor-gabriel42@example.org;Ramos;27
5319;Pedro Miguel Farias;843.720.156-07;garciajose@example.net;Peixoto;23
5320;Enzo Macedo;519.462.703-34;da-luzclarice@example.net;Sampaio;10
5321;Enrico da Rosa;693.705.814-48;theopastor@example.com;Vieira da Prata;5
5322;Ana Sophia Peixoto;198.674.025-02;joao-vitor69@example.com;Barbosa;11
5323;Rael Rodrigues;234.586.079-00;camposravy@example.org;Caldeira de Moreira;27
5324;Ayla Moura;036.719.528-30;jpereira@example.org;Câmara;11
5325;Srta. Stella Rocha;719.604.285-94;sophia98@example.org;Santos de Goiás;20
5326;Arthur Gabriel Sampaio;107.592.438-32;alvesluiza@example.org;Castro;43
5327;Sarah Peixoto;164.027.389-13;augusto88@example.org;Costela;7
5328;Danilo Novaes;608.457.312-62;ufernandes@example.net;Novais;40
5329;Dr. Diego da Cunha;598.140.723-97;leandro98@example.com;Dias da Prata;41
5330;Sr. Joaquim Melo;972.385.460-00;raul02@example.org;Ferreira Verde;7
5331;Daniela Mendonça;468.150.327-44;daniela57@example.com;Farias;23
5332;Olívia Novaes;917.384.065-39;bernardo82@example.org;Oliveira da Praia;38
5333;Yasmin Vargas;064.827.395-47;hpeixoto@example.net;Correia;40
5334;Sr. Pedro Henrique Silveira;056.927.814-76;maria-alice91@example.org;Freitas;30
5335;Lucas Gabriel Mendes;530.472.689-83;sarahpastor@example.org;da Cunha;20
5336;Cauê Vargas;072.413.568-53;silvaana@example.org;da Cruz;35
5337;Gabrielly Cavalcanti;608.419.372-22;isis56@example.com;da Rocha do Galho;46
5338;Cecilia Araújo;263.874.950-83;albuquerquethiago@example.net;Jesus;49
5339;Maria Alice Novaes;416.250.983-24;gustavonunes@example.com;Souza;7
5340;Benicio Ribeiro;863.475.920-29;marcelo51@example.net;Cavalcanti Verde;13
5341;Isaac Alves;659.428.310-33;ayla18@example.com;Gonçalves;39
5342;Sr. Marcelo Moraes;543.268.109-98;da-cruzana-beatriz@example.net;Araújo;18
5343;João Lucas Leão;398.140.627-31;aylada-conceicao@example.net;Campos do Campo;26
5344;Isabela Teixeira;719.425.386-00;beatrizmelo@example.com;Costela;43
5345;Daniel Leão;476.082.193-78;sousamariana@example.com;da Costa;45
5346;Ágatha Pacheco;980.473.251-32;pietrobrito@example.com;Abreu de da Mata;1
5347;Carolina Nascimento;153.974.602-06;silveirajuliana@example.net;Jesus;30
5348;Bryan Gomes;681.597.234-82;zda-costa@example.org;Nunes;18
5349;Eloá Silveira;183.607.529-40;eloah35@example.org;Novaes de Lima;31
5350;Valentim Fernandes;847.351.692-37;cunhaaurora@example.com;Ramos;17
5351;Sr. Gael Castro;597.243.681-73;cpeixoto@example.org;Cirino da Serra;30
5352;Enrico da Rosa;450.186.372-26;bento24@example.net;Moraes;9
5353;Zoe Mendes;852.493.610-05;emanuel69@example.com;Borges;36
5354;Dr. Carlos Eduardo Abreu;194.582.637-19;diasdiogo@example.com;Moreira Verde;11
5355;Bernardo Pimenta;175.429.068-01;cauapereira@example.com;Pires do Campo;31
5356;Olívia Jesus;640.731.952-80;carolineviana@example.net;Machado Grande;46
5357;Dra. Eduarda Moraes;571.802.346-80;caua48@example.com;da Rocha;54
5358;Ísis Marques;504.198.327-50;marquesmaria-julia@example.com;Pereira de Macedo;53
5359;Antonella Mendes;530.697.841-00;ana-laura45@example.org;Vasconcelos de Andrade;10
5360;Bento Costa;687.194.035-93;nicolas01@example.org;da Cruz;33
5361;Yuri Mendes;428.379.160-13;igor43@example.net;Almeida do Campo;52
5362;Leandro Rocha;890.325.764-29;olima@example.com;Cavalcanti da Prata;29
5363;Srta. Luiza Alves;942.750.618-02;da-cunhamarcos-vinicius@example.org;da Mata;31
5364;Ana Jesus;386.574.219-09;erick86@example.com;Camargo Paulista;10
5365;Gabriel Vargas;548.036.719-66;eduardanovais@example.net;da Rocha de Nascimento;40
5366;Sabrina Azevedo;210.345.869-98;lda-cruz@example.com;Pires;15
5367;Bryan Cirino;703.269.184-69;caldeiradanilo@example.org;Siqueira Grande;53
5368;Maria Julia Fernandes;739.156.204-16;antonyfogaca@example.org;Silveira das Flores;16
5369;Dr. Yago da Mata;698.130.742-13;calebe13@example.net;Gonçalves;32
5370;Sr. Pietro da Costa;375.019.264-25;ceciliafreitas@example.net;Pinto da Serra;8
5371;Théo Garcia;750.941.823-23;pedro65@example.net;Sá;48
5372;Sr. Emanuel Monteiro;635.874.201-90;paulomendes@example.org;Souza do Galho;45
5373;Dr. Carlos Eduardo Correia;134.958.702-88;eloahsales@example.net;Fogaça do Amparo;43
5374;Luiza Alves;275.846.039-47;barbosastella@example.org;Alves da Praia;40
5375;Vitor Hugo Farias;830.417.659-93;montenegromaria-liz@example.com;Novais;3
5376;Letícia Fernandes;634.851.902-33;andradeotto@example.org;Cunha de Goiás;32
5377;Maria Flor Pires;160.985.347-48;meloluiz-otavio@example.net;Macedo de Barbosa;33
5378;Luiz Henrique Sales;013.825.974-79;zoecunha@example.org;Câmara;6
5379;Evelyn Cunha;462.137.850-35;sagustavo-henrique@example.com;Cavalcante da Praia;4
5380;Beatriz da Paz;473.915.682-28;machadoleticia@example.org;Rodrigues;1
5381;Manuella Vieira;605.127.849-49;cteixeira@example.net;Almeida;21
5382;Diego Macedo;576.439.081-84;carlos-eduardo24@example.net;Souza;18
5383;Maya Garcia;536.987.104-39;vitoriamachado@example.org;Sá de Vasconcelos;25
5384;Dr. Henrique Caldeira;821.670.543-35;isis22@example.org;Duarte;14
5385;Kevin Garcia;369.854.172-64;peixotomaria-luisa@example.com;Costa do Oeste;19
5386;Fernando da Paz;154.627.398-00;marcela16@example.com;Souza das Flores;10
5387;Laura Teixeira;856.294.170-02;novaesenrico@example.com;Aragão das Flores;35
5388;Sra. Ana Liz Costa;356.819.240-33;carolina51@example.com;Marques Grande;50
5389;Eduarda Novais;160.524.379-52;hadassamachado@example.org;Pastor dos Dourados;28
5390;Ana Sophia Peixoto;769.581.043-66;viniciusvieira@example.com;Lima do Norte;4
5391;Sr. Eduardo Aparecida;651.237.084-80;souzabenjamim@example.com;Garcia;22
5392;Pedro Costa;963.427.018-22;sfreitas@example.net;Pastor;38
5393;Cauê Viana;170.634.928-96;mendeslaura@example.com;Ribeiro;16
5394;Dra. Maya Andrade;675.123.809-68;cavalcantimaite@example.net;Fogaça;5
5395;Ísis Melo;132.594.867-55;pietrapacheco@example.org;Freitas;13
5396;Nina da Rosa;182.547.903-88;da-motavitor-hugo@example.net;Nunes;35
5397;Ravy Correia;096.523.471-16;da-motagael@example.com;da Cunha de Cardoso;51
5398;Julia Costela;215.743.690-16;maria-sophiacunha@example.org;da Cruz de Sousa;8
5399;Isabella Machado;073.246.815-90;andre09@example.com;Pastor Verde;50
5400;Pedro Lucas Ferreira;729.054.816-76;garciaisabel@example.com;da Rocha;36
5401;Kaique da Mata;846.350.912-60;jesuskevin@example.org;Cirino;32
5402;Thomas Cassiano;981.756.034-10;eduardamendes@example.com;Cirino;21
5403;Emanuelly Dias;543.021.896-06;camargogael@example.com;Nascimento da Praia;49
5404;Kaique Ferreira;085.249.136-06;dnovais@example.net;Caldeira;16
5405;Dr. Isaac Camargo;437.805.296-29;silveiraana-julia@example.com;Costa Alegre;54
5406;Lívia Cardoso;190.734.865-48;jsiqueira@example.net;Freitas de Correia;16
5407;Henrique Ramos;569.317.240-61;cassianoolivia@example.net;Fernandes da Serra;33
5408;Maria Julia Sampaio;938.462.750-00;vpastor@example.com;Melo;36
5409;Srta. Natália Pinto;087.165.924-76;wrocha@example.org;Novais de da Conceição;15
5410;Dra. Valentina Leão;591.872.463-09;juan28@example.net;Fernandes de Câmara;20
5411;Srta. Maria Luiza Novais;860.791.245-30;bsales@example.net;Vasconcelos de Borges;6
5412;Pedro Henrique Moreira;986.751.432-73;vitor-hugo05@example.com;Aparecida da Prata;49
5413;Evelyn Sá;489.013.527-88;alexia44@example.com;Nascimento;30
5414;Dra. Rafaela Abreu;926.475.038-00;silvavalentina@example.com;Câmara do Oeste;29
5415;Elisa Peixoto;576.892.041-20;antonellagoncalves@example.org;Moura;3
5416;Benicio Andrade;031.982.657-03;albuquerquefelipe@example.org;Barbosa;32
5417;Vinicius Aparecida;724.658.319-09;luiz-gustavoguerra@example.net;da Paz do Norte;52
5418;Maria Isis da Cruz;863.504.791-57;emanuella54@example.com;Leão;15
5419;Thales Montenegro;054.936.128-60;caldeiraenrico@example.com;Casa Grande de Minas;15
5420;Dr. Igor Barros;450.816.793-48;emanuellacavalcante@example.net;Costa da Serra;41
5421;Arthur Gabriel Novaes;127.658.940-94;abreugael@example.org;Moraes;10
5422;Benjamim Vasconcelos;172.698.453-28;spires@example.net;Castro das Flores;20
5423;Ana Clara Nascimento;261.895.704-02;pastorlara@example.net;Sampaio;31
5424;Brayan Peixoto;817.605.493-39;vitor-hugo34@example.com;Borges;37
5425;Helena Novais;914.260.583-06;arthur-gabrielcarvalho@example.com;Leão da Mata;43
5426;Vicente Souza;592.871.430-05;vianaantonio@example.com;Ribeiro;54
5427;Marcela Nascimento;432.596.081-33;mendesmaya@example.org;da Mota;21
5428;Cauê da Mota;638.174.290-96;duarteantony@example.com;Freitas de Moura;41
5429;Sra. Clarice Ferreira;724.691.835-37;bda-luz@example.org;Oliveira das Pedras;24
5430;Pedro Henrique Pimenta;016.278.453-80;barrosamanda@example.org;Fonseca de Minas;42
5431;Srta. Marcela Vasconcelos;178.234.506-07;estherramos@example.net;Garcia de Garcia;3
5432;Matteo Pimenta;018.437.695-57;evelyncorreia@example.com;Cunha do Norte;35
5433;Ana Liz Campos;316.547.920-80;theoribeiro@example.net;da Conceição;43
5434;Otávio das Neves;956.240.381-51;cunhadaniel@example.com;Silveira;14
5435;Otto Aparecida;105.439.268-42;piresemanuel@example.org;Silveira de da Conceição;9
5436;Heitor Barbosa;051.643.972-34;albuquerquelivia@example.net;da Luz de Goiás;45
5437;Srta. Maria Liz Costela;142.798.560-01;yuri29@example.com;Freitas;49
5438;Yago da Rosa;102.784.395-60;salves@example.com;Freitas Paulista;25
5439;Srta. Camila Brito;306.195.284-51;luiz-felipe28@example.com;Cavalcanti;31
5440;Leonardo Viana;390.578.162-02;bento47@example.net;Melo;47
5441;Fernanda das Neves;573.962.841-55;luanamendes@example.net;Pinto da Prata;31
5442;Isabelly Fernandes;197.386.450-93;xcavalcante@example.net;Vasconcelos;3
5443;Rebeca Castro;457.628.013-90;cgoncalves@example.net;Aparecida da Mata;54
5444;Jade Abreu;185.024.379-41;isabelnogueira@example.net;Dias das Flores;20
5445;Valentim Pereira;134.759.026-99;ufreitas@example.net;Ramos;12
5446;Cauê Abreu;932.478.165-00;isabellysa@example.com;Brito;20
5447;Maria Sophia Castro;231.970.468-03;rodrigo40@example.com;da Mata da Mata;12
5448;Raul Cardoso;198.724.365-09;juliana11@example.org;Silva;20
5449;Sr. Augusto Barbosa;936.174.285-09;maria-laura78@example.net;Viana de Rodrigues;13
5450;Maria Isis Caldeira;276.908.135-77;araujojulia@example.net;Almeida;51
5451;Bryan Moraes;136.890.752-03;abreulucca@example.org;Borges;45
5452;Sra. Júlia Fonseca;183.275.906-77;barrosbento@example.com;Abreu;5
5453;André Souza;857.130.942-60;beatriz55@example.org;Azevedo de Goiás;22
5454;Srta. Elisa Ramos;268.790.431-78;piresdaniela@example.com;Peixoto do Norte;29
5455;Luan Macedo;894.302.165-89;apolloaparecida@example.com;Silva do Campo;31
5456;Sr. Yan das Neves;365.942.871-09;vinicius30@example.org;Moraes de Pimenta;44
5457;Breno Marques;456.089.273-38;freitasvinicius@example.org;Moraes do Oeste;8
5458;Luiz Fernando Porto;762.980.154-85;da-pazliz@example.org;Melo de Novais;34
5459;João Miguel Costela;935.678.214-82;andre54@example.com;Monteiro Paulista;5
5460;Lucca Cunha;136.849.570-20;psouza@example.net;Siqueira Grande;18
5461;Gabriela Melo;405.783.612-80;orezende@example.org;Novaes;54
5462;Pedro Camargo;381.270.495-14;alicesilveira@example.org;Jesus;4
5463;Rodrigo Pires;562.471.893-46;pedro-miguelcasa-grande@example.com;da Luz de Santos;52
5464;Sr. Benjamim Moreira;260.394.718-40;vargasgael-henrique@example.com;Barros;36
5465;Srta. Laura Silveira;036.918.724-50;hmoreira@example.com;Silva de Fogaça;36
5466;Dra. Kamilly Pacheco;875.921.036-21;pimentarael@example.net;Câmara da Praia;32
5467;Sr. Igor Borges;395.478.162-09;da-conceicaostephany@example.com;da Mota;23
5468;Mateus Rezende;019.738.426-96;aragaoana-livia@example.net;Caldeira;30
5469;Zoe Pires;936.570.842-74;cirinoemilly@example.com;Barbosa Paulista;15
5470;Augusto Gomes;214.608.935-06;jose17@example.org;Duarte;4
5471;Dom Costa;124.089.375-23;elisa92@example.com;Sá;43
5472;João Felipe Cavalcante;547.286.310-44;luiz-gustavo98@example.net;Ribeiro do Campo;36
5473;Natália Duarte;289.403.561-60;vitor-gabrieldias@example.net;Cardoso Grande;25
5474;Henry Gabriel Barros;672.041.835-17;riosasafe@example.net;Cavalcante da Serra;10
5475;Luna Pereira;140.653.829-98;beatrizandrade@example.com;Garcia Grande;14
5476;Melissa Fernandes;538.420.769-83;isaque55@example.net;Novais;47
5477;Laura Teixeira;675.981.240-94;bsousa@example.com;Campos;32
5478;Srta. Bella Silveira;761.824.390-50;mirella70@example.net;Castro de Moreira;7
5479;Laura Aparecida;106.357.249-52;bernardo56@example.org;Araújo;21
5480;Dra. Ana Luiza Moura;732.498.560-29;ferreirarenan@example.net;Ferreira;30
5481;Hellena da Mata;650.918.237-86;benjamimmelo@example.org;Aparecida;2
5482;Sarah Rodrigues;542.197.638-64;melissapastor@example.com;Aragão do Galho;54
5483;Rebeca Pires;365.297.810-21;riosenzo-gabriel@example.net;Novais;37
5484;Gabriel Pinto;901.357.264-25;gustavo-henrique46@example.org;Carvalho;23
5485;Sr. Antony Albuquerque;954.012.736-06;theo01@example.com;da Rocha de Pimenta;16
5486;Sr. Gael Dias;492.710.638-13;ayllafreitas@example.org;Ribeiro;38
5487;Kamilly Abreu;083.457.216-80;goncalvesjade@example.com;Costa do Sul;38
5488;Milena Correia;875.013.426-44;wcastro@example.org;Moraes de Minas;45
5489;Natália da Cunha;594.786.031-75;ecaldeira@example.org;Sampaio do Amparo;44
5490;Felipe Cirino;194.802.576-02;mendeshenrique@example.net;Cassiano;46
5491;Ana Cecília Teixeira;234.719.065-25;novaesrafael@example.org;Moraes;10
5492;Emanuella Novaes;981.645.703-20;araujomaria-fernanda@example.net;Leão;47
5493;Giovanna Barbosa;324.607.598-00;jose-miguelferreira@example.net;Leão;25
5494;Heitor Sampaio;453.821.079-04;vitoria91@example.org;Campos;41
5495;Ian Aragão;527.018.436-26;ana-laura04@example.org;Monteiro;49
5496;Dr. João Gabriel Sousa;058.762.314-44;joao-pedro64@example.com;Alves do Amparo;16
5497;Gustavo Borges;341.809.726-03;stephany35@example.com;Câmara de Minas;45
5498;Yuri Vargas;081.973.562-03;joao-miguelpinto@example.com;Pastor;24
5499;Srta. Alícia Albuquerque;207.483.915-41;sarah00@example.net;Sousa;29
5500;Julia das Neves;197.038.465-48;bguerra@example.org;Pastor;33
5501;Nicole Moraes;835.472.190-60;da-cruzlorena@example.org;Peixoto;1
5502;Henrique Almeida;512.304.968-15;joana52@example.com;Lima;35
5503;Sr. Guilherme da Mota;304.891.756-00;hadassa91@example.org;Freitas;23
5504;João Pedro Silveira;154.237.680-71;anthony-gabriel12@example.org;Moraes;13
5505;Eloá Brito;163.270.498-69;isaque83@example.net;Cardoso do Oeste;35
5506;Mariah Cunha;176.580.342-07;das-nevesdavi-miguel@example.org;Aparecida;37
5507;Laís Rios;980.523.461-42;rda-luz@example.net;Monteiro;19
5508;Maria Julia Campos;840.217.953-32;yanribeiro@example.org;Lopes;35
5509;Isadora Cunha;138.976.504-01;vinicius89@example.net;Freitas;49
5510;Rebeca das Neves;485.106.279-67;heitor64@example.net;Porto de Alves;14
5511;Pedro Sampaio;408.752.639-92;maria-flor26@example.org;Gomes;26
5512;Bernardo Fernandes;796.023.581-30;henrique36@example.com;Pires;18
5513;Carlos Eduardo Gomes;945.183.720-50;renan47@example.org;das Neves;4
5514;Eloá Machado;910.683.457-48;da-matajuliana@example.org;da Paz do Oeste;11
5515;José Miguel da Mata;976.543.820-65;lunna60@example.com;Vieira de Ribeiro;14
5516;Antony Sá;120.798.564-30;albuquerquenatalia@example.org;Sampaio do Oeste;24
5517;Leonardo Câmara;654.301.827-53;ravi-luccagomes@example.com;Lima dos Dourados;5
5518;Dra. Pietra Azevedo;465.329.710-06;antonellasa@example.org;Costela;54
5519;Maria Laura Martins;802.136.745-80;jmachado@example.net;Cassiano de Fernandes;52
5520;Esther Rios;746.853.129-37;fonsecaana-vitoria@example.org;Cirino de Montenegro;29
5521;Sr. Isaque Rios;134.609.857-39;mariahmartins@example.org;Aragão das Flores;40
5522;Joaquim Ramos;806.249.537-00;mcosta@example.net;Santos;19
5523;João Miguel Aragão;479.503.682-92;kfreitas@example.net;Teixeira;44
5524;Evelyn da Conceição;579.832.410-97;maria42@example.org;Vieira de Machado;12
5525;Arthur da Luz;394.210.568-33;oliveiraagatha@example.com;Moura de Martins;3
5526;Srta. Isabella Pimenta;503.964.218-06;laisgoncalves@example.com;Pimenta;33
5527;Srta. Eloá Souza;068.351.947-66;lorena85@example.com;Costela da Mata;26
5528;Luísa Novais;508.493.761-57;acassiano@example.net;Casa Grande do Galho;42
5529;Jade Gonçalves;156.279.083-86;enzo06@example.com;Ramos do Galho;7
5530;Maria Flor Pires;732.189.450-97;heitorcarvalho@example.net;Campos;38
5531;Sra. Emanuelly da Cruz;095.837.264-00;ravi-lucca19@example.com;Fernandes dos Dourados;30
5532;Valentim Azevedo;648.931.250-60;da-rochamurilo@example.com;Albuquerque de Goiás;8
5533;Breno Azevedo;462.798.503-74;rochayuri@example.net;Albuquerque;47
5534;Dr. Heitor da Mota;094.362.815-60;da-rosaantonella@example.com;Cunha de Goiás;33
5535;Luísa Rocha;157.230.894-04;franciscocirino@example.com;Rezende da Praia;35
5536;Alexandre Mendonça;295.810.674-85;gael-henriqueda-luz@example.net;Pires de Fernandes;25
5537;Dr. Oliver Montenegro;413.968.752-55;novaesana-sophia@example.net;Pereira Grande;44
5538;Eduardo Nascimento;352.649.871-73;giovanna67@example.org;Freitas;20
5539;Ísis Silveira;417.023.958-04;peixotoanthony-gabriel@example.com;Silva da Praia;14
5540;Marcelo Casa Grande;035.941.827-97;ana-luiza96@example.com;Campos;29
5541;Luiz Otávio Ribeiro;827.506.394-92;peixotoleonardo@example.net;Cassiano;4
5542;Liam Alves;762.943.810-96;carolina17@example.com;da Cruz da Mata;24
5543;Diego Barros;970.183.645-66;pietrodas-neves@example.net;Correia Paulista;9
5544;Luiz Otávio Vasconcelos;213.457.698-73;ramoslunna@example.org;da Rosa do Galho;12
5545;Sr. Ravi Lucca Azevedo;384.297.615-19;lopesliam@example.com;Vasconcelos de Goiás;41
5546;Sophia Pinto;390.562.487-74;pietra12@example.org;Marques de Goiás;20
5547;Nicole Peixoto;608.437.529-47;brayan33@example.org;Costa do Campo;20
5548;Lucas Gabriel Ramos;178.345.926-37;hrios@example.org;Novaes;4
5549;Maria Cecília Rios;085.216.934-51;maria-luisacorreia@example.org;da Rocha Grande;42
5550;Davi Lucca Fogaça;897.032.564-65;vitor52@example.org;da Rocha;43
5551;Bruna Novaes;540.927.861-58;lopesmilena@example.com;Dias;10
5552;Joaquim Farias;410.386.572-53;eduardamachado@example.com;Dias Paulista;47
5553;Isis Moura;063.852.471-71;castrorenan@example.com;Mendonça;37
5554;Fernando Jesus;726.094.538-92;ana-vitoria90@example.net;Albuquerque de Marques;14
5555;Valentina Casa Grande;481.296.503-98;goncalvesvinicius@example.net;da Cunha Verde;40
5556;Yago Pacheco;706.524.319-25;caue00@example.net;Mendonça;19
5557;Léo Aparecida;153.246.980-24;maysa83@example.net;Pimenta;53
5558;Arthur Martins;170.948.625-20;camararyan@example.org;Moreira de Albuquerque;51
5559;Bruna Borges;914.768.350-39;lais71@example.net;Pereira Alegre;13
5560;Dr. Yan Cirino;106.487.253-08;ndias@example.net;Oliveira das Flores;13
5561;Daniela Costa;546.382.190-98;mmonteiro@example.org;Melo da Mata;44
5562;Luan Machado;937.801.245-05;aparecidajose-miguel@example.com;Azevedo da Mata;12
5563;Diogo Cardoso;580.294.631-89;camargoandre@example.com;Pacheco das Flores;43
5564;Catarina Sampaio;874.092.315-05;luiz-fernandosilveira@example.org;Cavalcante do Oeste;39
5565;Catarina Leão;572.689.430-83;macedolivia@example.com;Cirino de Minas;9
5566;Lucas Gabriel Aparecida;479.653.812-73;ferreiracaue@example.net;Pinto de Rocha;26
5567;Dr. Gael Henrique Casa Grande;692.714.380-78;spereira@example.com;da Cunha da Serra;42
5568;Jade Peixoto;876.123.590-30;samiguel@example.net;Dias de Minas;13
5569;Srta. Alana Souza;203.817.564-08;maysa52@example.org;Nunes do Amparo;27
5570;Davi Luiz Azevedo;068.235.491-06;dandrade@example.com;Lopes;54
5571;Dra. Lavínia Carvalho;028.517.493-23;josue64@example.net;Oliveira de Novaes;5
5572;Lorena Mendes;401.983.625-60;arthur-miguelsales@example.net;Vieira;45
5573;Igor Duarte;614.752.803-35;camposlais@example.com;Viana de da Luz;30
5574;Nina Costela;138.250.497-79;maria-helenacarvalho@example.net;Farias;49
5575;Sra. Olívia da Cruz;286.430.591-70;danilo24@example.net;Peixoto;12
5576;Bruna Casa Grande;061.528.749-20;luiz-miguel23@example.com;Fogaça da Praia;6
5577;Levi Vasconcelos;127.586.039-77;gfogaca@example.com;da Mota;3
5578;Clara Duarte;804.976.531-84;cirinomilena@example.org;Farias;22
5579;Maria da Mata;250.981.647-02;irios@example.org;Monteiro de Minas;48
5580;Sra. Zoe Nunes;089.246.351-15;ana-ceciliada-conceicao@example.org;Garcia;45
5581;Mariana Guerra;045.617.329-34;sophiacastro@example.org;Freitas;8
5582;Fernando Fogaça;802.467.359-29;vieirabruna@example.org;Nascimento de Pinto;9
5583;Antony Pastor;869.407.312-96;luana65@example.net;Fonseca;49
5584;Josué Moreira;571.680.943-00;camposguilherme@example.net;Ramos;20
5585;Heloisa Sá;573.891.406-66;barbosaluiz-felipe@example.org;Ribeiro de Brito;49
5586;Mariane Souza;703.862.149-13;vargassarah@example.org;Almeida;30
5587;Sr. Gael Marques;753.014.289-50;pedro-miguelbarros@example.com;Barros;37
5588;Maya da Cunha;495.703.268-83;fmoreira@example.net;Alves;30
5589;Luiz Felipe Melo;529.384.167-09;isabellaguerra@example.net;Albuquerque;35
5590;Heloísa Albuquerque;072.941.385-32;brunateixeira@example.org;Camargo;12
5591;Bianca Alves;896.721.530-40;emanuelda-luz@example.com;Pacheco de Goiás;10
5592;Sra. Jade Oliveira;410.932.568-42;lrezende@example.net;Oliveira de Gonçalves;45
5593;Pietro Araújo;935.271.840-23;enzomartins@example.net;Andrade de Mendonça;44
5594;Caroline Viana;306.942.817-78;da-cruzhenry-gabriel@example.com;Farias;4
5595;Fernanda Caldeira;430.298.715-41;benjamim50@example.org;Borges do Galho;35
5596;Thomas Santos;604.589.723-47;joao-miguelnogueira@example.org;Novais;15
5597;Alice Albuquerque;658.321.740-62;pcastro@example.net;Caldeira Grande;1
5598;Enzo Ribeiro;296.035.174-61;xaparecida@example.org;da Cunha Alegre;6
5599;Juan Pimenta;054.891.763-93;fogacarodrigo@example.com;Peixoto de Fernandes;12
5600;Kaique Siqueira;592.480.736-38;ana-livia73@example.com;Correia de Minas;8
5601;Isabela Costa;695.170.832-03;jborges@example.net;Fogaça;41
5602;Lorena da Costa;913.685.274-00;caldeiradante@example.org;Rodrigues Alegre;36
5603;Rodrigo Novais;364.819.270-13;ncarvalho@example.org;Sampaio do Campo;34
5604;Sarah Pimenta;186.924.037-50;gaelporto@example.org;Andrade Grande;30
5605;Ana Sophia da Paz;014.678.953-93;bcaldeira@example.net;Pereira;50
5606;Liam da Paz;028.674.915-76;antoniodas-neves@example.net;Correia do Oeste;16
5607;Eloá Almeida;026.417.398-87;rcorreia@example.net;Correia da Prata;36
5608;Bruna Albuquerque;136.072.549-07;livia56@example.net;Brito do Oeste;44
5609;Maria Vitória Barbosa;107.352.689-59;piresrhavi@example.com;Rocha;54
5610;Joana Andrade;614.597.283-19;aragaoolivia@example.org;Montenegro;34
5611;Murilo Dias;032.698.475-56;fsousa@example.com;Nogueira Paulista;39
5612;Heloísa Rocha;314.967.280-50;ananogueira@example.com;Rodrigues;27
5613;Brayan Moura;849.250.137-50;pedro-miguel12@example.net;da Mata de Goiás;9
5614;Ian Siqueira;035.142.897-60;albuquerquefernanda@example.com;Moraes;44
5615;Eduarda Duarte;248.165.093-05;marcelomachado@example.com;da Mota;14
5616;Dante Macedo;678.045.219-01;bentofarias@example.net;Vargas de Peixoto;28
5617;Yasmin da Mota;594.183.607-48;jesusravi-lucca@example.net;Montenegro;1
5618;Vicente da Conceição;281.946.307-03;kvasconcelos@example.net;Guerra de Andrade;51
5619;Sr. Davi Luiz Ramos;792.461.850-30;catarina93@example.org;Araújo;51
5620;Luísa Ferreira;657.340.819-57;laviniamontenegro@example.net;Barros da Praia;52
5621;Sr. Matteo Farias;781.354.096-48;igorda-cunha@example.net;da Luz;24
5622;Lucas da Cruz;541.730.698-39;almeidacamila@example.net;Aragão;29
5623;Isabella Ferreira;748.096.213-40;melodavi-lucca@example.net;Barbosa da Praia;6
5624;Ana Júlia Silva;465.310.927-34;milenasantos@example.net;Costela Alegre;31
5625;Nina Pinto;035.829.417-79;monteiromaya@example.net;Sá do Sul;54
5626;Daniel Rocha;058.716.239-21;rebeca04@example.net;Garcia;12
5627;Cecília Lopes;968.412.753-73;lpinto@example.com;Leão de Nunes;16
5628;José Jesus;584.012.936-42;cavalcantedanilo@example.com;Melo;17
5629;Lorena da Mata;371.068.549-48;cassianodanilo@example.com;Siqueira;4
5630;Ana Clara Guerra;376.102.945-43;eloa13@example.org;Campos;39
5631;Joaquim Marques;183.249.065-33;maria-lizaraujo@example.org;Lopes;10
5632;Raquel Almeida;741.298.530-23;das-nevesyan@example.net;Nascimento da Serra;35
5633;Ana Liz da Mata;019.534.267-43;portojulia@example.com;Câmara Paulista;15
5634;Marcela Sales;765.014.382-17;gabrielcamara@example.org;Alves;7
5635;Alice Sousa;324.916.078-40;isadora39@example.com;Barros da Prata;29
5636;Thiago Lopes;935.014.268-60;luiza89@example.com;Cunha de Ferreira;53
5637;Oliver Sá;869.354.701-10;cirinomaria-julia@example.com;Souza Verde;8
5638;Caio Almeida;724.691.805-11;asa@example.org;da Costa;17
5639;Sabrina Martins;569.438.271-46;smendes@example.org;Cirino da Serra;46
5640;Rael Lima;645.980.372-29;vda-mota@example.com;Aparecida;34
5641;João Lucas Gonçalves;256.340.987-00;maria-alice25@example.net;Moraes dos Dourados;39
5642;Maria Isis Campos;265.109.743-80;cirinoravi-lucca@example.com;Mendes do Oeste;15
5643;Ana Freitas;179.832.460-13;laisda-cunha@example.net;Silveira de Pastor;32
5644;Maria Cecília Barros;246.051.983-42;moreirarafael@example.org;Cavalcanti da Praia;21
5645;Ana Carolina Correia;513.789.024-32;balmeida@example.org;Ramos do Sul;13
5646;Vinicius Fonseca;487.219.036-03;montenegroheitor@example.com;Siqueira;39
5647;Maria Vitória da Mota;694.127.503-07;xduarte@example.com;Aparecida;52
5648;Brenda da Rosa;174.350.296-61;qsousa@example.com;Cunha;24
5649;Maria Júlia Barros;176.023.849-03;davi49@example.net;Barbosa do Campo;28
5650;Pietro Cavalcante;471.253.608-07;nbarros@example.net;da Cunha;29
5651;Alexandre Borges;209.465.713-25;vieiramaria-clara@example.org;Mendes de Goiás;24
5652;Diego Oliveira;340.291.758-05;ester60@example.org;Vieira do Amparo;48
5653;Leonardo Andrade;620.543.179-34;jda-cunha@example.net;Brito de Viana;42
5654;Josué Peixoto;690.574.318-66;alvesdavi-lucca@example.org;Aparecida;16
5655;João Vitor Vasconcelos;902.736.854-65;cauacampos@example.net;das Neves do Sul;23
5656;Dr. Enzo Gabriel Jesus;958.043.261-98;manuella69@example.net;Oliveira;50
5657;Caleb Fernandes;863.042.971-22;svargas@example.net;Jesus;47
5658;Emanuel da Mata;813.649.205-06;marianeleao@example.com;Sampaio;8
5659;Kaique Andrade;208.531.796-03;xrios@example.org;Mendes do Amparo;31
5660;Natália Lima;317.605.294-43;davi-lucca06@example.org;Sampaio Paulista;54
5661;Emanuelly Costa;176.058.294-85;theo81@example.com;da Mota Grande;48
5662;Laís Costa;964.270.853-10;olivia97@example.net;Souza;35
5663;Luísa Farias;146.970.823-03;jcamargo@example.net;Casa Grande;34
5664;Maria Laura Lima;526.481.079-67;caleb14@example.net;Guerra;54
5665;Isis da Cunha;602.753.419-25;caleb29@example.net;Barbosa de Sousa;27
5666;Heloísa da Cruz;147.659.830-48;sabrina80@example.com;Pimenta;50
5667;Maria Luiza da Conceição;142.806.759-02;hcassiano@example.org;da Conceição Verde;14
5668;Vicente Camargo;573.124.690-43;duartevalentim@example.org;Nogueira da Mata;39
5669;Dr. Davi Lucas Pastor;987.153.064-10;bsouza@example.net;Fernandes de Carvalho;49
5670;Lunna Azevedo;320.459.761-06;yasminda-mota@example.net;Moreira do Oeste;21
5671;Jade da Costa;584.731.960-66;ana-liviafogaca@example.org;Novais de Goiás;28
5672;Matheus Barbosa;679.283.451-37;xnovaes@example.com;Martins do Galho;20
5673;Sra. Isabelly da Mata;052.684.971-11;sousaana-julia@example.net;Vieira do Galho;21
5674;Fernando Cassiano;735.428.019-41;rhavi40@example.org;Oliveira;51
5675;Maria Júlia Silva;647.890.325-74;salmeida@example.com;Costa Paulista;44
5676;Melina Ferreira;092.468.317-13;da-pazluiz-gustavo@example.net;Rodrigues;3
5677;Sophie Duarte;163.275.904-70;ramosnatalia@example.net;Jesus;27
5678;Pedro da Rosa;563.481.097-39;peixotocamila@example.net;da Mota;47
5679;Pedro Lucas Rezende;810.497.635-48;rodrigo71@example.com;Castro;13
5680;Maria Liz Peixoto;036.182.495-51;maria-alicenogueira@example.net;Fogaça do Amparo;44
5681;Davi Lucas Garcia;278.531.096-95;lizaparecida@example.org;Lima;12
5682;Sr. Théo Vasconcelos;758.031.426-62;diego77@example.org;da Cunha de Peixoto;40
5683;José Pedro Silva;231.405.967-07;gaelpinto@example.org;Ferreira de Sá;7
5684;Valentina Câmara;267.095.341-70;scunha@example.net;Farias Paulista;11
5685;Caroline Cardoso;309.842.157-60;fogacaleticia@example.com;Moraes do Norte;41
5686;Antony Costa;472.615.038-35;albuquerquemirella@example.com;Costa;3
5687;João Guilherme das Neves;807.314.562-62;heloisaduarte@example.org;Pastor das Flores;52
5688;Luiza Santos;683.490.251-15;isabellysa@example.net;Jesus do Amparo;50
5689;Maria Eduarda Jesus;406.879.152-01;xdas-neves@example.org;Pires;33
5690;Sra. Heloisa Pimenta;248.679.035-74;thalesmoreira@example.org;Ribeiro de Martins;31
5691;Enzo Novaes;425.037.819-50;ifarias@example.net;Jesus Verde;21
5692;Srta. Ísis Barros;654.931.820-33;lucas45@example.com;Borges dos Dourados;32
5693;Marcos Vinicius Ramos;452.683.901-98;clara32@example.net;Porto;25
5694;Maria Luiza Lopes;426.580.319-98;santosjose-pedro@example.com;da Costa Alegre;3
5695;Liam Viana;705.483.612-07;ana-claracirino@example.net;Costa;36
5696;Gustavo Henrique Sousa;835.916.740-01;nunesenzo@example.net;Abreu;32
5697;Sra. Agatha da Rocha;540.836.172-17;yasmin26@example.com;Barros Grande;19
5698;Maysa Novaes;341.582.907-32;mda-conceicao@example.com;Pereira;34
5699;Gael Henrique Farias;527.043.869-00;jmelo@example.com;Cunha;12
5700;Gabrielly Cavalcante;976.840.532-56;rafaelgarcia@example.com;Vargas Grande;37
5701;Sophia da Costa;816.725.934-09;qcamargo@example.org;Borges;44
5702;Samuel da Rosa;257.063.481-62;luccasilveira@example.com;da Rosa do Campo;4
5703;Liam Pimenta;756.428.103-08;gmacedo@example.org;Pimenta Paulista;41
5704;Igor da Rosa;854.107.396-39;nicole38@example.net;Oliveira;20
5705;Kevin Castro;819.756.302-03;nataliamoura@example.com;Mendonça de Nogueira;3
5706;Sra. Gabriela Campos;350.129.874-97;benjamim39@example.com;Câmara do Sul;9
5707;Apollo Martins;416.380.572-90;juliana33@example.net;da Cruz;52
5708;João Gabriel Gomes;702.653.498-00;cmelo@example.com;Costa;11
5709;Giovanna da Rocha;306.481.297-13;uda-mata@example.org;Machado da Serra;48
5710;Anthony Lopes;912.804.537-88;ecunha@example.org;Vieira;40
5711;Thomas Novais;086.143.592-33;isaacoliveira@example.org;Cavalcanti;19
5712;Mariah Macedo;598.146.320-15;maria-liz99@example.net;Rocha de Silveira;36
5713;Kaique Gonçalves;831.427.056-35;ynunes@example.com;Novaes;39
5714;Hadassa Novaes;309.642.518-33;theodoro21@example.org;Sousa Alegre;11
5715;Manuella Garcia;170.624.853-90;brunobrito@example.net;Nascimento;22
5716;José Miguel Andrade;724.961.083-03;andrademariana@example.net;Fonseca;33
5717;Rebeca da Cruz;793.614.805-10;pastorisabela@example.org;da Cruz da Serra;37
5718;Arthur Costa;254.907.831-41;maria-vitoriasantos@example.com;Sousa de Goiás;54
5719;Calebe Rodrigues;513.762.049-16;costelarafael@example.net;da Conceição da Mata;49
5720;Sra. Heloisa Ribeiro;184.360.957-66;jrodrigues@example.net;Machado;28
5721;Luísa Rodrigues;409.356.728-00;danielmontenegro@example.org;Caldeira do Galho;4
5722;Kamilly Jesus;954.301.627-52;mateus68@example.org;Moreira;5
5723;Bruno Mendes;310.287.654-44;vieirajose@example.org;Casa Grande da Serra;21
5724;Jade Mendes;695.801.734-00;machadomaria-vitoria@example.org;Pinto;12
5725;Dr. Thales Machado;143.567.098-10;enzo-gabriel20@example.com;das Neves da Mata;40
5726;Nathan Cardoso;741.958.362-55;kpimenta@example.org;Silva das Pedras;52
5727;Bento Vieira;579.103.642-61;heitorribeiro@example.org;da Mata;42
5728;Henry Porto;813.905.746-01;limaana-livia@example.net;Cunha;35
5729;Ágatha da Rosa;067.182.394-96;cardosohenrique@example.org;Cirino de Sá;31
5730;Lorena Cassiano;725.036.918-03;zbarros@example.com;Ferreira;49
5731;Isaque da Cunha;640.237.891-78;mendesmaria-cecilia@example.org;Gonçalves de Correia;34
5732;Dom Costela;732.619.058-59;auroravieira@example.com;Sales de Goiás;44
5733;João Pedro Albuquerque;863.149.057-10;hnovaes@example.net;Melo;12
5734;Théo Jesus;502.891.367-68;siqueiramaria-laura@example.com;Mendonça;50
5735;João Miguel Moura;981.354.726-09;lucca62@example.net;Silveira do Sul;40
5736;Breno Campos;859.326.407-74;raquelmoreira@example.org;Lima Verde;23
5737;Alexandre Garcia;958.263.104-05;ayllacirino@example.com;Dias;4
5738;Ester Garcia;810.253.947-04;jgarcia@example.org;Pires;33
5739;Ana Júlia Cavalcante;651.837.290-77;qcorreia@example.org;da Rocha;51
5740;Benjamin Almeida;047.368.219-22;bmontenegro@example.net;da Conceição de Aparecida;38
5741;Dra. Ana Clara Oliveira;523.617.904-16;vitor-hugo61@example.com;Cirino;46
5742;Sra. Maria Fernanda Duarte;167.235.409-99;melissa04@example.org;Vasconcelos;11
5743;Antony Pires;062.954.183-33;zcostela@example.org;Novaes de Oliveira;40
5744;Caio Ramos;480.269.571-30;rgomes@example.com;Araújo de Ribeiro;50
5745;Nicolas Ribeiro;914.750.268-11;gustavo27@example.org;da Paz;5
5746;Sr. Luiz Miguel Garcia;359.684.217-46;paulogoncalves@example.org;Moreira;10
5747;Clarice Rodrigues;960.371.248-50;samuel56@example.net;Sales do Campo;10
5748;Kaique Martins;543.287.916-64;maria-aliceazevedo@example.net;Cirino do Amparo;38
5749;Henry Araújo;062.835.174-71;azevedosamuel@example.com;Pastor Paulista;29
5750;Ana Lívia Cavalcante;673.820.954-10;isaacrocha@example.com;Melo;30
5751;Anthony Abreu;683.517.902-30;silveiralucas-gabriel@example.org;Pacheco;48
5752;Vinícius Lima;120.468.973-31;isabel33@example.net;Costa das Flores;43
5753;Maria Clara Sampaio;302.578.916-68;pedro-lucaslopes@example.com;Costa;36
5754;Matheus Mendonça;501.493.276-25;arthur47@example.com;Câmara Verde;43
5755;Luiz Henrique Sales;652.471.309-52;da-motamurilo@example.com;Alves;45
5756;Marcela Macedo;768.019.543-93;caldeiraanna-liz@example.com;Mendonça de Correia;20
5757;Vitor Novaes;428.739.105-50;augustosilva@example.com;da Rocha do Oeste;38
5758;Ana Sophia Castro;852.471.039-04;gael26@example.net;Costela;6
5759;Dr. Fernando Duarte;859.407.163-93;ana-cecilia73@example.net;Mendes do Sul;24
5760;Olivia Rezende;486.572.109-67;evelyn27@example.net;Garcia;4
5761;Emilly Ferreira;480.756.129-49;qrodrigues@example.net;Alves de da Paz;21
5762;Vinicius Rocha;796.103.524-99;lfernandes@example.com;Cunha;54
5763;Vitória Vargas;143.258.706-44;enrico15@example.com;da Cunha;20
5764;Luiz Fernando Siqueira;792.584.603-83;luanlopes@example.com;Ramos do Galho;41
5765;Isaac Ribeiro;814.279.563-91;manuella91@example.net;Farias;6
5766;Gustavo Melo;851.679.423-73;brunarezende@example.com;Jesus do Norte;14
5767;Luiz Miguel Lopes;149.602.387-04;luna14@example.com;Silveira do Amparo;24
5768;Theodoro Pastor;630.471.529-34;pporto@example.net;Campos de Casa Grande;33
5769;Maria Helena Cunha;792.310.456-52;benjamin70@example.net;Vieira de Minas;34
5770;Maria Luiza Macedo;516.078.324-53;rodrigo39@example.com;Pimenta;13
5771;Théo Barros;072.641.358-53;carvalhoantony@example.net;Oliveira de Fonseca;27
5772;Rebeca Almeida;932.076.451-43;maria-isissales@example.net;Brito;4
5773;Larissa Almeida;372.516.809-12;ana-julia38@example.org;Marques;2
5774;Davi Miguel Costela;657.948.012-20;luana49@example.org;Lima;28
5775;José Cavalcanti;172.856.039-02;jbrito@example.com;da Costa;54
5776;Dra. Amanda Farias;362.908.457-56;noah89@example.net;Nunes;10
5777;Maria Oliveira;468.197.205-30;sousaluisa@example.org;Fogaça das Flores;44
5778;Bryan Moraes;740.532.961-61;miguel90@example.org;Oliveira dos Dourados;25
5779;Murilo da Rocha;350.897.426-00;andre50@example.net;Vieira das Flores;22
5780;André Pereira;165.024.978-02;anthony-gabriel44@example.org;Moura;41
5781;Sr. Davi Lucas Aragão;362.971.485-46;pda-rocha@example.com;Ramos da Serra;46
5782;Pietro Freitas;425.817.630-35;alanabarros@example.com;Montenegro da Prata;40
5783;Rafael Casa Grande;856.073.124-53;ramosisaac@example.net;Rios;54
5784;Sr. Anthony Teixeira;518.470.296-20;henry-gabriel15@example.net;Carvalho;48
5785;Clara Dias;857.930.124-60;hsantos@example.net;Leão do Sul;30
5786;Sr. Thomas Fonseca;625.874.093-65;agarcia@example.org;Aragão;11
5787;Natália Cassiano;458.210.796-67;ester63@example.org;Ribeiro Paulista;5
5788;Ana da Mata;564.839.210-98;hpinto@example.com;Silveira;20
5789;Diogo Marques;106.743.592-16;rafaela31@example.org;Nascimento;35
5790;Enzo Correia;196.245.087-20;novaescalebe@example.com;Guerra das Pedras;18
5791;Srta. Heloisa Araújo;309.627.158-59;correiacamila@example.org;da Luz do Amparo;10
5792;Apollo Ribeiro;957.308.124-50;pedro-miguelaragao@example.net;Martins de Minas;30
5793;Sr. Luiz Miguel Pimenta;397.120.648-40;manuellaferreira@example.com;Nogueira Grande;5
5794;Srta. Sofia Fernandes;731.928.604-13;diasmatheus@example.org;Vasconcelos;13
5795;Eloá Leão;526.380.174-26;araujogael-henrique@example.com;Novaes;11
5796;Ana Sophia Melo;728.065.149-67;barrosdavi-lucca@example.org;Pimenta;47
5797;Lavínia Melo;256.893.710-68;bryanmarques@example.org;Leão;52
5798;André Cirino;834.790.526-65;rsouza@example.net;Camargo;24
5799;Guilherme Andrade;681.724.350-53;rochadavi@example.org;Cavalcanti do Amparo;40
5800;Paulo Porto;128.306.594-06;ana-sophia86@example.com;da Rocha;20
5801;Sr. Henry Gabriel Azevedo;384.179.602-87;macedomaite@example.org;Freitas de Cunha;13
5802;Theo da Mata;746.201.853-53;ana-liz12@example.org;das Neves;34
5803;Vicente Cunha;546.073.928-47;carlos-eduardo33@example.com;Lima de Pastor;23
5804;Srta. Catarina Câmara;571.609.842-85;tmachado@example.com;Gonçalves;6
5805;Arthur Gabriel Mendonça;086.354.291-33;davi-lucasguerra@example.com;Dias do Amparo;12
5806;Melina Ferreira;491.563.027-70;mendoncalucas@example.net;Fogaça;31
5807;Maria Luísa Correia;962.347.580-29;da-rochacaue@example.net;Sousa da Mata;23
5808;Melissa Barbosa;027.598.143-60;gustavo17@example.com;da Rocha Paulista;12
5809;Davi da Costa;619.703.245-70;alvesdaniel@example.net;Azevedo;41
5810;Vitor Gabriel Cunha;702.953.186-86;emanuellaguerra@example.org;da Rosa;54
5811;Thiago Pacheco;508.267.143-07;sara71@example.org;Fogaça;9
5812;Daniel Cardoso;239.801.457-60;hadassa61@example.org;da Cruz de Minas;33
5813;Luiz Otávio Gonçalves;971.530.648-93;inovais@example.org;Fogaça das Flores;47
5814;Larissa Silva;750.139.286-21;novaesgabriela@example.org;das Neves;35
5815;Ana Lívia Monteiro;613.974.582-91;eduarda97@example.org;Novais de Lima;54
5816;Eloá Guerra;518.349.602-15;mendoncaluiz-felipe@example.net;Santos;40
5817;Sarah Moraes;340.512.976-16;sophiaalves@example.net;Pereira da Serra;29
5818;Isabela Cardoso;107.935.286-40;samuel56@example.com;Mendes;34
5819;Jade Araújo;627.410.853-07;ravi-lucca88@example.com;Costela;27
5820;Marcos Vinicius Castro;246.971.305-61;guilhermesiqueira@example.net;Abreu;9
5821;Alexandre Abreu;512.947.360-43;asafe49@example.com;Lopes;18
5822;Laura Aragão;352.901.487-79;vpires@example.org;Garcia;4
5823;Murilo Câmara;983.642.170-03;danteabreu@example.net;da Mata de Minas;10
5824;Marcelo Casa Grande;628.495.031-42;andradebenicio@example.net;Siqueira;17
5825;Raquel Gonçalves;574.062.938-10;fsouza@example.org;Souza;17
5826;Alana Nascimento;782.164.953-82;pjesus@example.net;Martins das Flores;30
5827;Luara Andrade;634.280.915-15;mayada-luz@example.org;Guerra de Leão;49
5828;Kaique da Paz;106.849.725-49;santosjoao-guilherme@example.org;Andrade;36
5829;Srta. Ágatha Monteiro;673.542.190-61;gabrielly12@example.org;Pacheco;16
5830;Theodoro Carvalho;451.820.379-88;bryan29@example.org;Gomes do Amparo;52
5831;Helena Caldeira;675.021.348-08;davi-miguelsouza@example.net;Sales de Fonseca;14
5832;Davi Luiz Câmara;972.405.361-06;ninada-cunha@example.com;Ribeiro;2
5833;Danilo Fogaça;870.349.265-65;rafaelacastro@example.net;Pires;3
5834;Théo Gonçalves;048.592.173-14;pastorstephany@example.org;da Mota;5
5835;Maria Flor Sampaio;964.521.783-00;siqueiraanna-liz@example.net;Siqueira de da Luz;2
5836;Ian Correia;439.067.128-69;vianaalana@example.net;Sousa Paulista;51
5837;Diego Cavalcante;943.051.867-48;hcavalcante@example.com;Rios de Goiás;1
5838;Larissa Correia;586.710.924-02;emanuel80@example.net;Camargo de Porto;3
5839;Ana Julia Nunes;896.724.510-67;nvasconcelos@example.org;da Rocha;17
5840;Eduarda Farias;136.082.495-24;marquesnicolas@example.net;Cavalcante das Flores;14
5841;Arthur Gabriel Ramos;614.958.237-09;benjamimvargas@example.com;Marques do Sul;32
5842;Manuela da Paz;124.583.607-26;rodriguesbarbara@example.net;Martins;36
5843;Evelyn Duarte;359.128.470-04;maria-isis97@example.net;Porto do Campo;33
5844;Nathan Abreu;034.156.782-53;yanguerra@example.net;Melo de Duarte;21
5845;Miguel Gonçalves;630.178.952-03;scastro@example.com;Cavalcante de Minas;48
5846;Maria Helena Azevedo;760.982.543-38;luanarocha@example.com;Gomes das Flores;12
5847;Matteo Andrade;859.461.302-42;biancapires@example.com;Fogaça do Oeste;12
5848;Sara Pires;973.208.651-30;wbarros@example.net;Nunes;40
5849;Davi Miguel Sampaio;135.647.809-39;joao-miguelandrade@example.net;Santos;8
5850;Otto Moreira;908.645.312-06;yteixeira@example.org;Souza;22
5851;Léo Pastor;840.563.721-44;luigi47@example.net;Peixoto de Goiás;3
5852;Luísa Almeida;208.691.543-89;heloisarezende@example.org;Viana Alegre;17
5853;Maya Camargo;347.902.856-00;cirinomelissa@example.net;Borges;14
5854;Isaque da Rosa;182.769.045-30;kcassiano@example.com;da Conceição;28
5855;Alice Gonçalves;954.816.702-67;cavalcantiana-sophia@example.org;Novaes;26
5856;Henry Melo;079.816.543-00;maria-eduardanunes@example.net;Brito;35
5857;Maria Júlia da Costa;241.806.579-02;davi-lucas52@example.org;Montenegro da Prata;11
5858;Theodoro Abreu;312.578.906-03;mgoncalves@example.org;da Paz;40
5859;Dom Martins;841.976.503-10;maiteda-rosa@example.com;Ferreira;41
5860;Sr. Pedro Casa Grande;942.650.731-07;ocostela@example.org;Viana;24
5861;Enzo Gabriel Alves;514.297.608-85;jnovaes@example.com;Barbosa de Alves;41
5862;Davi Lucas Machado;376.280.915-12;freitasigor@example.net;Pimenta;4
5863;Ana Julia Barros;315.074.689-20;kcavalcante@example.com;Barbosa da Serra;50
5864;Valentina Cassiano;293.815.406-24;pachecomaria-clara@example.net;Sampaio;42
5865;Fernando Gomes;821.769.503-21;pietro62@example.org;Pastor;13
5866;Ester Mendes;096.314.285-24;viniciuscarvalho@example.org;Oliveira de Correia;47
5867;Otávio Castro;907.215.346-43;viniciusmartins@example.net;Aragão de Costa;32
5868;Vicente Nogueira;409.623.517-25;vitoria36@example.net;Pacheco de Cardoso;13
5869;Yago Pinto;456.081.739-10;maria-luiza91@example.net;Lima;44
5870;Bárbara Melo;013.678.295-77;da-luzluana@example.com;Castro;16
5871;Melissa Moreira;280.391.564-24;melinabarbosa@example.net;Novais Grande;23
5872;Ian da Conceição;851.367.024-35;allanacampos@example.org;Freitas do Amparo;52
5873;Cauã Monteiro;753.218.946-55;antonella53@example.org;Casa Grande do Amparo;50
5874;Bella Rodrigues;380.672.951-40;sda-mota@example.net;Nascimento;39
5875;Theodoro Carvalho;579.268.401-49;vargasana-vitoria@example.net;Ramos de Peixoto;9
5876;João Lucas Montenegro;069.835.142-89;jose-miguelcorreia@example.org;Abreu;12
5877;Sr. Kaique Gonçalves;840.695.271-76;viniciusmonteiro@example.com;Pinto de Vargas;18
5878;Sra. Raquel Moreira;268.195.703-68;oliveiraigor@example.net;Camargo de da Mata;36
5879;Emanuella Macedo;038.425.179-04;juliacarvalho@example.org;Mendonça dos Dourados;35
5880;Sr. Pedro Henrique Costa;732.569.410-52;henry84@example.com;Castro do Oeste;31
5881;Ana Vitória Costa;967.321.580-40;fernanda71@example.com;Azevedo;43
5882;Letícia Duarte;273.914.086-03;ana-beatrizsantos@example.net;Silveira;15
5883;Letícia Gomes;459.260.713-99;machadomarcela@example.net;Marques da Praia;27
5884;Arthur Gabriel Abreu;348.506.279-00;tda-rocha@example.org;Brito do Sul;14
5885;Dra. Maria Flor Melo;240.517.936-99;glopes@example.com;Nunes;38
5886;Diogo Pastor;863.179.052-40;isismoreira@example.org;Teixeira;27
5887;Sra. Brenda Jesus;937.854.601-39;lucasoliveira@example.com;Sousa do Amparo;3
5888;Dr. Henry Campos;974.136.508-00;piresmariane@example.org;Cassiano;25
5889;Isabella Almeida;486.739.125-55;maria-sophiapires@example.net;Moura;45
5890;Bianca Vasconcelos;462.157.093-52;garciatheo@example.net;Viana das Pedras;35
5891;Milena Brito;934.651.807-39;luiz-miguelcirino@example.net;Câmara Grande;28
5892;Ravi Teixeira;195.862.340-70;henry-gabriel80@example.org;Freitas;54
5893;Sra. Alice Farias;827.546.013-17;ian86@example.net;Ferreira;2
5894;Isabella Montenegro;049.725.861-76;juliadias@example.com;Araújo das Flores;24
5895;Emanuelly Jesus;893.125.046-06;ada-costa@example.net;Souza das Flores;22
5896;Maria Cecília Duarte;037.682.549-92;ravi-luccapimenta@example.org;Mendes;41
5897;Pedro Henrique Castro;861.092.573-03;melissa77@example.com;Correia do Campo;33
5898;Ana Sophia Ribeiro;986.250.741-11;cmacedo@example.net;Barros Alegre;24
5899;Anthony Guerra;125.903.768-12;vitor-hugosantos@example.org;Azevedo;4
5900;Sra. Sarah Sousa;851.263.970-95;laura07@example.org;Macedo de Barros;6
5901;Thiago Nogueira;249.076.138-22;joao-guilhermealbuquerque@example.com;Oliveira;42
5902;Cauê Machado;371.256.809-68;castrobryan@example.net;Azevedo;48
5903;Srta. Caroline Ramos;834.791.265-37;usouza@example.com;Pires;2
5904;Emanuelly Peixoto;541.967.230-80;souzaenrico@example.net;Sousa;13
5905;Sra. Maysa Silva;368.270.491-40;oliviagoncalves@example.com;Jesus;54
5906;Laura Barros;860.214.739-22;yuri81@example.org;Rodrigues Verde;54
5907;Dr. Liam Jesus;568.319.027-40;biancada-cunha@example.org;Costela de Caldeira;4
5908;Melissa Leão;987.206.314-13;sampaioisabela@example.org;Silva de Minas;25
5909;João Felipe Nogueira;280.753.914-97;zpereira@example.com;Lima;14
5910;Vitor Gabriel Oliveira;730.915.624-25;kgomes@example.com;Peixoto de Fernandes;24
5911;Sr. Mathias Vargas;064.731.928-40;uferreira@example.net;Ribeiro do Sul;26
5912;Dra. Brenda Silveira;251.860.743-90;wcavalcanti@example.com;Oliveira;1
5913;Bernardo Garcia;840.357.219-05;wda-costa@example.com;Pereira;11
5914;Ana Cecília Lopes;283.670.419-50;caldeiraliz@example.net;Silveira;9
5915;Calebe da Luz;137.254.980-32;leticiada-luz@example.org;Aparecida dos Dourados;18
5916;Eloah Ribeiro;063.192.584-89;larada-mata@example.org;Rodrigues;38
5917;Anna Liz Cavalcanti;193.654.702-34;halves@example.org;Silveira de Camargo;22
5918;Dra. Lívia Costa;487.012.693-13;pfogaca@example.com;Costela;19
5919;Sra. Maria Fernanda Ferreira;295.637.804-00;rda-mota@example.net;da Paz;15
5920;Francisco da Conceição;471.950.283-05;luiz-gustavobarros@example.net;da Paz da Mata;41
5921;Rhavi da Luz;182.304.596-06;joliveira@example.net;da Paz;11
5922;Stella Marques;106.423.978-13;isabela58@example.net;Rodrigues;48
5923;Maria Júlia da Costa;178.350.462-53;kcampos@example.org;Jesus;46
5924;Isabella da Cunha;231.485.067-07;qsa@example.com;Fogaça de Goiás;23
5925;Cauê Alves;203.764.981-96;joaquim98@example.org;Machado de Vasconcelos;51
5926;Davi Moura;789.405.632-47;qnovaes@example.com;Barbosa;33
5927;Otávio Castro;612.387.049-13;jalves@example.net;Rocha da Serra;42
5928;Yago Vieira;724.986.015-11;antoniocasa-grande@example.org;Costela;5
5929;Lucca da Rosa;138.420.975-14;correiaaurora@example.com;Teixeira;36
5930;Dr. Lorenzo Camargo;409.265.137-61;vianadavi@example.com;Marques de Viana;19
5931;Heitor Abreu;695.231.074-61;correiamaria-flor@example.org;da Rosa do Sul;33
5932;Eduardo Viana;487.561.290-76;andrademaria-fernanda@example.org;Lopes;36
5933;Dra. Antonella Machado;417.693.028-40;nsiqueira@example.org;Ribeiro das Pedras;1
5934;Dante Aragão;475.321.096-07;ribeiroemanuel@example.com;Caldeira;10
5935;Matteo Farias;835.197.620-21;wviana@example.com;Farias do Campo;1
5936;Srta. Elisa Silveira;498.756.302-92;isis74@example.net;Montenegro da Mata;11
5937;Dra. Maya Peixoto;036.518.492-60;manuella04@example.org;Nogueira de Machado;38
5938;Bárbara Silveira;127.403.568-62;imontenegro@example.net;Cunha;25
5939;Ana Clara Camargo;785.239.610-03;almeidamanuella@example.net;Pires;51
5940;Augusto Montenegro;138.592.076-95;lais01@example.net;da Costa;24
5941;Vitor Gabriel Sá;536.407.921-06;fmachado@example.net;Teixeira do Amparo;15
5942;Diogo Fonseca;037.964.582-38;usiqueira@example.org;Mendes de Farias;29
5943;Otto Cavalcanti;840.376.125-26;juliamendonca@example.com;Rodrigues do Amparo;11
5944;Vitor Gabriel Fogaça;407.582.693-74;fcastro@example.com;Peixoto;39
5945;Vinicius Rocha;231.905.687-40;wcaldeira@example.com;Casa Grande;6
5946;André Lima;671.295.380-40;hadassa76@example.com;Andrade da Praia;15
5947;Ana Júlia Fernandes;723.958.610-30;pimentajose@example.net;Mendes;51
5948;Rafaela Barros;462.170.953-43;luigida-mata@example.net;Vieira Alegre;44
5949;Bárbara Peixoto;527.309.146-25;silveiramanuela@example.com;Montenegro de Novaes;45
5950;Isaac Vasconcelos;591.726.438-46;pedro-miguelferreira@example.org;Aparecida de Goiás;18
5951;Ana Liz Pimenta;789.420.531-14;melissanovais@example.com;Moraes;10
5952;Vinícius Garcia;647.058.391-10;qoliveira@example.org;Nunes;30
5953;Dr. Mateus da Mota;293.085.647-56;icavalcanti@example.com;Correia;9
5954;Dra. Rebeca Cardoso;781.439.625-55;barbara69@example.net;Martins;5
5955;Dr. Thiago da Luz;013.576.892-68;usilva@example.org;Guerra;38
5956;Nathan Guerra;027.846.519-67;ravi37@example.net;Sá;3
5957;Sr. Arthur Miguel Pires;816.423.705-17;marquesalicia@example.com;Ribeiro do Galho;39
5958;Benicio Sales;512.803.674-07;machadostella@example.org;Peixoto da Serra;10
5959;Vinicius Campos;678.219.354-09;enzo-gabriel57@example.com;Montenegro;45
5960;Maria Isis Correia;164.758.230-07;ravi61@example.org;Nascimento;2
5961;Liz Novaes;716.295.340-99;danielaparecida@example.com;da Cruz;48
5962;Otávio da Paz;097.643.258-74;manuela65@example.net;Nunes;51
5963;Carlos Eduardo Mendes;438.796.210-04;maria-luisa07@example.net;Machado de Silva;54
5964;Apollo da Rocha;259.386.741-82;anarezende@example.net;Aragão;7
5965;Larissa das Neves;309.651.827-03;bento18@example.com;Novais;18
5966;Liz Cirino;235.480.961-15;ana-claramoraes@example.net;Duarte de da Paz;32
5967;Eloah Pimenta;487.013.596-57;jmarques@example.com;Mendes;37
5968;João Vitor Alves;826.310.594-33;duartetheodoro@example.com;Azevedo;4
5969;Sra. Alice Caldeira;529.701.683-59;qpires@example.com;Sampaio do Campo;51
5970;Isadora Vieira;135.406.289-24;omelo@example.org;Moura de Minas;32
5971;Carlos Eduardo Alves;419.250.387-50;xda-luz@example.net;Costa da Praia;17
5972;Dra. Antonella Barros;401.986.237-04;ryanazevedo@example.org;Freitas dos Dourados;2
5973;Ravi Lucca Rezende;943.725.108-88;liviada-conceicao@example.org;Peixoto de Campos;33
5974;Alexia Cirino;502.961.347-16;valentinarezende@example.org;da Paz da Prata;43
5975;Josué Ribeiro;128.790.635-40;luana44@example.net;Santos;28
5976;Davi Lucca Cavalcanti;071.942.835-14;leonardo84@example.net;Fogaça;5
5977;Ana Liz Lopes;128.690.745-49;rafaela47@example.net;da Luz de Minas;7
5978;Isabela Barros;410.956.327-52;jade18@example.net;Ferreira da Serra;52
5979;Joaquim da Paz;524.137.096-06;novaesnoah@example.net;Pacheco de Melo;24
5980;Arthur Miguel da Mata;085.169.372-59;davi-miguel46@example.net;da Mota das Flores;44
5981;Thales Guerra;823.059.417-14;camargocaue@example.org;Fogaça;54
5982;Juan da Rocha;648.901.732-69;mendesravy@example.org;Moraes das Flores;34
5983;Fernando Mendonça;157.608.324-17;pedro-lucas66@example.com;Barros;38
5984;Davi Lucas Melo;473.095.816-01;gcarvalho@example.com;Rodrigues;38
5985;Isabelly Sá;815.234.697-73;gsilveira@example.com;Cavalcante das Flores;14
5986;João Gabriel Castro;207.461.389-03;jcassiano@example.net;Marques;12
5987;Luiz Henrique Costa;420.651.379-16;gael-henrique94@example.net;Cavalcante;53
5988;Arthur Miguel Vasconcelos;315.284.709-23;fogacarodrigo@example.net;Moreira;45
5989;Benicio Castro;237.658.419-19;franciscocavalcanti@example.org;da Conceição;40
5990;Milena Viana;170.925.863-21;joaquimpinto@example.com;Araújo do Amparo;28
5991;Ana Barbosa;508.291.637-86;fpacheco@example.com;Costela;12
5992;Rodrigo Alves;431.895.702-05;oliversa@example.org;Aragão;9
5993;Gabrielly Moraes;781.694.253-28;xcosta@example.net;Cassiano de Pacheco;5
5994;Brayan Cirino;362.497.581-19;mariah14@example.net;Pereira dos Dourados;43
5995;Matteo Nunes;237.680.419-13;viniciuscamara@example.org;Nascimento de Silva;32
5996;João Felipe Nascimento;907.514.682-58;melissateixeira@example.com;Dias;8
5997;Diego Abreu;425.318.906-70;isaquesantos@example.com;Pastor;42
5998;Ravi Pacheco;360.954.128-89;almeidamaria-luisa@example.com;Farias;41
5999;Maria Luísa Cavalcanti;142.307.965-52;nina67@example.com;Silveira da Prata;29
6000;Miguel Costela;391.457.602-25;gabrielly60@example.net;Mendonça;51
6001;Davi Luiz Novaes;201.968.375-02;arthur-miguelcampos@example.net;Andrade de Goiás;39
6002;Cecília Camargo;496.275.380-00;dcastro@example.com;Moura;52
6003;Ana Vitória da Rocha;129.865.374-64;eloa77@example.org;Abreu;14
6004;Alícia Freitas;089.264.517-20;luiz-otavio31@example.com;Rocha;12
6005;Diego da Rosa;284.731.569-19;leaobento@example.org;Martins;31
6006;Luana Rocha;509.247.816-02;jade19@example.com;Cirino de Caldeira;35
6007;Sra. Stella Teixeira;940.613.825-51;rdias@example.org;Correia do Galho;8
6008;Lorenzo Costa;349.172.658-19;ferreiraapollo@example.net;Aragão do Norte;9
6009;Benjamim Mendonça;765.418.029-20;melinada-costa@example.com;Macedo da Mata;52
6010;Valentim Andrade;586.402.937-83;piresravy@example.com;Siqueira;4
6011;Vitor da Costa;708.913.524-14;maria-claraporto@example.net;Fernandes;32
6012;Dra. Larissa da Cunha;143.792.865-09;pastorjoao-lucas@example.org;Vargas;34
6013;Lívia Sousa;027.854.691-94;goncalvesmanuela@example.net;Martins;18
6014;Ian Pinto;367.598.042-10;maria-ceciliacamara@example.net;Castro;12
6015;Gustavo Henrique Porto;075.982.364-29;clima@example.com;Cavalcanti;40
6016;Stephany Aparecida;781.950.346-75;camposluan@example.com;Aragão do Norte;51
6017;Benício Fonseca;683.921.540-70;costelaana-vitoria@example.net;Correia;22
6018;Maria Santos;927.583.014-23;cassianoluara@example.net;Macedo;47
6019;Luiz Fernando Mendes;140.389.257-14;casa-grandethales@example.com;Martins;4
6020;Lucca Oliveira;572.864.139-37;davi-luizsilveira@example.org;Araújo;38
6021;Maria Eduarda Porto;560.249.718-85;ana-carolina94@example.org;Melo de Macedo;32
6022;Sr. Igor Brito;659.230.184-89;vasconceloslorena@example.net;da Cunha;25
6023;Juliana Costa;649.802.731-22;barbarasantos@example.com;Duarte;28
6024;Augusto Dias;386.195.740-00;davi-luccarios@example.com;Pimenta das Pedras;32
6025;Manuella Barbosa;267.140.398-40;sarahcorreia@example.com;Aparecida da Serra;11
6026;Dr. Erick Teixeira;840.571.263-17;alice57@example.com;Costela;44
6027;Sr. Matteo Gonçalves;078.143.569-20;imoraes@example.com;Machado do Campo;42
6028;Mirella Caldeira;320.451.679-25;lmelo@example.org;Rocha de Guerra;5
6029;Clara Câmara;239.640.817-87;novaisdiego@example.net;Duarte do Amparo;37
6030;Larissa da Luz;768.054.931-10;domalves@example.net;Silveira;15
6031;Diego da Rocha;508.243.967-74;luarasales@example.org;Teixeira Grande;23
6032;Enzo Machado;092.386.471-78;ana-ceciliacamara@example.org;Araújo das Flores;24
6033;Joana Gonçalves;091.625.874-20;meloluiz-henrique@example.net;Duarte do Galho;54
6034;Benicio Pastor;836.952.014-60;meloheloisa@example.com;Mendes de Goiás;4
6035;Marcela Marques;517.029.863-30;da-mataigor@example.net;Oliveira;24
6036;Lorenzo Cunha;904.862.715-01;vianamaria-eduarda@example.com;Fernandes;42
6037;Yuri Vargas;370.892.546-74;raelmendonca@example.net;Almeida;6
6038;Gabriela Nascimento;076.438.592-56;garciavitor-hugo@example.org;Cassiano do Galho;34
6039;Josué Pastor;631.857.904-48;maria-lizgoncalves@example.net;Machado;4
6040;Isabelly Farias;486.390.251-42;ana-liz25@example.net;Ferreira Verde;25
6041;Vicente Fernandes;397.826.540-00;benjamin83@example.com;Fogaça;53
6042;Manuela Novais;396.802.475-38;gsiqueira@example.org;Duarte;25
6043;Maria Alice Almeida;716.834.295-91;juan90@example.com;Moura de Pacheco;50
6044;Dr. Eduardo Teixeira;952.743.801-23;mborges@example.net;Cavalcanti;10
6045;Yago Albuquerque;503.128.946-51;oliver86@example.net;Fernandes;30
6046;Bernardo Pinto;035.641.827-80;sousarenan@example.com;Rezende das Pedras;7
6047;Liz Sousa;297.653.104-80;da-costaemanuel@example.com;das Neves;2
6048;Alexandre da Cunha;243.587.691-28;benjamim00@example.com;Pires;16
6049;Diogo Siqueira;263.809.417-03;auroracirino@example.net;Porto;7
6050;Sr. Mateus da Rosa;653.809.127-02;benjamim47@example.net;Santos de Fogaça;54
6051;Luiz Miguel Cavalcante;568.149.207-94;calebcavalcanti@example.org;Mendes do Oeste;32
6052;Agatha da Rosa;769.853.120-12;montenegrooliver@example.net;Souza Paulista;35
6053;Ian Sales;901.872.634-69;brenda90@example.net;Azevedo do Galho;36
6054;Olívia Carvalho;235.710.648-44;jpacheco@example.org;Moraes;24
6055;Beatriz Gomes;612.354.097-16;matheus28@example.net;Castro;26
6056;Dr. Rafael Rezende;498.253.170-60;theodoro10@example.net;Cavalcante;17
6057;Sra. Nicole Novaes;876.953.042-47;britotheodoro@example.com;da Rocha do Campo;42
6058;Leandro Novais;680.319.457-48;thomas89@example.org;Dias Verde;4
6059;Rafael Pinto;301.758.462-35;lopesana-julia@example.org;Santos;21
6060;Lunna Vargas;689.732.415-91;jsiqueira@example.org;Farias de da Paz;39
6061;Alícia Porto;657.081.432-07;leandro77@example.org;Albuquerque;41
6062;Marcela Pimenta;761.840.592-11;costelamateus@example.com;Cavalcante;1
6063;Benício Fogaça;038.756.421-71;zda-rosa@example.com;da Costa de Sousa;8
6064;Maria Vitória Silveira;098.167.354-66;piresmaria-laura@example.net;Camargo de Rodrigues;36
6065;Eduardo Viana;804.521.697-20;cvieira@example.com;Peixoto;8
6066;Dra. Sophie Viana;958.127.364-64;ana-carolinamoura@example.org;Machado;45
6067;Valentina Peixoto;348.516.709-66;vitorvargas@example.net;Vieira;5
6068;Antônio Brito;903.475.821-41;davirios@example.com;Porto;37
6069;Marcelo Ribeiro;341.072.859-79;caldeiravinicius@example.com;Araújo;4
6070;Raquel Ribeiro;308.164.795-93;eda-cruz@example.net;Duarte da Praia;36
6071;Sr. João Pedro das Neves;628.901.374-22;wsilva@example.org;Ramos;30
6072;Cauã Silveira;209.481.537-41;silveiraheitor@example.com;Carvalho do Galho;31
6073;Clarice Macedo;930.472.615-80;xnovais@example.com;Viana;5
6074;Srta. Ana Julia Moura;589.076.421-76;ksilveira@example.org;Sales;36
6075;Ana Clara Martins;270.458.961-58;juliana30@example.net;das Neves das Pedras;25
6076;Maria Flor Cirino;439.012.587-79;daniela95@example.org;Borges;49
6077;Rebeca Carvalho;234.017.895-97;bcorreia@example.org;Dias de Pereira;37
6078;Lunna Câmara;246.385.719-64;cunhajoana@example.org;da Conceição de Jesus;25
6079;Maria Luísa Fernandes;403.279.518-50;carvalhomurilo@example.org;Costa de Minas;52
6080;Igor Andrade;129.685.034-05;joao-guilhermeduarte@example.net;Jesus Paulista;19
6081;Vinicius Mendes;429.576.018-85;goncalvesrafaela@example.com;Ribeiro;14
6082;Maria Isis Sales;984.127.536-82;pietra23@example.org;Melo de Minas;13
6083;João Gabriel Lopes;278.104.569-11;antonellafreitas@example.org;Albuquerque;43
6084;Marina Gonçalves;129.638.054-89;nunesisabella@example.org;Nogueira dos Dourados;14
6085;Daniela Barbosa;251.307.846-26;fernandesjoao-felipe@example.com;da Rocha de Camargo;15
6086;Emilly Cassiano;915.823.074-23;dmoura@example.com;Machado;22
6087;Lucas Gabriel Rodrigues;623.170.458-08;mandrade@example.org;Sá da Mata;45
6088;Srta. Manuella Teixeira;109.586.437-84;lunnaaragao@example.net;Rocha do Campo;38
6089;Carolina Silva;923.164.578-19;lbarbosa@example.org;Martins;22
6090;Rael Costela;179.326.405-80;ypereira@example.com;Garcia das Flores;35
6091;Rafael Gonçalves;379.612.450-06;bento18@example.net;Fonseca;5
6092;Beatriz Albuquerque;856.974.301-75;ester35@example.org;Duarte;7
6093;Elisa Araújo;768.345.921-64;mayafarias@example.net;Rocha das Flores;21
6094;Carolina Costa;496.715.328-37;xbarros@example.net;Abreu de Ferreira;19
6095;Ana Moura;109.726.584-67;ndas-neves@example.org;Camargo;32
6096;Ísis Duarte;182.053.764-17;aragaoalexandre@example.net;Rocha de Rocha;49
6097;Maria Helena Vieira;972.406.815-30;britoalexandre@example.org;da Cruz do Norte;20
6098;Vinicius da Luz;769.851.304-10;jda-paz@example.net;da Cruz;49
6099;Sr. Enzo Nunes;138.560.942-70;da-rosaliz@example.com;Cunha;10
6100;Asafe Guerra;096.182.435-24;rafaela69@example.org;Garcia de Goiás;29
6101;Gabriela Porto;865.039.271-77;castrocaua@example.com;Sampaio da Prata;20
6102;Vitor Hugo Cirino;193.240.756-16;wvargas@example.com;Duarte;45
6103;Lavínia Sampaio;829.467.350-10;antony16@example.net;Pereira;44
6104;Isabella Costa;615.403.892-51;aazevedo@example.org;Gomes Grande;1
6105;Marina Souza;571.326.980-95;milenaramos@example.org;Aparecida Grande;8
6106;Beatriz Andrade;123.570.968-02;peixotoigor@example.com;Cavalcante de Gomes;5
6107;Sr. Calebe Sales;365.781.204-08;brendalima@example.net;Santos do Sul;38
6108;Nathan Teixeira;586.024.971-30;das-nevesdavi-lucas@example.net;da Rocha;37
6109;Pedro Henrique Vieira;750.938.164-93;sbarros@example.org;Albuquerque;27
6110;Benicio Ramos;743.510.862-62;camposluisa@example.org;da Mata da Praia;21
6111;João Vitor Campos;125.039.864-98;bento22@example.com;Rios;49
6112;Davi Gomes;952.174.680-76;danielpacheco@example.org;Castro;8
6113;Bento Sousa;072.569.143-34;ana27@example.org;Almeida;12
6114;Letícia Duarte;574.931.086-84;benjaminmarques@example.com;Cavalcante dos Dourados;19
6115;Sr. Davi Luiz Souza;061.872.943-78;mcaldeira@example.org;Ribeiro de da Luz;24
6116;Sr. Enrico Campos;453.062.719-52;svieira@example.net;da Paz do Oeste;10
6117;Bella Cunha;261.985.043-60;yuri08@example.org;Ferreira de Minas;47
6118;Calebe Rezende;957.042.136-34;pvasconcelos@example.org;da Mata de Cavalcanti;5
6119;Lorenzo Novais;536.120.794-25;bella70@example.net;da Luz de Machado;50
6120;Lunna Carvalho;863.542.107-80;yramos@example.com;Azevedo;10
6121;Henry Gabriel da Luz;389.120.756-59;ccampos@example.com;Pimenta;48
6122;Lunna Dias;280.376.491-13;luiz-miguelazevedo@example.com;Pastor;28
6123;Cauê Monteiro;786.592.314-73;rebeca89@example.net;Pereira Grande;54
6124;Leonardo Monteiro;589.302.746-92;ppimenta@example.org;Silva;21
6125;Dr. Lucas Teixeira;251.307.948-50;machadoester@example.com;da Cunha;39
6126;Rhavi Aparecida;241.097.835-50;nathanaraujo@example.org;Macedo;42
6127;Dante Monteiro;271.935.068-03;cirinocarlos-eduardo@example.org;Novais do Campo;10
6128;Valentim Melo;047.851.692-49;alanacassiano@example.com;Gonçalves;41
6129;Fernando Gonçalves;184.360.527-90;scaldeira@example.net;Caldeira;38
6130;Hellena Dias;384.019.562-42;msouza@example.net;Vargas;43
6131;Sr. Valentim Vasconcelos;046.135.928-60;baragao@example.net;Campos;46
6132;Arthur Ribeiro;580.469.137-66;wjesus@example.com;Novais do Norte;54
6133;Diogo Nogueira;503.462.179-70;marquesheloisa@example.com;da Mata;25
6134;Heloísa Moreira;352.807.649-65;maria-eduarda18@example.net;Alves;8
6135;Cauã Andrade;192.376.058-03;danilo98@example.com;Marques do Norte;9
6136;Ester Barros;548.392.671-46;spires@example.org;Jesus Grande;25
6137;Sr. Enzo Gabriel Teixeira;845.096.273-00;viniciusda-cruz@example.net;Borges;33
6138;João Gabriel Caldeira;095.341.268-70;uguerra@example.net;Aragão;10
6139;Joana Moura;279.085.631-12;camposdavi-miguel@example.com;Barbosa;31
6140;Mirella da Cunha;064.715.983-00;ester62@example.org;Rodrigues;31
6141;Carolina Pacheco;495.016.237-34;santosmaria-isis@example.org;da Costa de Almeida;30
6142;Emilly Barros;560.714.239-61;clara76@example.org;Sampaio;41
6143;Ana Clara Rezende;520.347.981-04;mcaldeira@example.net;Vargas de da Cruz;50
6144;Laura Câmara;571.906.824-49;luna70@example.com;Silveira de Carvalho;28
6145;Ana Julia Castro;381.574.690-66;novaismariane@example.com;Cavalcante;8
6146;Carlos Eduardo Aragão;814.207.953-41;zoe27@example.org;da Cunha;14
6147;Laura Gomes;346.195.078-57;ana-julia63@example.org;Monteiro;45
6148;Ravy Rezende;312.579.480-32;heloisa95@example.com;da Cunha;20
6149;Matteo Leão;053.184.629-60;pedro-lucassilveira@example.org;Peixoto;13
6150;Zoe Pimenta;361.298.407-13;sarahbrito@example.net;Moraes;48
6151;Murilo Sales;289.065.347-10;vcamargo@example.org;da Paz do Galho;6
6152;Raquel Novaes;983.157.602-03;elisacostela@example.com;Pimenta;17
6153;Luara Sá;402.539.617-34;monteiroyuri@example.org;Nascimento do Galho;9
6154;Breno da Conceição;469.075.218-49;gael-henriquerocha@example.net;Fernandes de Porto;1
6155;Anthony Gabriel Sousa;956.802.743-29;yancosta@example.com;Moura;6
6156;Dra. Pietra Barros;348.170.295-79;wmonteiro@example.org;Pinto Paulista;25
6157;Lorena Dias;752.831.096-40;maria-luisasa@example.net;Abreu Grande;24
6158;Leandro Camargo;593.608.421-33;luiza31@example.org;Sousa;14
6159;Vitor da Cruz;310.547.926-07;igor24@example.net;Pastor;20
6160;Bernardo Moreira;908.574.632-92;mateus11@example.org;Sales;30
6161;Ravi Sales;270.816.943-22;rodrigo03@example.com;Fernandes do Galho;14
6162;Dr. Luiz Miguel Souza;024.153.967-61;andradesamuel@example.com;Aparecida da Prata;47
6163;Ana Julia Vargas;045.913.872-32;ana-julia37@example.net;Camargo do Norte;22
6164;Clarice Fonseca;948.217.360-04;rebeca81@example.net;da Rosa;16
6165;Marcelo Mendonça;912.408.376-31;hsampaio@example.com;Caldeira de Barbosa;30
6166;Asafe Machado;985.041.623-89;rhavi99@example.com;Pires;2
6167;Bárbara Machado;634.108.257-62;costaester@example.net;Leão;39
6168;Srta. Ester Viana;486.935.127-73;ocasa-grande@example.org;Gonçalves;38
6169;Eloá da Paz;175.968.203-95;joao-pedro35@example.org;da Conceição;12
6170;Otávio Duarte;641.803.752-90;marcelaaparecida@example.com;Nascimento de Minas;41
6171;Anthony Novais;728.914.053-23;pietrorezende@example.org;Campos do Campo;30
6172;Oliver Vasconcelos;839.607.254-00;mendoncadiogo@example.net;Aparecida;5
6173;Luna Azevedo;745.680.319-66;vda-paz@example.net;Machado;41
6174;Apollo Fernandes;531.427.809-04;novaesgabriel@example.net;Pastor;44
6175;Maria Clara Rezende;785.460.923-38;jmachado@example.org;Costela de Pereira;40
6176;Dr. Diogo Câmara;812.356.704-90;vvargas@example.net;Casa Grande de Rodrigues;5
6177;Luana Nascimento;561.739.840-75;scorreia@example.com;Gonçalves de Viana;47
6178;Caio Nunes;821.057.649-67;riosgael-henrique@example.org;Ribeiro do Sul;38
6179;Liam Cunha;248.097.615-76;pastorkaique@example.net;Freitas do Norte;6
6180;Kamilly Vargas;823.574.609-38;mariane82@example.com;Sales;2
6181;Evelyn Castro;941.063.875-57;cecilia16@example.net;da Rosa;35
6182;Luiz Felipe Aparecida;928.361.540-98;clarice30@example.org;Monteiro do Norte;7
6183;Davi Silva;941.325.806-60;isis42@example.com;Macedo do Norte;35
6184;Kamilly Santos;504.136.982-89;isabella98@example.org;Albuquerque;5
6185;Sra. Olivia Porto;485.610.732-17;da-conceicaoelisa@example.net;Cunha Grande;51
6186;Vitor Vargas;126.807.594-94;wmendonca@example.com;Lima de Nunes;1
6187;Felipe Aparecida;135.492.706-07;rviana@example.net;Brito Verde;12
6188;Luna Pires;254.973.160-34;lorenacardoso@example.org;Lima de Martins;34
6189;Eloá Machado;905.281.473-23;liz23@example.net;Rodrigues;29
6190;Gabrielly Jesus;905.831.642-42;casa-grandebenicio@example.com;da Rosa de Guerra;4
6191;Lucas Cirino;468.157.093-10;milenaabreu@example.net;Machado;43
6192;Matteo Ramos;518.769.342-55;xporto@example.org;das Neves;41
6193;Ester Sá;180.543.726-71;ryan73@example.net;Machado Paulista;40
6194;Anthony Porto;128.395.067-77;sarahaparecida@example.net;Novaes;1
6195;Caroline Andrade;058.942.376-29;rsampaio@example.com;Garcia da Serra;37
6196;Ana Sophia Cunha;291.347.086-69;gcavalcanti@example.com;Silveira;41
6197;Alexandre Castro;713.298.604-03;daniloda-cunha@example.org;Sá;28
6198;Murilo Moreira;038.697.421-78;almeidamaria-flor@example.org;Costela;31
6199;Dra. Maria Fernanda Caldeira;780.592.164-49;joao-gabrielnascimento@example.net;Pereira;13
6200;Caroline Vasconcelos;642.781.305-62;sara63@example.net;Melo de Silva;50
6201;Levi Garcia;510.679.423-43;liz72@example.org;Cirino Paulista;14
6202;Henry Gabriel Santos;835.192.706-68;ribeironathan@example.net;Rodrigues de Pimenta;29
6203;Sra. Rebeca Cardoso;790.281.645-02;nina78@example.org;Fogaça;10
6204;Eloah Fogaça;637.905.184-84;mathiasnascimento@example.org;Cirino das Pedras;39
6205;Srta. Heloísa Lima;534.869.107-01;oliverda-paz@example.org;Ribeiro Grande;28
6206;Mariane Lima;064.352.198-42;maria-clara38@example.org;Almeida dos Dourados;13
6207;Evelyn Garcia;529.780.634-83;goncalvesnicolas@example.org;Araújo de Gomes;8
6208;Mirella Pinto;104.972.563-80;kaiquevieira@example.org;Cassiano da Prata;19
6209;Heitor Alves;890.512.436-42;da-luzluigi@example.org;da Conceição;46
6210;Sra. Joana Gomes;690.258.417-67;zoeda-mata@example.net;Fonseca;20
6211;Sophia Viana;847.650.231-17;fonsecamaysa@example.org;da Cunha de Minas;53
6212;Leandro Ferreira;304.521.769-99;jvasconcelos@example.com;Fogaça;34
6213;Eloá Gonçalves;589.431.260-42;abreuaurora@example.com;Albuquerque;51
6214;Luiz Gustavo Pastor;893.204.751-05;rda-paz@example.org;Pereira;54
6215;Ravy Jesus;582.796.314-37;theo85@example.org;Martins do Galho;44
6216;José Miguel da Rocha;648.527.139-28;aparecidaluara@example.org;Ribeiro de Goiás;45
6217;Henry da Conceição;697.801.534-20;almeidarebeca@example.com;da Rosa;52
6218;Theo Nunes;465.182.370-07;luiz-felipe30@example.net;Câmara do Sul;6
6219;Sr. Igor Cavalcanti;709.612.453-52;lucasda-conceicao@example.org;Viana do Campo;53
6220;Sr. Lucas Aragão;713.864.295-46;jose-miguel35@example.com;Freitas Verde;28
6221;Bruno das Neves;917.035.248-88;breno93@example.com;Cirino;39
6222;Diego Andrade;197.508.246-01;gabriellydas-neves@example.org;Sousa do Oeste;17
6223;Maria Sophia Costela;605.329.817-40;paragao@example.org;Aparecida;20
6224;Sra. Bárbara Camargo;127.536.049-16;lcasa-grande@example.org;Rodrigues;5
6225;Maria Alice Novaes;658.470.123-90;bruna05@example.com;Freitas;50
6226;Srta. Alana Sales;678.142.035-62;qcosta@example.com;Pastor;51
6227;Marcos Vinicius Vargas;418.630.729-69;dcunha@example.net;Montenegro Grande;34
6228;Sra. Cecília Pinto;821.764.053-07;otaviocostela@example.org;Ribeiro do Campo;1
6229;Lara Gomes;097.452.863-38;maria75@example.org;Borges do Campo;26
6230;Alice Duarte;073.918.562-40;ijesus@example.com;Pacheco;17
6231;Nicolas da Cruz;176.408.925-11;silveiracalebe@example.com;Castro;15
6232;Théo Oliveira;241.579.306-06;maria-sophia62@example.com;Azevedo do Galho;38
6233;Augusto Souza;709.513.846-00;mendoncatheo@example.org;Fonseca;2
6234;Dra. Daniela Machado;097.481.635-39;gvieira@example.com;Moura;5
6235;João Guilherme Monteiro;540.718.692-67;acavalcante@example.org;Araújo de Minas;3
6236;Amanda Mendes;293.467.081-31;brunopires@example.net;Souza;24
6237;Leandro Pinto;091.543.862-33;larissasiqueira@example.net;Gonçalves de Barbosa;13
6238;Bruna Novais;283.506.149-51;albuquerquerodrigo@example.com;das Neves de Camargo;52
6239;Heitor Azevedo;578.031.462-44;marianapires@example.net;Pimenta;36
6240;Josué Camargo;031.879.264-87;isadoravargas@example.com;Novais da Prata;7
6241;Dr. Gael da Mota;407.962.358-56;isaquenunes@example.org;Barros;26
6242;Sophia Cardoso;630.124.587-35;cassianorafael@example.com;Lima;40
6243;Ana Carolina Costela;397.540.281-41;fernandeslarissa@example.net;Costa do Campo;23
6244;Gustavo da Rocha;157.320.498-60;jesuspedro-miguel@example.org;Teixeira de Monteiro;5
6245;Srta. Eloah Costa;219.370.865-77;rramos@example.net;Mendes;49
6246;Diogo Marques;701.625.839-40;marianelima@example.net;da Conceição;7
6247;Cauã Lopes;792.560.481-67;luan71@example.com;Cassiano de Santos;33
6248;Mariah Oliveira;136.042.957-34;leo30@example.com;Peixoto de da Rocha;42
6249;Milena Cunha;316.904.287-40;da-conceicaorodrigo@example.net;Viana;43
6250;Clarice Moreira;913.574.208-97;joao-felipe54@example.com;Sampaio;38
6251;Sr. José Miguel Barbosa;619.738.502-30;enzo-gabriel74@example.com;Vieira;29
6252;Juliana Moura;132.568.470-80;theodoroda-paz@example.org;Nogueira do Oeste;6
6253;Clara Gonçalves;549.138.702-97;bentorodrigues@example.org;Câmara;25
6254;Daniel Abreu;397.156.802-59;ana-luizarodrigues@example.org;Lopes;12
6255;Bruna Silva;738.465.109-39;caue11@example.net;Cassiano da Prata;26
6256;Raquel Gomes;382.710.956-68;britorafael@example.org;Silveira da Prata;34
6257;Igor Caldeira;140.637.295-16;luiz-fernandocorreia@example.com;Almeida de Freitas;20
6258;Oliver Silva;105.872.643-90;davi72@example.net;Fogaça;37
6259;Sr. Leonardo Gomes;906.821.453-51;correiaraul@example.org;Cirino de Farias;16
6260;Gustavo Pimenta;710.856.492-02;zoe46@example.org;Lima;9
6261;Gustavo Henrique Abreu;086.143.259-24;jpimenta@example.com;Ramos;47
6262;Bella Montenegro;560.478.219-01;goncalvesjoao-guilherme@example.net;Gomes da Praia;51
6263;Cauã Pacheco;305.796.281-59;da-motatheo@example.org;Albuquerque;51
6264;Maysa Vargas;684.709.532-65;martinshenrique@example.net;Correia;41
6265;Maria Cecília Souza;164.825.390-33;diegogoncalves@example.org;Martins;30
6266;Gabrielly Sales;102.758.469-11;anna-lizcosta@example.com;Mendes de Santos;6
6267;Francisco das Neves;920.548.613-24;eloa04@example.org;Aparecida;24
6268;Rebeca Freitas;437.509.186-00;felipeoliveira@example.net;Almeida;38
6269;Heloisa Macedo;380.164.597-57;luiz-otaviomendonca@example.net;Costela;23
6270;Dra. Isabel Cavalcante;253.809.674-00;da-pazemanuella@example.net;Costa;3
6271;Yan Gomes;064.581.379-66;agatha72@example.org;Caldeira da Serra;29
6272;Amanda Cavalcante;257.681.349-64;cavalcantemarcela@example.net;Machado do Campo;10
6273;Dra. Maria Luísa Montenegro;580.426.713-26;xda-mata@example.com;Moraes;32
6274;Ana Luiza da Paz;319.864.520-42;piresmaria-isis@example.org;Machado;30
6275;Benjamin Sá;598.201.743-41;lais42@example.org;Pereira;8
6276;Liz Carvalho;452.130.896-15;raelcavalcanti@example.com;Cardoso;7
6277;Arthur Gabriel da Cruz;907.356.142-61;gustavo-henrique79@example.org;Nascimento;25
6278;Heitor Freitas;145.839.267-82;hvieira@example.com;Cirino dos Dourados;18
6279;Natália Freitas;643.278.105-17;eloahborges@example.org;Cunha Paulista;14
6280;Marina Nascimento;456.793.028-29;joao-gabriel74@example.net;Borges de Goiás;31
6281;Heloisa Sá;708.259.614-67;erocha@example.org;Costa da Serra;50
6282;Dra. Lorena Silva;203.765.814-17;azevedoleticia@example.net;Mendes das Pedras;44
6283;Theodoro Sampaio;578.391.026-03;isaque64@example.org;Campos de Jesus;1
6284;Dr. Brayan Pimenta;324.817.596-64;omoraes@example.org;da Mota de Nogueira;22
6285;Thales Garcia;810.724.965-85;carolinapires@example.org;Moura de Sales;17
6286;Dra. Luísa Jesus;519.037.846-20;beatriz43@example.net;Barbosa do Amparo;24
6287;Lucca Cirino;873.605.291-40;davi-luizcasa-grande@example.com;Ribeiro;29
6288;Srta. Allana Pastor;317.845.092-05;maysamoraes@example.com;Cassiano;19
6289;Elisa da Conceição;093.568.472-74;xrezende@example.com;Azevedo;4
6290;Mateus Monteiro;619.523.874-00;ravynovais@example.net;Cavalcanti das Flores;2
6291;Benjamin Andrade;897.540.316-57;meloemanuelly@example.org;Garcia de Goiás;49
6292;Fernanda Santos;803.967.152-30;nuneskamilly@example.com;Cavalcante;21
6293;Alana Leão;347.506.198-84;levi77@example.com;Cirino das Pedras;15
6294;Gael Henrique Nunes;071.864.359-39;camilamendonca@example.org;Campos do Norte;44
6295;Sr. Vitor Gabriel da Rosa;406.925.138-33;novaislara@example.net;Rios;42
6296;Marcela Novaes;512.946.087-11;aparecidafelipe@example.com;Novais da Serra;4
6297;Valentina Lopes;605.312.749-34;isabelly66@example.org;Cavalcanti de da Paz;50
6298;Vitor Hugo Aragão;580.913.462-98;mendesnina@example.org;da Cruz Paulista;15
6299;Fernanda Moreira;349.017.685-57;eduarda43@example.org;Mendonça;46
6300;Francisco Vieira;028.495.763-10;fernandovargas@example.net;Casa Grande;7
6301;Joaquim Rezende;190.532.846-05;hcasa-grande@example.net;Mendes do Galho;4
6302;Camila Sampaio;586.427.903-00;osampaio@example.org;Santos do Norte;43
6303;Eduarda Brito;351.746.802-90;smontenegro@example.com;Sampaio Alegre;52
6304;Bella Macedo;182.963.570-03;ksantos@example.com;Barros de Goiás;44
6305;Maysa da Conceição;178.035.296-40;brayan48@example.com;Fonseca Grande;15
6306;Bernardo Castro;948.125.036-98;erickporto@example.net;da Mota de Teixeira;1
6307;Valentina Borges;906.835.721-21;larissa50@example.org;da Cruz da Prata;5
6308;Dra. Manuella Sousa;731.458.290-41;da-mataelisa@example.org;Rios;16
6309;Pietro Silva;835.619.724-46;lorenzoferreira@example.com;Nogueira Verde;41
6310;Hadassa Viana;173.604.582-26;ana-julialopes@example.net;Aragão;28
6311;Heloísa Jesus;915.268.307-95;zmendonca@example.net;Fernandes;6
6312;Benício Pacheco;391.502.784-79;heloisa59@example.org;Borges;43
6313;Evelyn Moraes;126.084.753-53;pietra54@example.com;das Neves de Vargas;34
6314;Juliana Marques;380.512.469-42;nogueiralara@example.net;Pereira;13
6315;Maysa Silva;598.367.204-56;benicio90@example.net;Oliveira da Mata;9
6316;Lavínia da Cunha;405.327.981-04;mendoncagabriel@example.net;da Conceição;10
6317;Srta. Evelyn Rios;097.482.136-50;dvasconcelos@example.org;Garcia;20
6318;Vitória Rezende;540.139.678-39;sampaiojoao-miguel@example.com;Caldeira;6
6319;Ana Sophia Peixoto;824.053.791-04;otavio86@example.net;Leão;6
6320;Levi Nascimento;954.783.601-39;mouraasafe@example.com;Melo Grande;52
6321;Diego Cardoso;139.526.048-60;marcos-viniciussa@example.org;Vargas de Sousa;5
6322;Sr. José Pedro Sales;916.428.307-04;nascimentomaria-fernanda@example.com;da Costa;17
6323;Manuella Nunes;864.519.730-84;marquesotto@example.com;Fernandes;11
6324;Ravi Lucca Aparecida;408.319.527-41;sophiacirino@example.com;Vargas Paulista;44
6325;Eduarda Barros;248.903.675-00;jadefonseca@example.net;Mendes;20
6326;Anna Liz Teixeira;214.805.697-20;gomeshelena@example.net;Sales da Serra;8
6327;Srta. Sofia Caldeira;278.946.105-85;henry-gabriel41@example.org;Pereira Verde;8
6328;Milena Pastor;045.723.691-43;sarahsampaio@example.net;Guerra;9
6329;Larissa Monteiro;427.398.501-23;gsilva@example.org;da Rocha das Flores;37
6330;Sr. Thiago Lopes;821.350.764-90;jdas-neves@example.com;Farias;3
6331;Dra. Lavínia Costa;374.680.915-01;guerradiogo@example.net;Vargas de Goiás;8
6332;Lucca Borges;726.435.180-71;valentim37@example.com;Sá Grande;48
6333;Nina Casa Grande;864.507.192-49;ana-lizpinto@example.org;Montenegro do Campo;43
6334;Diego Castro;418.956.703-57;sarahdas-neves@example.org;Lima de Rios;7
6335;Ryan da Rosa;946.287.105-11;mvieira@example.net;Novais da Prata;35
6336;Sra. Bárbara Cunha;819.042.536-60;rafaellima@example.com;Siqueira do Norte;43
6337;Brenda Freitas;341.705.968-20;caleb73@example.net;Barbosa;7
6338;Dra. Esther Lopes;519.738.426-37;salesmaria-luisa@example.net;Cunha;3
6339;Pedro Henrique Nunes;294.578.360-65;rezenderafaela@example.net;Aparecida da Praia;2
6340;Léo da Mata;529.813.760-12;pastorotavio@example.com;Barros Paulista;9
6341;Anthony Dias;872.961.045-11;pietrosousa@example.net;Vieira;39
6342;Luiza Ramos;623.041.589-51;fariascaue@example.net;Barros Grande;18
6343;Srta. Maitê Almeida;684.579.120-11;esther12@example.net;Vieira da Serra;54
6344;Nicolas Leão;916.832.075-21;juliafarias@example.com;Ribeiro;34
6345;Isabela Vieira;482.309.716-50;monteirojoao-vitor@example.com;Pereira;17
6346;Sra. Luana Rezende;401.758.392-04;ralmeida@example.com;Fernandes da Prata;21
6347;Valentina Moraes;406.952.178-01;nascimentoemanuel@example.org;Azevedo do Sul;1
6348;Dr. Apollo Moura;812.953.674-91;jose-pedro76@example.org;Gonçalves;7
6349;Luísa Alves;872.405.196-94;ana-beatriz72@example.net;Costa;50
6350;Lucas Costa;643.870.925-56;luiz-miguelduarte@example.com;Moreira do Oeste;37
6351;Vitória da Mota;371.592.086-68;thiagovasconcelos@example.com;Abreu;54
6352;Dr. Carlos Eduardo Martins;759.216.084-67;leticia18@example.org;Cavalcante;53
6353;Ágatha Brito;073.185.629-59;domcarvalho@example.org;da Rosa;38
6354;Eduarda Melo;189.605.427-76;salesmaya@example.net;Marques;52
6355;Rodrigo Pimenta;536.480.129-24;xmelo@example.org;Lima do Amparo;30
6356;Sr. Léo Cardoso;745.013.928-60;luiz-otavioda-rocha@example.org;Dias dos Dourados;15
6357;Calebe Gomes;370.514.268-26;ana-liviaoliveira@example.org;Lima;42
6358;Alexia Nascimento;218.736.495-09;da-rosagiovanna@example.org;Jesus de Aparecida;48
6359;Yuri Abreu;430.856.127-26;imarques@example.org;Almeida de Vieira;20
6360;Caleb da Cunha;518.346.927-09;vborges@example.org;Sampaio;51
6361;Dr. Enzo Vieira;928.153.074-05;oabreu@example.net;Peixoto da Serra;39
6362;Sr. Davi Moreira;073.194.526-34;da-cunhasofia@example.net;Souza das Pedras;33
6363;Alícia Lima;124.508.379-14;kdas-neves@example.org;Garcia;32
6364;Dr. Noah Câmara;960.543.271-43;luiz-otavio14@example.org;Moraes de Fonseca;12
6365;Eduardo Dias;908.537.421-97;ninada-cunha@example.org;da Conceição de Gomes;23
6366;Theodoro Aragão;532.714.089-04;melina19@example.com;Camargo dos Dourados;20
6367;Melissa Andrade;431.675.289-82;zviana@example.com;Vieira;41
6368;Laura Montenegro;954.286.370-56;pietro14@example.org;Carvalho;21
6369;Pietro Novais;874.926.310-22;maria-lizmoura@example.org;da Paz;38
6370;Carlos Eduardo Borges;514.038.296-24;umoreira@example.com;Câmara da Praia;54
6371;Dr. Ryan Almeida;538.410.972-60;luananovaes@example.org;Alves do Oeste;38
6372;Helena da Rosa;619.837.025-95;castroarthur-gabriel@example.net;Mendonça de Minas;37
6373;Luiz Gustavo Cardoso;732.580.946-83;samuellopes@example.org;Moraes do Oeste;45
6374;Luan Viana;270.653.194-07;samuelguerra@example.net;da Costa do Oeste;6
6375;Anthony Gabriel Rocha;265.709.384-10;raulgomes@example.org;Leão;10
6376;Marcela Moreira;596.140.728-49;nina26@example.com;Cavalcanti Paulista;11
6377;Apollo Fernandes;735.816.209-95;martinsbarbara@example.org;Cavalcante dos Dourados;38
6378;Thomas Cavalcante;380.961.254-51;eporto@example.com;Martins das Flores;40
6379;Daniel Moreira;867.413.205-71;rezendeeduarda@example.net;Ferreira;12
6380;Henry Pimenta;718.623.495-09;tcarvalho@example.org;da Cunha;43
6381;Leonardo Vieira;387.629.540-83;gporto@example.org;Cardoso;34
6382;Ísis Ramos;145.798.632-91;josue76@example.net;Caldeira Alegre;43
6383;Pietro Aparecida;096.431.527-07;augusto84@example.com;Albuquerque;10
6384;Pedro Monteiro;298.035.714-60;rrodrigues@example.net;Fernandes da Prata;14
6385;Luiz Gustavo Pimenta;694.713.025-52;maria-flor07@example.net;Nunes do Galho;50
6386;Lorenzo Cardoso;570.361.294-25;erickteixeira@example.com;Aparecida;21
6387;Maya Gomes;934.082.157-23;danielacaldeira@example.net;Santos da Serra;45
6388;Mariah Cavalcanti;915.640.283-05;maria-clara37@example.com;Castro dos Dourados;1
6389;Sr. Gustavo Caldeira;019.657.438-20;leaopedro-lucas@example.org;Barbosa;30
6390;Gael Henrique Ferreira;678.305.142-08;da-luzkevin@example.net;Albuquerque de da Conceição;43
6391;Maria Isis Rezende;638.175.904-66;emanuellygarcia@example.org;Sousa;15
6392;Maria Laura Farias;153.684.702-07;frezende@example.com;Gomes;35
6393;Mariana Leão;125.780.963-68;jesuskevin@example.net;Vasconcelos;13
6394;Arthur Gabriel Vieira;425.708.319-05;vitoroliveira@example.com;da Conceição Alegre;6
6395;Raul da Paz;952.716.308-03;qrodrigues@example.org;Rezende de Borges;9
6396;Ravi Gonçalves;396.580.417-01;felipe29@example.com;Farias do Oeste;36
6397;Antônio Barbosa;983.716.402-69;olivia94@example.com;Teixeira de Minas;52
6398;Ana Oliveira;197.542.860-94;liamsantos@example.net;Brito de Ferreira;54
6399;Manuella Fogaça;471.329.568-09;barbosamariana@example.net;Borges;33
6400;Apollo Santos;904.163.857-10;cnogueira@example.org;Ramos;47
6401;Rafael da Paz;793.518.460-75;rochamelina@example.net;Camargo das Pedras;22
6402;Dra. Melina Lopes;671.230.549-70;camposluisa@example.net;Mendonça;50
6403;Dr. Luan da Rosa;561.940.783-75;ana-ceciliasantos@example.com;da Rosa de Moreira;12
6404;Dra. Lunna Camargo;895.013.746-10;cunhamariane@example.net;Pimenta do Oeste;41
6405;Calebe Mendonça;735.268.140-07;maria-luisa94@example.com;Sampaio;38
6406;Gustavo da Cruz;670.138.952-02;araujopietro@example.com;Correia;2
6407;Hadassa Barros;907.514.382-60;da-cruzravy@example.net;Novaes do Sul;50
6408;Renan Costa;610.749.528-20;leonardojesus@example.org;Sampaio;26
6409;Maitê Sales;985.043.712-04;kda-rosa@example.net;Camargo do Oeste;6
6410;Luigi Vieira;982.351.406-24;rleao@example.net;Cavalcante;49
6411;Sra. Zoe Novaes;621.548.309-51;gomescarolina@example.org;Ferreira;22
6412;Sra. Eloá Rocha;697.325.814-09;da-cruznoah@example.com;Costa Paulista;10
6413;Helena Macedo;952.163.470-70;xda-paz@example.org;Câmara;7
6414;Dr. Bryan Monteiro;726.340.918-69;luiz-miguelaraujo@example.com;Teixeira do Campo;17
6415;Sr. Henry Monteiro;523.901.468-05;casa-grandehadassa@example.net;Costa do Campo;24
6416;Maria Eduarda Rodrigues;825.617.490-02;riossophie@example.net;Vieira do Norte;21
6417;Davi Luiz Fonseca;207.916.358-21;elisagoncalves@example.org;Santos de Pacheco;12
6418;Nicole Sá;380.621.574-07;isabela86@example.com;Nogueira;13
6419;Allana Cardoso;472.165.398-00;pietraaraujo@example.com;Azevedo;12
6420;Diogo Fonseca;517.046.239-52;gomesamanda@example.net;Silveira;14
6421;Ágatha Araújo;850.347.921-41;duartemaya@example.org;Brito;5
6422;Mariah Pimenta;381.507.692-77;felipe85@example.net;Viana;18
6423;Srta. Olívia Pereira;185.423.679-28;maria-luisacastro@example.org;Porto de Pereira;3
6424;Daniela Fernandes;075.169.483-57;rcostela@example.org;Ribeiro;15
6425;Igor Fogaça;746.213.908-13;samuel90@example.com;da Mata;23
6426;Lívia Montenegro;047.981.563-10;ufonseca@example.net;Teixeira de Minas;26
6427;Breno Vasconcelos;286.754.190-58;eloada-rocha@example.org;Almeida;50
6428;Bryan Fernandes;079.823.615-95;costelaemanuel@example.net;Montenegro do Norte;10
6429;Davi Lucca Montenegro;214.683.790-03;montenegroalexia@example.com;Rios Grande;21
6430;Sr. Matheus Nogueira;310.642.985-24;luiz-otavio32@example.com;da Cunha Alegre;7
6431;Caio Santos;913.625.478-91;marcelomacedo@example.org;Camargo da Prata;31
6432;Diego Moura;483.295.607-83;marquesmaria-isis@example.org;da Mota;42
6433;Melissa Casa Grande;657.413.820-53;fsousa@example.net;Ferreira;40
6434;Maria Cecília Rodrigues;084.567.132-44;ngarcia@example.com;Camargo;13
6435;Lorena Abreu;968.315.472-73;manuellapeixoto@example.org;Campos Paulista;44
6436;Apollo Pereira;178.546.320-90;pimentaoliver@example.net;Pires;31
6437;Camila Monteiro;861.032.475-35;limamarcelo@example.org;Carvalho;13
6438;Ana Júlia da Luz;214.507.638-71;olivia38@example.org;Borges Grande;49
6439;Dra. Bárbara Câmara;046.513.278-26;viniciusrios@example.org;Monteiro das Pedras;49
6440;Marcelo da Luz;015.982.743-41;mathiasmoreira@example.net;Campos Verde;52
6441;Lorenzo Jesus;370.925.814-60;livia31@example.com;Teixeira do Campo;31
6442;Pedro Lucas Lima;219.843.560-89;abrito@example.com;Borges;46
6443;Evelyn Araújo;639.017.284-22;vieiraantony@example.org;Garcia;53
6444;Ayla Nascimento;927.653.810-03;yabreu@example.org;Almeida;32
6445;Aurora Fernandes;215.493.780-23;ravymoura@example.com;Correia da Serra;22
6446;Elisa Cirino;864.250.973-29;isis69@example.com;Montenegro;8
6447;Cauê Nogueira;436.508.279-56;jose-pedromacedo@example.com;Fonseca;32
6448;Yago Costela;408.617.592-49;carlos-eduardo98@example.net;Lima Grande;38
6449;Dr. João Teixeira;458.109.762-20;montenegromirella@example.com;Silva;27
6450;José Miguel Silveira;485.690.713-10;rporto@example.net;Nunes de Minas;5
6451;Maya Albuquerque;841.062.935-60;bdas-neves@example.com;Cassiano;17
6452;Dr. Davi Lucca Fogaça;913.605.427-52;lfarias@example.net;Vargas Alegre;47
6453;Sr. Rael Duarte;326.715.980-68;maria-fernandasilveira@example.com;Pereira;25
6454;Dra. Isabela Lopes;954.031.287-60;ferreiraemanuel@example.org;Azevedo;1
6455;Diogo Carvalho;847.691.052-58;maria-lizrios@example.com;Novaes do Campo;10
6456;Isaque Cirino;471.382.659-64;moreiraluiz-otavio@example.org;Farias;42
6457;Nicolas Monteiro;025.736.148-08;sarah91@example.com;Siqueira;38
6458;Sabrina Castro;371.485.209-32;lleao@example.org;da Luz de Peixoto;3
6459;Alexia Gomes;527.430.196-70;antonycosta@example.net;Borges;9
6460;Carlos Eduardo Rios;614.705.382-53;lucas76@example.net;Albuquerque;26
6461;Mariah Freitas;094.685.712-11;sabrina17@example.net;Vasconcelos de Moreira;12
6462;Davi Lucas Pastor;419.036.827-03;da-matakevin@example.com;Santos;18
6463;Antônio da Costa;879.106.345-01;machadobella@example.com;Leão;43
6464;Srta. Bianca Cardoso;258.790.461-76;kamillycunha@example.org;Rios de Cavalcanti;19
6465;Sra. Cecilia Albuquerque;658.904.231-42;mirellajesus@example.org;Casa Grande do Norte;43
6466;Pedro Brito;386.951.207-59;siqueiralivia@example.net;Silva;4
6467;Marcelo Araújo;374.601.289-96;mathiassouza@example.com;Ferreira de Santos;26
6468;Letícia Santos;938.107.465-84;luiz-fernandoribeiro@example.org;Cassiano do Amparo;24
6469;Anthony Rios;086.372.154-08;ana-sophianunes@example.com;Nunes;20
6470;Breno Albuquerque;681.092.753-03;benjamimcaldeira@example.com;Peixoto;17
6471;Stella Duarte;794.281.065-85;elisa84@example.net;Nunes da Serra;49
6472;Srta. Bárbara da Costa;870.251.694-20;tandrade@example.net;Moreira de Macedo;44
6473;Eduardo Cunha;581.290.763-30;emanuel19@example.org;das Neves;14
6474;Sr. Caleb Fernandes;703.614.895-01;qsilveira@example.com;Vasconcelos do Amparo;48
6475;Sabrina Fogaça;469.018.537-93;yjesus@example.org;Fernandes de Pimenta;11
6476;Zoe das Neves;320.945.817-05;antonio58@example.net;Martins de Costela;40
6477;Luana Rios;512.098.637-40;diego68@example.com;Pires dos Dourados;20
6478;Enzo Cassiano;208.549.671-76;saaurora@example.com;Moraes do Amparo;41
6479;Vinícius Pereira;246.317.985-64;wpeixoto@example.net;Monteiro Alegre;5
6480;Theodoro Moreira;246.103.987-96;aragaostella@example.org;Azevedo;11
6481;Heloísa Cirino;728.103.965-40;alexianovaes@example.org;Guerra de Vargas;51
6482;Sra. Maya Viana;941.630.587-10;manuellaleao@example.com;Mendonça;6
6483;Catarina Rocha;936.870.125-30;pintoemilly@example.org;Leão;34
6484;Breno Vargas;872.614.395-09;wbarbosa@example.net;Viana;33
6485;Noah Silveira;423.610.987-50;guerralais@example.net;Pimenta;46
6486;Luana Rocha;860.514.972-85;ana-juliaoliveira@example.com;Machado;18
6487;Alice Moraes;347.086.251-62;cirinobernardo@example.org;Sá de Goiás;29
6488;Fernando da Cruz;305.794.182-60;cirinonoah@example.org;Vieira;37
6489;Yago Abreu;861.473.290-22;matheussouza@example.com;Aragão Grande;24
6490;Bento Montenegro;257.408.693-74;ucavalcanti@example.org;Cardoso;16
6491;Sabrina Viana;536.124.897-55;isabela12@example.net;da Rocha de Pacheco;15
6492;Aurora Melo;609.312.458-42;vargasguilherme@example.org;Rios de Costela;38
6493;Carolina Borges;461.098.725-20;ana-beatrizcavalcante@example.net;Campos;8
6494;Sr. Arthur Miguel Lima;104.569.782-67;cauabarros@example.com;Vargas de da Conceição;23
6495;Dr. João Miguel Gomes;257.890.461-85;mendoncajosue@example.com;Fogaça;32
6496;Clarice Montenegro;251.960.738-68;caiosouza@example.org;Pires da Praia;51
6497;Nathan da Luz;987.362.541-00;mrezende@example.net;Guerra;12
6498;Marcelo Silva;145.890.627-20;theocassiano@example.org;Sousa;22
6499;Thales Andrade;283.704.915-88;fernandada-mata@example.com;Pinto Alegre;32
6500;Davi Luiz da Rocha;314.657.028-90;brenda16@example.org;Azevedo do Sul;18
6501;Benício Castro;278.906.453-92;igorcaldeira@example.net;Moraes;49
6502;Dante Campos;921.870.436-22;wferreira@example.com;da Luz das Flores;39
6503;Dra. Fernanda das Neves;478.013.925-23;ecirino@example.org;Pires;21
6504;Milena Moraes;853.764.190-10;lcassiano@example.org;Ramos de Jesus;23
6505;Gabrielly Silveira;794.261.058-67;pedro-miguelrios@example.com;Montenegro dos Dourados;17
6506;Kamilly Guerra;786.540.139-66;joao-vitorda-rosa@example.org;Oliveira;34
6507;Davi Miguel Barros;136.750.492-99;estherandrade@example.org;da Rosa de Ribeiro;16
6508;Kaique Albuquerque;872.093.451-32;novaisluiz-henrique@example.com;Lopes;53
6509;Ana Clara Vargas;964.387.150-93;mayasa@example.net;Brito dos Dourados;17
6510;Lucas Fonseca;394.275.018-04;maria-florda-mota@example.org;Ramos dos Dourados;17
6511;Vinícius Caldeira;296.834.517-64;jcorreia@example.net;Vasconcelos Grande;19
6512;Sra. Rebeca da Rosa;932.846.107-31;castrorael@example.com;Teixeira;11
6513;Dr. Francisco da Cunha;958.413.276-82;pnogueira@example.org;Sousa de Camargo;29
6514;Cauã Azevedo;613.245.089-06;valentina18@example.com;Andrade de Mendonça;37
6515;Benicio Vasconcelos;859.260.314-51;stella67@example.net;Novais;39
6516;Miguel da Cruz;416.835.709-01;lsousa@example.net;Caldeira;39
6517;Maria Laura Leão;183.506.729-86;alvesana-liz@example.org;Vasconcelos;25
6518;Caroline Jesus;086.173.425-44;nunesbenicio@example.org;Novaes;45
6519;Mathias Vasconcelos;360.872.195-95;eloaharagao@example.net;Costela;13
6520;Eloá Borges;586.192.034-60;lucas-gabrielbrito@example.net;Duarte do Amparo;22
6521;Fernanda Cardoso;709.836.214-03;olivercunha@example.com;Costela;8
6522;Amanda Peixoto;508.693.724-83;fogacabianca@example.com;Pacheco;43
6523;Lunna Nunes;703.918.246-78;alice60@example.com;Camargo Verde;18
6524;Dra. Isabella Câmara;758.102.493-88;hmachado@example.org;Pimenta do Amparo;20
6525;Thiago da Mata;951.720.643-70;pedroguerra@example.net;Porto;12
6526;Fernanda Pastor;630.925.871-03;gabriela37@example.net;Cavalcante;29
6527;Sara Aparecida;253.409.167-07;hcaldeira@example.com;Sá de da Rocha;32
6528;Anna Liz Siqueira;275.096.134-34;hellenacamargo@example.org;Aparecida;13
6529;Ryan Lima;501.674.829-20;fcastro@example.org;Casa Grande;54
6530;Ravy Lopes;425.018.739-04;asaferodrigues@example.com;Cunha;5
6531;Bárbara Cavalcanti;246.039.581-70;aborges@example.org;Sales;25
6532;Dr. Oliver Guerra;154.398.260-33;gabriel29@example.net;Martins;41
6533;Dr. Marcelo Macedo;195.436.072-06;ceciliaporto@example.org;Melo do Galho;48
6534;Sra. Kamilly Rodrigues;235.401.968-89;maria-florpeixoto@example.com;Aragão;43
6535;Ana Luiza Dias;742.386.159-64;nathan61@example.org;Barros do Oeste;45
6536;Antonella Alves;158.039.264-42;bianca12@example.org;Cavalcante da Serra;10
6537;Mariah da Mota;289.037.615-02;anthony74@example.org;Abreu dos Dourados;42
6538;Henry Gabriel Moreira;954.173.280-14;arthur-miguelrodrigues@example.net;Sales Grande;35
6539;Ana Beatriz Monteiro;103.829.674-96;pedro-miguel90@example.org;Duarte;33
6540;Luísa Pinto;603.942.517-25;santosana-sophia@example.com;Souza;53
6541;Sr. Pedro Martins;508.263.719-30;maria-clara34@example.net;Carvalho;24
6542;Laís Pereira;239.670.458-38;da-rosajulia@example.org;Sales dos Dourados;11
6543;João Gabriel Fernandes;786.190.352-40;fonsecaasafe@example.com;Leão;28
6544;Srta. Maria Laura Pereira;298.576.140-94;rochaclara@example.org;Melo;33
6545;Olivia Santos;631.702.985-77;maria-alice37@example.com;Moraes Paulista;23
6546;Maria Luiza Carvalho;512.046.839-05;eduardo62@example.net;da Costa Grande;3
6547;Beatriz Peixoto;532.406.917-52;dsales@example.org;Pacheco de Almeida;2
6548;Ian Campos;451.836.297-73;maria-julia02@example.org;Gonçalves;42
6549;Vitor Hugo Câmara;283.051.479-32;calebenogueira@example.net;Azevedo;48
6550;Nicole Pimenta;750.324.981-14;xda-costa@example.net;Santos;1
6551;Juan Ramos;167.594.038-00;fariasrafael@example.com;Cirino de Cardoso;34
6552;Dr. João Pedro Casa Grande;367.254.018-80;brayanrezende@example.net;Sousa do Campo;29
6553;Mirella Pacheco;759.308.426-47;kaique81@example.net;Gomes Alegre;17
6554;Lorena Abreu;216.709.843-03;oliveiragael-henrique@example.org;Gomes Verde;44
6555;Maria Eduarda Casa Grande;563.907.481-75;fdas-neves@example.net;Moreira de Goiás;42
6556;Lucas Gabriel Marques;815.793.062-68;bernardo03@example.net;Aparecida;17
6557;Laura da Luz;675.843.012-07;fnogueira@example.net;Lopes Verde;45
6558;Agatha Cassiano;390.217.865-59;leandrocarvalho@example.org;Porto de Mendes;46
6559;Laura Teixeira;821.579.340-14;helenafogaca@example.net;Ribeiro;3
6560;Bella Marques;486.193.205-05;kmartins@example.org;Sá da Prata;53
6561;Otto Jesus;842.915.037-41;bellaguerra@example.org;Pinto;5
6562;Maria Alice Rios;570.314.829-41;machadoraul@example.org;Camargo;42
6563;Sophie Rios;392.754.108-79;davi-miguelcasa-grande@example.net;Rios;34
6564;Dra. Valentina da Cruz;204.987.136-87;nnascimento@example.net;Novaes de Goiás;25
6565;Eloá Oliveira;267.051.938-59;rebeca44@example.org;da Luz;16
6566;Eloah Casa Grande;389.760.451-57;fariasbreno@example.com;Cavalcante de Farias;26
6567;Nicolas Montenegro;497.510.268-49;melina06@example.com;da Cruz da Serra;46
6568;Apollo Cunha;745.108.962-20;novaisemanuel@example.com;Nunes;20
6569;Arthur Gabriel Peixoto;297.031.846-69;renancardoso@example.net;Freitas;48
6570;Eloá Machado;916.072.854-01;fonsecacaroline@example.net;da Conceição do Norte;42
6571;Gabriel Moura;502.648.931-15;lopesjoao-pedro@example.com;Nunes;39
6572;Thiago Macedo;734.160.582-08;da-cruzjuan@example.net;Borges do Amparo;30
6573;Renan Rios;678.249.310-13;sara32@example.org;Pires das Pedras;44
6574;Davi Miguel Silva;379.540.128-32;mendeslucca@example.com;Camargo;8
6575;Otávio Montenegro;154.628.739-64;joao-pedro37@example.net;das Neves das Flores;36
6576;Heloísa Caldeira;871.920.365-95;raul44@example.com;Pacheco;49
6577;Gustavo Henrique Albuquerque;132.568.074-53;silveiracaleb@example.com;da Paz;40
6578;Juan das Neves;761.380.295-77;luiz-gustavo44@example.com;Casa Grande;17
6579;Ana Pastor;304.718.569-75;jda-mota@example.org;Nunes do Campo;29
6580;Olivia da Cunha;749.281.365-19;ramosryan@example.org;Moura;54
6581;Ísis Silveira;415.309.867-10;felipe10@example.com;Moraes;18
6582;Olívia Casa Grande;480.632.591-06;jjesus@example.com;Nunes;39
6583;Vitor Hugo Albuquerque;126.305.978-30;pimentanathan@example.org;Azevedo da Mata;15
6584;Sr. Davi Luiz Araújo;905.216.784-20;cardosomanuela@example.net;Souza;34
6585;Pietra Castro;810.473.952-23;maria-lizcunha@example.org;da Costa Paulista;24
6586;Joaquim Lima;203.549.876-74;maria-luisalima@example.com;Martins;23
6587;Augusto Rezende;519.428.603-15;erick94@example.com;Novaes da Prata;41
6588;Gael Henrique Andrade;108.649.725-20;da-costajulia@example.org;Alves de Cunha;27
6589;Maria Sophia Viana;162.987.534-19;oliveroliveira@example.net;da Mata de Albuquerque;10
6590;Yasmin Almeida;205.719.463-99;maria-clara99@example.org;Castro de Martins;4
6591;Dra. Amanda Cavalcanti;724.095.318-14;leandrofernandes@example.com;da Cruz de das Neves;5
6592;Bruno da Mata;267.394.805-83;diasmaria-luiza@example.com;Almeida;28
6593;Dra. Maria Clara Novaes;243.095.681-06;mirellacardoso@example.com;Costa das Flores;51
6594;Dr. Léo Camargo;075.316.894-48;leonardo09@example.org;Ramos;46
6595;Ian Lima;057.843.169-66;ravimonteiro@example.net;Pinto;10
6596;Sr. João Cunha;290.835.164-15;esther72@example.net;Gomes;45
6597;Thiago Jesus;769.413.582-46;pferreira@example.net;Lopes Grande;25
6598;Davi Sampaio;714.362.095-52;bento58@example.org;da Mota;19
6599;Eduarda Brito;841.392.670-03;novaesisabella@example.org;Pereira do Sul;43
6600;Maria Laura Jesus;936.081.425-33;da-rosaeduarda@example.net;Nunes;46
6601;Vitor Hugo Ribeiro;732.690.518-59;balmeida@example.net;Martins;25
6602;Julia Ramos;903.574.821-23;maya07@example.org;Vargas Alegre;19
6603;Sra. Emanuella Campos;354.879.260-00;miguel84@example.net;Teixeira de Minas;6
6604;Luigi Duarte;528.097.364-56;snogueira@example.org;Lima;45
6605;Lorenzo Porto;983.540.176-48;leviramos@example.org;da Conceição;49
6606;Luísa Pastor;168.507.392-12;thiago39@example.net;Albuquerque;32
6607;Camila Vieira;104.657.392-61;ana-sophiamarques@example.net;Mendes de Farias;22
6608;Sr. Rafael Caldeira;810.925.746-11;luancosta@example.com;Pacheco dos Dourados;21
6609;Samuel Ferreira;596.380.742-56;ebarbosa@example.org;Lopes do Sul;54
6610;Laís Vasconcelos;567.240.839-74;azevedonathan@example.org;Oliveira do Norte;30
6611;Maitê da Rocha;193.820.457-32;lavinia40@example.com;da Rocha;25
6612;Valentina Porto;904.876.135-20;nunesapollo@example.org;da Mota de Minas;36
6613;Matteo Santos;167.934.580-00;jose-miguelda-rocha@example.net;Fogaça;1
6614;Bruna Brito;617.894.320-22;moreirarhavi@example.net;Novaes de da Cruz;30
6615;Enzo Gabriel Lopes;876.913.402-22;vandrade@example.org;Sampaio do Campo;47
6616;Caroline Moreira;604.391.752-16;sabrinapires@example.net;Vargas;51
6617;Luiz Felipe Aragão;974.685.013-00;oaraujo@example.com;Peixoto;43
6618;Luiz Henrique Souza;893.625.174-00;joana77@example.com;Borges;9
6619;Vinícius Cirino;194.857.032-79;vargasheitor@example.com;Pastor;16
6620;Davi Luiz Gomes;875.142.609-94;ualves@example.net;Ferreira do Galho;22
6621;Ravi Lucca Barros;396.874.201-03;oliveiralaura@example.net;Porto do Galho;40
6622;Dante Porto;578.402.316-08;maria-alicefogaca@example.org;Almeida de Abreu;6
6623;Stephany Cavalcanti;817.245.960-20;da-cunhajulia@example.com;Cunha Verde;34
6624;Caleb Cirino;487.509.326-83;vargasisadora@example.net;Rios;47
6625;Ravi Peixoto;843.601.792-78;luizamoreira@example.net;Novais;27
6626;Davi Lucas Jesus;180.347.592-79;rafaela51@example.net;Barbosa;39
6627;Luna Caldeira;679.854.130-57;upimenta@example.net;da Cruz;32
6628;Sr. Breno Aragão;149.270.568-30;julianafarias@example.com;Guerra;30
6629;Breno Cunha;048.927.315-79;xbrito@example.org;Pastor de Minas;26
6630;Joaquim Mendonça;678.130.295-77;caroline20@example.com;Novais do Oeste;47
6631;Luana Guerra;906.723.418-40;alexandre44@example.org;Correia;7
6632;Dra. Maria Julia Pacheco;215.678.304-71;ana-liz16@example.org;Albuquerque;16
6633;José Pedro Garcia;843.695.217-00;esilveira@example.net;Vasconcelos do Norte;54
6634;Vinicius Alves;573.249.618-19;josue24@example.com;Rios;12
6635;Dr. Augusto Pacheco;827.140.695-76;isaquesa@example.net;Correia;23
6636;Dr. Vitor Hugo Rezende;103.648.527-71;elisada-rocha@example.org;Teixeira da Mata;23
6637;Julia da Cunha;947.635.018-01;sofia57@example.net;da Rosa;19
6638;Ana Júlia Oliveira;751.920.386-77;aliciafarias@example.org;Aparecida;3
6639;Bento Borges;952.614.703-07;maria-cecilia15@example.org;Garcia de da Cruz;14
6640;Sra. Maria Helena Moura;708.269.153-02;xoliveira@example.org;Nogueira Grande;10
6641;Enzo Moura;987.415.326-19;camarajade@example.com;Ramos do Galho;33
6642;Ana Luiza Cunha;529.403.618-51;danilo09@example.com;Pacheco;8
6643;Dra. Laís Ramos;970.238.165-77;fariasjoao-felipe@example.net;Azevedo Verde;34
6644;João Miguel Farias;827.054.196-67;jviana@example.org;Vargas do Oeste;21
6645;Mariane Castro;139.708.526-68;luan15@example.com;Ferreira;29
6646;Yasmin Melo;352.940.861-15;sfonseca@example.net;Barros do Campo;45
6647;Laura Teixeira;756.189.320-59;luiz-otaviocamara@example.com;Pimenta Verde;22
6648;Benjamim Marques;107.953.264-16;lucas-gabrielsa@example.org;Carvalho;33
6649;Benjamin Gonçalves;943.786.150-10;julia48@example.com;Marques;52
6650;Sophie Machado;356.284.109-42;bernardoleao@example.org;Marques de Marques;8
6651;Sophia Peixoto;283.460.197-69;pcarvalho@example.org;Garcia;30
6652;Dr. Léo Araújo;296.347.015-07;qsiqueira@example.com;Nascimento do Amparo;43
6653;Caio Cavalcanti;567.194.308-66;mda-rosa@example.com;Lopes de Fernandes;54
6654;Hellena Nunes;621.947.830-40;eduardo61@example.com;Sampaio;21
6655;Miguel Leão;812.946.753-46;xda-rosa@example.net;Ramos;42
6656;Emilly Pereira;206.341.958-24;ana-cecilia05@example.org;Vargas Alegre;5
6657;Dr. Dante Albuquerque;618.374.295-37;igor30@example.org;Pereira do Oeste;10
6658;Catarina Vargas;612.549.803-42;otavio26@example.net;Gonçalves;41
6659;Francisco Andrade;560.983.412-06;cribeiro@example.org;das Neves;23
6660;Dr. Vicente das Neves;693.042.185-51;juanbarros@example.com;Rios;24
6661;Isaac da Luz;537.620.194-52;da-costajuan@example.com;Brito de Goiás;33
6662;Diogo Vieira;245.368.107-90;maria-lizabreu@example.net;Costa do Galho;9
6663;Srta. Ágatha Nogueira;524.973.680-74;barrosgabriel@example.org;Abreu;7
6664;Bella Duarte;426.980.731-87;leticia87@example.org;Sá de Farias;42
6665;Aurora Leão;814.593.267-09;anthony14@example.org;Ramos Grande;31
6666;Dr. Henry Cassiano;635.904.187-10;dpastor@example.org;Novaes do Norte;51
6667;Pietra Sá;630.951.487-39;otavio83@example.org;Ferreira de Sales;17
6668;Pedro Miguel Rezende;086.925.143-06;nabreu@example.com;Brito de Minas;24
6669;Isabelly Nogueira;635.278.104-71;mateus04@example.org;Borges do Sul;2
6670;Maria Helena Martins;280.459.713-04;eazevedo@example.net;Pastor;15
6671;Marcos Vinicius da Costa;147.680.259-94;brendasousa@example.com;Rezende de Ferreira;42
6672;Henrique Moreira;248.917.536-09;joana26@example.net;Freitas do Amparo;12
6673;Dr. Anthony Borges;720.485.936-74;augustoduarte@example.com;Carvalho do Campo;25
6674;Cauê Albuquerque;674.195.032-06;vasconcelosarthur-gabriel@example.net;Ramos Alegre;11
6675;Gael Cassiano;193.860.274-96;ana-liz14@example.net;Machado;8
6676;Thales Pacheco;238.541.697-28;emillysa@example.net;Gonçalves;2
6677;Enzo Almeida;365.420.817-71;rebecapinto@example.org;Ramos;21
6678;Clara Guerra;197.058.462-94;emanuellima@example.net;Campos do Campo;21
6679;Gabriela Casa Grande;715.294.836-46;ian60@example.org;Alves do Norte;30
6680;Maria Liz Oliveira;748.312.650-71;beniciocunha@example.net;Cunha Alegre;3
6681;Antony Nunes;743.260.958-65;mendoncadavi-miguel@example.net;Azevedo;13
6682;Rael Caldeira;412.589.370-50;leonardo01@example.net;Almeida;32
6683;Luna Souza;473.920.861-03;rebeca18@example.net;da Mota de Câmara;32
6684;Levi Melo;723.481.095-14;andradeisis@example.com;Melo Alegre;52
6685;Isabelly Sousa;798.231.046-03;domsales@example.org;Mendes do Amparo;43
6686;Paulo Rocha;726.519.430-61;rebeca68@example.org;Montenegro;5
6687;Miguel Santos;015.269.487-02;ninadias@example.org;Pires;5
6688;Evelyn da Rosa;864.539.720-00;joaquim72@example.org;Farias;39
6689;Melina Sampaio;920.743.561-61;josue94@example.org;Santos de das Neves;38
6690;Pedro Henrique Ribeiro;271.680.534-26;evelyn91@example.net;Casa Grande;3
6691;Raul Pacheco;854.039.672-65;juliana91@example.org;Brito de Minas;32
6692;Melina Lima;649.305.781-75;silvacarlos-eduardo@example.com;Garcia do Galho;31
6693;Lucca Macedo;436.850.297-38;leticiada-paz@example.net;Lopes;21
6694;Daniela Cirino;694.087.513-10;lguerra@example.com;Silva do Oeste;38
6695;Alexandre Borges;901.486.273-31;xgomes@example.net;Pimenta;39
6696;Maria Luiza Monteiro;146.983.527-46;maria-vitoria49@example.com;Cardoso;31
6697;Sra. Brenda Rios;730.859.621-40;claraporto@example.com;Costela;1
6698;Thiago Santos;092.637.854-65;duarteana-vitoria@example.net;Pinto das Pedras;53
6699;Luiz Henrique Fogaça;387.510.269-02;alvesnatalia@example.org;Cunha Verde;7
6700;Antônio Abreu;368.297.540-38;carvalhojoao-vitor@example.com;Lima de Dias;41
6701;Srta. Ana Cecília Camargo;790.854.132-14;bda-mota@example.com;Silva;54
6702;Emanuel Andrade;802.573.946-56;renansouza@example.com;Vieira do Amparo;31
6703;Ana Vitória Aparecida;405.938.276-00;joao-gabrielcosta@example.com;Moraes;48
6704;Ágatha Lopes;742.968.015-11;davi-lucas65@example.org;Macedo de Minas;43
6705;Letícia Câmara;743.162.850-17;abreugabrielly@example.net;Jesus das Flores;22
6706;Raquel Rios;049.253.761-52;gferreira@example.net;Borges do Amparo;13
6707;Srta. Luna Carvalho;023.769.485-92;mirellaramos@example.com;Peixoto do Galho;24
6708;Emanuella Vieira;643.590.187-20;franciscomelo@example.net;Cavalcanti;53
6709;Isabella Costa;647.915.830-00;liamramos@example.net;Moura;43
6710;Yasmin Costela;453.978.062-00;da-cunhamirella@example.net;Casa Grande;34
6711;Sra. Clarice Sousa;352.469.871-91;sara13@example.org;da Conceição de Goiás;45
6712;Sra. Maitê Monteiro;167.908.435-66;enzo-gabrielmartins@example.net;Sousa de Minas;46
6713;Dra. Emilly Gonçalves;045.689.172-20;cunhapietra@example.net;Farias da Praia;24
6714;Milena Jesus;710.389.562-77;candrade@example.net;Mendes de Marques;46
6715;Luiz Henrique Jesus;498.573.261-37;da-costalivia@example.net;Lopes;33
6716;Sra. Maria Eduarda Rezende;468.093.251-15;wda-mota@example.com;Freitas;28
6717;Maria Vitória Siqueira;097.563.248-56;pramos@example.net;Fogaça;17
6718;Ana Laura Sampaio;576.924.031-80;maysarios@example.net;da Conceição da Prata;31
6719;Ana Lívia Almeida;057.432.186-17;camargoyuri@example.org;Melo;8
6720;Maria Vitória Lima;916.738.450-10;kjesus@example.net;Peixoto;51
6721;Isabelly Barros;195.087.624-11;gabrielly75@example.org;da Cunha;17
6722;Juan da Mota;018.754.296-11;fpastor@example.com;Leão de Alves;2
6723;Laura Ribeiro;924.306.517-34;nicolasmelo@example.net;Camargo;45
6724;Gabriel Silva;598.042.713-97;bruna25@example.net;da Rocha Verde;17
6725;Dra. Caroline da Mota;483.591.620-42;zda-luz@example.com;Novaes dos Dourados;31
6726;Sr. Gael Henrique Silva;254.096.813-98;ana-sophia96@example.com;Correia;48
6727;Erick Moura;015.796.248-20;isabelaparecida@example.org;Leão do Amparo;6
6728;Dr. João Guilherme Porto;124.387.509-79;montenegroeduardo@example.org;Santos;18
6729;Srta. Cecilia Santos;905.328.146-06;pereiramariane@example.com;Ramos do Sul;35
6730;Giovanna Correia;793.148.265-46;liviasa@example.org;Montenegro;19
6731;Antônio Duarte;594.168.307-39;cirinomaria-julia@example.net;da Mata Verde;21
6732;Ian Ribeiro;316.702.458-53;mariah15@example.com;Fogaça;21
6733;Benjamim Cirino;642.350.918-24;emanuelly37@example.org;Lopes;23
6734;Maria Flor Aragão;204.851.963-60;catarina79@example.com;Nogueira do Galho;5
6735;Nina Caldeira;914.065.782-58;lopesenzo@example.com;Farias;49
6736;Theo Cirino;916.053.782-59;olivia22@example.org;Melo;23
6737;Maria Clara da Cunha;410.968.235-51;joaomachado@example.com;Guerra;47
6738;Rodrigo Azevedo;921.754.086-20;yborges@example.org;Aparecida;41
6739;Antony Brito;038.546.792-38;gustavo-henrique55@example.com;da Conceição das Flores;53
6740;Dom Azevedo;371.052.948-41;fonsecabernardo@example.net;Andrade dos Dourados;2
6741;Mariah Pinto;719.483.256-91;milenasiqueira@example.net;Cunha;7
6742;Nicole Ramos;230.784.619-04;zribeiro@example.org;Rezende do Sul;5
6743;Luigi da Paz;827.615.034-90;sophia99@example.org;Ribeiro;6
6744;Yasmin Siqueira;649.321.085-24;luiz-miguel01@example.net;Cavalcanti Verde;40
6745;Vitória Nogueira;573.491.208-50;camarahenry-gabriel@example.com;Fonseca;5
6746;Luiz Gustavo Lopes;812.574.603-07;freitasotavio@example.net;Pastor;27
6747;Catarina Costela;618.423.975-91;castroana-carolina@example.org;Rocha de Pimenta;32
6748;Julia Cunha;382.056.794-10;luigida-mota@example.net;Albuquerque das Flores;28
6749;João Felipe Cirino;341.986.052-89;goncalvesmariah@example.com;Cardoso;53
6750;Anthony Gabriel Teixeira;924.306.751-61;leonardomachado@example.com;Sousa;46
6751;Dr. Dante Cavalcante;853.419.072-05;carlos-eduardoaparecida@example.net;Aparecida;40
6752;Dra. Maria Eduarda Novaes;107.349.826-31;paraujo@example.org;Viana;50
6753;Mariana Camargo;615.398.240-98;pereirabreno@example.net;Farias;38
6754;Valentim Fernandes;093.864.172-78;henrygomes@example.com;Pacheco;26
6755;Lunna Freitas;634.095.187-20;nicole84@example.com;Porto dos Dourados;20
6756;Bruno Nunes;789.421.653-46;lmoreira@example.org;Barbosa de Barbosa;38
6757;Pietra Freitas;763.542.180-80;caldeiraana-sophia@example.net;Cunha;1
6758;Diego Mendes;468.295.731-73;davi-lucas43@example.com;Moraes;44
6759;Sra. Maria Vitória Azevedo;921.074.856-58;matheusduarte@example.com;Costa;38
6760;Sra. Alice Rezende;536.947.210-61;ryan02@example.net;Viana;48
6761;Maria Alice da Rosa;514.706.982-85;joaocampos@example.com;Pires;27
6762;Augusto Silva;093.761.824-13;barrosyago@example.org;Fonseca;48
6763;Isabela Sá;837.294.651-55;thalesmonteiro@example.com;Moura Grande;14
6764;Arthur Miguel da Mota;349.728.105-05;ryan90@example.net;Almeida;35
6765;Sr. Pedro Lucas Câmara;471.960.853-10;rafael70@example.com;da Mota de da Mata;46
6766;Arthur Nogueira;498.201.356-05;maysanunes@example.net;Pires dos Dourados;28
6767;Enzo Nogueira;217.689.534-73;azevedohelena@example.com;Marques da Serra;1
6768;Ana Julia Nascimento;106.294.735-52;cardosoraul@example.com;Sales da Serra;44
6769;Ryan da Mata;049.538.216-70;maria15@example.net;Vasconcelos de Martins;13
6770;Arthur Miguel Garcia;935.082.671-21;davi-luizmoraes@example.net;Casa Grande;45
6771;Lucca Campos;283.691.054-24;melina75@example.org;da Rocha dos Dourados;43
6772;Theodoro Rezende;248.197.063-22;emanuelrezende@example.com;Albuquerque Paulista;15
6773;Cauê Rocha;280.493.156-06;anthonyferreira@example.org;Machado de Moura;38
6774;Sr. Matheus Costa;730.162.498-04;mcarvalho@example.org;Monteiro do Norte;24
6775;Thiago da Cunha;150.479.382-04;nicolasmendonca@example.org;Abreu;7
6776;Pedro Henrique Almeida;140.297.653-43;qgarcia@example.org;Silveira;20
6777;Srta. Gabrielly Castro;601.378.429-96;ester02@example.com;Novais da Serra;41
6778;Olivia Ramos;461.287.390-40;da-conceicaoantony@example.org;Ribeiro;11
6779;Liam Sousa;928.350.761-40;alice03@example.com;da Rocha;46
6780;Vitor Gabriel Pereira;623.017.985-77;heitorandrade@example.org;Vieira;14
6781;João Guilherme Fogaça;025.649.183-60;sofiada-mata@example.com;Barros Paulista;50
6782;Isadora Caldeira;895.306.472-47;vicente43@example.org;Moraes;21
6783;Dr. Luiz Otávio Novaes;269.307.148-87;teixeirafernando@example.net;Alves da Serra;31
6784;Ravi Lucca Monteiro;039.265.481-42;guerraalicia@example.com;Carvalho;4
6785;Sr. Kaique da Paz;542.106.798-01;camposdavi-lucca@example.net;Teixeira;30
6786;Ryan Gonçalves;294.853.760-65;diasalice@example.org;Macedo do Galho;48
6787;Lorena Pires;329.641.870-96;apollo77@example.net;Mendonça;44
6788;Alice Novais;810.475.396-75;nmoraes@example.org;Aparecida;33
6789;Anthony Gabriel Pereira;140.893.276-87;stella27@example.org;Peixoto Grande;14
6790;Luana da Luz;643.589.217-28;da-pazzoe@example.org;Pereira;27
6791;Luiz Felipe Lima;546.132.087-26;sporto@example.com;Ramos Paulista;1
6792;Srta. Mariah Porto;710.369.482-69;barrosnina@example.org;Câmara;54
6793;Kevin Rocha;695.480.173-93;pastormaria@example.org;Gonçalves de Vieira;12
6794;Nicole Guerra;784.601.953-84;ecaldeira@example.net;Câmara;21
6795;Vitor das Neves;637.059.281-12;wda-mata@example.net;Pacheco;21
6796;Alice Moura;156.729.408-11;gustavocostela@example.org;Pimenta;1
6797;Benjamim Gomes;794.380.125-32;wporto@example.com;Borges;10
6798;Théo Ribeiro;904.583.172-41;emanuel74@example.net;Duarte da Mata;21
6799;Sophie Barros;597.346.182-37;yrodrigues@example.org;da Cunha;11
6800;Dra. Marina Vieira;610.897.243-22;mirella79@example.com;Sá;33
6801;Thomas Aparecida;083.912.754-50;fborges@example.org;Oliveira;45
6802;Hadassa Costela;361.984.057-10;barrosmaria-luiza@example.com;Moraes do Sul;9
6803;Cauã Nascimento;834.157.092-05;zpacheco@example.com;Costa;42
6804;Daniel Borges;763.085.142-17;cavalcanteheloisa@example.com;Dias;15
6805;Sra. Ana Beatriz Camargo;763.054.918-01;rebecagoncalves@example.net;Sousa;54
6806;Alícia Camargo;742.803.195-88;ayla10@example.com;Cardoso da Praia;19
6807;Kevin Pacheco;087.495.231-04;caldeirathiago@example.org;Pastor;25
6808;Ana Lívia Carvalho;503.729.481-97;riosdanilo@example.org;Freitas Alegre;4
6809;Sr. José Pinto;034.872.615-53;isis37@example.com;Carvalho;2
6810;Larissa Dias;178.390.264-78;fernandesmathias@example.org;da Cunha;15
6811;Davi Luiz Ramos;391.857.462-82;nicolevieira@example.com;Viana de Minas;53
6812;Sr. Benjamin Sá;638.957.402-92;oliveiramatteo@example.net;Siqueira;46
6813;Vitor Gabriel Barros;384.017.592-50;danielaribeiro@example.org;Machado;45
6814;Alexia Sousa;875.369.412-00;pabreu@example.net;Barros;42
6815;Benjamin Pinto;958.046.713-75;joao-miguelmendes@example.com;Costela;13
6816;Yan da Mata;780.692.351-95;maria-luiza12@example.net;Monteiro dos Dourados;16
6817;Vinícius Abreu;720.946.518-94;tgarcia@example.net;Mendonça;40
6818;Mirella Nogueira;425.819.306-24;gsantos@example.org;Abreu da Praia;21
6819;Emilly da Paz;587.290.361-86;miguel75@example.com;Pereira;42
6820;Davi Luiz Garcia;610.492.857-94;fonsecarenan@example.net;Ribeiro;44
6821;Dra. Fernanda Machado;175.486.923-82;siqueiradom@example.com;Vasconcelos de Vargas;20
6822;Evelyn da Rocha;423.756.891-19;pedro-miguelcarvalho@example.org;Azevedo dos Dourados;36
6823;Dra. Maria Flor Sá;149.825.376-82;bianca37@example.org;Freitas de Cavalcante;13
6824;Daniel Nascimento;503.618.792-02;palves@example.org;da Cruz de Monteiro;47
6825;Anna Liz da Luz;981.740.325-41;danielleao@example.net;Santos de Porto;23
6826;Melina Cavalcanti;706.184.325-07;evargas@example.org;Aparecida;28
6827;João Felipe Silva;509.872.164-49;da-mataenzo-gabriel@example.com;Montenegro da Mata;48
6828;Bruna Viana;531.982.607-95;moraescecilia@example.com;Barbosa dos Dourados;21
6829;Sr. João Pedro Vieira;654.320.879-10;carvalhoguilherme@example.org;Mendes;5
6830;Sra. Mariah Brito;629.853.407-56;calebsiqueira@example.com;Araújo;10
6831;Vicente Ferreira;582.619.473-19;guerradaniel@example.org;da Cruz;14
6832;Davi Luiz Sampaio;719.635.480-00;tcostela@example.org;Andrade;19
6833;Milena Moreira;194.265.078-76;hellenaazevedo@example.org;Caldeira da Serra;27
6834;Sra. Evelyn Oliveira;839.206.174-87;bmartins@example.org;Melo Grande;32
6835;Clarice Jesus;056.927.143-61;piresdavi-lucca@example.org;Silva da Serra;17
6836;Eloah Moura;425.093.761-52;pimentaian@example.org;Câmara;25
6837;Elisa Nascimento;074.983.652-00;brenda19@example.net;Mendes;23
6838;Isaque Azevedo;674.531.928-46;nrios@example.org;Santos;51
6839;Eloá Vargas;406.372.185-07;ryanalmeida@example.org;Fonseca dos Dourados;44
6840;Kevin Sá;674.538.209-10;pcavalcanti@example.com;Rocha;31
6841;Théo Camargo;521.740.693-34;mendoncaeduarda@example.org;Cavalcanti Grande;52
6842;Lucas Gabriel Abreu;574.629.803-47;ybrito@example.net;Novaes;7
6843;Ana Carolina Souza;254.093.716-07;ayla49@example.com;Camargo;28
6844;Dr. Thomas Pacheco;270.945.318-50;mathiasfonseca@example.net;Dias da Praia;33
6845;Lavínia Ramos;894.325.761-91;da-cruzmarcelo@example.com;da Rocha;54
6846;Lavínia da Conceição;528.107.394-04;luiz-gustavo72@example.com;Costela de Moreira;10
6847;Alexandre Casa Grande;640.392.857-00;sarahfarias@example.net;Cavalcante de Ramos;10
6848;Bento Albuquerque;023.658.917-21;muriloferreira@example.org;Fogaça dos Dourados;40
6849;Dr. Cauê da Rocha;203.146.578-35;gabrielly09@example.net;Siqueira;6
6850;Melina Dias;845.673.921-91;diasagatha@example.com;Ribeiro de Leão;22
6851;Sr. Carlos Eduardo Pires;179.046.823-03;garciaalana@example.com;Fonseca Paulista;19
6852;Aylla Carvalho;493.165.028-70;wrios@example.com;Rios Grande;37
6853;Maria Flor Peixoto;347.102.586-35;henryda-cunha@example.com;Aragão;36
6854;Samuel Silveira;352.068.947-29;valentinamelo@example.org;Aparecida;25
6855;Ana Júlia Barros;315.602.479-16;juliana18@example.com;Borges da Prata;36
6856;Sr. Luiz Gustavo da Rocha;746.823.109-50;benjamin98@example.com;Araújo;34
6857;Davi Miguel Moraes;832.169.754-28;cauasouza@example.org;das Neves;19
6858;Emanuella Moreira;918.564.732-28;kcavalcanti@example.com;Almeida do Campo;11
6859;Isadora Almeida;849.530.217-97;riosyuri@example.com;Nogueira da Mata;37
6860;Vitor Cunha;893.062.457-00;maria-fernanda05@example.org;Câmara Paulista;15
6861;Sr. Enzo Melo;863.105.247-71;pedro-henriquenunes@example.net;da Luz;23
6862;Rhavi Moreira;453.729.168-00;amandafernandes@example.net;Brito da Mata;20
6863;Srta. Isabelly Moreira;730.681.952-68;emilly06@example.com;Dias do Sul;12
6864;Dr. Paulo Nogueira;534.216.897-09;cassianomarcelo@example.org;Peixoto das Flores;24
6865;Elisa Fernandes;614.397.520-52;sophie26@example.com;Freitas de Costela;41
6866;Fernanda Oliveira;308.152.469-51;nvieira@example.org;Pires;43
6867;Eduardo da Mota;647.520.893-00;julia16@example.org;Garcia da Mata;52
6868;Maysa Albuquerque;709.465.381-66;leonardocamara@example.org;Rezende da Serra;50
6869;Hellena da Luz;019.238.465-15;gomesclara@example.org;da Costa de Minas;7
6870;Matheus Silveira;046.812.397-04;maria-clara96@example.com;Pacheco do Sul;5
6871;João Monteiro;851.073.496-84;arios@example.net;Ramos;34
6872;Henrique Caldeira;736.015.842-71;larissa18@example.com;Sá;15
6873;José Pedro Oliveira;754.186.903-10;jade75@example.com;Abreu;13
6874;Levi Rodrigues;365.872.409-92;imachado@example.com;Aparecida;31
6875;Rodrigo Fernandes;975.216.034-43;luiz-fernandosantos@example.net;da Luz;33
6876;Heitor Machado;291.583.407-50;gfernandes@example.com;Pires de Goiás;37
6877;Matteo Peixoto;328.401.975-88;heloisadias@example.org;Moreira;41
6878;Ryan Freitas;401.376.598-57;maria-helenasiqueira@example.org;Souza;10
6879;Srta. Isabelly Macedo;456.381.207-26;ana-laura99@example.com;Viana do Amparo;50
6880;Mariane Camargo;615.089.234-42;pachecomariane@example.org;Sá da Praia;53
6881;Nicole Porto;106.548.273-62;martinsolivia@example.net;Macedo;48
6882;Carlos Eduardo Gomes;048.236.597-83;sofiapires@example.org;Alves;22
6883;Pedro Peixoto;268.471.903-96;arthurvargas@example.org;Moura;1
6884;Juan da Costa;132.078.645-62;raul93@example.net;da Costa das Pedras;3
6885;Ravy Lopes;927.036.854-83;helena12@example.org;Monteiro de Minas;25
6886;Mariana Pastor;703.142.569-70;castrootto@example.com;Rios;7
6887;Rafael Cassiano;821.540.697-11;maria-helenanascimento@example.org;Câmara da Prata;1
6888;Marcelo Cassiano;289.607.314-04;melissaaragao@example.org;Guerra;35
6889;Jade Souza;654.093.187-57;fda-cunha@example.net;Caldeira;45
6890;Ana Liz Nogueira;781.593.064-66;osiqueira@example.net;Freitas;43
6891;Brayan das Neves;960.834.157-48;ayla97@example.net;Brito;11
6892;Cauê Casa Grande;742.953.018-41;fariasbreno@example.net;da Mata da Praia;31
6893;Sra. Maria Liz Mendonça;341.658.970-00;davi-miguelcardoso@example.com;Melo;33
6894;Benjamim Leão;751.634.802-35;rebeca01@example.org;Marques;12
6895;Bella da Rosa;568.374.210-26;caldeiraemanuelly@example.net;Rodrigues dos Dourados;19
6896;Melissa Castro;109.843.765-93;apollo98@example.com;Cassiano;48
6897;Sarah Montenegro;469.025.183-51;gomesolivia@example.net;Sousa das Pedras;38
6898;Bryan Mendonça;731.589.046-75;rda-rosa@example.org;Pinto;27
6899;Diego Almeida;145.793.260-16;aurorada-rosa@example.org;Sampaio da Mata;44
6900;João Lucas Novaes;912.734.605-61;antoniooliveira@example.net;Gonçalves;40
6901;José Miguel Pereira;760.985.213-95;ivieira@example.net;Cavalcante;51
6902;Rodrigo Peixoto;591.248.306-15;josuesampaio@example.com;Cassiano do Norte;26
6903;Arthur Miguel da Luz;907.536.481-48;hellenada-mota@example.com;Freitas;1
6904;Sophia Abreu;694.508.127-30;svargas@example.org;Leão;16
6905;Léo Fonseca;625.981.437-28;thiago16@example.com;Moreira;6
6906;Leandro Fernandes;352.879.046-65;gpeixoto@example.net;Rocha Grande;15
6907;Melina Ferreira;086.729.341-13;ottopires@example.org;Freitas de Souza;27
6908;Srta. Catarina Pastor;106.432.957-80;fmartins@example.org;Fernandes;39
6909;Mariah Nogueira;324.071.689-50;isaacduarte@example.org;Camargo Verde;34
6910;Theo das Neves;281.056.349-70;calebeborges@example.org;Mendes de Jesus;22
6911;Diogo Costela;431.286.970-78;da-conceicaoyago@example.org;Aragão das Flores;28
6912;Ryan Melo;139.702.684-78;josefarias@example.com;Sá;39
6913;Rael Sousa;259.683.417-00;costelaenzo@example.com;Albuquerque;49
6914;Arthur Gabriel Abreu;279.158.640-76;antoniopinto@example.com;Carvalho;43
6915;Ravi da Cunha;127.856.934-00;luiz-gustavo69@example.net;Fernandes do Sul;43
6916;Hadassa Martins;376.485.210-08;ana-carolinamonteiro@example.com;Caldeira;17
6917;Benjamin da Mota;290.178.456-94;vicente43@example.com;Pimenta;16
6918;Maria Alice da Costa;976.215.430-43;wda-luz@example.org;Campos de Campos;3
6919;Ana Sophia Caldeira;438.591.067-75;paulo98@example.org;Costa da Mata;15
6920;Otto Correia;015.364.297-16;julia90@example.org;Azevedo de Cunha;51
6921;Dra. Agatha Melo;683.420.159-98;costelaliz@example.net;Oliveira de Costela;52
6922;Amanda Gonçalves;109.526.734-52;zoe76@example.com;Sá do Galho;4
6923;Maria Alice da Mata;421.703.568-35;helenalopes@example.com;Mendonça dos Dourados;7
6924;Daniela da Conceição;059.172.834-60;barbosaapollo@example.net;Dias;27
6925;Felipe Fogaça;813.479.605-20;fernandoaraujo@example.net;Souza de Campos;25
6926;Lavínia Gonçalves;831.407.269-96;carlos-eduardogomes@example.org;Martins;49
6927;Enzo Sales;230.897.614-40;gael17@example.org;Moreira;11
6928;Sra. Ágatha Lima;817.234.096-69;aylacarvalho@example.org;Brito;48
6929;Heloísa Rocha;413.290.567-52;qgarcia@example.com;Porto;45
6930;Lavínia da Luz;051.284.397-04;emilly22@example.net;Cirino;44
6931;Lorena Cardoso;532.719.406-06;dpastor@example.com;Abreu do Norte;48
6932;Maitê Aparecida;903.586.724-65;castrosarah@example.com;Nascimento;24
6933;Dr. Davi Lucas Teixeira;819.463.750-39;rgoncalves@example.com;Gonçalves;27
6934;Juan Aragão;893.742.605-65;hramos@example.com;Camargo de Minas;12
6935;Dra. Lunna Lima;530.972.146-07;sabrinada-rocha@example.net;da Costa do Galho;1
6936;Maria Laura Câmara;341.209.876-04;caleb78@example.com;Aragão dos Dourados;14
6937;Maysa Martins;749.052.163-70;agathada-luz@example.net;Barros;31
6938;Eduarda Garcia;230.471.869-87;dsampaio@example.net;Mendes do Oeste;39
6939;Maria Cecília Rocha;402.387.516-35;evargas@example.com;da Costa;5
6940;Leonardo Pereira;069.375.184-39;aylla98@example.net;Macedo da Prata;31
6941;Luna Almeida;631.524.807-17;lucas-gabrielsampaio@example.org;Barros;25
6942;Anna Liz Guerra;496.357.820-47;theodoroaparecida@example.com;Ramos da Mata;34
6943;Danilo Cassiano;025.167.938-12;ana-julia25@example.com;Gonçalves Grande;8
6944;Rafaela Moreira;831.695.720-59;clara86@example.net;da Mata;35
6945;Valentina Duarte;794.608.251-76;barroscaio@example.net;Pastor;53
6946;Dr. Nathan Vargas;728.630.491-78;uabreu@example.org;Silva Paulista;9
6947;Renan Fonseca;762.348.059-65;kpastor@example.org;Castro;43
6948;Theo da Rocha;295.364.187-46;dpires@example.com;Machado;52
6949;Asafe Viana;681.320.947-78;joao-felipe45@example.org;Caldeira Paulista;54
6950;Bernardo Martins;705.481.396-01;lsampaio@example.org;Nascimento;22
6951;Beatriz Brito;451.836.790-10;nfogaca@example.com;Lima;33
6952;Levi Aragão;239.107.654-16;ana-cecilia80@example.net;da Mata;25
6953;Maria Luiza Andrade;914.237.605-06;maria-cecilia94@example.org;da Conceição;54
6954;Davi Lucca Novais;348.067.195-01;sarah20@example.org;Leão Alegre;19
6955;Luiz Henrique Cunha;426.158.390-98;ana-lizgarcia@example.org;da Mata;43
6956;Marcos Vinicius Garcia;831.570.429-04;voliveira@example.org;da Mata;45
6957;Clara Vasconcelos;793.524.081-79;ana-juliacirino@example.org;Cirino;4
6958;Dra. Mirella Vieira;267.419.380-87;carolina93@example.org;Almeida;18
6959;Fernando Pimenta;836.092.745-65;pedro-miguelmoreira@example.org;Pires;32
6960;João Guilherme Peixoto;248.519.076-30;uporto@example.com;Jesus;47
6961;Ana Vitória Cirino;136.950.472-16;pedro-henrique44@example.com;Cassiano de Novaes;11
6962;Nina Rocha;952.814.306-70;lunapacheco@example.org;Albuquerque;43
6963;Srta. Helena Vieira;765.419.830-20;joao-miguel36@example.com;Leão do Sul;27
6964;Ana Vitória Barros;329.801.574-14;carvalhoana-julia@example.net;Pimenta do Norte;40
6965;Rafael Pires;367.980.521-77;bernardogomes@example.net;Carvalho;45
6966;Sophie Casa Grande;871.029.635-21;pfarias@example.net;Rios;26
6967;Bruno Vargas;216.540.893-89;marceloteixeira@example.org;Fonseca do Amparo;22
6968;Laura Monteiro;067.928.415-01;manuelacamara@example.com;Rocha Grande;19
6969;Benicio Leão;413.576.982-91;fogacamatheus@example.org;Andrade das Flores;42
6970;Júlia Pereira;536.491.280-98;mateus18@example.org;Barbosa;25
6971;Dra. Evelyn Almeida;925.367.104-16;theo38@example.net;Aparecida do Amparo;17
6972;Asafe Correia;163.428.079-22;mouraana-julia@example.net;Costela;7
6973;Theo Pastor;307.418.652-62;matheus35@example.com;Casa Grande de Castro;49
6974;Henrique Nascimento;382.704.596-74;cecilia30@example.net;Ferreira Paulista;49
6975;Calebe Silveira;753.802.914-14;benicio00@example.com;Fogaça;48
6976;Dra. Amanda Alves;740.691.832-13;mariafernandes@example.net;Aparecida;8
6977;Isabelly Gomes;617.043.285-35;asafeda-rosa@example.org;Santos dos Dourados;53
6978;Catarina Araújo;617.923.458-28;isadoramacedo@example.org;Cassiano de das Neves;39
6979;Gabriel Rezende;348.521.970-32;lcassiano@example.net;Costela;50
6980;Maria Clara Rezende;278.439.501-41;ana-livia91@example.net;Cavalcante;9
6981;Davi Luiz Siqueira;375.824.916-37;halbuquerque@example.com;Pires;29
6982;Dra. Ana Sophia Pimenta;821.467.309-78;tfernandes@example.com;Montenegro do Galho;12
6983;Sophia Novais;397.285.046-83;rochaanthony-gabriel@example.net;Pimenta do Amparo;42
6984;Ana Lívia Dias;382.761.540-26;upastor@example.org;Fernandes;46
6985;Anthony Gabriel Cavalcanti;520.863.914-98;gomesrhavi@example.com;Macedo;25
6986;Mateus Monteiro;174.256.983-82;ana-luiza77@example.org;da Costa do Oeste;10
6987;Dr. José Miguel Moreira;492.180.673-03;leonardo67@example.org;Nunes da Prata;45
6988;João Vitor Carvalho;987.012.634-04;melina82@example.net;Cirino do Amparo;20
6989;Dr. Ravi Caldeira;846.107.935-39;lorena96@example.com;Borges do Oeste;30
6990;Heloisa Aparecida;279.430.158-60;calebeduarte@example.com;Sampaio do Oeste;21
6991;Ísis Pereira;169.450.238-42;correiarhavi@example.com;da Mata de Câmara;13
6992;Caleb Aparecida;431.956.082-51;teixeiraarthur-gabriel@example.net;Melo;49
6993;Sra. Nicole Alves;263.951.704-06;ddias@example.org;Pacheco;32
6994;Giovanna Ribeiro;792.684.310-50;ocamargo@example.com;Marques;42
6995;Lorenzo Cassiano;402.783.651-08;catarinada-conceicao@example.org;da Rocha do Amparo;26
6996;Daniel da Cruz;841.356.209-06;luiz-miguel87@example.com;Nogueira;50
6997;João Miguel Moura;795.160.438-01;pimentamaria-eduarda@example.net;Rodrigues;19
6998;Rhavi Campos;850.361.297-68;antonellaaragao@example.com;Monteiro;4
6999;Dra. Gabriela Martins;065.298.413-42;eloah37@example.org;Costela;36
7000;Davi Lucca Carvalho;841.795.326-46;ryan54@example.com;Moraes da Prata;25
7001;Raul Silva;082.953.416-42;maria-sophiaporto@example.org;Montenegro de Minas;24
7002;Ana Vitória Rezende;127.305.649-34;gsouza@example.com;Cavalcanti do Galho;41
7003;Brayan Barros;876.950.143-20;azevedocaio@example.org;Rocha da Mata;18
7004;Dante Farias;650.943.712-07;ana-cecilia50@example.org;Aparecida de Vargas;23
7005;Luísa Oliveira;348.659.172-09;qfonseca@example.com;Teixeira;8
7006;Hellena Andrade;736.201.894-04;ana-laura46@example.net;Sales;19
7007;Maria Clara Fogaça;635.827.190-30;fonsecaluiz-fernando@example.org;Ramos do Amparo;7
7008;Isaque Machado;396.710.485-01;kamilly91@example.com;da Rosa;32
7009;João Vargas;470.516.382-62;joao-vitor22@example.com;da Costa;43
7010;Bernardo da Costa;509.374.168-00;jose-miguelvasconcelos@example.org;Albuquerque de Gonçalves;52
7011;Ester Aragão;097.483.562-56;pedro-henrique70@example.net;Oliveira;50
7012;Sr. Daniel Cardoso;215.480.973-14;sofia26@example.com;Peixoto;34
7013;Kamilly Machado;031.764.529-34;yagoalmeida@example.net;Souza do Campo;33
7014;Isaque Borges;641.752.809-01;qcosta@example.org;Pastor da Prata;13
7015;Maria Luísa Monteiro;634.291.057-06;gda-luz@example.net;das Neves;16
7016;Maria Liz Moreira;713.450.296-16;vgomes@example.org;Garcia de Goiás;50
7017;Melissa Melo;279.146.385-28;nmoreira@example.org;Silva do Sul;48
7018;Melina Cassiano;091.846.725-01;thomasmoraes@example.org;Cirino;43
7019;Dra. Beatriz Abreu;879.025.413-97;pcorreia@example.net;Nascimento;21
7020;Júlia Lopes;913.086.275-21;carolinajesus@example.org;Cassiano de Goiás;21
7021;Isabel Camargo;152.730.498-14;manuela89@example.com;Alves;49
7022;Rafaela Monteiro;271.803.469-69;cavalcantilarissa@example.com;Pereira da Prata;48
7023;Daniela Rocha;271.350.689-12;mirella66@example.org;Moraes;12
7024;Lucas Sampaio;826.741.903-96;ana-cecilia10@example.net;Moura;49
7025;Renan Mendonça;758.634.129-09;ravyalmeida@example.net;Câmara;34
7026;Sr. Erick Oliveira;610.473.295-06;marianacosta@example.net;Abreu;48
7027;Stella Cavalcanti;764.850.132-53;salesantonella@example.net;Santos de Ferreira;19
7028;Emanuelly Araújo;985.710.634-00;matteocardoso@example.net;Caldeira Grande;21
7029;Sr. Augusto da Cruz;167.804.352-44;jrezende@example.com;Caldeira de Pacheco;3
7030;Ágatha Dias;896.530.271-40;daniela05@example.net;Dias do Sul;32
7031;Rafael Lopes;574.983.620-74;fmoraes@example.org;Moura de Porto;30
7032;Natália da Mata;643.507.921-80;fariasluana@example.com;da Luz do Amparo;53
7033;Ana Lívia Vargas;961.207.438-04;xmendonca@example.com;Fogaça;47
7034;Sr. Vinicius Souza;752.843.619-46;kaiquegarcia@example.com;Fogaça;14
7035;Kevin Mendonça;137.540.268-44;ana-lizguerra@example.org;Sales de Goiás;15
7036;José Santos;704.152.683-62;abreuhenrique@example.org;Moraes;1
7037;Luiz Miguel Pereira;106.342.578-62;macedodavi-lucas@example.com;Andrade;19
7038;Davi Luiz Mendonça;560.129.738-02;caiomacedo@example.net;Cardoso;37
7039;Lara da Conceição;357.026.418-17;ryancampos@example.net;Melo;46
7040;Srta. Alícia Marques;051.986.327-59;siqueiraagatha@example.com;Siqueira;50
7041;Dra. Heloisa Vargas;320.169.478-96;da-rochaluiz-henrique@example.net;Pires;18
7042;Rodrigo Mendes;348.572.609-56;vcaldeira@example.org;Azevedo do Sul;50
7043;Sr. José Macedo;491.032.685-51;jesusnina@example.com;Machado;40
7044;Sr. Pedro Lucas Martins;620.749.531-43;qnogueira@example.org;Melo;4
7045;Mathias da Mota;417.386.250-44;rebecada-cunha@example.com;da Costa do Amparo;10
7046;Maria Helena Nogueira;863.405.197-84;maria-alice75@example.org;da Paz;32
7047;Letícia Siqueira;703.126.945-80;bramos@example.net;da Mota do Amparo;23
7048;Hadassa Gonçalves;264.098.135-89;cecilianascimento@example.net;Moura;45
7049;Alice Santos;254.609.137-99;anthonymacedo@example.com;da Luz;49
7050;Mirella Moreira;362.987.451-73;hellenada-cruz@example.net;Montenegro;18
7051;João Carvalho;580.926.137-02;da-cunhanathan@example.net;Peixoto;32
7052;Eloah Dias;520.376.489-10;sophie27@example.org;Alves do Norte;22
7053;Maria Eduarda Ferreira;150.479.823-60;mouraeduardo@example.org;Farias;1
7054;Matheus Fernandes;428.397.615-64;maria-luiza59@example.com;Pacheco Alegre;45
7055;Srta. Ana Vitória Nascimento;537.189.642-28;olivia73@example.net;Castro dos Dourados;41
7056;Lavínia Araújo;970.486.135-48;sfreitas@example.org;Vieira da Praia;19
7057;Raul Castro;795.461.823-46;heloisaborges@example.net;Gonçalves Verde;23
7058;Aylla Vargas;463.708.159-93;guerragustavo@example.net;Albuquerque;35
7059;Ana Laura Nascimento;924.613.750-70;martinsmarcos-vinicius@example.net;Barbosa de Sampaio;51
7060;Dra. Ester Câmara;831.640.572-53;pintocalebe@example.com;Ferreira;4
7061;Pedro Henrique Gonçalves;427.538.106-80;leandropacheco@example.net;Marques da Serra;37
7062;Murilo Aragão;180.975.436-48;milena23@example.net;Silveira do Oeste;47
7063;Carlos Eduardo Teixeira;964.127.853-37;marinamelo@example.com;Costa do Amparo;13
7064;Dr. Augusto Lopes;824.319.756-73;fdias@example.com;Moraes Grande;10
7065;Sophia Novaes;658.719.240-85;carolinemonteiro@example.com;Brito;37
7066;Hadassa Macedo;086.729.153-21;dmelo@example.com;Abreu da Prata;3
7067;Dr. Leonardo Borges;814.529.306-51;ana-beatrizcorreia@example.net;Porto;44
7068;Luiz Henrique da Cunha;218.395.640-24;ycavalcanti@example.org;Pastor;16
7069;Ana Luiza Rodrigues;265.349.180-05;castroana-laura@example.org;Borges;46
7070;Thales Campos;487.196.325-09;mouraravi-lucca@example.com;Dias de Pinto;30
7071;Sophie Guerra;428.106.937-22;juliana97@example.org;Gomes;16
7072;Rafael Pastor;140.793.268-31;isadora79@example.com;Leão do Oeste;45
7073;Heitor Ferreira;193.867.204-69;yrezende@example.org;Aparecida das Flores;35
7074;Rafael Guerra;478.150.963-01;camilabarros@example.net;Rios;7
7075;Thomas Pinto;761.439.205-16;nicolerezende@example.com;Brito;49
7076;Olívia Marques;150.874.926-49;albuquerquediogo@example.net;Ribeiro;12
7077;Giovanna Pimenta;492.158.360-98;joao-pedro54@example.com;Rezende;22
7078;Maria Flor Martins;609.485.731-39;maria-helenasouza@example.net;da Mata Verde;37
7079;Emanuel da Cunha;562.843.179-64;isabella32@example.net;Nunes;50
7080;Alexia Fernandes;981.705.234-60;yuricassiano@example.net;Barros;5
7081;Júlia da Rocha;124.390.678-22;lucas51@example.net;da Rocha de da Mata;42
7082;Mateus da Costa;682.759.401-76;jmontenegro@example.net;Fernandes de Goiás;16
7083;Dra. Hellena da Conceição;428.715.093-79;fonsecaluiz-otavio@example.com;da Mata;6
7084;João Vitor Mendes;982.463.715-09;rvasconcelos@example.org;Camargo;49
7085;Jade Novaes;137.946.520-61;rezendemaria-luiza@example.org;Costela;9
7086;Sophia Vargas;703.814.652-17;valentimda-cruz@example.com;Novais;6
7087;Juan Vargas;487.620.351-26;bernardomontenegro@example.net;Fernandes;37
7088;Antonella Ribeiro;928.134.076-31;alexandre56@example.org;Moreira das Flores;49
7089;Felipe da Conceição;482.615.739-82;aribeiro@example.com;Costa do Campo;36
7090;Breno Moraes;156.378.429-73;ian36@example.com;Sá de Carvalho;11
7091;Yasmin Castro;938.712.045-79;clara96@example.net;Cardoso de Machado;20
7092;Antonella Pastor;295.814.063-60;fpastor@example.net;da Mata da Praia;19
7093;Maria Clara Almeida;928.610.345-05;da-rosagael-henrique@example.net;da Rosa Verde;44
7094;Eloah Viana;094.152.387-04;pietro63@example.net;Castro;6
7095;Mariane Cirino;895.421.736-28;felipe35@example.org;Leão Paulista;47
7096;Antonella da Paz;674.098.521-94;znovaes@example.org;Ribeiro do Oeste;48
7097;José Rezende;143.867.920-31;gabrielly76@example.net;Aparecida do Oeste;36
7098;Dra. Pietra Barros;417.950.368-93;taparecida@example.org;Azevedo do Sul;3
7099;Srta. Ísis Cavalcanti;178.356.294-37;maria-sophia93@example.net;Alves de Sá;45
7100;Isabel Freitas;690.352.718-40;da-rochaaugusto@example.com;Fonseca;46
7101;Emanuel Duarte;187.024.395-14;gabriellybarbosa@example.org;da Costa;16
7102;Antonella Aragão;910.326.847-04;cferreira@example.org;Pastor da Prata;48
7103;Ana Beatriz Cassiano;085.471.329-88;kamilly56@example.com;Cassiano;18
7104;Caleb Guerra;538.710.296-02;gustavo38@example.net;Andrade de Costela;47
7105;Liam Rodrigues;398.456.027-38;albuquerqueana@example.net;Albuquerque de Goiás;5
7106;João Lucas Nogueira;908.231.654-42;castroaugusto@example.net;Cunha de Correia;47
7107;Benício Marques;406.723.518-62;nmonteiro@example.org;Marques;20
7108;Srta. Lunna das Neves;841.076.592-67;emillyviana@example.net;Rodrigues;14
7109;Sophie Santos;198.260.734-31;mendoncajoaquim@example.com;Macedo Verde;11
7110;Sr. Pietro da Cruz;527.183.609-68;pimentaantonella@example.com;Costela;20
7111;Dra. Laura Pimenta;029.468.317-87;qcassiano@example.com;Mendes;2
7112;Gael Barbosa;516.932.084-15;rochamiguel@example.org;Melo dos Dourados;13
7113;Ryan Sales;435.061.728-08;rcassiano@example.com;da Mota;35
7114;Rafael Câmara;817.549.306-20;da-pazalana@example.com;Rezende;49
7115;Arthur Sousa;143.805.629-05;babreu@example.com;Rodrigues de Albuquerque;46
7116;Valentina da Cunha;136.072.584-90;vitoraparecida@example.org;Campos Alegre;35
7117;Bárbara Peixoto;467.932.015-06;isousa@example.net;Sá da Serra;23
7118;Sr. Rodrigo Gomes;972.605.381-12;ravi-lucca62@example.com;Costa de da Mota;9
7119;Sr. João Campos;032.417.569-80;emillyfonseca@example.net;Nunes;40
7120;Marina Novaes;735.901.286-40;eloah35@example.com;Moraes dos Dourados;49
7121;Antonella Araújo;497.862.103-87;eloa32@example.net;Nogueira;26
7122;Maria Helena Gomes;901.724.863-78;elisa45@example.com;Gonçalves Alegre;6
7123;Dr. Rafael Pacheco;789.426.130-04;pimentamaria-cecilia@example.net;da Luz;13
7124;Ana Laura da Rosa;349.201.865-33;fda-luz@example.net;da Costa das Flores;9
7125;Gabrielly Macedo;735.624.108-08;pimentaantony@example.net;Vasconcelos;53
7126;Danilo Cavalcanti;412.590.738-23;goncalvesmaria-eduarda@example.net;Cavalcante;4
7127;André Vargas;752.639.140-16;limaalice@example.net;Almeida;34
7128;Gael da Cruz;628.074.591-02;ceciliacardoso@example.org;Rodrigues;10
7129;Ísis Garcia;872.601.453-07;eloahpires@example.com;Barbosa da Prata;36
7130;Davi Lucas Azevedo;672.315.809-12;ana-sophiaalves@example.com;Mendonça;9
7131;Vinicius Andrade;984.637.520-47;sofiasilva@example.org;Farias;50
7132;Catarina Guerra;237.814.659-00;monteiroalicia@example.net;da Mata;13
7133;Sra. Bruna Guerra;586.192.437-64;luiz-miguelguerra@example.net;da Luz;30
7134;Ana Luiza das Neves;430.721.896-50;dda-rosa@example.com;da Costa Verde;7
7135;Lucas Mendonça;495.871.620-30;luizasales@example.com;Pastor;14
7136;Gustavo Henrique Marques;039.275.418-50;cavalcantistella@example.net;Brito das Flores;19
7137;Natália Moreira;168.239.075-68;icardoso@example.net;Costela;19
7138;Luiz Otávio Souza;687.215.490-01;rebecacorreia@example.org;da Rocha Alegre;34
7139;Larissa Casa Grande;582.193.746-91;abreumaite@example.org;Cavalcanti do Campo;25
7140;Bárbara Sá;815.904.273-60;maria-alice86@example.org;Moraes;30
7141;Gustavo Henrique Fogaça;306.412.958-98;luizafernandes@example.net;Ribeiro das Pedras;50
7142;Srta. Brenda Peixoto;018.273.654-71;mariahgoncalves@example.net;Ribeiro;28
7143;Srta. Laura Nunes;328.465.071-71;rda-cunha@example.org;da Paz;7
7144;Aurora Fonseca;607.123.598-77;thiago10@example.com;Cavalcanti da Mata;49
7145;Raul Moura;481.976.235-46;bruna34@example.net;Cavalcanti de Nunes;44
7146;Rodrigo Macedo;954.106.237-70;eduarda72@example.org;Duarte;19
7147;Sr. Ravi Lucca Fernandes;324.518.790-41;portolaura@example.org;Martins do Amparo;20
7148;Isadora Farias;241.750.936-99;cleao@example.com;Pinto de Minas;21
7149;Mariah Gonçalves;379.145.806-00;joao02@example.org;Cardoso da Mata;19
7150;Davi Miguel Castro;917.825.036-68;pcassiano@example.org;Cavalcanti;21
7151;Sra. Hellena Pires;045.876.923-10;dante49@example.com;da Cruz;4
7152;Matheus Rezende;185.392.604-33;maria-eduarda94@example.org;Borges;26
7153;Isabella Camargo;510.732.846-62;qmartins@example.com;Nogueira;17
7154;Sabrina Mendes;784.205.916-02;ybrito@example.com;Ramos de Albuquerque;42
7155;João Miguel Azevedo;429.375.186-64;kcampos@example.com;Mendonça de Farias;19
7156;Dr. Lucas Nogueira;390.472.156-99;kalbuquerque@example.org;Macedo do Galho;25
7157;João Miguel Sousa;439.806.712-40;lopescaroline@example.com;Aragão do Campo;18
7158;Nicole Nogueira;507.321.849-32;nda-cruz@example.net;Cassiano das Pedras;29
7159;Vitor Gabriel Cavalcante;308.926.157-02;ada-luz@example.net;Caldeira da Mata;47
7160;José Pedro Cassiano;146.320.958-42;luiz-fernandolima@example.org;Porto dos Dourados;50
7161;Maria Luiza Alves;452.178.063-62;arthur84@example.org;da Cruz;11
7162;Sra. Luiza Cirino;315.804.672-53;tnovais@example.org;Fernandes do Galho;5
7163;Rael Campos;978.460.235-00;da-luzravi@example.org;da Mata;21
7164;Cauê Nunes;569.403.271-34;naragao@example.net;Campos das Flores;2
7165;Milena Cardoso;017.693.425-16;vianaluisa@example.org;Barros do Norte;6
7166;Thomas Ferreira;630.871.245-08;rafaela01@example.net;Barbosa das Pedras;41
7167;Dra. Maria Isis Machado;720.854.169-85;beniciomendes@example.com;Dias;6
7168;Beatriz Barros;765.231.048-26;yurimonteiro@example.org;Caldeira;5
7169;Manuela da Luz;801.625.349-06;correiamathias@example.com;Moura;51
7170;Kaique Lopes;586.290.741-67;marcelovieira@example.net;da Rocha;41
7171;Emilly Nascimento;862.713.450-26;danilo86@example.org;da Cruz;38
7172;Letícia Cavalcante;870.964.352-47;lbrito@example.com;da Mota;10
7173;José Pedro da Cruz;645.203.197-06;montenegromanuela@example.com;Marques;10
7174;Davi Cardoso;743.856.092-92;davi40@example.net;Cunha de Brito;25
7175;Bernardo Vieira;148.692.370-40;costadavi@example.org;Cunha;45
7176;Sr. Kevin Borges;207.985.164-02;lorenzo86@example.com;Aragão;4
7177;Luiz Henrique Cardoso;962.034.157-07;valentimnovais@example.org;Sousa;8
7178;Anthony da Rocha;854.926.073-83;maria-helena17@example.net;Siqueira do Sul;7
7179;João Lucas Garcia;214.963.750-25;emanuel40@example.com;Novais;36
7180;Nina Rodrigues;950.731.248-04;clariceda-conceicao@example.org;Azevedo;54
7181;Heloísa Sá;164.983.072-69;vpastor@example.org;Fonseca da Mata;5
7182;Sr. Anthony Gabriel Moreira;814.356.297-28;haparecida@example.net;Moura do Norte;2
7183;Maria Flor Rios;693.107.482-22;wpeixoto@example.org;Fonseca da Serra;46
7184;Lívia Câmara;836.712.490-13;ysampaio@example.net;Pires do Oeste;3
7185;Ayla Silveira;091.387.254-79;asilva@example.com;Montenegro;46
7186;Lívia Silva;754.891.062-20;larada-paz@example.net;Rios;14
7187;Sr. João Felipe Cardoso;562.048.137-90;hellenarodrigues@example.org;Sá de da Cunha;19
7188;Joana Cardoso;892.360.145-42;bernardo90@example.net;Albuquerque;35
7189;Maria Liz Andrade;059.781.324-88;samuelborges@example.org;Cirino;8
7190;Dr. Rafael Almeida;650.482.791-58;ana-livia79@example.org;das Neves da Mata;44
7191;Stella Rocha;389.015.762-95;emanuel91@example.com;Guerra Paulista;48
7192;Isabel Porto;162.478.905-67;pedro-miguel08@example.org;Vargas de Goiás;47
7193;Caroline da Paz;643.518.970-66;stephany87@example.net;Campos;40
7194;Alexandre Martins;387.640.952-74;machadovitor-gabriel@example.com;das Neves;35
7195;Maria Julia Oliveira;960.738.214-50;mvasconcelos@example.org;Pinto da Prata;23
7196;Maria Liz Jesus;412.350.789-14;catarinaleao@example.net;da Rocha do Amparo;48
7197;Diogo Moraes;875.940.631-39;maria-flor62@example.net;da Cruz;40
7198;Brenda Oliveira;376.204.895-92;pintopietra@example.com;da Rosa do Norte;41
7199;Isabel Rezende;562.147.908-49;jnogueira@example.com;Souza;12
7200;Gabrielly Rezende;527.198.603-95;tpires@example.org;Freitas das Flores;43
7201;Ana Carolina Teixeira;302.846.715-17;sarafreitas@example.org;Mendonça do Campo;48
7202;Juliana das Neves;491.678.205-49;jesusfelipe@example.net;da Paz;32
7203;Camila Martins;861.237.940-78;yago06@example.org;da Costa do Amparo;37
7204;Clara Sampaio;217.650.394-52;pastormateus@example.org;Oliveira do Sul;40
7205;Melina Ferreira;925.763.410-80;arthur90@example.org;Sá dos Dourados;12
7206;Lavínia Sales;168.735.420-08;dlopes@example.com;Lima de Vargas;37
7207;Olívia Lopes;814.593.706-00;mathiasda-conceicao@example.org;Barbosa da Prata;17
7208;Ester Alves;914.527.386-37;borgesnicole@example.com;Abreu;53
7209;Davi Lucas Macedo;541.698.302-70;xramos@example.org;Fonseca do Campo;54
7210;Dr. Davi Sousa;958.072.613-21;barrosnathan@example.com;Aragão;32
7211;Ana Liz Silva;713.086.254-80;ppereira@example.com;Almeida;3
7212;Davi Lucca Albuquerque;289.705.634-74;barbara99@example.net;Pacheco dos Dourados;25
7213;Renan Vasconcelos;420.361.875-44;sleao@example.org;Montenegro;49
7214;Isabel Duarte;169.520.873-03;antonellaferreira@example.com;Farias de Goiás;8
7215;Dr. Gael Henrique Pacheco;678.195.340-01;moraesmarcos-vinicius@example.com;Sales de Andrade;29
7216;Davi Lucas Duarte;346.857.291-37;silveirastephany@example.net;Correia da Prata;10
7217;Maysa Cavalcante;249.867.013-04;camposgabriela@example.com;Ramos de Gomes;39
7218;Luiz Felipe Sá;072.845.316-90;da-pazpedro@example.net;Vargas da Prata;28
7219;Ravi Araújo;318.407.529-04;clarice14@example.net;Abreu;4
7220;Ana Lívia Cavalcante;862.943.570-47;emilly35@example.net;Fonseca;1
7221;Lívia Vargas;042.753.918-88;rribeiro@example.net;Andrade da Serra;44
7222;Nicole Gonçalves;368.915.742-00;matheus27@example.org;Monteiro do Sul;28
7223;Luiz Otávio Pinto;802.956.173-30;ana-carolina88@example.org;Pastor de Minas;11
7224;Manuela Oliveira;630.492.851-33;cunhaemanuella@example.net;Farias;31
7225;Sr. Anthony Gabriel Mendes;039.752.486-29;silveirarodrigo@example.net;Sales;2
7226;Sr. Gabriel Cassiano;635.827.109-12;emanuel41@example.net;Moreira de Minas;51
7227;João Guilherme da Costa;127.856.394-64;tsales@example.net;Macedo;16
7228;Sra. Ana Júlia Guerra;691.745.328-55;matteo38@example.com;Fogaça Verde;24
7229;Dra. Lunna Duarte;765.902.431-07;borgesantonio@example.com;Machado da Mata;41
7230;Dr. Theo Barbosa;913.846.027-04;rebeca84@example.net;Gomes de Goiás;4
7231;Valentina Novais;815.093.247-04;wda-conceicao@example.net;Freitas da Mata;51
7232;Carlos Eduardo Aragão;568.312.907-95;davi-luiz76@example.net;Alves;39
7233;Ana Lívia Nunes;205.349.786-65;allanacavalcanti@example.com;Barros;47
7234;Hellena das Neves;987.351.406-66;jose04@example.org;Teixeira;21
7235;Ágatha Monteiro;750.189.234-23;diasbreno@example.net;Vieira Verde;5
7236;Maysa Cassiano;540.198.627-02;samuelcavalcante@example.org;Camargo da Mata;36
7237;Sr. Antônio Carvalho;749.216.530-70;ypimenta@example.com;Nascimento;35
7238;Amanda Jesus;963.018.725-68;maitesales@example.net;Castro;53
7239;Gabriel Alves;172.936.804-22;gustavosiqueira@example.org;Lima;38
7240;Liam Vargas;520.741.936-61;pachecoaugusto@example.com;Sampaio Paulista;45
7241;Davi da Mata;137.469.850-48;pedro-lucasvieira@example.com;Araújo;14
7242;Henrique da Luz;968.054.312-98;lrodrigues@example.com;Lopes de Minas;51
7243;Alice Carvalho;153.402.678-90;nmontenegro@example.org;Campos;48
7244;Alexia Cavalcante;497.205.816-11;kfogaca@example.net;Costa da Serra;6
7245;Luna da Mata;346.920.871-96;maysacavalcanti@example.net;Caldeira;13
7246;Enzo Gabriel Leão;192.847.360-13;camaramariah@example.com;Pacheco de da Cruz;10
7247;João Costela;523.984.701-05;ucorreia@example.com;Vieira de da Rocha;20
7248;Eloah Moreira;506.138.924-70;cauefarias@example.org;Casa Grande;23
7249;Maria Alice Viana;796.034.512-07;miguelda-rosa@example.net;Peixoto;3
7250;Henry Gabriel Moraes;941.862.753-19;castroleticia@example.net;Vieira Alegre;13
7251;Dr. Asafe Pimenta;174.508.369-39;da-cunhaeloa@example.org;Moreira;39
7252;Eduarda da Rocha;754.968.120-11;ycamargo@example.org;Viana de Goiás;44
7253;Juan Aragão;743.902.816-31;lais37@example.org;Casa Grande de Gomes;50
7254;Sra. Yasmin Moura;706.938.542-00;caualima@example.net;Cassiano dos Dourados;3
7255;Thales Leão;857.209.463-65;novaishadassa@example.org;Moura;14
7256;Gustavo Henrique da Cruz;957.841.203-79;correiaravi@example.com;Freitas;48
7257;Laís Alves;902.314.867-31;da-costamaria-luisa@example.org;Mendonça;27
7258;Stella Barbosa;908.721.563-03;qcamara@example.org;Pinto;23
7259;Julia Duarte;915.372.460-70;da-cunhamaria-luisa@example.com;Barros Grande;4
7260;Théo Almeida;427.108.593-60;joao-lucas23@example.com;Garcia;26
7261;Otávio da Mota;351.279.806-30;vasconcelosanna-liz@example.org;Sampaio;5
7262;Emanuelly Marques;481.025.796-76;maria-laura84@example.net;Barbosa Verde;26
7263;Julia da Mota;254.813.970-05;henry17@example.net;Dias;4
7264;Heloísa Moura;896.235.147-19;noahnovaes@example.com;Porto;37
7265;Asafe Cassiano;187.659.340-75;antony23@example.com;Monteiro;52
7266;Eloah Borges;745.160.298-20;felipefogaca@example.net;Nascimento;39
7267;Juan Nogueira;320.149.586-70;juliaalmeida@example.net;Gonçalves;37
7268;André Borges;395.862.047-74;kda-paz@example.org;Pacheco de Goiás;35
7269;Emanuelly Viana;685.791.430-39;albuquerqueyasmin@example.com;Barbosa;31
7270;Caroline Moraes;072.639.584-65;carlos-eduardo29@example.net;Azevedo de Lima;11
7271;Aurora Teixeira;498.562.701-11;ecampos@example.org;Rodrigues das Pedras;21
7272;Alexandre Vargas;682.453.907-47;acasa-grande@example.net;Fonseca;19
7273;Ana Júlia Brito;306.295.418-33;allanacavalcante@example.com;Ferreira;14
7274;José Miguel Moraes;697.405.318-57;piresisabelly@example.com;Peixoto de Ribeiro;20
7275;Sra. Aylla Correia;324.681.509-70;fernandocavalcante@example.net;Porto;4
7276;Ágatha Pires;135.927.086-86;machadojuliana@example.com;Barros de Machado;27
7277;Isaac Cardoso;365.072.814-17;andrecampos@example.org;Pinto do Campo;24
7278;Cecília Azevedo;048.367.125-80;duartecaue@example.net;da Conceição;46
7279;Davi Luiz Mendes;105.846.379-93;costabella@example.com;Mendonça;15
7280;Dr. Enrico da Cunha;316.872.490-40;matteo65@example.org;Ramos;48
7281;Josué Montenegro;701.258.934-50;benicio67@example.com;Novais;45
7282;Dr. Joaquim Nogueira;195.603.247-99;souzadiego@example.com;Sousa;25
7283;Mariah Freitas;236.548.107-80;ogoncalves@example.net;Pinto;24
7284;Luara Nogueira;340.926.875-83;correiamaria-julia@example.net;da Costa da Serra;9
7285;Ana Júlia Aragão;342.816.905-06;diegoramos@example.com;Castro da Prata;9
7286;Marina Pastor;615.790.823-86;correianathan@example.com;Leão;8
7287;Noah Dias;254.376.089-00;da-luzcalebe@example.net;Pires da Mata;22
7288;Isaque Garcia;841.975.206-11;oribeiro@example.org;Silveira;31
7289;Luísa Viana;250.813.469-42;valentina50@example.net;da Cruz;24
7290;Mariana Guerra;534.218.960-89;yuri38@example.com;Aragão;4
7291;Davi Montenegro;871.053.642-62;luiz-felipebarbosa@example.net;Cunha do Amparo;28
7292;Srta. Isadora Albuquerque;742.315.098-32;monteirodaniela@example.net;Moreira;40
7293;Davi Lucas Guerra;325.071.986-21;melissavieira@example.org;da Paz;31
7294;Sarah Dias;205.316.974-52;fogacabenjamim@example.org;Câmara de Cavalcante;20
7295;Enrico da Luz;304.278.561-08;olivia25@example.org;Melo do Galho;16
7296;Bianca Novais;479.586.123-46;marialima@example.org;Freitas do Norte;48
7297;Maria Luísa da Luz;937.651.420-34;maria-luizaabreu@example.net;Moreira da Praia;25
7298;Luiz Henrique Siqueira;419.705.328-23;tmoura@example.org;da Cunha;13
7299;João Porto;958.641.023-42;mariacunha@example.org;Peixoto;20
7300;Luigi Monteiro;843.059.267-92;kferreira@example.org;Fonseca;32
7301;Isabelly Peixoto;908.754.631-93;wgomes@example.org;Camargo de Santos;23
7302;Nina da Mata;624.179.058-76;costelabryan@example.org;Nascimento;45
7303;Bernardo Casa Grande;845.671.302-35;ecosta@example.com;da Mota;32
7304;Augusto Vasconcelos;354.261.978-73;alexia37@example.org;Oliveira da Praia;17
7305;Lorena Ferreira;956.807.213-68;abreuisabel@example.org;Souza;28
7306;Enzo Cardoso;589.362.704-00;isismarques@example.com;Dias;14
7307;Sra. Laura Rios;526.934.178-64;ana-carolinanascimento@example.net;Gonçalves;1
7308;Sr. Vinícius Aragão;793.625.084-00;beatrizjesus@example.org;Aparecida do Galho;53
7309;Luiz Gustavo Pinto;348.079.152-23;jviana@example.net;Pimenta Alegre;5
7310;Gabriel Araújo;059.341.678-39;ceciliapereira@example.org;Viana;39
7311;Theo Mendonça;795.361.820-68;moreiramaria-sophia@example.org;Cassiano;12
7312;Maria Sophia Caldeira;357.684.910-66;guerraravy@example.org;Freitas dos Dourados;36
7313;Maria Clara Albuquerque;384.257.091-05;aragaojuan@example.com;Nascimento do Galho;42
7314;Dr. Lorenzo Cassiano;271.490.356-80;mariane14@example.org;Martins Verde;32
7315;Levi da Cruz;431.760.592-99;ian75@example.org;Freitas;40
7316;Catarina Rezende;461.709.253-61;fernando78@example.com;Novais;34
7317;Isis Montenegro;765.284.910-11;theogomes@example.org;Pinto;31
7318;Ayla Azevedo;597.310.682-95;costelamarcelo@example.net;Borges Verde;51
7319;Ana Cecília Gonçalves;736.841.590-93;monteirojoao-pedro@example.org;Pinto;24
7320;Bruna Castro;489.206.135-24;qaragao@example.net;Vieira da Praia;20
7321;Raquel da Cruz;953.472.816-00;vargasdavi-luiz@example.org;Pimenta;26
7322;Sra. Fernanda Lopes;918.532.476-00;davi-luizmarques@example.org;Vasconcelos;3
7323;Agatha Leão;864.012.379-96;piresmaria-luiza@example.com;Oliveira;46
7324;Leandro Teixeira;765.192.843-19;arthur-gabrieljesus@example.org;Freitas;9
7325;Davi Lucca Pires;109.463.725-43;freitasmaria-clara@example.com;Duarte;22
7326;Isabela Guerra;320.851.694-06;luigicosta@example.net;Camargo de Goiás;2
7327;Vitor Gabriel Vasconcelos;943.617.805-01;frezende@example.net;Costa;9
7328;Gael Henrique Cavalcanti;167.435.820-26;davi-luccaribeiro@example.org;da Mata de Vasconcelos;26
7329;Dr. Calebe da Rocha;351.892.607-12;beniciopastor@example.net;Rodrigues;18
7330;Srta. Anna Liz Guerra;582.630.417-08;benjamimmachado@example.org;Moreira;27
7331;Ravi Souza;584.960.372-74;joao-lucas82@example.net;Duarte;46
7332;Thomas Cassiano;159.647.038-01;leandro38@example.com;Caldeira;52
7333;Théo da Luz;075.684.931-48;luana72@example.org;da Rosa;39
7334;Vitória Martins;901.382.746-22;ioliveira@example.com;Rocha da Prata;10
7335;Diego Almeida;431.956.028-06;qfreitas@example.net;Fonseca Grande;25
7336;Ravi Lucca Rezende;361.540.729-61;alexandrecunha@example.com;Câmara;40
7337;Cauã Aparecida;318.574.260-53;xfonseca@example.org;Duarte do Norte;36
7338;Melina Rocha;273.459.016-61;brunocardoso@example.org;Teixeira;27
7339;Diogo Cavalcanti;579.628.103-86;pmoreira@example.net;Dias da Praia;37
7340;Matteo Cunha;769.438.205-83;pietrooliveira@example.org;Rodrigues;47
7341;Vinícius Almeida;290.358.174-60;enzo-gabriel49@example.net;Cavalcante Grande;23
7342;Anna Liz Camargo;912.568.043-98;nmontenegro@example.com;Câmara de Jesus;54
7343;Noah Carvalho;576.419.802-01;dda-mota@example.org;da Mota;14
7344;Sra. Marcela Santos;261.789.345-64;vitoria68@example.net;Ferreira Paulista;5
7345;Sofia da Costa;847.605.139-57;umacedo@example.net;da Costa de Barbosa;40
7346;Ian Farias;427.081.956-11;enogueira@example.com;da Mata Verde;26
7347;Davi Lucca Correia;438.257.906-65;maria-juliasousa@example.com;Câmara;49
7348;Sra. Luiza Costela;409.715.386-20;antony97@example.com;Cavalcanti;32
7349;Dra. Ágatha Vieira;437.160.259-25;hcardoso@example.com;da Costa;29
7350;Mariana Vieira;084.561.973-00;ana-lauragomes@example.com;Santos Grande;29
7351;Francisco Pacheco;617.483.590-10;ravypereira@example.org;Andrade;24
7352;Joaquim Barbosa;128.540.793-88;lunnafogaca@example.org;Sousa de Goiás;25
7353;Maysa Martins;183.507.269-03;ana-clara86@example.net;Silva;23
7354;Sra. Alana Vargas;126.574.093-34;raelgoncalves@example.net;Rezende da Praia;13
7355;Rodrigo Fogaça;160.829.374-22;luiz-henriquemontenegro@example.org;Freitas;54
7356;Ana Laura Casa Grande;362.147.085-90;oliviapacheco@example.net;Vasconcelos dos Dourados;20
7357;Sra. Maria Flor Cardoso;927.105.438-50;ana-julia80@example.com;Guerra;34
7358;João Guilherme Novais;142.069.735-80;yurivargas@example.com;Rezende;10
7359;Ana Sophia Cardoso;891.564.370-48;pedronogueira@example.net;Rodrigues;28
7360;Asafe Guerra;087.621.495-20;caio82@example.net;Barbosa;6
7361;Sofia Rios;146.532.870-07;raquelduarte@example.net;Lima;26
7362;Théo Garcia;159.078.263-12;evelyn85@example.net;Nogueira de da Costa;5
7363;Luiz Henrique Castro;804.326.597-65;icostela@example.com;da Cruz;6
7364;Pedro Lucas Freitas;206.347.859-74;hsa@example.net;Costa do Norte;23
7365;Srta. Vitória Barbosa;463.725.901-07;ana-juliagomes@example.com;da Cruz;40
7366;Gabriela Lopes;398.261.540-24;viniciusdas-neves@example.net;Sales;6
7367;Luiz Miguel Lopes;562.781.903-03;gomesmelissa@example.org;Ramos do Norte;24
7368;Sr. Fernando Fernandes;810.357.649-20;marcelo44@example.net;Vieira;25
7369;Ryan Rodrigues;971.802.635-59;fariaseduardo@example.net;Cirino da Mata;28
7370;Nathan Casa Grande;627.358.401-07;saigor@example.org;Caldeira de Minas;15
7371;Aurora Albuquerque;860.953.427-83;heloisanovais@example.net;Rezende;42
7372;Mateus Rodrigues;036.241.875-62;isadora22@example.net;Montenegro;23
7373;Elisa Andrade;985.234.617-28;da-cunhaeduarda@example.com;Cirino de Silveira;3
7374;Diego Vasconcelos;475.612.039-34;fernandesjosue@example.net;Cavalcanti;38
7375;Giovanna Guerra;615.207.384-71;vianamatteo@example.net;Cassiano;50
7376;Theo Rios;975.146.380-75;sakaique@example.org;Alves da Praia;40
7377;Heloísa Cavalcante;152.647.893-55;nsampaio@example.com;Borges Grande;5
7378;Caleb Leão;398.245.701-79;nina12@example.com;Marques;6
7379;Lorena Barbosa;074.295.683-00;ramosana-julia@example.net;Novaes;46
7380;Dr. Apollo da Mata;421.309.857-50;brayan60@example.com;Albuquerque;8
7381;Bento Souza;301.256.748-80;ana-beatriz14@example.org;Silva da Praia;49
7382;Luiz Henrique da Conceição;865.301.942-15;zgomes@example.com;Alves do Norte;2
7383;Dr. Mathias Moreira;931.428.075-60;lais41@example.net;Barros do Amparo;5
7384;Elisa Garcia;207.598.146-94;leandro49@example.com;Nunes de Azevedo;16
7385;Dante Ribeiro;187.034.962-87;gustavo-henriqueaparecida@example.net;das Neves;49
7386;Maria Eduarda Rios;892.036.157-68;theo30@example.org;Carvalho do Norte;3
7387;Davi Lucca Casa Grande;658.740.912-11;enricomoura@example.com;Cassiano;36
7388;Srta. Evelyn Nogueira;213.654.708-90;vitoria14@example.net;Borges da Prata;4
7389;Sr. José Carvalho;892.341.506-51;mariahcampos@example.org;Silva;37
7390;Caio da Mata;594.026.187-67;henrypereira@example.org;Rezende;31
7391;Maria Andrade;316.052.948-70;nguerra@example.com;Carvalho de Oliveira;21
7392;Sr. Ravy Nogueira;210.745.396-99;zcirino@example.net;Novaes da Serra;14
7393;Sr. Rodrigo Cavalcanti;504.679.218-49;vrios@example.org;Marques de Abreu;8
7394;Laís Silva;817.903.524-79;dantearaujo@example.org;Abreu;19
7395;Srta. Yasmin Farias;874.301.965-00;cavalcantemaysa@example.net;Peixoto Grande;6
7396;Ágatha da Luz;973.281.065-30;ncostela@example.com;Jesus;12
7397;Dra. Gabrielly Brito;548.016.329-98;xgoncalves@example.net;da Mota;48
7398;Maria Alice Brito;029.615.783-02;aurora87@example.net;Sampaio Alegre;36
7399;Ian Rios;248.573.601-44;jmacedo@example.org;Silva do Amparo;35
7400;Clarice Monteiro;594.276.138-82;tmoreira@example.org;Castro;38
7401;Ágatha Oliveira;572.901.368-02;cecilia91@example.com;da Rosa;53
7402;Noah Rodrigues;397.842.105-41;marcos-vinicius70@example.com;Cunha;39
7403;Ana Carolina Azevedo;043.782.195-14;rafaela89@example.com;Novaes;48
7404;Alícia Pereira;678.319.540-66;emanuel66@example.org;Lima;51
7405;Erick Rocha;927.165.043-34;vnogueira@example.com;Almeida;53
7406;Maysa Gomes;952.408.637-92;otto47@example.com;Garcia de Monteiro;21
7407;Thiago Martins;348.690.217-22;ramosmelina@example.org;Cavalcante Grande;30
7408;Ana Clara Caldeira;459.321.786-55;davi-miguelcastro@example.net;Moreira;16
7409;Srta. Alana Cunha;708.652.341-08;ravicasa-grande@example.net;Silveira Grande;9
7410;Enrico Azevedo;621.508.934-60;enricocamara@example.net;Leão da Prata;39
7411;Srta. Zoe Martins;305.146.892-42;luizaduarte@example.net;da Costa;50
7412;Dra. Ísis Camargo;821.540.376-07;almeidaluigi@example.org;Cirino da Praia;34
7413;Júlia Moraes;720.831.649-03;mariahgomes@example.net;Cardoso de Minas;16
7414;Benjamin da Cruz;801.536.724-71;camila89@example.com;Pacheco de Leão;25
7415;Laura Teixeira;145.307.926-25;rodriguespietra@example.com;Viana de Aparecida;42
7416;Vinícius Viana;915.087.342-32;monteirodavi-luiz@example.com;Fonseca;3
7417;André Silveira;280.931.765-86;caua18@example.net;Nogueira;2
7418;Rodrigo Barros;217.698.540-02;silvaester@example.com;Carvalho;53
7419;Samuel Duarte;620.791.853-30;gvargas@example.net;Vargas;14
7420;Manuela Rodrigues;516.278.934-82;theodoro15@example.com;da Cruz de Nogueira;5
7421;João Vitor Cavalcanti;793.162.504-80;mariacirino@example.net;Novaes do Galho;3
7422;Davi da Mata;649.813.270-13;zpires@example.org;Câmara do Galho;11
7423;Srta. Ana Laura Câmara;289.716.530-86;lduarte@example.org;Oliveira Grande;46
7424;Emanuelly da Cruz;967.812.450-58;da-pazcaleb@example.com;Montenegro Verde;50
7425;Luana Marques;081.639.752-02;camargobeatriz@example.org;Sales Grande;4
7426;Matheus Teixeira;197.203.856-77;scunha@example.org;Ferreira;40
7427;Pedro Henrique da Cunha;207.136.945-99;grocha@example.com;Jesus;36
7428;André Aparecida;968.150.473-93;gael57@example.com;da Conceição Alegre;4
7429;Dr. Pietro Gonçalves;401.583.762-26;thomasfreitas@example.net;Rodrigues;25
7430;Leonardo da Costa;195.076.423-07;vianaevelyn@example.net;Aragão;54
7431;Alana Cassiano;375.628.149-37;luan61@example.org;Abreu;28
7432;Vinicius Pereira;092.684.317-69;thalesrezende@example.org;Aparecida;31
7433;Srta. Stephany Casa Grande;526.873.901-86;jmendonca@example.org;Alves;33
7434;Ian Campos;470.215.698-58;caleb21@example.org;Santos;32
7435;Caroline Abreu;168.753.209-59;lunna56@example.org;Costela de Minas;27
7436;Ester Câmara;614.328.750-35;luiginovaes@example.net;Guerra;24
7437;Camila da Mata;041.837.692-13;yasminduarte@example.net;Freitas de Pacheco;30
7438;Maria Cecília Carvalho;763.524.910-06;jose-pedromendes@example.com;da Cunha de da Paz;47
7439;Rhavi Fogaça;271.608.534-07;portoaylla@example.net;Câmara do Campo;16
7440;Lucas Gabriel Moraes;907.285.346-65;elisa60@example.org;Marques;3
7441;Henry Gabriel Macedo;602.189.754-49;pda-rosa@example.com;Ribeiro do Oeste;3
7442;Josué Pires;845.721.360-17;alvesjose-miguel@example.net;Silva;11
7443;Sra. Maria Caldeira;865.371.290-95;vargasana@example.net;Teixeira Grande;38
7444;Gabriel Andrade;642.103.798-40;maria-isisduarte@example.net;Pinto de Casa Grande;30
7445;Sophie Moura;862.517.439-64;nfreitas@example.com;Moura;24
7446;Maria Alice Lima;130.576.829-95;melissa02@example.net;Porto;12
7447;Hellena Fonseca;510.498.673-00;jose22@example.net;Andrade Paulista;15
7448;Helena Azevedo;475.213.906-52;mendoncaluiza@example.org;Caldeira;48
7449;Ana Laura Guerra;097.214.635-07;montenegroelisa@example.com;Montenegro de Barros;33
7450;Luana Mendonça;106.892.537-02;snovais@example.com;da Paz;47
7451;José Pedro Souza;914.870.365-66;yandas-neves@example.com;Moura;17
7452;Sra. Alexia Pereira;568.034.721-08;emarques@example.org;da Mata das Flores;7
7453;Srta. Alice Lopes;052.319.678-40;cirinoana-cecilia@example.com;Macedo do Oeste;18
7454;Ana Rios;581.370.942-88;arocha@example.net;Brito;10
7455;Arthur Barbosa;207.983.461-40;sophiecamargo@example.org;Pimenta;21
7456;Cecília Aparecida;163.847.520-26;beniciovargas@example.org;Rios das Flores;42
7457;Rodrigo Nunes;052.436.819-89;machadomathias@example.org;Lopes Grande;28
7458;Raul Camargo;745.316.928-37;hadassa35@example.net;Sales do Amparo;51
7459;Amanda Pereira;398.504.671-93;leticiaoliveira@example.com;Fernandes Paulista;26
7460;Anthony Gabriel Pires;670.854.321-44;vsousa@example.com;Cirino da Praia;6
7461;Rebeca Correia;318.495.267-37;joao-guilherme92@example.org;Novais;5
7462;Nicolas Vargas;279.031.648-13;arthur24@example.net;Abreu;38
7463;Heitor da Conceição;359.741.260-25;jose44@example.com;Camargo da Serra;8
7464;Júlia Moreira;618.350.729-68;fda-luz@example.org;Guerra;46
7465;Agatha Aparecida;315.246.087-26;davi-miguel88@example.net;Sá dos Dourados;10
7466;Luiz Fernando Caldeira;764.923.051-16;monteirobrenda@example.com;Monteiro;20
7467;Guilherme Abreu;849.706.315-57;caue92@example.net;Silveira de Goiás;7
7468;Sra. Maria Liz Rodrigues;394.875.120-04;ana-liz52@example.org;Gonçalves Alegre;23
7469;Theo Fogaça;974.862.153-73;hcorreia@example.org;Nascimento do Amparo;4
7470;Maria Julia Nascimento;925.814.736-73;peixotoyago@example.com;da Mota Grande;13
7471;Rael Câmara;041.532.679-61;julia68@example.org;Nogueira de Abreu;33
7472;Samuel Moura;758.314.096-00;vda-mota@example.org;Porto;4
7473;João Miguel Nascimento;498.576.103-66;dantesiqueira@example.org;Pinto;34
7474;João Gabriel Leão;568.932.701-86;cvargas@example.com;Fernandes;23
7475;Benício Novais;802.167.395-86;emoura@example.net;Fernandes da Praia;15
7476;Olívia Campos;027.168.953-68;isaac63@example.net;Porto de Goiás;36
7477;Léo Machado;746.180.532-08;aylateixeira@example.com;Machado Paulista;17
7478;Maria Helena Farias;032.574.968-00;rodriguesnoah@example.net;da Cruz de Dias;54
7479;Antônio Andrade;543.217.968-73;breno32@example.com;Siqueira do Amparo;46
7480;Sr. Pedro da Cruz;093.476.285-65;mateusfarias@example.net;Carvalho Grande;24
7481;Anthony Moraes;082.541.379-60;allanabrito@example.net;Cassiano de Minas;15
7482;Antony Garcia;314.802.759-05;joao-pedro84@example.net;Pimenta de Abreu;9
7483;Noah Nogueira;290.834.671-04;pimentaarthur@example.net;Rios da Praia;53
7484;Cecília Souza;193.270.845-60;ana40@example.com;Costa;3
7485;Luiz Otávio Garcia;013.694.872-31;barrosbreno@example.org;Pimenta do Galho;14
7486;Sr. Calebe Santos;219.036.578-30;camaraliam@example.com;Cavalcante das Flores;38
7487;Stephany Moura;921.684.530-98;luisamartins@example.org;Peixoto;43
7488;Juliana Borges;356.210.748-07;maria-claracamara@example.org;Teixeira da Prata;53
7489;Maria Sophia Sampaio;104.295.376-70;hmarques@example.org;Mendes da Mata;24
7490;Rhavi Correia;368.129.704-50;joao-gabriel26@example.net;Gonçalves;33
7491;Bella Viana;193.764.802-87;viniciuspacheco@example.net;Duarte;15
7492;Cauã Almeida;823.176.490-96;valentina55@example.com;Pereira;47
7493;Beatriz Mendonça;735.208.419-32;viniciussampaio@example.com;Cavalcante de Garcia;12
7494;Luísa Ferreira;324.891.765-28;nascimentorenan@example.com;Oliveira do Norte;9
7495;Maria Julia Pinto;938.742.510-04;lucca05@example.org;da Paz;34
7496;Yuri Viana;683.419.520-33;antony55@example.com;Pires;22
7497;Gustavo Rocha;390.518.624-15;wnogueira@example.com;Barbosa de Cardoso;2
7498;Sra. Joana Câmara;015.987.263-40;pedro95@example.com;Pimenta;2
7499;Dr. Guilherme da Luz;526.170.493-61;mendesenzo-gabriel@example.com;da Rosa do Galho;11
7500;Maya Cassiano;648.953.721-46;luisa56@example.com;Sousa;5
