id_movimentacao;id_estoque;id_item_pedido;tipo_movimentacao;quantidade;id_calendario
1;1;;entrada;325.0;1
2;2;;entrada;103.0;1
3;3;;entrada;420.0;1
4;4;;entrada;288.0;1
5;5;;entrada;263.0;1
6;6;;entrada;370.0;1
7;7;;entrada;393.0;1
8;8;;entrada;456.0;1
9;9;;entrada;337.0;1
10;10;;entrada;32.0;1
11;11;;entrada;164.0;1
12;12;;entrada;109.0;1
13;13;;entrada;101.0;1
14;14;;entrada;233.0;1
15;15;;entrada;137.0;1
16;16;;entrada;48.0;1
17;17;;entrada;458.0;1
18;18;;entrada;292.0;1
19;19;;entrada;436.0;1
20;20;;entrada;256.0;1
21;21;;entrada;444.0;1
22;22;;entrada;163.0;1
23;23;;entrada;200.0;1
24;24;;entrada;241.0;1
25;25;;entrada;31.0;1
26;26;;entrada;331.0;1
27;27;;entrada;379.0;1
28;28;;entrada;419.0;1
29;29;;entrada;330.0;1
30;30;;entrada;186.0;1
31;31;;entrada;92.0;1
32;32;;entrada;298.0;1
33;33;;entrada;218.0;1
34;34;;entrada;434.0;1
35;35;;entrada;442.0;1
36;36;;entrada;21.0;1
37;37;;entrada;356.0;1
38;38;;entrada;411.0;1
39;39;;entrada;219.0;1
40;40;;entrada;223.0;1
41;41;;entrada;214.0;1
42;42;;entrada;297.0;1
43;43;;entrada;345.0;1
44;44;;entrada;212.0;1
45;45;;entrada;185.0;1
46;46;;entrada;454.0;1
47;47;;entrada;84.0;1
48;48;;entrada;238.0;1
49;49;;entrada;285.0;1
50;50;;entrada;116.0;1
51;51;;entrada;422.0;1
52;52;;entrada;252.0;1
53;53;;entrada;158.0;1
54;54;;entrada;111.0;1
55;55;;entrada;205.0;1
56;56;;entrada;308.0;1
57;57;;entrada;362.0;1
58;58;;entrada;45.0;1
59;59;;entrada;98.0;1
60;60;;entrada;70.0;1
61;61;;entrada;217.0;1
62;62;;entrada;420.0;1
63;63;;entrada;130.0;1
64;64;;entrada;173.0;1
65;65;;entrada;110.0;1
66;66;;entrada;141.0;1
67;67;;entrada;331.0;1
68;68;;entrada;124.0;1
69;69;;entrada;296.0;1
70;70;;entrada;166.0;1
71;71;;entrada;107.0;1
72;72;;entrada;467.0;1
73;73;;entrada;86.0;1
74;74;;entrada;186.0;1
75;75;;entrada;318.0;1
76;76;;entrada;213.0;1
77;77;;entrada;489.0;1
78;78;;entrada;133.0;1
79;79;;entrada;229.0;1
80;80;;entrada;452.0;1
81;81;;entrada;382.0;1
82;82;;entrada;250.0;1
83;83;;entrada;457.0;1
84;84;;entrada;307.0;1
85;85;;entrada;431.0;1
86;86;;entrada;276.0;1
87;87;;entrada;395.0;1
88;88;;entrada;470.0;1
89;89;;entrada;379.0;1
90;90;;entrada;455.0;1
91;91;;entrada;120.0;1
92;92;;entrada;82.0;1
93;93;;entrada;267.0;1
94;94;;entrada;448.0;1
95;95;;entrada;170.0;1
96;96;;entrada;31.0;1
97;97;;entrada;104.0;1
98;98;;entrada;30.0;1
99;99;;entrada;420.0;1
100;100;;entrada;163.0;1
101;101;;entrada;499.0;1
102;102;;entrada;316.0;1
103;103;;entrada;166.0;1
104;104;;entrada;482.0;1
105;105;;entrada;486.0;1
106;106;;entrada;201.0;1
107;107;;entrada;355.0;1
108;108;;entrada;88.0;1
109;109;;entrada;374.0;1
110;110;;entrada;175.0;1
111;111;;entrada;317.0;1
112;112;;entrada;205.0;1
113;113;;entrada;454.0;1
114;114;;entrada;491.0;1
115;115;;entrada;42.0;1
116;116;;entrada;44.0;1
117;117;;entrada;241.0;1
118;118;;entrada;430.0;1
119;119;;entrada;203.0;1
120;120;;entrada;453.0;1
121;121;;entrada;214.0;1
122;122;;entrada;158.0;1
123;123;;entrada;303.0;1
124;124;;entrada;395.0;1
125;125;;entrada;116.0;1
126;126;;entrada;327.0;1
127;127;;entrada;115.0;1
128;128;;entrada;406.0;1
129;129;;entrada;175.0;1
130;130;;entrada;401.0;1
131;131;;entrada;350.0;1
132;132;;entrada;95.0;1
133;133;;entrada;252.0;1
134;134;;entrada;191.0;1
135;135;;entrada;296.0;1
136;136;;entrada;63.0;1
137;137;;entrada;380.0;1
138;138;;entrada;387.0;1
139;139;;entrada;460.0;1
140;140;;entrada;474.0;1
141;141;;entrada;256.0;1
142;142;;entrada;39.0;1
143;143;;entrada;153.0;1
144;144;;entrada;432.0;1
145;145;;entrada;159.0;1
146;146;;entrada;249.0;1
147;147;;entrada;372.0;1
148;148;;entrada;440.0;1
149;149;;entrada;55.0;1
150;150;;entrada;70.0;1
151;151;;entrada;167.0;1
152;152;;entrada;459.0;1
153;153;;entrada;132.0;1
154;154;;entrada;30.0;1
155;155;;entrada;319.0;1
156;156;;entrada;133.0;1
157;157;;entrada;282.0;1
158;158;;entrada;150.0;1
159;159;;entrada;470.0;1
160;160;;entrada;70.0;1
161;161;;entrada;374.0;1
162;162;;entrada;136.0;1
163;163;;entrada;59.0;1
164;164;;entrada;380.0;1
165;165;;entrada;101.0;1
166;166;;entrada;450.0;1
167;167;;entrada;268.0;1
168;168;;entrada;450.0;1
169;169;;entrada;400.0;1
170;170;;entrada;280.0;1
171;171;;entrada;305.0;1
172;172;;entrada;27.0;1
173;173;;entrada;352.0;1
174;174;;entrada;442.0;1
175;175;;entrada;244.0;1
176;176;;entrada;335.0;1
177;177;;entrada;426.0;1
178;178;;entrada;341.0;1
179;179;;entrada;284.0;1
180;180;;entrada;485.0;1
181;181;;entrada;263.0;1
182;182;;entrada;212.0;1
183;183;;entrada;322.0;1
184;184;;entrada;125.0;1
185;185;;entrada;114.0;1
186;186;;entrada;265.0;1
187;187;;entrada;223.0;1
188;188;;entrada;432.0;1
189;189;;entrada;439.0;1
190;190;;entrada;59.0;1
191;191;;entrada;491.0;1
192;192;;entrada;195.0;1
193;193;;entrada;441.0;1
194;194;;entrada;102.0;1
195;195;;entrada;215.0;1
196;196;;entrada;44.0;1
197;197;;entrada;500.0;1
198;198;;entrada;298.0;1
199;199;;entrada;349.0;1
200;200;;entrada;392.0;1
201;201;;entrada;73.0;1
202;202;;entrada;287.0;1
203;203;;entrada;378.0;1
204;204;;entrada;278.0;1
205;205;;entrada;487.0;1
206;206;;entrada;137.0;1
207;207;;entrada;275.0;1
208;208;;entrada;173.0;1
209;209;;entrada;355.0;1
210;210;;entrada;173.0;1
211;211;;entrada;442.0;1
212;212;;entrada;353.0;1
213;213;;entrada;223.0;1
214;214;;entrada;422.0;1
215;215;;entrada;306.0;1
216;216;;entrada;350.0;1
217;217;;entrada;71.0;1
218;218;;entrada;344.0;1
219;219;;entrada;30.0;1
220;220;;entrada;73.0;1
221;221;;entrada;190.0;1
222;222;;entrada;49.0;1
223;223;;entrada;196.0;1
224;224;;entrada;233.0;1
225;225;;entrada;112.0;1
226;226;;entrada;217.0;1
227;227;;entrada;94.0;1
228;228;;entrada;91.0;1
229;229;;entrada;36.0;1
230;230;;entrada;487.0;1
231;231;;entrada;473.0;1
232;232;;entrada;161.0;1
233;233;;entrada;274.0;1
234;234;;entrada;483.0;1
235;235;;entrada;459.0;1
236;236;;entrada;371.0;1
237;237;;entrada;380.0;1
238;238;;entrada;322.0;1
239;239;;entrada;311.0;1
240;240;;entrada;423.0;1
241;241;;entrada;284.0;1
242;242;;entrada;250.0;1
243;243;;entrada;289.0;1
244;244;;entrada;487.0;1
245;245;;entrada;472.0;1
246;246;;entrada;301.0;1
247;247;;entrada;462.0;1
248;248;;entrada;394.0;1
249;249;;entrada;285.0;1
250;250;;entrada;296.0;1
251;251;;entrada;54.0;1
252;252;;entrada;438.0;1
253;253;;entrada;484.0;1
254;254;;entrada;273.0;1
255;255;;entrada;35.0;1
256;256;;entrada;490.0;1
257;257;;entrada;305.0;1
258;258;;entrada;282.0;1
259;259;;entrada;116.0;1
260;260;;entrada;162.0;1
261;261;;entrada;143.0;1
262;262;;entrada;95.0;1
263;263;;entrada;461.0;1
264;264;;entrada;77.0;1
265;265;;entrada;290.0;1
266;266;;entrada;153.0;1
267;267;;entrada;367.0;1
268;268;;entrada;161.0;1
269;269;;entrada;78.0;1
270;270;;entrada;433.0;1
271;271;;entrada;22.0;1
272;272;;entrada;177.0;1
273;273;;entrada;127.0;1
274;274;;entrada;90.0;1
275;275;;entrada;182.0;1
276;276;;entrada;387.0;1
277;277;;entrada;105.0;1
278;278;;entrada;320.0;1
279;279;;entrada;414.0;1
280;280;;entrada;429.0;1
281;281;;entrada;245.0;1
282;282;;entrada;406.0;1
283;283;;entrada;377.0;1
284;284;;entrada;103.0;1
285;285;;entrada;479.0;1
286;286;;entrada;383.0;1
287;287;;entrada;97.0;1
288;288;;entrada;86.0;1
289;289;;entrada;30.0;1
290;290;;entrada;228.0;1
291;291;;entrada;66.0;1
292;292;;entrada;274.0;1
293;293;;entrada;361.0;1
294;294;;entrada;419.0;1
295;295;;entrada;253.0;1
296;296;;entrada;64.0;1
297;297;;entrada;348.0;1
298;298;;entrada;206.0;1
299;299;;entrada;388.0;1
300;300;;entrada;76.0;1
301;301;;entrada;460.0;1
302;302;;entrada;158.0;1
303;303;;entrada;388.0;1
304;304;;entrada;68.0;1
305;305;;entrada;139.0;1
306;306;;entrada;321.0;1
307;307;;entrada;222.0;1
308;308;;entrada;107.0;1
309;309;;entrada;295.0;1
310;310;;entrada;147.0;1
311;311;;entrada;181.0;1
312;312;;entrada;438.0;1
313;313;;entrada;375.0;1
314;314;;entrada;148.0;1
315;315;;entrada;259.0;1
316;316;;entrada;65.0;1
317;317;;entrada;114.0;1
318;318;;entrada;346.0;1
319;319;;entrada;241.0;1
320;320;;entrada;451.0;1
321;321;;entrada;298.0;1
322;322;;entrada;144.0;1
323;323;;entrada;42.0;1
324;324;;entrada;377.0;1
325;325;;entrada;389.0;1
326;326;;entrada;224.0;1
327;327;;entrada;497.0;1
328;328;;entrada;105.0;1
329;329;;entrada;207.0;1
330;330;;entrada;375.0;1
331;331;;entrada;270.0;1
332;332;;entrada;498.0;1
333;333;;entrada;21.0;1
334;334;;entrada;409.0;1
335;335;;entrada;457.0;1
336;336;;entrada;414.0;1
337;337;;entrada;462.0;1
338;338;;entrada;491.0;1
339;339;;entrada;289.0;1
340;340;;entrada;25.0;1
341;341;;entrada;483.0;1
342;342;;entrada;31.0;1
343;343;;entrada;142.0;1
344;344;;entrada;271.0;1
345;345;;entrada;65.0;1
346;346;;entrada;261.0;1
347;347;;entrada;54.0;1
348;348;;entrada;366.0;1
349;349;;entrada;379.0;1
350;350;;entrada;435.0;1
351;351;;entrada;440.0;1
352;352;;entrada;368.0;1
353;353;;entrada;282.0;1
354;354;;entrada;112.0;1
355;355;;entrada;431.0;1
356;356;;entrada;51.0;1
357;357;;entrada;338.0;1
358;358;;entrada;163.0;1
359;359;;entrada;36.0;1
360;360;;entrada;257.0;1
361;361;;entrada;440.0;1
362;362;;entrada;295.0;1
363;363;;entrada;231.0;1
364;364;;entrada;237.0;1
365;365;;entrada;415.0;1
366;366;;entrada;349.0;1
367;367;;entrada;24.0;1
368;368;;entrada;180.0;1
369;369;;entrada;318.0;1
370;370;;entrada;340.0;1
371;371;;entrada;234.0;1
372;372;;entrada;120.0;1
373;373;;entrada;325.0;1
374;374;;entrada;486.0;1
375;375;;entrada;388.0;1
376;376;;entrada;273.0;1
377;377;;entrada;281.0;1
378;378;;entrada;131.0;1
379;379;;entrada;121.0;1
380;380;;entrada;24.0;1
381;381;;entrada;234.0;1
382;382;;entrada;263.0;1
383;383;;entrada;109.0;1
384;384;;entrada;278.0;1
385;385;;entrada;155.0;1
386;386;;entrada;221.0;1
387;387;;entrada;421.0;1
388;388;;entrada;303.0;1
389;389;;entrada;304.0;1
390;390;;entrada;500.0;1
391;391;;entrada;212.0;1
392;392;;entrada;326.0;1
393;393;;entrada;203.0;1
394;394;;entrada;126.0;1
395;395;;entrada;222.0;1
396;396;;entrada;492.0;1
397;397;;entrada;496.0;1
398;398;;entrada;459.0;1
399;399;;entrada;148.0;1
400;400;;entrada;390.0;1
401;401;;entrada;140.0;1
402;402;;entrada;374.0;1
403;403;;entrada;440.0;1
404;404;;entrada;233.0;1
405;405;;entrada;85.0;1
406;406;;entrada;52.0;1
407;407;;entrada;500.0;1
408;408;;entrada;71.0;1
409;409;;entrada;272.0;1
410;410;;entrada;159.0;1
411;411;;entrada;159.0;1
412;412;;entrada;394.0;1
413;413;;entrada;57.0;1
414;414;;entrada;381.0;1
415;415;;entrada;66.0;1
416;416;;entrada;357.0;1
417;417;;entrada;246.0;1
418;418;;entrada;254.0;1
419;419;;entrada;478.0;1
420;420;;entrada;277.0;1
421;421;;entrada;410.0;1
422;422;;entrada;442.0;1
423;423;;entrada;435.0;1
424;424;;entrada;460.0;1
425;425;;entrada;437.0;1
426;426;;entrada;302.0;1
427;427;;entrada;55.0;1
428;428;;entrada;118.0;1
429;429;;entrada;365.0;1
430;430;;entrada;54.0;1
431;431;;entrada;405.0;1
432;432;;entrada;425.0;1
433;433;;entrada;40.0;1
434;434;;entrada;195.0;1
435;435;;entrada;412.0;1
436;436;;entrada;144.0;1
437;437;;entrada;62.0;1
438;438;;entrada;66.0;1
439;439;;entrada;458.0;1
440;440;;entrada;319.0;1
441;441;;entrada;445.0;1
442;442;;entrada;68.0;1
443;443;;entrada;353.0;1
444;444;;entrada;398.0;1
445;445;;entrada;259.0;1
446;446;;entrada;328.0;1
447;447;;entrada;276.0;1
448;448;;entrada;352.0;1
449;449;;entrada;461.0;1
450;450;;entrada;189.0;1
451;451;;entrada;132.0;1
452;452;;entrada;139.0;1
453;453;;entrada;282.0;1
454;454;;entrada;293.0;1
455;455;;entrada;174.0;1
456;456;;entrada;463.0;1
457;457;;entrada;307.0;1
458;458;;entrada;442.0;1
459;459;;entrada;153.0;1
460;460;;entrada;208.0;1
461;461;;entrada;459.0;1
462;462;;entrada;458.0;1
463;463;;entrada;347.0;1
464;464;;entrada;463.0;1
465;465;;entrada;259.0;1
466;466;;entrada;90.0;1
467;467;;entrada;404.0;1
468;468;;entrada;36.0;1
469;469;;entrada;135.0;1
470;470;;entrada;75.0;1
471;471;;entrada;471.0;1
472;472;;entrada;488.0;1
473;473;;entrada;438.0;1
474;474;;entrada;39.0;1
475;475;;entrada;168.0;1
476;476;;entrada;377.0;1
477;477;;entrada;482.0;1
478;478;;entrada;157.0;1
479;479;;entrada;297.0;1
480;480;;entrada;416.0;1
481;481;;entrada;336.0;1
482;482;;entrada;448.0;1
483;483;;entrada;451.0;1
484;484;;entrada;49.0;1
485;485;;entrada;22.0;1
486;486;;entrada;278.0;1
487;487;;entrada;257.0;1
488;488;;entrada;400.0;1
489;489;;entrada;76.0;1
490;490;;entrada;184.0;1
491;491;;entrada;246.0;1
492;492;;entrada;340.0;1
493;493;;entrada;331.0;1
494;494;;entrada;491.0;1
495;495;;entrada;470.0;1
496;496;;entrada;349.0;1
497;497;;entrada;128.0;1
498;498;;entrada;46.0;1
499;499;;entrada;20.0;1
500;500;;entrada;87.0;1
501;501;;entrada;374.0;1
502;502;;entrada;419.0;1
503;503;;entrada;71.0;1
504;504;;entrada;483.0;1
505;505;;entrada;422.0;1
506;506;;entrada;179.0;1
507;507;;entrada;141.0;1
508;508;;entrada;66.0;1
509;509;;entrada;357.0;1
510;510;;entrada;47.0;1
511;511;;entrada;499.0;1
512;512;;entrada;33.0;1
513;513;;entrada;248.0;1
514;514;;entrada;392.0;1
515;515;;entrada;37.0;1
516;516;;entrada;238.0;1
517;517;;entrada;213.0;1
518;518;;entrada;388.0;1
519;519;;entrada;118.0;1
520;520;;entrada;295.0;1
521;521;;entrada;100.0;1
522;522;;entrada;260.0;1
523;523;;entrada;250.0;1
524;524;;entrada;306.0;1
525;525;;entrada;452.0;1
526;526;;entrada;410.0;1
527;527;;entrada;332.0;1
528;528;;entrada;352.0;1
529;529;;entrada;369.0;1
530;530;;entrada;82.0;1
531;531;;entrada;346.0;1
532;532;;entrada;160.0;1
533;533;;entrada;245.0;1
534;534;;entrada;453.0;1
535;535;;entrada;83.0;1
536;536;;entrada;122.0;1
537;537;;entrada;169.0;1
538;538;;entrada;180.0;1
539;539;;entrada;116.0;1
540;540;;entrada;369.0;1
541;541;;entrada;403.0;1
542;542;;entrada;68.0;1
543;543;;entrada;187.0;1
544;544;;entrada;462.0;1
545;545;;entrada;433.0;1
546;546;;entrada;160.0;1
547;547;;entrada;219.0;1
548;548;;entrada;32.0;1
549;549;;entrada;295.0;1
550;550;;entrada;378.0;1
551;551;;entrada;364.0;1
552;552;;entrada;459.0;1
553;553;;entrada;25.0;1
554;554;;entrada;190.0;1
555;555;;entrada;312.0;1
556;556;;entrada;472.0;1
557;557;;entrada;92.0;1
558;558;;entrada;409.0;1
559;559;;entrada;59.0;1
560;560;;entrada;196.0;1
561;561;;entrada;217.0;1
562;562;;entrada;356.0;1
563;563;;entrada;265.0;1
564;564;;entrada;297.0;1
565;565;;entrada;137.0;1
566;566;;entrada;137.0;1
567;567;;entrada;387.0;1
568;568;;entrada;199.0;1
569;569;;entrada;404.0;1
570;570;;entrada;33.0;1
571;571;;entrada;110.0;1
572;572;;entrada;185.0;1
573;573;;entrada;289.0;1
574;574;;entrada;358.0;1
575;575;;entrada;436.0;1
576;576;;entrada;182.0;1
577;577;;entrada;267.0;1
578;578;;entrada;385.0;1
579;579;;entrada;289.0;1
580;580;;entrada;226.0;1
581;581;;entrada;321.0;1
582;582;;entrada;490.0;1
583;583;;entrada;221.0;1
584;584;;entrada;128.0;1
585;585;;entrada;394.0;1
586;586;;entrada;287.0;1
587;587;;entrada;278.0;1
588;588;;entrada;350.0;1
589;589;;entrada;345.0;1
590;590;;entrada;440.0;1
591;591;;entrada;96.0;1
592;592;;entrada;428.0;1
593;593;;entrada;351.0;1
594;594;;entrada;409.0;1
595;595;;entrada;258.0;1
596;596;;entrada;161.0;1
597;597;;entrada;401.0;1
598;598;;entrada;329.0;1
599;599;;entrada;77.0;1
600;600;;entrada;480.0;1
601;601;;entrada;92.0;1
602;602;;entrada;124.0;1
603;603;;entrada;220.0;1
604;604;;entrada;160.0;1
605;605;;entrada;68.0;1
606;606;;entrada;180.0;1
607;607;;entrada;422.0;1
608;608;;entrada;45.0;1
609;609;;entrada;252.0;1
610;610;;entrada;392.0;1
611;611;;entrada;61.0;1
612;612;;entrada;198.0;1
613;613;;entrada;480.0;1
614;614;;entrada;398.0;1
615;615;;entrada;381.0;1
616;616;;entrada;160.0;1
617;617;;entrada;238.0;1
618;618;;entrada;191.0;1
619;619;;entrada;144.0;1
620;620;;entrada;291.0;1
621;621;;entrada;49.0;1
622;622;;entrada;454.0;1
623;623;;entrada;264.0;1
624;624;;entrada;211.0;1
625;625;;entrada;94.0;1
626;626;;entrada;350.0;1
627;627;;entrada;412.0;1
628;628;;entrada;76.0;1
629;629;;entrada;56.0;1
630;630;;entrada;243.0;1
631;631;;entrada;205.0;1
632;632;;entrada;32.0;1
633;633;;entrada;33.0;1
634;634;;entrada;173.0;1
635;635;;entrada;127.0;1
636;636;;entrada;222.0;1
637;637;;entrada;148.0;1
638;638;;entrada;67.0;1
639;639;;entrada;266.0;1
640;640;;entrada;97.0;1
641;641;;entrada;89.0;1
642;642;;entrada;50.0;1
643;643;;entrada;490.0;1
644;644;;entrada;168.0;1
645;645;;entrada;139.0;1
646;646;;entrada;177.0;1
647;647;;entrada;313.0;1
648;648;;entrada;223.0;1
649;649;;entrada;230.0;1
650;650;;entrada;235.0;1
651;651;;entrada;473.0;1
652;652;;entrada;42.0;1
653;653;;entrada;356.0;1
654;654;;entrada;199.0;1
655;655;;entrada;387.0;1
656;656;;entrada;69.0;1
657;657;;entrada;434.0;1
658;658;;entrada;108.0;1
659;659;;entrada;467.0;1
660;660;;entrada;232.0;1
661;661;;entrada;205.0;1
662;662;;entrada;284.0;1
663;663;;entrada;180.0;1
664;664;;entrada;144.0;1
665;665;;entrada;287.0;1
666;666;;entrada;326.0;1
667;667;;entrada;116.0;1
668;668;;entrada;300.0;1
669;669;;entrada;355.0;1
670;670;;entrada;311.0;1
671;671;;entrada;465.0;1
672;672;;entrada;238.0;1
673;673;;entrada;179.0;1
674;674;;entrada;336.0;1
675;675;;entrada;319.0;1
676;676;;entrada;176.0;1
677;677;;entrada;172.0;1
678;678;;entrada;488.0;1
679;679;;entrada;40.0;1
680;680;;entrada;362.0;1
681;681;;entrada;431.0;1
682;682;;entrada;40.0;1
683;683;;entrada;182.0;1
684;684;;entrada;299.0;1
685;685;;entrada;345.0;1
686;686;;entrada;60.0;1
687;687;;entrada;272.0;1
688;688;;entrada;352.0;1
689;689;;entrada;337.0;1
690;690;;entrada;308.0;1
691;691;;entrada;141.0;1
692;692;;entrada;404.0;1
693;693;;entrada;20.0;1
694;694;;entrada;494.0;1
695;695;;entrada;262.0;1
696;696;;entrada;30.0;1
697;697;;entrada;326.0;1
698;698;;entrada;276.0;1
699;699;;entrada;343.0;1
700;700;;entrada;256.0;1
701;701;;entrada;231.0;1
702;702;;entrada;26.0;1
703;703;;entrada;350.0;1
704;704;;entrada;116.0;1
705;705;;entrada;279.0;1
706;706;;entrada;240.0;1
707;707;;entrada;44.0;1
708;708;;entrada;324.0;1
709;709;;entrada;458.0;1
710;710;;entrada;60.0;1
711;711;;entrada;494.0;1
712;712;;entrada;198.0;1
713;713;;entrada;257.0;1
714;714;;entrada;67.0;1
715;715;;entrada;281.0;1
716;716;;entrada;224.0;1
717;717;;entrada;277.0;1
718;718;;entrada;203.0;1
719;719;;entrada;331.0;1
720;720;;entrada;145.0;1
721;721;;entrada;56.0;1
722;722;;entrada;31.0;1
723;723;;entrada;84.0;1
724;724;;entrada;34.0;1
725;725;;entrada;82.0;1
726;726;;entrada;380.0;1
727;727;;entrada;64.0;1
728;728;;entrada;230.0;1
729;729;;entrada;419.0;1
730;730;;entrada;364.0;1
731;731;;entrada;83.0;1
732;732;;entrada;120.0;1
733;733;;entrada;336.0;1
734;734;;entrada;70.0;1
735;735;;entrada;52.0;1
736;736;;entrada;464.0;1
737;737;;entrada;261.0;1
738;738;;entrada;462.0;1
739;739;;entrada;21.0;1
740;740;;entrada;341.0;1
741;741;;entrada;41.0;1
742;742;;entrada;25.0;1
743;743;;entrada;165.0;1
744;744;;entrada;165.0;1
745;745;;entrada;209.0;1
746;746;;entrada;443.0;1
747;747;;entrada;128.0;1
748;748;;entrada;264.0;1
749;749;;entrada;485.0;1
750;750;;entrada;191.0;1
751;751;;entrada;409.0;1
752;752;;entrada;240.0;1
753;753;;entrada;21.0;1
754;754;;entrada;214.0;1
755;755;;entrada;135.0;1
756;756;;entrada;28.0;1
757;757;;entrada;406.0;1
758;758;;entrada;131.0;1
759;759;;entrada;200.0;1
760;760;;entrada;480.0;1
761;761;;entrada;404.0;1
762;762;;entrada;70.0;1
763;763;;entrada;168.0;1
764;764;;entrada;296.0;1
765;765;;entrada;201.0;1
766;766;;entrada;432.0;1
767;767;;entrada;198.0;1
768;768;;entrada;40.0;1
769;769;;entrada;476.0;1
770;770;;entrada;45.0;1
771;771;;entrada;100.0;1
772;772;;entrada;202.0;1
773;773;;entrada;413.0;1
774;774;;entrada;326.0;1
775;775;;entrada;405.0;1
776;776;;entrada;152.0;1
777;777;;entrada;31.0;1
778;778;;entrada;422.0;1
779;779;;entrada;439.0;1
780;780;;entrada;198.0;1
781;781;;entrada;320.0;1
782;782;;entrada;197.0;1
783;783;;entrada;426.0;1
784;784;;entrada;168.0;1
785;785;;entrada;202.0;1
786;786;;entrada;125.0;1
787;787;;entrada;467.0;1
788;788;;entrada;151.0;1
789;789;;entrada;481.0;1
790;790;;entrada;495.0;1
791;791;;entrada;460.0;1
792;792;;entrada;438.0;1
793;793;;entrada;147.0;1
794;794;;entrada;403.0;1
795;795;;entrada;181.0;1
796;796;;entrada;57.0;1
797;797;;entrada;58.0;1
798;798;;entrada;334.0;1
799;799;;entrada;46.0;1
800;800;;entrada;286.0;1
801;801;;entrada;28.0;1
802;802;;entrada;398.0;1
803;803;;entrada;255.0;1
804;804;;entrada;360.0;1
805;805;;entrada;42.0;1
806;806;;entrada;450.0;1
807;807;;entrada;277.0;1
808;808;;entrada;445.0;1
809;809;;entrada;101.0;1
810;810;;entrada;169.0;1
811;811;;entrada;419.0;1
812;812;;entrada;198.0;1
813;813;;entrada;22.0;1
814;814;;entrada;179.0;1
815;815;;entrada;142.0;1
816;816;;entrada;28.0;1
817;817;;entrada;93.0;1
818;818;;entrada;282.0;1
819;819;;entrada;423.0;1
820;820;;entrada;204.0;1
821;821;;entrada;307.0;1
822;822;;entrada;262.0;1
823;823;;entrada;168.0;1
824;824;;entrada;202.0;1
825;825;;entrada;118.0;1
826;826;;entrada;464.0;1
827;827;;entrada;50.0;1
828;828;;entrada;304.0;1
829;829;;entrada;306.0;1
830;830;;entrada;210.0;1
831;831;;entrada;116.0;1
832;832;;entrada;448.0;1
833;833;;entrada;277.0;1
834;834;;entrada;131.0;1
835;835;;entrada;223.0;1
836;836;;entrada;439.0;1
837;837;;entrada;174.0;1
838;838;;entrada;300.0;1
839;839;;entrada;134.0;1
840;840;;entrada;462.0;1
841;841;;entrada;122.0;1
842;842;;entrada;290.0;1
843;843;;entrada;224.0;1
844;844;;entrada;193.0;1
845;845;;entrada;222.0;1
846;846;;entrada;273.0;1
847;847;;entrada;341.0;1
848;848;;entrada;250.0;1
849;849;;entrada;188.0;1
850;850;;entrada;379.0;1
851;851;;entrada;353.0;1
852;852;;entrada;433.0;1
853;853;;entrada;385.0;1
854;854;;entrada;267.0;1
855;855;;entrada;149.0;1
856;856;;entrada;116.0;1
857;857;;entrada;356.0;1
858;858;;entrada;465.0;1
859;859;;entrada;223.0;1
860;860;;entrada;230.0;1
861;861;;entrada;383.0;1
862;862;;entrada;77.0;1
863;863;;entrada;111.0;1
864;864;;entrada;164.0;1
865;865;;entrada;66.0;1
866;866;;entrada;202.0;1
867;867;;entrada;428.0;1
868;868;;entrada;352.0;1
869;869;;entrada;217.0;1
870;870;;entrada;134.0;1
871;871;;entrada;335.0;1
872;872;;entrada;250.0;1
873;873;;entrada;417.0;1
874;874;;entrada;132.0;1
875;875;;entrada;399.0;1
876;876;;entrada;469.0;1
877;877;;entrada;254.0;1
878;878;;entrada;97.0;1
879;879;;entrada;167.0;1
880;880;;entrada;110.0;1
881;881;;entrada;268.0;1
882;882;;entrada;195.0;1
883;883;;entrada;379.0;1
884;884;;entrada;259.0;1
885;885;;entrada;284.0;1
886;886;;entrada;211.0;1
887;887;;entrada;94.0;1
888;888;;entrada;152.0;1
889;889;;entrada;364.0;1
890;890;;entrada;25.0;1
891;891;;entrada;266.0;1
892;892;;entrada;199.0;1
893;893;;entrada;427.0;1
894;894;;entrada;392.0;1
895;895;;entrada;249.0;1
896;896;;entrada;145.0;1
897;897;;entrada;464.0;1
898;898;;entrada;270.0;1
899;899;;entrada;81.0;1
900;900;;entrada;78.0;1
901;901;;entrada;49.0;1
902;902;;entrada;40.0;1
903;903;;entrada;111.0;1
904;904;;entrada;252.0;1
905;905;;entrada;192.0;1
906;906;;entrada;245.0;1
907;907;;entrada;275.0;1
908;908;;entrada;367.0;1
909;909;;entrada;136.0;1
910;910;;entrada;475.0;1
911;911;;entrada;81.0;1
912;912;;entrada;482.0;1
913;913;;entrada;81.0;1
914;914;;entrada;398.0;1
915;915;;entrada;435.0;1
916;916;;entrada;376.0;1
917;917;;entrada;297.0;1
918;918;;entrada;376.0;1
919;919;;entrada;252.0;1
920;920;;entrada;382.0;1
921;921;;entrada;164.0;1
922;922;;entrada;68.0;1
923;923;;entrada;339.0;1
924;924;;entrada;457.0;1
925;925;;entrada;145.0;1
926;926;;entrada;352.0;1
927;927;;entrada;297.0;1
928;928;;entrada;355.0;1
929;929;;entrada;402.0;1
930;930;;entrada;425.0;1
931;931;;entrada;234.0;1
932;932;;entrada;177.0;1
933;933;;entrada;239.0;1
934;934;;entrada;329.0;1
935;935;;entrada;153.0;1
936;936;;entrada;470.0;1
937;937;;entrada;498.0;1
938;938;;entrada;240.0;1
939;939;;entrada;391.0;1
940;940;;entrada;478.0;1
941;941;;entrada;159.0;1
942;942;;entrada;373.0;1
943;943;;entrada;59.0;1
944;944;;entrada;80.0;1
945;945;;entrada;402.0;1
946;946;;entrada;29.0;1
947;947;;entrada;329.0;1
948;948;;entrada;93.0;1
949;949;;entrada;105.0;1
950;950;;entrada;167.0;1
951;951;;entrada;208.0;1
952;952;;entrada;316.0;1
953;953;;entrada;456.0;1
954;954;;entrada;148.0;1
955;955;;entrada;459.0;1
956;956;;entrada;235.0;1
957;957;;entrada;61.0;1
958;958;;entrada;257.0;1
959;959;;entrada;488.0;1
960;960;;entrada;85.0;1
961;961;;entrada;257.0;1
962;962;;entrada;371.0;1
963;963;;entrada;481.0;1
964;964;;entrada;483.0;1
965;965;;entrada;240.0;1
966;966;;entrada;337.0;1
967;967;;entrada;375.0;1
968;968;;entrada;40.0;1
969;969;;entrada;40.0;1
970;970;;entrada;174.0;1
971;971;;entrada;75.0;1
972;972;;entrada;281.0;1
973;973;;entrada;460.0;1
974;974;;entrada;212.0;1
975;975;;entrada;29.0;1
976;976;;entrada;271.0;1
977;977;;entrada;484.0;1
978;978;;entrada;288.0;1
979;979;;entrada;34.0;1
980;980;;entrada;298.0;1
981;981;;entrada;32.0;1
982;982;;entrada;458.0;1
983;983;;entrada;51.0;1
984;984;;entrada;358.0;1
985;985;;entrada;414.0;1
986;986;;entrada;32.0;1
987;987;;entrada;224.0;1
988;988;;entrada;219.0;1
989;989;;entrada;415.0;1
990;990;;entrada;469.0;1
991;991;;entrada;347.0;1
992;992;;entrada;297.0;1
993;993;;entrada;157.0;1
994;994;;entrada;500.0;1
995;995;;entrada;426.0;1
996;996;;entrada;381.0;1
997;997;;entrada;83.0;1
998;998;;entrada;466.0;1
999;999;;entrada;458.0;1
1000;1000;;entrada;379.0;1
1001;1001;;entrada;297.0;1
1002;1002;;entrada;234.0;1
1003;1003;;entrada;88.0;1
1004;1004;;entrada;457.0;1
1005;1005;;entrada;221.0;1
1006;1006;;entrada;29.0;1
1007;1007;;entrada;154.0;1
1008;1008;;entrada;61.0;1
1009;1009;;entrada;499.0;1
1010;1010;;entrada;342.0;1
1011;1011;;entrada;84.0;1
1012;1012;;entrada;152.0;1
1013;1013;;entrada;263.0;1
1014;1014;;entrada;484.0;1
1015;1015;;entrada;254.0;1
1016;1016;;entrada;449.0;1
1017;1017;;entrada;367.0;1
1018;1018;;entrada;417.0;1
1019;1019;;entrada;229.0;1
1020;1020;;entrada;302.0;1
1021;1021;;entrada;101.0;1
1022;1022;;entrada;71.0;1
1023;1023;;entrada;254.0;1
1024;1024;;entrada;372.0;1
1025;1025;;entrada;98.0;1
1026;1026;;entrada;469.0;1
1027;1027;;entrada;262.0;1
1028;1028;;entrada;396.0;1
1029;1029;;entrada;291.0;1
1030;1030;;entrada;198.0;1
1031;1031;;entrada;34.0;1
1032;1032;;entrada;431.0;1
1033;1033;;entrada;471.0;1
1034;1034;;entrada;67.0;1
1035;1035;;entrada;327.0;1
1036;1036;;entrada;79.0;1
1037;1037;;entrada;306.0;1
1038;1038;;entrada;418.0;1
1039;1039;;entrada;379.0;1
1040;1040;;entrada;419.0;1
1041;1041;;entrada;129.0;1
1042;1042;;entrada;444.0;1
1043;1043;;entrada;485.0;1
1044;1044;;entrada;358.0;1
1045;1045;;entrada;318.0;1
1046;1046;;entrada;107.0;1
1047;1047;;entrada;186.0;1
1048;1048;;entrada;336.0;1
1049;1049;;entrada;394.0;1
1050;1050;;entrada;317.0;1
1051;1051;;entrada;255.0;1
1052;1052;;entrada;482.0;1
1053;1053;;entrada;156.0;1
1054;1054;;entrada;154.0;1
1055;1055;;entrada;49.0;1
1056;1056;;entrada;27.0;1
1057;1057;;entrada;91.0;1
1058;1058;;entrada;323.0;1
1059;1059;;entrada;262.0;1
1060;1060;;entrada;96.0;1
1061;1061;;entrada;413.0;1
1062;1062;;entrada;182.0;1
1063;1063;;entrada;464.0;1
1064;1064;;entrada;349.0;1
1065;1065;;entrada;345.0;1
1066;1066;;entrada;118.0;1
1067;1067;;entrada;476.0;1
1068;1068;;entrada;295.0;1
1069;1069;;entrada;127.0;1
1070;1070;;entrada;286.0;1
1071;1071;;entrada;337.0;1
1072;1072;;entrada;446.0;1
1073;1073;;entrada;254.0;1
1074;1074;;entrada;314.0;1
1075;1075;;entrada;149.0;1
1076;1076;;entrada;357.0;1
1077;1077;;entrada;399.0;1
1078;1078;;entrada;94.0;1
1079;1079;;entrada;449.0;1
1080;1080;;entrada;166.0;1
1081;1081;;entrada;382.0;1
1082;1082;;entrada;273.0;1
1083;1083;;entrada;387.0;1
1084;1084;;entrada;43.0;1
1085;1085;;entrada;46.0;1
1086;1086;;entrada;465.0;1
1087;1087;;entrada;111.0;1
1088;1088;;entrada;426.0;1
1089;1089;;entrada;39.0;1
1090;1090;;entrada;88.0;1
1091;1091;;entrada;37.0;1
1092;1092;;entrada;135.0;1
1093;1093;;entrada;183.0;1
1094;1094;;entrada;260.0;1
1095;1095;;entrada;449.0;1
1096;1096;;entrada;486.0;1
1097;1097;;entrada;330.0;1
1098;1098;;entrada;87.0;1
1099;1099;;entrada;470.0;1
1100;1100;;entrada;237.0;1
1101;1101;;entrada;287.0;1
1102;1102;;entrada;205.0;1
1103;1103;;entrada;366.0;1
1104;1104;;entrada;110.0;1
1105;1105;;entrada;332.0;1
1106;1106;;entrada;47.0;1
1107;1107;;entrada;332.0;1
1108;1108;;entrada;411.0;1
1109;1109;;entrada;25.0;1
1110;1110;;entrada;411.0;1
1111;1111;;entrada;400.0;1
1112;1112;;entrada;20.0;1
1113;1113;;entrada;422.0;1
1114;1114;;entrada;22.0;1
1115;1115;;entrada;409.0;1
1116;1116;;entrada;285.0;1
1117;1117;;entrada;123.0;1
1118;1118;;entrada;179.0;1
1119;1119;;entrada;34.0;1
1120;1120;;entrada;239.0;1
1121;1121;;entrada;192.0;1
1122;1122;;entrada;475.0;1
1123;1123;;entrada;294.0;1
1124;1124;;entrada;48.0;1
1125;1125;;entrada;205.0;1
1126;1126;;entrada;277.0;1
1127;1127;;entrada;452.0;1
1128;1128;;entrada;267.0;1
1129;1129;;entrada;109.0;1
1130;1130;;entrada;345.0;1
1131;1131;;entrada;208.0;1
1132;1132;;entrada;229.0;1
1133;1133;;entrada;400.0;1
1134;1134;;entrada;403.0;1
1135;1135;;entrada;78.0;1
1136;1136;;entrada;378.0;1
1137;1137;;entrada;295.0;1
1138;1138;;entrada;238.0;1
1139;1139;;entrada;221.0;1
1140;1140;;entrada;381.0;1
1141;1141;;entrada;166.0;1
1142;1142;;entrada;62.0;1
1143;1143;;entrada;115.0;1
1144;1144;;entrada;408.0;1
1145;1145;;entrada;47.0;1
1146;1146;;entrada;193.0;1
1147;1147;;entrada;235.0;1
1148;1148;;entrada;465.0;1
1149;1149;;entrada;340.0;1
1150;1150;;entrada;124.0;1
1151;1151;;entrada;275.0;1
1152;1152;;entrada;66.0;1
1153;1153;;entrada;416.0;1
1154;1154;;entrada;201.0;1
1155;1155;;entrada;347.0;1
1156;1156;;entrada;393.0;1
1157;1157;;entrada;152.0;1
1158;1158;;entrada;97.0;1
1159;1159;;entrada;104.0;1
1160;1160;;entrada;47.0;1
1161;1161;;entrada;154.0;1
1162;1162;;entrada;66.0;1
1163;1163;;entrada;485.0;1
1164;1164;;entrada;299.0;1
1165;1165;;entrada;414.0;1
1166;1166;;entrada;124.0;1
1167;1167;;entrada;430.0;1
1168;1168;;entrada;377.0;1
1169;1169;;entrada;288.0;1
1170;1170;;entrada;170.0;1
1171;1171;;entrada;446.0;1
1172;1172;;entrada;268.0;1
1173;1173;;entrada;398.0;1
1174;1174;;entrada;399.0;1
1175;1175;;entrada;477.0;1
1176;1176;;entrada;398.0;1
1177;1177;;entrada;101.0;1
1178;1178;;entrada;423.0;1
1179;1179;;entrada;316.0;1
1180;1180;;entrada;243.0;1
1181;1181;;entrada;73.0;1
1182;1182;;entrada;456.0;1
1183;1183;;entrada;210.0;1
1184;1184;;entrada;96.0;1
1185;1185;;entrada;324.0;1
1186;1186;;entrada;66.0;1
1187;1187;;entrada;333.0;1
1188;1188;;entrada;267.0;1
1189;1189;;entrada;45.0;1
1190;1190;;entrada;372.0;1
1191;1191;;entrada;165.0;1
1192;1192;;entrada;212.0;1
1193;1193;;entrada;394.0;1
1194;1194;;entrada;368.0;1
1195;1195;;entrada;313.0;1
1196;1196;;entrada;341.0;1
1197;1197;;entrada;268.0;1
1198;1198;;entrada;482.0;1
1199;1199;;entrada;72.0;1
1200;1200;;entrada;445.0;1
1201;1201;;entrada;270.0;1
1202;1202;;entrada;405.0;1
1203;1203;;entrada;65.0;1
1204;1204;;entrada;138.0;1
1205;1205;;entrada;23.0;1
1206;1206;;entrada;169.0;1
1207;1207;;entrada;372.0;1
1208;1208;;entrada;206.0;1
1209;1209;;entrada;458.0;1
1210;1210;;entrada;394.0;1
1211;1211;;entrada;330.0;1
1212;1212;;entrada;107.0;1
1213;1213;;entrada;206.0;1
1214;1214;;entrada;136.0;1
1215;1215;;entrada;222.0;1
1216;1216;;entrada;428.0;1
1217;1217;;entrada;221.0;1
1218;1218;;entrada;460.0;1
1219;1219;;entrada;151.0;1
1220;1220;;entrada;35.0;1
1221;1221;;entrada;67.0;1
1222;1222;;entrada;58.0;1
1223;1223;;entrada;473.0;1
1224;1224;;entrada;41.0;1
1225;1225;;entrada;373.0;1
1226;1226;;entrada;496.0;1
1227;1227;;entrada;265.0;1
1228;1228;;entrada;408.0;1
1229;1229;;entrada;48.0;1
1230;1230;;entrada;173.0;1
1231;1231;;entrada;468.0;1
1232;1232;;entrada;185.0;1
1233;1233;;entrada;78.0;1
1234;1234;;entrada;456.0;1
1235;1235;;entrada;204.0;1
1236;1236;;entrada;476.0;1
1237;1237;;entrada;493.0;1
1238;1238;;entrada;393.0;1
1239;1239;;entrada;44.0;1
1240;1240;;entrada;493.0;1
1241;1241;;entrada;374.0;1
1242;1242;;entrada;358.0;1
1243;1243;;entrada;460.0;1
1244;1244;;entrada;322.0;1
1245;1245;;entrada;376.0;1
1246;1246;;entrada;234.0;1
1247;1247;;entrada;36.0;1
1248;1248;;entrada;252.0;1
1249;1249;;entrada;403.0;1
1250;1250;;entrada;200.0;1
1251;1251;;entrada;41.0;1
1252;1252;;entrada;390.0;1
1253;1253;;entrada;139.0;1
1254;1254;;entrada;476.0;1
1255;1255;;entrada;38.0;1
1256;1256;;entrada;186.0;1
1257;1257;;entrada;191.0;1
1258;1258;;entrada;259.0;1
1259;1259;;entrada;451.0;1
1260;1260;;entrada;386.0;1
1261;1261;;entrada;242.0;1
1262;1262;;entrada;99.0;1
1263;1263;;entrada;40.0;1
1264;1264;;entrada;282.0;1
1265;1265;;entrada;391.0;1
1266;1266;;entrada;205.0;1
1267;1267;;entrada;337.0;1
1268;1268;;entrada;435.0;1
1269;1269;;entrada;335.0;1
1270;1270;;entrada;320.0;1
1271;1271;;entrada;331.0;1
1272;1272;;entrada;229.0;1
1273;1273;;entrada;157.0;1
1274;1274;;entrada;266.0;1
1275;1275;;entrada;486.0;1
1276;1276;;entrada;330.0;1
1277;1277;;entrada;108.0;1
1278;1278;;entrada;279.0;1
1279;1279;;entrada;433.0;1
1280;1280;;entrada;387.0;1
1281;1281;;entrada;434.0;1
1282;1282;;entrada;101.0;1
1283;1283;;entrada;104.0;1
1284;1284;;entrada;365.0;1
1285;1285;;entrada;119.0;1
1286;1286;;entrada;473.0;1
1287;1287;;entrada;114.0;1
1288;1288;;entrada;297.0;1
1289;1289;;entrada;357.0;1
1290;1290;;entrada;103.0;1
1291;1291;;entrada;162.0;1
1292;1292;;entrada;270.0;1
1293;1293;;entrada;264.0;1
1294;1294;;entrada;197.0;1
1295;1295;;entrada;81.0;1
1296;1296;;entrada;103.0;1
1297;1297;;entrada;64.0;1
1298;1298;;entrada;458.0;1
1299;1299;;entrada;232.0;1
1300;1300;;entrada;395.0;1
1301;1301;;entrada;198.0;1
1302;1302;;entrada;436.0;1
1303;1303;;entrada;122.0;1
1304;1304;;entrada;89.0;1
1305;1305;;entrada;367.0;1
1306;1306;;entrada;344.0;1
1307;1307;;entrada;45.0;1
1308;1308;;entrada;406.0;1
1309;1309;;entrada;410.0;1
1310;1310;;entrada;478.0;1
1311;1311;;entrada;287.0;1
1312;1312;;entrada;260.0;1
1313;1313;;entrada;46.0;1
1314;1314;;entrada;392.0;1
1315;1315;;entrada;105.0;1
1316;1316;;entrada;500.0;1
1317;1317;;entrada;185.0;1
1318;1318;;entrada;432.0;1
1319;1319;;entrada;174.0;1
1320;1320;;entrada;473.0;1
1321;1321;;entrada;225.0;1
1322;1322;;entrada;459.0;1
1323;1323;;entrada;121.0;1
1324;1324;;entrada;103.0;1
1325;1325;;entrada;231.0;1
1326;1326;;entrada;487.0;1
1327;1327;;entrada;218.0;1
1328;1328;;entrada;306.0;1
1329;1329;;entrada;425.0;1
1330;1330;;entrada;205.0;1
1331;1331;;entrada;202.0;1
1332;1332;;entrada;235.0;1
1333;1333;;entrada;243.0;1
1334;1334;;entrada;419.0;1
1335;1335;;entrada;493.0;1
1336;1336;;entrada;307.0;1
1337;1337;;entrada;103.0;1
1338;1338;;entrada;208.0;1
1339;1339;;entrada;283.0;1
1340;1340;;entrada;168.0;1
1341;1341;;entrada;403.0;1
1342;1342;;entrada;392.0;1
1343;1343;;entrada;111.0;1
1344;1344;;entrada;363.0;1
1345;1345;;entrada;333.0;1
1346;1346;;entrada;333.0;1
1347;1347;;entrada;60.0;1
1348;1348;;entrada;235.0;1
1349;1349;;entrada;29.0;1
1350;1350;;entrada;394.0;1
1351;1351;;entrada;109.0;1
1352;1352;;entrada;184.0;1
1353;1353;;entrada;107.0;1
1354;1354;;entrada;406.0;1
1355;1355;;entrada;274.0;1
1356;1356;;entrada;277.0;1
1357;1357;;entrada;237.0;1
1358;1358;;entrada;92.0;1
1359;1359;;entrada;236.0;1
1360;1360;;entrada;366.0;1
1361;1361;;entrada;242.0;1
1362;1362;;entrada;107.0;1
1363;1363;;entrada;258.0;1
1364;1364;;entrada;379.0;1
1365;1365;;entrada;60.0;1
1366;1366;;entrada;301.0;1
1367;1367;;entrada;413.0;1
1368;1368;;entrada;447.0;1
1369;1369;;entrada;152.0;1
1370;1370;;entrada;390.0;1
1371;1371;;entrada;367.0;1
1372;1372;;entrada;214.0;1
1373;1373;;entrada;401.0;1
1374;1374;;entrada;310.0;1
1375;1375;;entrada;274.0;1
1376;1376;;entrada;215.0;1
1377;1377;;entrada;478.0;1
1378;1378;;entrada;314.0;1
1379;1379;;entrada;283.0;1
1380;1380;;entrada;210.0;1
1381;1381;;entrada;434.0;1
1382;1382;;entrada;132.0;1
1383;1383;;entrada;411.0;1
1384;1384;;entrada;301.0;1
1385;1385;;entrada;291.0;1
1386;1386;;entrada;157.0;1
1387;1387;;entrada;154.0;1
1388;1388;;entrada;69.0;1
1389;1389;;entrada;166.0;1
1390;1390;;entrada;115.0;1
1391;1391;;entrada;282.0;1
1392;1392;;entrada;334.0;1
1393;1393;;entrada;313.0;1
1394;1394;;entrada;241.0;1
1395;1395;;entrada;401.0;1
1396;1396;;entrada;253.0;1
1397;1397;;entrada;245.0;1
1398;1398;;entrada;392.0;1
1399;1399;;entrada;465.0;1
1400;1400;;entrada;170.0;1
1401;1401;;entrada;349.0;1
1402;1402;;entrada;241.0;1
1403;1403;;entrada;279.0;1
1404;1404;;entrada;309.0;1
1405;1405;;entrada;490.0;1
1406;1406;;entrada;380.0;1
1407;1407;;entrada;78.0;1
1408;1408;;entrada;294.0;1
1409;1409;;entrada;181.0;1
1410;1410;;entrada;353.0;1
1411;1411;;entrada;64.0;1
1412;1412;;entrada;483.0;1
1413;1413;;entrada;193.0;1
1414;1414;;entrada;121.0;1
1415;1415;;entrada;127.0;1
1416;1416;;entrada;467.0;1
1417;1417;;entrada;388.0;1
1418;1418;;entrada;60.0;1
1419;1419;;entrada;379.0;1
1420;1420;;entrada;29.0;1
1421;1421;;entrada;210.0;1
1422;1422;;entrada;31.0;1
1423;1423;;entrada;331.0;1
1424;1424;;entrada;133.0;1
1425;1425;;entrada;315.0;1
1426;1426;;entrada;349.0;1
1427;1427;;entrada;39.0;1
1428;1428;;entrada;72.0;1
1429;1429;;entrada;242.0;1
1430;1430;;entrada;103.0;1
1431;1431;;entrada;337.0;1
1432;1432;;entrada;381.0;1
1433;1433;;entrada;426.0;1
1434;1434;;entrada;210.0;1
1435;1435;;entrada;405.0;1
1436;1436;;entrada;384.0;1
1437;1437;;entrada;159.0;1
1438;1438;;entrada;104.0;1
1439;1439;;entrada;436.0;1
1440;1440;;entrada;302.0;1
1441;1441;;entrada;51.0;1
1442;1442;;entrada;340.0;1
1443;1443;;entrada;124.0;1
1444;1444;;entrada;102.0;1
1445;1445;;entrada;344.0;1
1446;1446;;entrada;224.0;1
1447;1447;;entrada;80.0;1
1448;1448;;entrada;335.0;1
1449;1449;;entrada;458.0;1
1450;1450;;entrada;399.0;1
1451;1451;;entrada;253.0;1
1452;1452;;entrada;38.0;1
1453;1453;;entrada;92.0;1
1454;1454;;entrada;444.0;1
1455;1455;;entrada;23.0;1
1456;1456;;entrada;476.0;1
1457;1457;;entrada;391.0;1
1458;1458;;entrada;268.0;1
1459;1459;;entrada;175.0;1
1460;1460;;entrada;310.0;1
1461;1461;;entrada;389.0;1
1462;1462;;entrada;181.0;1
1463;1463;;entrada;53.0;1
1464;1464;;entrada;440.0;1
1465;1465;;entrada;434.0;1
1466;1466;;entrada;372.0;1
1467;1467;;entrada;65.0;1
1468;1468;;entrada;146.0;1
1469;1469;;entrada;210.0;1
1470;1470;;entrada;483.0;1
1471;1471;;entrada;359.0;1
1472;1472;;entrada;136.0;1
1473;1473;;entrada;357.0;1
1474;1474;;entrada;389.0;1
1475;1475;;entrada;271.0;1
1476;1476;;entrada;25.0;1
1477;1477;;entrada;430.0;1
1478;1478;;entrada;232.0;1
1479;1479;;entrada;33.0;1
1480;1480;;entrada;324.0;1
1481;1481;;entrada;193.0;1
1482;1482;;entrada;230.0;1
1483;1483;;entrada;457.0;1
1484;1484;;entrada;358.0;1
1485;1485;;entrada;197.0;1
1486;1486;;entrada;74.0;1
1487;1487;;entrada;104.0;1
1488;1488;;entrada;305.0;1
1489;1489;;entrada;198.0;1
1490;1490;;entrada;80.0;1
1491;1491;;entrada;171.0;1
1492;1492;;entrada;423.0;1
1493;1493;;entrada;369.0;1
1494;1494;;entrada;478.0;1
1495;1495;;entrada;484.0;1
1496;1496;;entrada;372.0;1
1497;1497;;entrada;83.0;1
1498;1498;;entrada;305.0;1
1499;1499;;entrada;257.0;1
1500;1500;;entrada;191.0;1
1501;1501;;entrada;372.0;1
1502;1502;;entrada;209.0;1
1503;1503;;entrada;161.0;1
1504;1504;;entrada;21.0;1
1505;1505;;entrada;475.0;1
1506;1506;;entrada;20.0;1
1507;1507;;entrada;394.0;1
1508;1508;;entrada;369.0;1
1509;1509;;entrada;463.0;1
1510;1510;;entrada;265.0;1
1511;1511;;entrada;39.0;1
1512;1512;;entrada;203.0;1
1513;1513;;entrada;75.0;1
1514;1514;;entrada;161.0;1
1515;1515;;entrada;314.0;1
1516;1516;;entrada;250.0;1
1517;1517;;entrada;42.0;1
1518;1518;;entrada;181.0;1
1519;1519;;entrada;448.0;1
1520;1520;;entrada;398.0;1
1521;1521;;entrada;297.0;1
1522;1522;;entrada;117.0;1
1523;1523;;entrada;491.0;1
1524;1524;;entrada;31.0;1
1525;1525;;entrada;341.0;1
1526;1526;;entrada;472.0;1
1527;1527;;entrada;65.0;1
1528;1528;;entrada;358.0;1
1529;1529;;entrada;455.0;1
1530;1530;;entrada;291.0;1
1531;1531;;entrada;62.0;1
1532;1532;;entrada;169.0;1
1533;1533;;entrada;27.0;1
1534;1534;;entrada;323.0;1
1535;1535;;entrada;373.0;1
1536;1536;;entrada;85.0;1
1537;1537;;entrada;97.0;1
1538;1538;;entrada;325.0;1
1539;1539;;entrada;284.0;1
1540;1540;;entrada;199.0;1
1541;1541;;entrada;314.0;1
1542;1542;;entrada;99.0;1
1543;1543;;entrada;154.0;1
1544;1544;;entrada;145.0;1
1545;1545;;entrada;369.0;1
1546;1546;;entrada;331.0;1
1547;1547;;entrada;255.0;1
1548;1548;;entrada;93.0;1
1549;1549;;entrada;355.0;1
1550;1550;;entrada;411.0;1
1551;1551;;entrada;473.0;1
1552;1552;;entrada;411.0;1
1553;1553;;entrada;315.0;1
1554;1554;;entrada;20.0;1
1555;1555;;entrada;259.0;1
1556;1556;;entrada;353.0;1
1557;1557;;entrada;218.0;1
1558;1558;;entrada;187.0;1
1559;1559;;entrada;259.0;1
1560;1560;;entrada;367.0;1
1561;1561;;entrada;230.0;1
1562;1562;;entrada;352.0;1
1563;1563;;entrada;58.0;1
1564;1564;;entrada;411.0;1
1565;1565;;entrada;181.0;1
1566;1566;;entrada;444.0;1
1567;1567;;entrada;133.0;1
1568;1568;;entrada;298.0;1
1569;1569;;entrada;464.0;1
1570;1570;;entrada;366.0;1
1571;1571;;entrada;236.0;1
1572;1572;;entrada;277.0;1
1573;1573;;entrada;138.0;1
1574;1574;;entrada;198.0;1
1575;1575;;entrada;256.0;1
1576;1576;;entrada;315.0;1
1577;1577;;entrada;280.0;1
1578;1578;;entrada;357.0;1
1579;1579;;entrada;129.0;1
1580;1580;;entrada;382.0;1
1581;1581;;entrada;68.0;1
1582;1582;;entrada;40.0;1
1583;1583;;entrada;130.0;1
1584;1584;;entrada;376.0;1
1585;1585;;entrada;91.0;1
1586;1586;;entrada;287.0;1
1587;1587;;entrada;146.0;1
1588;1588;;entrada;159.0;1
1589;1589;;entrada;242.0;1
1590;1590;;entrada;125.0;1
1591;1591;;entrada;141.0;1
1592;1592;;entrada;66.0;1
1593;1593;;entrada;401.0;1
1594;1594;;entrada;37.0;1
1595;1595;;entrada;73.0;1
1596;1596;;entrada;32.0;1
1597;1597;;entrada;22.0;1
1598;1598;;entrada;444.0;1
1599;1599;;entrada;216.0;1
1600;1600;;entrada;266.0;1
1601;1601;;entrada;273.0;1
1602;1602;;entrada;303.0;1
1603;1603;;entrada;485.0;1
1604;1604;;entrada;325.0;1
1605;1605;;entrada;20.0;1
1606;1606;;entrada;286.0;1
1607;1607;;entrada;128.0;1
1608;1608;;entrada;315.0;1
1609;1609;;entrada;336.0;1
1610;1610;;entrada;275.0;1
1611;1611;;entrada;300.0;1
1612;1612;;entrada;42.0;1
1613;1613;;entrada;257.0;1
1614;1614;;entrada;370.0;1
1615;1615;;entrada;87.0;1
1616;1616;;entrada;83.0;1
1617;1617;;entrada;259.0;1
1618;1618;;entrada;497.0;1
1619;1619;;entrada;447.0;1
1620;1620;;entrada;306.0;1
1621;1621;;entrada;199.0;1
1622;1622;;entrada;147.0;1
1623;1623;;entrada;85.0;1
1624;1624;;entrada;230.0;1
1625;1625;;entrada;344.0;1
1626;1626;;entrada;55.0;1
1627;1627;;entrada;460.0;1
1628;1628;;entrada;33.0;1
1629;1629;;entrada;448.0;1
1630;1630;;entrada;127.0;1
1631;1631;;entrada;136.0;1
1632;1632;;entrada;343.0;1
1633;1633;;entrada;489.0;1
1634;1634;;entrada;165.0;1
1635;1635;;entrada;62.0;1
1636;1636;;entrada;455.0;1
1637;1637;;entrada;275.0;1
1638;1638;;entrada;25.0;1
1639;1639;;entrada;97.0;1
1640;1640;;entrada;118.0;1
1641;1641;;entrada;446.0;1
1642;1642;;entrada;221.0;1
1643;1643;;entrada;422.0;1
1644;1644;;entrada;433.0;1
1645;1645;;entrada;435.0;1
1646;1646;;entrada;176.0;1
1647;1647;;entrada;24.0;1
1648;1648;;entrada;169.0;1
1649;1649;;entrada;377.0;1
1650;1650;;entrada;463.0;1
1651;1651;;entrada;481.0;1
1652;1652;;entrada;262.0;1
1653;1653;;entrada;97.0;1
1654;1654;;entrada;481.0;1
1655;1655;;entrada;114.0;1
1656;1656;;entrada;389.0;1
1657;1657;;entrada;264.0;1
1658;1658;;entrada;138.0;1
1659;1659;;entrada;278.0;1
1660;1660;;entrada;426.0;1
1661;1661;;entrada;477.0;1
1662;1662;;entrada;83.0;1
1663;1663;;entrada;295.0;1
1664;1664;;entrada;231.0;1
1665;1665;;entrada;373.0;1
1666;1666;;entrada;64.0;1
1667;1667;;entrada;196.0;1
1668;1668;;entrada;376.0;1
1669;1669;;entrada;89.0;1
1670;1670;;entrada;304.0;1
1671;1671;;entrada;337.0;1
1672;1672;;entrada;41.0;1
1673;1673;;entrada;203.0;1
1674;1674;;entrada;359.0;1
1675;1675;;entrada;126.0;1
1676;1676;;entrada;166.0;1
1677;1677;;entrada;163.0;1
1678;1678;;entrada;296.0;1
1679;1679;;entrada;475.0;1
1680;1680;;entrada;288.0;1
1681;1681;;entrada;35.0;1
1682;1682;;entrada;283.0;1
1683;1683;;entrada;150.0;1
1684;1684;;entrada;173.0;1
1685;1685;;entrada;383.0;1
1686;1686;;entrada;222.0;1
1687;1687;;entrada;178.0;1
1688;1688;;entrada;440.0;1
1689;1689;;entrada;209.0;1
1690;1690;;entrada;441.0;1
1691;1691;;entrada;495.0;1
1692;1692;;entrada;40.0;1
1693;1693;;entrada;120.0;1
1694;1694;;entrada;471.0;1
1695;1695;;entrada;142.0;1
1696;1696;;entrada;420.0;1
1697;1697;;entrada;308.0;1
1698;1698;;entrada;286.0;1
1699;1699;;entrada;105.0;1
1700;1700;;entrada;284.0;1
1701;1701;;entrada;165.0;1
1702;1702;;entrada;53.0;1
1703;1703;;entrada;395.0;1
1704;1704;;entrada;294.0;1
1705;1705;;entrada;274.0;1
1706;1706;;entrada;156.0;1
1707;1707;;entrada;281.0;1
1708;1708;;entrada;445.0;1
1709;1709;;entrada;382.0;1
1710;1710;;entrada;262.0;1
1711;1711;;entrada;142.0;1
1712;1712;;entrada;138.0;1
1713;1713;;entrada;330.0;1
1714;1714;;entrada;126.0;1
1715;1715;;entrada;290.0;1
1716;1716;;entrada;184.0;1
1717;1717;;entrada;360.0;1
1718;1718;;entrada;332.0;1
1719;1719;;entrada;153.0;1
1720;1720;;entrada;389.0;1
1721;1721;;entrada;159.0;1
1722;1722;;entrada;403.0;1
1723;1723;;entrada;150.0;1
1724;1724;;entrada;34.0;1
1725;1725;;entrada;150.0;1
1726;1726;;entrada;254.0;1
1727;1727;;entrada;87.0;1
1728;1728;;entrada;358.0;1
1729;1729;;entrada;145.0;1
1730;1730;;entrada;26.0;1
1731;1731;;entrada;38.0;1
1732;1732;;entrada;93.0;1
1733;1733;;entrada;107.0;1
1734;1734;;entrada;430.0;1
1735;1735;;entrada;308.0;1
1736;1736;;entrada;120.0;1
1737;1737;;entrada;397.0;1
1738;1738;;entrada;229.0;1
1739;1739;;entrada;425.0;1
1740;1740;;entrada;60.0;1
1741;1741;;entrada;335.0;1
1742;1742;;entrada;238.0;1
1743;1743;;entrada;494.0;1
1744;1744;;entrada;70.0;1
1745;1745;;entrada;307.0;1
1746;1746;;entrada;45.0;1
1747;1747;;entrada;480.0;1
1748;1748;;entrada;191.0;1
1749;1749;;entrada;161.0;1
1750;1750;;entrada;84.0;1
1751;1751;;entrada;230.0;1
1752;1752;;entrada;230.0;1
1753;1753;;entrada;169.0;1
1754;1754;;entrada;333.0;1
1755;1755;;entrada;484.0;1
1756;1756;;entrada;457.0;1
1757;1757;;entrada;257.0;1
1758;1758;;entrada;415.0;1
1759;1759;;entrada;490.0;1
1760;1760;;entrada;479.0;1
1761;1761;;entrada;280.0;1
1762;1762;;entrada;377.0;1
1763;1763;;entrada;259.0;1
1764;1764;;entrada;498.0;1
1765;1765;;entrada;184.0;1
1766;1766;;entrada;495.0;1
1767;1767;;entrada;49.0;1
1768;1768;;entrada;193.0;1
1769;1769;;entrada;277.0;1
1770;1770;;entrada;318.0;1
1771;1771;;entrada;284.0;1
1772;1772;;entrada;466.0;1
1773;1773;;entrada;162.0;1
1774;1774;;entrada;313.0;1
1775;1775;;entrada;435.0;1
1776;1776;;entrada;205.0;1
1777;1777;;entrada;408.0;1
1778;1778;;entrada;105.0;1
1779;1779;;entrada;416.0;1
1780;1780;;entrada;224.0;1
1781;1781;;entrada;226.0;1
1782;1782;;entrada;338.0;1
1783;1783;;entrada;89.0;1
1784;1784;;entrada;219.0;1
1785;1785;;entrada;328.0;1
1786;1786;;entrada;220.0;1
1787;1787;;entrada;303.0;1
1788;1788;;entrada;237.0;1
1789;1789;;entrada;90.0;1
1790;1790;;entrada;237.0;1
1791;1791;;entrada;493.0;1
1792;1792;;entrada;305.0;1
1793;1793;;entrada;323.0;1
1794;1794;;entrada;390.0;1
1795;1795;;entrada;176.0;1
1796;1796;;entrada;335.0;1
1797;1797;;entrada;332.0;1
1798;1798;;entrada;77.0;1
1799;1799;;entrada;104.0;1
1800;1800;;entrada;445.0;1
1801;1801;;entrada;408.0;1
1802;1802;;entrada;375.0;1
1803;1803;;entrada;75.0;1
1804;1804;;entrada;59.0;1
1805;1805;;entrada;182.0;1
1806;1806;;entrada;347.0;1
1807;1807;;entrada;231.0;1
1808;1808;;entrada;200.0;1
1809;1809;;entrada;133.0;1
1810;1810;;entrada;155.0;1
1811;1811;;entrada;35.0;1
1812;1812;;entrada;169.0;1
1813;1813;;entrada;177.0;1
1814;1814;;entrada;413.0;1
1815;1815;;entrada;127.0;1
1816;1816;;entrada;40.0;1
1817;1817;;entrada;424.0;1
1818;1818;;entrada;314.0;1
1819;1819;;entrada;185.0;1
1820;1820;;entrada;238.0;1
1821;1821;;entrada;55.0;1
1822;1822;;entrada;382.0;1
1823;1823;;entrada;116.0;1
1824;1824;;entrada;27.0;1
1825;1825;;entrada;425.0;1
1826;1826;;entrada;399.0;1
1827;1827;;entrada;439.0;1
1828;1828;;entrada;50.0;1
1829;1829;;entrada;499.0;1
1830;1830;;entrada;27.0;1
1831;1831;;entrada;380.0;1
1832;1832;;entrada;413.0;1
1833;1833;;entrada;115.0;1
1834;1834;;entrada;321.0;1
1835;1835;;entrada;373.0;1
1836;1836;;entrada;147.0;1
1837;1837;;entrada;405.0;1
1838;1838;;entrada;174.0;1
1839;1839;;entrada;426.0;1
1840;1840;;entrada;197.0;1
1841;1841;;entrada;244.0;1
1842;1842;;entrada;118.0;1
1843;1843;;entrada;422.0;1
1844;1844;;entrada;321.0;1
1845;1845;;entrada;70.0;1
1846;1846;;entrada;134.0;1
1847;1847;;entrada;79.0;1
1848;1848;;entrada;333.0;1
1849;1849;;entrada;210.0;1
1850;1850;;entrada;418.0;1
1851;1851;;entrada;226.0;1
1852;1852;;entrada;320.0;1
1853;1853;;entrada;114.0;1
1854;1854;;entrada;266.0;1
1855;1855;;entrada;154.0;1
1856;1856;;entrada;326.0;1
1857;1857;;entrada;437.0;1
1858;1858;;entrada;454.0;1
1859;1859;;entrada;164.0;1
1860;1860;;entrada;371.0;1
1861;1861;;entrada;313.0;1
1862;1862;;entrada;58.0;1
1863;1863;;entrada;471.0;1
1864;1864;;entrada;168.0;1
1865;1865;;entrada;137.0;1
1866;1866;;entrada;255.0;1
1867;1867;;entrada;125.0;1
1868;1868;;entrada;416.0;1
1869;1869;;entrada;385.0;1
1870;1870;;entrada;495.0;1
1871;1871;;entrada;491.0;1
1872;1872;;entrada;406.0;1
1873;1873;;entrada;418.0;1
1874;1874;;entrada;135.0;1
1875;1875;;entrada;91.0;1
1876;1876;;entrada;346.0;1
1877;1877;;entrada;251.0;1
1878;1878;;entrada;100.0;1
1879;1879;;entrada;363.0;1
1880;1880;;entrada;323.0;1
1881;1881;;entrada;64.0;1
1882;1882;;entrada;440.0;1
1883;1883;;entrada;421.0;1
1884;1884;;entrada;388.0;1
1885;1885;;entrada;37.0;1
1886;1886;;entrada;423.0;1
1887;1887;;entrada;184.0;1
1888;1888;;entrada;342.0;1
1889;1889;;entrada;429.0;1
1890;1890;;entrada;188.0;1
1891;1891;;entrada;44.0;1
1892;1892;;entrada;81.0;1
1893;1893;;entrada;457.0;1
1894;1894;;entrada;490.0;1
1895;1895;;entrada;86.0;1
1896;1896;;entrada;459.0;1
1897;1897;;entrada;68.0;1
1898;1898;;entrada;337.0;1
1899;1899;;entrada;54.0;1
1900;1900;;entrada;488.0;1
1901;1901;;entrada;442.0;1
1902;1902;;entrada;424.0;1
1903;1903;;entrada;100.0;1
1904;1904;;entrada;189.0;1
1905;1905;;entrada;136.0;1
1906;1906;;entrada;332.0;1
1907;1907;;entrada;444.0;1
1908;1908;;entrada;373.0;1
1909;1909;;entrada;24.0;1
1910;1910;;entrada;20.0;1
1911;1911;;entrada;336.0;1
1912;1912;;entrada;389.0;1
1913;1913;;entrada;76.0;1
1914;1914;;entrada;47.0;1
1915;1915;;entrada;56.0;1
1916;1916;;entrada;477.0;1
1917;1917;;entrada;494.0;1
1918;1918;;entrada;56.0;1
1919;1919;;entrada;37.0;1
1920;1920;;entrada;491.0;1
1921;1921;;entrada;88.0;1
1922;1922;;entrada;257.0;1
1923;1923;;entrada;247.0;1
1924;1924;;entrada;436.0;1
1925;1925;;entrada;265.0;1
1926;1926;;entrada;477.0;1
1927;1927;;entrada;346.0;1
1928;1928;;entrada;101.0;1
1929;1929;;entrada;429.0;1
1930;1930;;entrada;339.0;1
1931;1931;;entrada;495.0;1
1932;1932;;entrada;434.0;1
1933;1933;;entrada;358.0;1
1934;1934;;entrada;482.0;1
1935;1935;;entrada;133.0;1
1936;1936;;entrada;320.0;1
1937;1937;;entrada;441.0;1
1938;1938;;entrada;62.0;1
1939;1939;;entrada;485.0;1
1940;1940;;entrada;153.0;1
1941;1941;;entrada;165.0;1
1942;1942;;entrada;177.0;1
1943;1943;;entrada;244.0;1
1944;1944;;entrada;148.0;1
1945;1945;;entrada;360.0;1
1946;1946;;entrada;393.0;1
1947;1947;;entrada;50.0;1
1948;1948;;entrada;138.0;1
1949;1949;;entrada;355.0;1
1950;1950;;entrada;313.0;1
1951;1951;;entrada;414.0;1
1952;1952;;entrada;107.0;1
1953;1953;;entrada;154.0;1
1954;1954;;entrada;89.0;1
1955;1955;;entrada;356.0;1
1956;1956;;entrada;61.0;1
1957;1957;;entrada;456.0;1
1958;1958;;entrada;335.0;1
1959;1959;;entrada;353.0;1
1960;1960;;entrada;47.0;1
1961;1961;;entrada;114.0;1
1962;1962;;entrada;413.0;1
1963;1963;;entrada;241.0;1
1964;1964;;entrada;320.0;1
1965;1965;;entrada;196.0;1
1966;1966;;entrada;290.0;1
1967;1967;;entrada;125.0;1
1968;1968;;entrada;70.0;1
1969;1969;;entrada;231.0;1
1970;1970;;entrada;472.0;1
1971;1971;;entrada;312.0;1
1972;1972;;entrada;309.0;1
1973;1973;;entrada;133.0;1
1974;1974;;entrada;294.0;1
1975;1975;;entrada;434.0;1
1976;1976;;entrada;88.0;1
1977;1977;;entrada;226.0;1
1978;1978;;entrada;205.0;1
1979;1979;;entrada;176.0;1
1980;1980;;entrada;344.0;1
1981;1981;;entrada;207.0;1
1982;1982;;entrada;268.0;1
1983;1983;;entrada;335.0;1
1984;1984;;entrada;330.0;1
1985;1985;;entrada;358.0;1
1986;1986;;entrada;100.0;1
1987;1987;;entrada;136.0;1
1988;1988;;entrada;331.0;1
1989;1989;;entrada;54.0;1
1990;1990;;entrada;100.0;1
1991;1991;;entrada;241.0;1
1992;1992;;entrada;374.0;1
1993;1993;;entrada;187.0;1
1994;1994;;entrada;198.0;1
1995;1995;;entrada;341.0;1
1996;1996;;entrada;190.0;1
1997;1997;;entrada;167.0;1
1998;1998;;entrada;145.0;1
1999;1999;;entrada;199.0;1
2000;2000;;entrada;423.0;1
2001;2001;;entrada;37.0;1
2002;2002;;entrada;278.0;1
2003;2003;;entrada;258.0;1
2004;2004;;entrada;104.0;1
2005;2005;;entrada;234.0;1
2006;2006;;entrada;83.0;1
2007;2007;;entrada;65.0;1
2008;2008;;entrada;161.0;1
2009;2009;;entrada;284.0;1
2010;2010;;entrada;155.0;1
2011;2011;;entrada;231.0;1
2012;2012;;entrada;471.0;1
2013;2013;;entrada;471.0;1
2014;2014;;entrada;320.0;1
2015;2015;;entrada;350.0;1
2016;2016;;entrada;183.0;1
2017;2017;;entrada;415.0;1
2018;2018;;entrada;244.0;1
2019;2019;;entrada;101.0;1
2020;2020;;entrada;448.0;1
2021;2021;;entrada;460.0;1
2022;2022;;entrada;211.0;1
2023;2023;;entrada;495.0;1
2024;2024;;entrada;346.0;1
2025;2025;;entrada;78.0;1
2026;2026;;entrada;47.0;1
2027;2027;;entrada;461.0;1
2028;2028;;entrada;419.0;1
2029;2029;;entrada;411.0;1
2030;2030;;entrada;368.0;1
2031;2031;;entrada;324.0;1
2032;2032;;entrada;71.0;1
2033;2033;;entrada;147.0;1
2034;2034;;entrada;217.0;1
2035;2035;;entrada;450.0;1
2036;2036;;entrada;419.0;1
2037;2037;;entrada;206.0;1
2038;2038;;entrada;152.0;1
2039;2039;;entrada;226.0;1
2040;2040;;entrada;362.0;1
2041;2041;;entrada;376.0;1
2042;2042;;entrada;269.0;1
2043;2043;;entrada;92.0;1
2044;2044;;entrada;377.0;1
2045;2045;;entrada;398.0;1
2046;2046;;entrada;394.0;1
2047;2047;;entrada;217.0;1
2048;2048;;entrada;347.0;1
2049;2049;;entrada;311.0;1
2050;2050;;entrada;58.0;1
2051;2051;;entrada;29.0;1
2052;2052;;entrada;389.0;1
2053;2053;;entrada;269.0;1
2054;2054;;entrada;466.0;1
2055;2055;;entrada;103.0;1
2056;2056;;entrada;351.0;1
2057;2057;;entrada;406.0;1
2058;2058;;entrada;328.0;1
2059;2059;;entrada;304.0;1
2060;2060;;entrada;180.0;1
2061;2061;;entrada;413.0;1
2062;2062;;entrada;213.0;1
2063;2063;;entrada;376.0;1
2064;2064;;entrada;456.0;1
2065;2065;;entrada;472.0;1
2066;2066;;entrada;221.0;1
2067;2067;;entrada;228.0;1
2068;2068;;entrada;412.0;1
2069;2069;;entrada;422.0;1
2070;2070;;entrada;345.0;1
2071;2071;;entrada;422.0;1
2072;2072;;entrada;356.0;1
2073;2073;;entrada;471.0;1
2074;2074;;entrada;84.0;1
2075;2075;;entrada;452.0;1
2076;2076;;entrada;181.0;1
2077;2077;;entrada;35.0;1
2078;2078;;entrada;380.0;1
2079;2079;;entrada;436.0;1
2080;2080;;entrada;346.0;1
2081;2081;;entrada;264.0;1
2082;2082;;entrada;350.0;1
2083;2083;;entrada;179.0;1
2084;2084;;entrada;217.0;1
2085;2085;;entrada;62.0;1
2086;2086;;entrada;421.0;1
2087;2087;;entrada;331.0;1
2088;2088;;entrada;431.0;1
2089;2089;;entrada;288.0;1
2090;2090;;entrada;424.0;1
2091;2091;;entrada;55.0;1
2092;2092;;entrada;40.0;1
2093;2093;;entrada;352.0;1
2094;2094;;entrada;244.0;1
2095;2095;;entrada;480.0;1
2096;2096;;entrada;406.0;1
2097;2097;;entrada;252.0;1
2098;2098;;entrada;122.0;1
2099;2099;;entrada;354.0;1
2100;2100;;entrada;184.0;1
2101;2101;;entrada;146.0;1
2102;2102;;entrada;212.0;1
2103;2103;;entrada;450.0;1
2104;2104;;entrada;100.0;1
2105;2105;;entrada;225.0;1
2106;2106;;entrada;43.0;1
2107;2107;;entrada;415.0;1
2108;2108;;entrada;366.0;1
2109;2109;;entrada;408.0;1
2110;2110;;entrada;257.0;1
2111;2111;;entrada;136.0;1
2112;2112;;entrada;457.0;1
2113;2113;;entrada;77.0;1
2114;2114;;entrada;309.0;1
2115;2115;;entrada;76.0;1
2116;2116;;entrada;256.0;1
2117;2117;;entrada;353.0;1
2118;2118;;entrada;331.0;1
2119;2119;;entrada;301.0;1
2120;2120;;entrada;108.0;1
2121;2121;;entrada;87.0;1
2122;2122;;entrada;35.0;1
2123;2123;;entrada;379.0;1
2124;2124;;entrada;195.0;1
2125;2125;;entrada;161.0;1
2126;2126;;entrada;494.0;1
2127;2127;;entrada;247.0;1
2128;2128;;entrada;361.0;1
2129;2129;;entrada;327.0;1
2130;2130;;entrada;167.0;1
2131;2131;;entrada;404.0;1
2132;2132;;entrada;478.0;1
2133;2133;;entrada;166.0;1
2134;2134;;entrada;220.0;1
2135;2135;;entrada;349.0;1
2136;2136;;entrada;146.0;1
2137;2137;;entrada;117.0;1
2138;2138;;entrada;223.0;1
2139;2139;;entrada;52.0;1
2140;2140;;entrada;123.0;1
2141;2141;;entrada;342.0;1
2142;2142;;entrada;203.0;1
2143;2143;;entrada;453.0;1
2144;2144;;entrada;480.0;1
2145;2145;;entrada;164.0;1
2146;2146;;entrada;157.0;1
2147;2147;;entrada;486.0;1
2148;2148;;entrada;443.0;1
2149;2149;;entrada;170.0;1
2150;2150;;entrada;321.0;1
2151;2151;;entrada;311.0;1
2152;2152;;entrada;422.0;1
2153;2153;;entrada;437.0;1
2154;2154;;entrada;143.0;1
2155;2155;;entrada;26.0;1
2156;2156;;entrada;103.0;1
2157;2157;;entrada;325.0;1
2158;2158;;entrada;227.0;1
2159;2159;;entrada;409.0;1
2160;2160;;entrada;203.0;1
2161;2161;;entrada;360.0;1
2162;2162;;entrada;399.0;1
2163;2163;;entrada;457.0;1
2164;2164;;entrada;147.0;1
2165;2165;;entrada;300.0;1
2166;2166;;entrada;414.0;1
2167;2167;;entrada;268.0;1
2168;2168;;entrada;162.0;1
2169;2169;;entrada;480.0;1
2170;2170;;entrada;111.0;1
2171;2171;;entrada;176.0;1
2172;2172;;entrada;150.0;1
2173;2173;;entrada;146.0;1
2174;2174;;entrada;50.0;1
2175;2175;;entrada;427.0;1
2176;2176;;entrada;279.0;1
2177;2177;;entrada;42.0;1
2178;2178;;entrada;237.0;1
2179;2179;;entrada;497.0;1
2180;2180;;entrada;138.0;1
2181;2181;;entrada;416.0;1
2182;2182;;entrada;304.0;1
2183;2183;;entrada;422.0;1
2184;2184;;entrada;267.0;1
2185;2185;;entrada;368.0;1
2186;2186;;entrada;218.0;1
2187;2187;;entrada;256.0;1
2188;2188;;entrada;490.0;1
2189;2189;;entrada;345.0;1
2190;2190;;entrada;266.0;1
2191;2191;;entrada;315.0;1
2192;2192;;entrada;151.0;1
2193;2193;;entrada;316.0;1
2194;2194;;entrada;30.0;1
2195;2195;;entrada;175.0;1
2196;2196;;entrada;294.0;1
2197;2197;;entrada;478.0;1
2198;2198;;entrada;284.0;1
2199;2199;;entrada;247.0;1
2200;2200;;entrada;403.0;1
2201;2201;;entrada;221.0;1
2202;2202;;entrada;256.0;1
2203;2203;;entrada;301.0;1
2204;2204;;entrada;202.0;1
2205;2205;;entrada;129.0;1
2206;2206;;entrada;467.0;1
2207;2207;;entrada;39.0;1
2208;2208;;entrada;217.0;1
2209;2209;;entrada;309.0;1
2210;2210;;entrada;290.0;1
2211;2211;;entrada;120.0;1
2212;2212;;entrada;73.0;1
2213;2213;;entrada;328.0;1
2214;2214;;entrada;274.0;1
2215;2215;;entrada;345.0;1
2216;2216;;entrada;450.0;1
2217;2217;;entrada;164.0;1
2218;2218;;entrada;117.0;1
2219;2219;;entrada;316.0;1
2220;2220;;entrada;194.0;1
2221;2221;;entrada;260.0;1
2222;2222;;entrada;307.0;1
2223;2223;;entrada;238.0;1
2224;2224;;entrada;320.0;1
2225;2225;;entrada;374.0;1
2226;2226;;entrada;216.0;1
2227;2227;;entrada;171.0;1
2228;2228;;entrada;126.0;1
2229;2229;;entrada;324.0;1
2230;2230;;entrada;304.0;1
2231;2231;;entrada;244.0;1
2232;2232;;entrada;271.0;1
2233;2233;;entrada;355.0;1
2234;2234;;entrada;41.0;1
2235;2235;;entrada;102.0;1
2236;2236;;entrada;435.0;1
2237;2237;;entrada;235.0;1
2238;2238;;entrada;25.0;1
2239;2239;;entrada;439.0;1
2240;2240;;entrada;111.0;1
2241;2241;;entrada;309.0;1
2242;2242;;entrada;173.0;1
2243;2243;;entrada;71.0;1
2244;2244;;entrada;331.0;1
2245;2245;;entrada;121.0;1
2246;2246;;entrada;145.0;1
2247;2247;;entrada;125.0;1
2248;2248;;entrada;198.0;1
2249;2249;;entrada;356.0;1
2250;2250;;entrada;106.0;1
2251;2251;;entrada;469.0;1
2252;2252;;entrada;179.0;1
2253;2253;;entrada;181.0;1
2254;2254;;entrada;385.0;1
2255;2255;;entrada;56.0;1
2256;2256;;entrada;181.0;1
2257;2257;;entrada;267.0;1
2258;2258;;entrada;376.0;1
2259;2259;;entrada;192.0;1
2260;2260;;entrada;337.0;1
2261;2261;;entrada;105.0;1
2262;2262;;entrada;239.0;1
2263;2263;;entrada;166.0;1
2264;2264;;entrada;348.0;1
2265;2265;;entrada;37.0;1
2266;2266;;entrada;71.0;1
2267;2267;;entrada;283.0;1
2268;2268;;entrada;36.0;1
2269;2269;;entrada;128.0;1
2270;2270;;entrada;37.0;1
2271;2271;;entrada;281.0;1
2272;2272;;entrada;330.0;1
2273;2273;;entrada;415.0;1
2274;2274;;entrada;140.0;1
2275;2275;;entrada;167.0;1
2276;2276;;entrada;306.0;1
2277;2277;;entrada;38.0;1
2278;2278;;entrada;319.0;1
2279;2279;;entrada;263.0;1
2280;2280;;entrada;411.0;1
2281;2281;;entrada;173.0;1
2282;2282;;entrada;130.0;1
2283;2283;;entrada;466.0;1
2284;2284;;entrada;471.0;1
2285;2285;;entrada;292.0;1
2286;2286;;entrada;189.0;1
2287;2287;;entrada;233.0;1
2288;2288;;entrada;116.0;1
2289;2289;;entrada;321.0;1
2290;2290;;entrada;379.0;1
2291;2291;;entrada;225.0;1
2292;2292;;entrada;177.0;1
2293;2293;;entrada;98.0;1
2294;2294;;entrada;250.0;1
2295;2295;;entrada;163.0;1
2296;2296;;entrada;407.0;1
2297;2297;;entrada;264.0;1
2298;2298;;entrada;123.0;1
2299;2299;;entrada;181.0;1
2300;2300;;entrada;373.0;1
2301;2301;;entrada;478.0;1
2302;2302;;entrada;348.0;1
2303;2303;;entrada;338.0;1
2304;2304;;entrada;239.0;1
2305;2305;;entrada;412.0;1
2306;2306;;entrada;410.0;1
2307;2307;;entrada;324.0;1
2308;2308;;entrada;390.0;1
2309;2309;;entrada;223.0;1
2310;2310;;entrada;359.0;1
2311;2311;;entrada;134.0;1
2312;2312;;entrada;405.0;1
2313;2313;;entrada;228.0;1
2314;2314;;entrada;107.0;1
2315;2315;;entrada;102.0;1
2316;2316;;entrada;492.0;1
2317;2317;;entrada;247.0;1
2318;2318;;entrada;472.0;1
2319;2319;;entrada;389.0;1
2320;2320;;entrada;121.0;1
2321;2321;;entrada;474.0;1
2322;2322;;entrada;489.0;1
2323;2323;;entrada;58.0;1
2324;2324;;entrada;230.0;1
2325;2325;;entrada;146.0;1
2326;2326;;entrada;313.0;1
2327;2327;;entrada;248.0;1
2328;2328;;entrada;83.0;1
2329;2329;;entrada;122.0;1
2330;2330;;entrada;349.0;1
2331;2331;;entrada;400.0;1
2332;2332;;entrada;28.0;1
2333;2333;;entrada;431.0;1
2334;2334;;entrada;159.0;1
2335;2335;;entrada;482.0;1
2336;2336;;entrada;189.0;1
2337;2337;;entrada;24.0;1
2338;2338;;entrada;328.0;1
2339;2339;;entrada;463.0;1
2340;2340;;entrada;86.0;1
2341;2341;;entrada;154.0;1
2342;2342;;entrada;311.0;1
2343;2343;;entrada;389.0;1
2344;2344;;entrada;164.0;1
2345;2345;;entrada;437.0;1
2346;2346;;entrada;366.0;1
2347;2347;;entrada;489.0;1
2348;2348;;entrada;489.0;1
2349;2349;;entrada;199.0;1
2350;2350;;entrada;469.0;1
2351;2351;;entrada;427.0;1
2352;2352;;entrada;416.0;1
2353;2353;;entrada;235.0;1
2354;2354;;entrada;467.0;1
2355;2355;;entrada;240.0;1
2356;2356;;entrada;163.0;1
2357;2357;;entrada;187.0;1
2358;2358;;entrada;466.0;1
2359;2359;;entrada;192.0;1
2360;2360;;entrada;217.0;1
2361;2361;;entrada;315.0;1
2362;2362;;entrada;470.0;1
2363;2363;;entrada;31.0;1
2364;2364;;entrada;281.0;1
2365;2365;;entrada;158.0;1
2366;2366;;entrada;308.0;1
2367;2367;;entrada;197.0;1
2368;2368;;entrada;68.0;1
2369;2369;;entrada;122.0;1
2370;2370;;entrada;485.0;1
2371;2371;;entrada;190.0;1
2372;2372;;entrada;32.0;1
2373;2373;;entrada;268.0;1
2374;2374;;entrada;500.0;1
2375;2375;;entrada;60.0;1
2376;2376;;entrada;217.0;1
2377;2377;;entrada;279.0;1
2378;2378;;entrada;484.0;1
2379;2379;;entrada;320.0;1
2380;2380;;entrada;244.0;1
2381;2381;;entrada;71.0;1
2382;2382;;entrada;98.0;1
2383;2383;;entrada;96.0;1
2384;2384;;entrada;328.0;1
2385;2385;;entrada;199.0;1
2386;2386;;entrada;353.0;1
2387;2387;;entrada;207.0;1
2388;2388;;entrada;227.0;1
2389;2389;;entrada;257.0;1
2390;2390;;entrada;212.0;1
2391;2391;;entrada;183.0;1
2392;2392;;entrada;196.0;1
2393;2393;;entrada;291.0;1
2394;2394;;entrada;357.0;1
2395;2395;;entrada;234.0;1
2396;2396;;entrada;59.0;1
2397;2397;;entrada;356.0;1
2398;2398;;entrada;453.0;1
2399;2399;;entrada;200.0;1
2400;2400;;entrada;119.0;1
2401;2401;;entrada;359.0;1
2402;2402;;entrada;182.0;1
2403;2403;;entrada;327.0;1
2404;2404;;entrada;135.0;1
2405;2405;;entrada;227.0;1
2406;2406;;entrada;202.0;1
2407;2407;;entrada;205.0;1
2408;2408;;entrada;287.0;1
2409;2409;;entrada;287.0;1
2410;2410;;entrada;62.0;1
2411;2411;;entrada;397.0;1
2412;2412;;entrada;359.0;1
2413;2413;;entrada;277.0;1
2414;2414;;entrada;43.0;1
2415;2415;;entrada;207.0;1
2416;2416;;entrada;381.0;1
2417;2417;;entrada;25.0;1
2418;2418;;entrada;86.0;1
2419;2419;;entrada;146.0;1
2420;2420;;entrada;428.0;1
2421;2421;;entrada;160.0;1
2422;2422;;entrada;133.0;1
2423;2423;;entrada;384.0;1
2424;2424;;entrada;475.0;1
2425;2425;;entrada;452.0;1
2426;2426;;entrada;138.0;1
2427;2427;;entrada;246.0;1
2428;2428;;entrada;377.0;1
2429;2429;;entrada;436.0;1
2430;2430;;entrada;439.0;1
2431;2431;;entrada;129.0;1
2432;2432;;entrada;384.0;1
2433;2433;;entrada;64.0;1
2434;2434;;entrada;319.0;1
2435;2435;;entrada;235.0;1
2436;2436;;entrada;371.0;1
2437;2437;;entrada;30.0;1
2438;2438;;entrada;196.0;1
2439;2439;;entrada;494.0;1
2440;2440;;entrada;456.0;1
2441;2441;;entrada;89.0;1
2442;2442;;entrada;129.0;1
2443;2443;;entrada;124.0;1
2444;2444;;entrada;33.0;1
2445;2445;;entrada;340.0;1
2446;2446;;entrada;117.0;1
2447;2447;;entrada;155.0;1
2448;2448;;entrada;415.0;1
2449;2449;;entrada;225.0;1
2450;2450;;entrada;295.0;1
2451;2451;;entrada;442.0;1
2452;2452;;entrada;351.0;1
2453;2453;;entrada;203.0;1
2454;2454;;entrada;317.0;1
2455;2455;;entrada;314.0;1
2456;2456;;entrada;275.0;1
2457;2457;;entrada;498.0;1
2458;2458;;entrada;238.0;1
2459;2459;;entrada;399.0;1
2460;2460;;entrada;472.0;1
2461;2461;;entrada;87.0;1
2462;2462;;entrada;411.0;1
2463;2463;;entrada;60.0;1
2464;2464;;entrada;96.0;1
2465;2465;;entrada;411.0;1
2466;2466;;entrada;395.0;1
2467;2467;;entrada;59.0;1
2468;2468;;entrada;106.0;1
2469;2469;;entrada;230.0;1
2470;2470;;entrada;211.0;1
2471;2471;;entrada;331.0;1
2472;2472;;entrada;66.0;1
2473;2473;;entrada;67.0;1
2474;2474;;entrada;33.0;1
2475;2475;;entrada;266.0;1
2476;2476;;entrada;280.0;1
2477;2477;;entrada;273.0;1
2478;2478;;entrada;141.0;1
2479;2479;;entrada;130.0;1
2480;2480;;entrada;354.0;1
2481;2481;;entrada;422.0;1
2482;2482;;entrada;380.0;1
2483;2483;;entrada;48.0;1
2484;2484;;entrada;203.0;1
2485;2485;;entrada;312.0;1
2486;2486;;entrada;390.0;1
2487;2487;;entrada;415.0;1
2488;2488;;entrada;29.0;1
2489;2489;;entrada;259.0;1
2490;2490;;entrada;205.0;1
2491;2491;;entrada;122.0;1
2492;2492;;entrada;145.0;1
2493;2493;;entrada;256.0;1
2494;2494;;entrada;214.0;1
2495;2495;;entrada;489.0;1
2496;2496;;entrada;298.0;1
2497;2497;;entrada;339.0;1
2498;2498;;entrada;22.0;1
2499;2499;;entrada;430.0;1
2500;2500;;entrada;192.0;1
2501;2501;;entrada;437.0;1
2502;2502;;entrada;44.0;1
2503;2503;;entrada;405.0;1
2504;2504;;entrada;491.0;1
2505;2505;;entrada;50.0;1
2506;2506;;entrada;346.0;1
2507;2507;;entrada;58.0;1
2508;2508;;entrada;429.0;1
2509;2509;;entrada;393.0;1
2510;2510;;entrada;111.0;1
2511;2511;;entrada;471.0;1
2512;2512;;entrada;315.0;1
2513;2513;;entrada;62.0;1
2514;2514;;entrada;294.0;1
2515;2515;;entrada;184.0;1
2516;2516;;entrada;466.0;1
2517;2517;;entrada;55.0;1
2518;2518;;entrada;77.0;1
2519;2519;;entrada;435.0;1
2520;2520;;entrada;344.0;1
2521;2521;;entrada;103.0;1
2522;2522;;entrada;498.0;1
2523;2523;;entrada;211.0;1
2524;2524;;entrada;302.0;1
2525;2525;;entrada;169.0;1
2526;2526;;entrada;484.0;1
2527;2527;;entrada;53.0;1
2528;2528;;entrada;53.0;1
2529;2529;;entrada;384.0;1
2530;2530;;entrada;365.0;1
2531;2531;;entrada;207.0;1
2532;2532;;entrada;354.0;1
2533;2533;;entrada;46.0;1
2534;2534;;entrada;92.0;1
2535;2535;;entrada;313.0;1
2536;2536;;entrada;472.0;1
2537;2537;;entrada;119.0;1
2538;2538;;entrada;68.0;1
2539;2539;;entrada;136.0;1
2540;2540;;entrada;93.0;1
2541;2541;;entrada;245.0;1
2542;2542;;entrada;224.0;1
2543;2543;;entrada;262.0;1
2544;2544;;entrada;453.0;1
2545;2545;;entrada;146.0;1
2546;2546;;entrada;484.0;1
2547;2547;;entrada;20.0;1
2548;2548;;entrada;423.0;1
2549;2549;;entrada;266.0;1
2550;2550;;entrada;137.0;1
2551;2551;;entrada;136.0;1
2552;2552;;entrada;469.0;1
2553;2553;;entrada;407.0;1
2554;2554;;entrada;84.0;1
2555;2555;;entrada;66.0;1
2556;2556;;entrada;146.0;1
2557;2557;;entrada;316.0;1
2558;2558;;entrada;228.0;1
2559;2559;;entrada;439.0;1
2560;2560;;entrada;43.0;1
2561;2561;;entrada;439.0;1
2562;2562;;entrada;142.0;1
2563;2563;;entrada;83.0;1
2564;2564;;entrada;80.0;1
2565;2565;;entrada;204.0;1
2566;2566;;entrada;223.0;1
2567;2567;;entrada;343.0;1
2568;2568;;entrada;390.0;1
2569;2569;;entrada;320.0;1
2570;2570;;entrada;481.0;1
2571;2571;;entrada;268.0;1
2572;2572;;entrada;456.0;1
2573;2573;;entrada;123.0;1
2574;2574;;entrada;240.0;1
2575;2575;;entrada;280.0;1
2576;2576;;entrada;301.0;1
2577;2577;;entrada;154.0;1
2578;2578;;entrada;338.0;1
2579;2579;;entrada;260.0;1
2580;2580;;entrada;371.0;1
2581;2581;;entrada;371.0;1
2582;2582;;entrada;267.0;1
2583;2583;;entrada;166.0;1
2584;2584;;entrada;314.0;1
2585;2585;;entrada;161.0;1
2586;2586;;entrada;420.0;1
2587;2587;;entrada;36.0;1
2588;2588;;entrada;216.0;1
2589;2589;;entrada;40.0;1
2590;2590;;entrada;54.0;1
2591;2591;;entrada;176.0;1
2592;2592;;entrada;197.0;1
2593;2593;;entrada;298.0;1
2594;2594;;entrada;196.0;1
2595;2595;;entrada;433.0;1
2596;2596;;entrada;49.0;1
2597;2597;;entrada;431.0;1
2598;2598;;entrada;376.0;1
2599;2599;;entrada;498.0;1
2600;2600;;entrada;138.0;1
2601;2601;;entrada;251.0;1
2602;2602;;entrada;64.0;1
2603;2603;;entrada;94.0;1
2604;2604;;entrada;328.0;1
2605;2605;;entrada;480.0;1
2606;2606;;entrada;120.0;1
2607;2607;;entrada;411.0;1
2608;2608;;entrada;500.0;1
2609;2609;;entrada;214.0;1
2610;2610;;entrada;420.0;1
2611;2611;;entrada;317.0;1
2612;2612;;entrada;289.0;1
2613;2613;;entrada;214.0;1
2614;2614;;entrada;260.0;1
2615;2615;;entrada;329.0;1
2616;2616;;entrada;137.0;1
2617;2617;;entrada;383.0;1
2618;2618;;entrada;489.0;1
2619;2619;;entrada;242.0;1
2620;2620;;entrada;377.0;1
2621;2621;;entrada;158.0;1
2622;2622;;entrada;450.0;1
2623;2623;;entrada;245.0;1
2624;2624;;entrada;260.0;1
2625;2625;;entrada;448.0;1
2626;2626;;entrada;95.0;1
2627;2627;;entrada;404.0;1
2628;2628;;entrada;193.0;1
2629;2629;;entrada;352.0;1
2630;2630;;entrada;130.0;1
2631;2631;;entrada;33.0;1
2632;2632;;entrada;70.0;1
2633;2633;;entrada;330.0;1
2634;2634;;entrada;417.0;1
2635;2635;;entrada;108.0;1
2636;2636;;entrada;85.0;1
2637;2637;;entrada;106.0;1
2638;2638;;entrada;88.0;1
2639;2639;;entrada;39.0;1
2640;2640;;entrada;168.0;1
2641;2641;;entrada;211.0;1
2642;2642;;entrada;495.0;1
2643;2643;;entrada;266.0;1
2644;2644;;entrada;229.0;1
2645;2645;;entrada;50.0;1
2646;2646;;entrada;380.0;1
2647;2647;;entrada;154.0;1
2648;2648;;entrada;444.0;1
2649;2649;;entrada;365.0;1
2650;2650;;entrada;117.0;1
2651;2651;;entrada;168.0;1
2652;2652;;entrada;164.0;1
2653;2653;;entrada;483.0;1
2654;2654;;entrada;281.0;1
2655;2655;;entrada;233.0;1
2656;2656;;entrada;140.0;1
2657;2657;;entrada;257.0;1
2658;2658;;entrada;227.0;1
2659;2659;;entrada;424.0;1
2660;2660;;entrada;492.0;1
2661;2661;;entrada;334.0;1
2662;2662;;entrada;74.0;1
2663;2663;;entrada;445.0;1
2664;2664;;entrada;270.0;1
2665;2665;;entrada;458.0;1
2666;2666;;entrada;121.0;1
2667;2667;;entrada;72.0;1
2668;2668;;entrada;286.0;1
2669;2669;;entrada;40.0;1
2670;2670;;entrada;266.0;1
2671;2671;;entrada;266.0;1
2672;2672;;entrada;476.0;1
2673;2673;;entrada;284.0;1
2674;2674;;entrada;373.0;1
2675;2675;;entrada;37.0;1
2676;2676;;entrada;419.0;1
2677;2677;;entrada;424.0;1
2678;2678;;entrada;233.0;1
2679;2679;;entrada;398.0;1
2680;2680;;entrada;410.0;1
2681;2681;;entrada;31.0;1
2682;2682;;entrada;396.0;1
2683;2683;;entrada;355.0;1
2684;2684;;entrada;430.0;1
2685;2685;;entrada;492.0;1
2686;2686;;entrada;290.0;1
2687;2687;;entrada;396.0;1
2688;2688;;entrada;139.0;1
2689;2689;;entrada;259.0;1
2690;2690;;entrada;378.0;1
2691;2691;;entrada;75.0;1
2692;2692;;entrada;94.0;1
2693;2693;;entrada;61.0;1
2694;2694;;entrada;228.0;1
2695;2695;;entrada;293.0;1
2696;2696;;entrada;303.0;1
2697;2697;;entrada;382.0;1
2698;2698;;entrada;167.0;1
2699;2699;;entrada;297.0;1
2700;2700;;entrada;137.0;1
2701;2701;;entrada;44.0;1
2702;2702;;entrada;276.0;1
2703;2703;;entrada;193.0;1
2704;2704;;entrada;71.0;1
2705;2705;;entrada;196.0;1
2706;2706;;entrada;407.0;1
2707;2707;;entrada;362.0;1
2708;2708;;entrada;191.0;1
2709;2709;;entrada;484.0;1
2710;2710;;entrada;337.0;1
2711;2711;;entrada;125.0;1
2712;2712;;entrada;129.0;1
2713;2713;;entrada;445.0;1
2714;2714;;entrada;409.0;1
2715;2715;;entrada;411.0;1
2716;2716;;entrada;248.0;1
2717;2717;;entrada;245.0;1
2718;2718;;entrada;101.0;1
2719;2719;;entrada;34.0;1
2720;2720;;entrada;195.0;1
2721;2721;;entrada;388.0;1
2722;2722;;entrada;471.0;1
2723;2723;;entrada;346.0;1
2724;2724;;entrada;57.0;1
2725;2725;;entrada;471.0;1
2726;2726;;entrada;348.0;1
2727;2727;;entrada;251.0;1
2728;2728;;entrada;286.0;1
2729;2729;;entrada;204.0;1
2730;2730;;entrada;247.0;1
2731;2731;;entrada;208.0;1
2732;2732;;entrada;460.0;1
2733;2733;;entrada;276.0;1
2734;2734;;entrada;79.0;1
2735;2735;;entrada;210.0;1
2736;2736;;entrada;228.0;1
2737;2737;;entrada;498.0;1
2738;2738;;entrada;200.0;1
2739;2739;;entrada;164.0;1
2740;2740;;entrada;437.0;1
2741;2741;;entrada;462.0;1
2742;2742;;entrada;427.0;1
2743;2743;;entrada;68.0;1
2744;2744;;entrada;100.0;1
2745;2745;;entrada;173.0;1
2746;2746;;entrada;267.0;1
2747;2747;;entrada;177.0;1
2748;2748;;entrada;34.0;1
2749;2749;;entrada;213.0;1
2750;2750;;entrada;474.0;1
2751;2751;;entrada;278.0;1
2752;2752;;entrada;446.0;1
2753;2753;;entrada;423.0;1
2754;2754;;entrada;99.0;1
2755;2755;;entrada;251.0;1
2756;2756;;entrada;128.0;1
2757;2757;;entrada;343.0;1
2758;2758;;entrada;431.0;1
2759;2759;;entrada;315.0;1
2760;2760;;entrada;183.0;1
2761;2761;;entrada;235.0;1
2762;2762;;entrada;309.0;1
2763;2763;;entrada;111.0;1
2764;2764;;entrada;351.0;1
2765;2765;;entrada;412.0;1
2766;2766;;entrada;109.0;1
2767;2767;;entrada;56.0;1
2768;2768;;entrada;176.0;1
2769;2769;;entrada;453.0;1
2770;2770;;entrada;401.0;1
2771;2771;;entrada;333.0;1
2772;2772;;entrada;65.0;1
2773;2773;;entrada;85.0;1
2774;2774;;entrada;139.0;1
2775;2775;;entrada;322.0;1
2776;2776;;entrada;441.0;1
2777;2777;;entrada;141.0;1
2778;2778;;entrada;362.0;1
2779;2779;;entrada;280.0;1
2780;2780;;entrada;357.0;1
2781;2781;;entrada;467.0;1
2782;2782;;entrada;151.0;1
2783;2783;;entrada;167.0;1
2784;2784;;entrada;496.0;1
2785;2785;;entrada;385.0;1
2786;2786;;entrada;446.0;1
2787;2787;;entrada;324.0;1
2788;2788;;entrada;154.0;1
2789;2789;;entrada;389.0;1
2790;2790;;entrada;487.0;1
2791;2791;;entrada;51.0;1
2792;2792;;entrada;305.0;1
2793;2793;;entrada;295.0;1
2794;2794;;entrada;110.0;1
2795;2795;;entrada;193.0;1
2796;2796;;entrada;326.0;1
2797;2797;;entrada;330.0;1
2798;2798;;entrada;307.0;1
2799;2799;;entrada;392.0;1
2800;2800;;entrada;213.0;1
2801;2801;;entrada;487.0;1
2802;2802;;entrada;39.0;1
2803;2803;;entrada;390.0;1
2804;2804;;entrada;52.0;1
2805;2805;;entrada;472.0;1
2806;2806;;entrada;447.0;1
2807;2807;;entrada;82.0;1
2808;2808;;entrada;466.0;1
2809;2809;;entrada;141.0;1
2810;2810;;entrada;388.0;1
2811;2811;;entrada;373.0;1
2812;2812;;entrada;79.0;1
2813;2813;;entrada;197.0;1
2814;2814;;entrada;186.0;1
2815;2815;;entrada;28.0;1
2816;2816;;entrada;229.0;1
2817;2817;;entrada;304.0;1
2818;2818;;entrada;314.0;1
2819;2819;;entrada;312.0;1
2820;2820;;entrada;223.0;1
2821;2821;;entrada;434.0;1
2822;2822;;entrada;282.0;1
2823;2823;;entrada;183.0;1
2824;2824;;entrada;389.0;1
2825;2825;;entrada;427.0;1
2826;2826;;entrada;475.0;1
2827;2827;;entrada;298.0;1
2828;2828;;entrada;143.0;1
2829;2829;;entrada;62.0;1
2830;2830;;entrada;332.0;1
2831;2831;;entrada;482.0;1
2832;2832;;entrada;463.0;1
2833;2833;;entrada;440.0;1
2834;2834;;entrada;335.0;1
2835;2835;;entrada;388.0;1
2836;2836;;entrada;122.0;1
2837;2837;;entrada;346.0;1
2838;2838;;entrada;455.0;1
2839;2839;;entrada;72.0;1
2840;2840;;entrada;168.0;1
2841;2841;;entrada;260.0;1
2842;2842;;entrada;455.0;1
2843;2843;;entrada;34.0;1
2844;2844;;entrada;298.0;1
2845;2845;;entrada;121.0;1
2846;2846;;entrada;463.0;1
2847;2847;;entrada;153.0;1
2848;2848;;entrada;276.0;1
2849;2849;;entrada;341.0;1
2850;2850;;entrada;345.0;1
2851;2851;;entrada;60.0;1
2852;2852;;entrada;323.0;1
2853;2853;;entrada;372.0;1
2854;2854;;entrada;20.0;1
2855;2855;;entrada;277.0;1
2856;2856;;entrada;477.0;1
2857;2857;;entrada;137.0;1
2858;2858;;entrada;116.0;1
2859;2859;;entrada;499.0;1
2860;2860;;entrada;310.0;1
2861;2861;;entrada;368.0;1
2862;2862;;entrada;32.0;1
2863;2863;;entrada;419.0;1
2864;2864;;entrada;249.0;1
2865;2865;;entrada;152.0;1
2866;2866;;entrada;167.0;1
2867;2867;;entrada;107.0;1
2868;2868;;entrada;183.0;1
2869;2869;;entrada;54.0;1
2870;2870;;entrada;23.0;1
2871;2871;;entrada;27.0;1
2872;2872;;entrada;66.0;1
2873;2873;;entrada;394.0;1
2874;2874;;entrada;415.0;1
2875;2875;;entrada;30.0;1
2876;2876;;entrada;65.0;1
2877;2877;;entrada;391.0;1
2878;2878;;entrada;289.0;1
2879;2879;;entrada;383.0;1
2880;2880;;entrada;481.0;1
2881;2881;;entrada;174.0;1
2882;2882;;entrada;456.0;1
2883;2883;;entrada;352.0;1
2884;2884;;entrada;233.0;1
2885;2885;;entrada;141.0;1
2886;2886;;entrada;26.0;1
2887;2887;;entrada;254.0;1
2888;2888;;entrada;500.0;1
2889;2889;;entrada;298.0;1
2890;2890;;entrada;315.0;1
2891;2891;;entrada;197.0;1
2892;2892;;entrada;257.0;1
2893;2893;;entrada;319.0;1
2894;2894;;entrada;69.0;1
2895;2895;;entrada;170.0;1
2896;2896;;entrada;278.0;1
2897;2897;;entrada;356.0;1
2898;2898;;entrada;73.0;1
2899;2899;;entrada;47.0;1
2900;2900;;entrada;338.0;1
2901;2901;;entrada;153.0;1
2902;2902;;entrada;171.0;1
2903;2903;;entrada;317.0;1
2904;2904;;entrada;51.0;1
2905;2905;;entrada;300.0;1
2906;2906;;entrada;397.0;1
2907;2907;;entrada;151.0;1
2908;2908;;entrada;98.0;1
2909;2909;;entrada;472.0;1
2910;2910;;entrada;226.0;1
2911;2911;;entrada;497.0;1
2912;2912;;entrada;474.0;1
2913;2913;;entrada;104.0;1
2914;2914;;entrada;385.0;1
2915;2915;;entrada;52.0;1
2916;2916;;entrada;129.0;1
2917;2917;;entrada;135.0;1
2918;2918;;entrada;94.0;1
2919;2919;;entrada;274.0;1
2920;2920;;entrada;267.0;1
2921;2921;;entrada;142.0;1
2922;2922;;entrada;255.0;1
2923;2923;;entrada;219.0;1
2924;2924;;entrada;252.0;1
2925;2925;;entrada;244.0;1
2926;2926;;entrada;490.0;1
2927;2927;;entrada;309.0;1
2928;2928;;entrada;346.0;1
2929;2929;;entrada;208.0;1
2930;2930;;entrada;386.0;1
2931;2931;;entrada;46.0;1
2932;2932;;entrada;40.0;1
2933;2933;;entrada;424.0;1
2934;2934;;entrada;282.0;1
2935;2935;;entrada;385.0;1
2936;2936;;entrada;322.0;1
2937;2937;;entrada;177.0;1
2938;2938;;entrada;438.0;1
2939;2939;;entrada;97.0;1
2940;2940;;entrada;336.0;1
2941;2941;;entrada;318.0;1
2942;2942;;entrada;341.0;1
2943;2943;;entrada;358.0;1
2944;2944;;entrada;481.0;1
2945;2945;;entrada;411.0;1
2946;2946;;entrada;160.0;1
2947;2947;;entrada;256.0;1
2948;2948;;entrada;394.0;1
2949;2949;;entrada;417.0;1
2950;2950;;entrada;136.0;1
2951;2951;;entrada;163.0;1
2952;2952;;entrada;77.0;1
2953;2953;;entrada;408.0;1
2954;2954;;entrada;334.0;1
2955;2955;;entrada;283.0;1
2956;2956;;entrada;494.0;1
2957;2957;;entrada;336.0;1
2958;2958;;entrada;35.0;1
2959;2959;;entrada;287.0;1
2960;2960;;entrada;145.0;1
2961;2961;;entrada;444.0;1
2962;2962;;entrada;267.0;1
2963;2963;;entrada;323.0;1
2964;2964;;entrada;42.0;1
2965;2965;;entrada;315.0;1
2966;2966;;entrada;396.0;1
2967;2967;;entrada;81.0;1
2968;2968;;entrada;275.0;1
2969;2969;;entrada;292.0;1
2970;2970;;entrada;374.0;1
2971;2971;;entrada;177.0;1
2972;2972;;entrada;301.0;1
2973;2973;;entrada;153.0;1
2974;2974;;entrada;215.0;1
2975;2975;;entrada;300.0;1
2976;2976;;entrada;423.0;1
2977;2977;;entrada;102.0;1
2978;2978;;entrada;197.0;1
2979;2979;;entrada;361.0;1
2980;2980;;entrada;262.0;1
2981;2981;;entrada;276.0;1
2982;2982;;entrada;346.0;1
2983;2983;;entrada;469.0;1
2984;2984;;entrada;465.0;1
2985;2985;;entrada;214.0;1
2986;2986;;entrada;324.0;1
2987;2987;;entrada;398.0;1
2988;2988;;entrada;223.0;1
2989;2989;;entrada;363.0;1
2990;2990;;entrada;332.0;1
2991;2991;;entrada;373.0;1
2992;2992;;entrada;418.0;1
2993;2993;;entrada;410.0;1
2994;2994;;entrada;381.0;1
2995;2995;;entrada;85.0;1
2996;2996;;entrada;460.0;1
2997;2997;;entrada;199.0;1
2998;2998;;entrada;454.0;1
2999;2999;;entrada;165.0;1
3000;3000;;entrada;402.0;1
3001;3001;;entrada;388.0;1
3002;3002;;entrada;344.0;1
3003;3003;;entrada;319.0;1
3004;3004;;entrada;299.0;1
3005;3005;;entrada;456.0;1
3006;3006;;entrada;150.0;1
3007;3007;;entrada;163.0;1
3008;3008;;entrada;452.0;1
3009;3009;;entrada;481.0;1
3010;3010;;entrada;80.0;1
3011;3011;;entrada;325.0;1
3012;3012;;entrada;63.0;1
3013;3013;;entrada;358.0;1
3014;3014;;entrada;199.0;1
3015;3015;;entrada;144.0;1
3016;3016;;entrada;280.0;1
3017;3017;;entrada;453.0;1
3018;3018;;entrada;118.0;1
3019;3019;;entrada;242.0;1
3020;3020;;entrada;176.0;1
3021;3021;;entrada;234.0;1
3022;3022;;entrada;25.0;1
3023;3023;;entrada;339.0;1
3024;3024;;entrada;160.0;1
3025;3025;;entrada;300.0;1
3026;3026;;entrada;493.0;1
3027;3027;;entrada;81.0;1
3028;3028;;entrada;104.0;1
3029;3029;;entrada;23.0;1
3030;3030;;entrada;21.0;1
3031;3031;;entrada;487.0;1
3032;3032;;entrada;27.0;1
3033;3033;;entrada;256.0;1
3034;3034;;entrada;236.0;1
3035;3035;;entrada;347.0;1
3036;3036;;entrada;135.0;1
3037;3037;;entrada;294.0;1
3038;3038;;entrada;418.0;1
3039;3039;;entrada;345.0;1
3040;3040;;entrada;334.0;1
3041;3041;;entrada;49.0;1
3042;3042;;entrada;381.0;1
3043;3043;;entrada;106.0;1
3044;3044;;entrada;312.0;1
3045;3045;;entrada;425.0;1
3046;3046;;entrada;325.0;1
3047;3047;;entrada;141.0;1
3048;3048;;entrada;170.0;1
3049;3049;;entrada;414.0;1
3050;3050;;entrada;116.0;1
3051;3051;;entrada;103.0;1
3052;3052;;entrada;455.0;1
3053;3053;;entrada;304.0;1
3054;3054;;entrada;241.0;1
3055;3055;;entrada;205.0;1
3056;3056;;entrada;368.0;1
3057;3057;;entrada;276.0;1
3058;3058;;entrada;148.0;1
3059;3059;;entrada;81.0;1
3060;3060;;entrada;362.0;1
3061;3061;;entrada;59.0;1
3062;3062;;entrada;488.0;1
3063;3063;;entrada;398.0;1
3064;3064;;entrada;499.0;1
3065;3065;;entrada;239.0;1
3066;3066;;entrada;471.0;1
3067;3067;;entrada;112.0;1
3068;3068;;entrada;85.0;1
3069;3069;;entrada;236.0;1
3070;3070;;entrada;414.0;1
3071;3071;;entrada;493.0;1
3072;3072;;entrada;117.0;1
3073;3073;;entrada;233.0;1
3074;3074;;entrada;246.0;1
3075;3075;;entrada;345.0;1
3076;3076;;entrada;370.0;1
3077;3077;;entrada;380.0;1
3078;3078;;entrada;339.0;1
3079;3079;;entrada;45.0;1
3080;3080;;entrada;218.0;1
3081;3081;;entrada;473.0;1
3082;3082;;entrada;434.0;1
3083;3083;;entrada;127.0;1
3084;3084;;entrada;33.0;1
3085;3085;;entrada;365.0;1
3086;3086;;entrada;197.0;1
3087;3087;;entrada;444.0;1
3088;3088;;entrada;230.0;1
3089;3089;;entrada;153.0;1
3090;3090;;entrada;197.0;1
3091;3091;;entrada;112.0;1
3092;3092;;entrada;48.0;1
3093;3093;;entrada;297.0;1
3094;3094;;entrada;344.0;1
3095;3095;;entrada;28.0;1
3096;3096;;entrada;55.0;1
3097;3097;;entrada;45.0;1
3098;3098;;entrada;244.0;1
3099;3099;;entrada;340.0;1
3100;3100;;entrada;381.0;1
3101;3101;;entrada;125.0;1
3102;3102;;entrada;49.0;1
3103;3103;;entrada;97.0;1
3104;3104;;entrada;188.0;1
3105;3105;;entrada;87.0;1
3106;3106;;entrada;360.0;1
3107;3107;;entrada;473.0;1
3108;3108;;entrada;165.0;1
3109;3109;;entrada;84.0;1
3110;3110;;entrada;462.0;1
3111;3111;;entrada;153.0;1
3112;3112;;entrada;323.0;1
3113;3113;;entrada;221.0;1
3114;3114;;entrada;377.0;1
3115;3115;;entrada;175.0;1
3116;3116;;entrada;267.0;1
3117;3117;;entrada;343.0;1
3118;3118;;entrada;371.0;1
3119;3119;;entrada;104.0;1
3120;3120;;entrada;482.0;1
3121;3121;;entrada;412.0;1
3122;3122;;entrada;388.0;1
3123;3123;;entrada;87.0;1
3124;3124;;entrada;320.0;1
3125;3125;;entrada;413.0;1
3126;3126;;entrada;309.0;1
3127;3127;;entrada;326.0;1
3128;3128;;entrada;202.0;1
3129;3129;;entrada;118.0;1
3130;3130;;entrada;378.0;1
3131;3131;;entrada;253.0;1
3132;3132;;entrada;355.0;1
3133;3133;;entrada;356.0;1
3134;3134;;entrada;274.0;1
3135;3135;;entrada;51.0;1
3136;3136;;entrada;224.0;1
3137;3137;;entrada;427.0;1
3138;3138;;entrada;181.0;1
3139;3139;;entrada;241.0;1
3140;3140;;entrada;161.0;1
3141;3141;;entrada;234.0;1
3142;3142;;entrada;217.0;1
3143;3143;;entrada;227.0;1
3144;3144;;entrada;360.0;1
3145;3145;;entrada;177.0;1
3146;3146;;entrada;409.0;1
3147;3147;;entrada;337.0;1
3148;3148;;entrada;295.0;1
3149;3149;;entrada;205.0;1
3150;3150;;entrada;276.0;1
3151;3151;;entrada;65.0;1
3152;3152;;entrada;465.0;1
3153;3153;;entrada;491.0;1
3154;3154;;entrada;449.0;1
3155;3155;;entrada;209.0;1
3156;3156;;entrada;454.0;1
3157;3157;;entrada;146.0;1
3158;3158;;entrada;453.0;1
3159;3159;;entrada;163.0;1
3160;3160;;entrada;334.0;1
3161;3161;;entrada;104.0;1
3162;3162;;entrada;427.0;1
3163;3163;;entrada;435.0;1
3164;3164;;entrada;341.0;1
3165;3165;;entrada;121.0;1
3166;3166;;entrada;71.0;1
3167;3167;;entrada;333.0;1
3168;3168;;entrada;318.0;1
3169;3169;;entrada;186.0;1
3170;3170;;entrada;30.0;1
3171;3171;;entrada;475.0;1
3172;3172;;entrada;224.0;1
3173;3173;;entrada;316.0;1
3174;3174;;entrada;361.0;1
3175;3175;;entrada;344.0;1
3176;3176;;entrada;75.0;1
3177;3177;;entrada;306.0;1
3178;3178;;entrada;317.0;1
3179;3179;;entrada;278.0;1
3180;3180;;entrada;458.0;1
3181;3181;;entrada;106.0;1
3182;3182;;entrada;78.0;1
3183;3183;;entrada;285.0;1
3184;3184;;entrada;58.0;1
3185;3185;;entrada;482.0;1
3186;3186;;entrada;166.0;1
3187;3187;;entrada;189.0;1
3188;3188;;entrada;445.0;1
3189;3189;;entrada;496.0;1
3190;3190;;entrada;293.0;1
3191;3191;;entrada;165.0;1
3192;3192;;entrada;59.0;1
3193;3193;;entrada;370.0;1
3194;3194;;entrada;483.0;1
3195;3195;;entrada;493.0;1
3196;3196;;entrada;452.0;1
3197;3197;;entrada;438.0;1
3198;3198;;entrada;102.0;1
3199;3199;;entrada;356.0;1
3200;3200;;entrada;272.0;1
3201;3201;;entrada;256.0;1
3202;3202;;entrada;342.0;1
3203;3203;;entrada;255.0;1
3204;3204;;entrada;98.0;1
3205;3205;;entrada;181.0;1
3206;3206;;entrada;498.0;1
3207;3207;;entrada;304.0;1
3208;3208;;entrada;254.0;1
3209;3209;;entrada;383.0;1
3210;3210;;entrada;96.0;1
3211;3211;;entrada;411.0;1
3212;3212;;entrada;238.0;1
3213;3213;;entrada;179.0;1
3214;3214;;entrada;238.0;1
3215;3215;;entrada;130.0;1
3216;3216;;entrada;51.0;1
3217;3217;;entrada;100.0;1
3218;3218;;entrada;401.0;1
3219;3219;;entrada;398.0;1
3220;3220;;entrada;335.0;1
3221;3221;;entrada;471.0;1
3222;3222;;entrada;49.0;1
3223;3223;;entrada;207.0;1
3224;3224;;entrada;145.0;1
3225;3225;;entrada;57.0;1
3226;3226;;entrada;81.0;1
3227;3227;;entrada;227.0;1
3228;3228;;entrada;273.0;1
3229;3229;;entrada;424.0;1
3230;3230;;entrada;396.0;1
3231;3231;;entrada;170.0;1
3232;3232;;entrada;196.0;1
3233;3233;;entrada;169.0;1
3234;3234;;entrada;413.0;1
3235;3235;;entrada;228.0;1
3236;3236;;entrada;329.0;1
3237;3237;;entrada;391.0;1
3238;3238;;entrada;170.0;1
3239;3239;;entrada;388.0;1
3240;3240;;entrada;378.0;1
3241;3241;;entrada;329.0;1
3242;3242;;entrada;367.0;1
3243;3243;;entrada;146.0;1
3244;3244;;entrada;477.0;1
3245;3245;;entrada;222.0;1
3246;3246;;entrada;383.0;1
3247;3247;;entrada;353.0;1
3248;3248;;entrada;444.0;1
3249;3249;;entrada;460.0;1
3250;3250;;entrada;124.0;1
3251;3251;;entrada;489.0;1
3252;3252;;entrada;67.0;1
3253;3253;;entrada;123.0;1
3254;3254;;entrada;324.0;1
3255;3255;;entrada;80.0;1
3256;3256;;entrada;98.0;1
3257;3257;;entrada;92.0;1
3258;3258;;entrada;246.0;1
3259;3259;;entrada;477.0;1
3260;3260;;entrada;180.0;1
3261;3261;;entrada;136.0;1
3262;3262;;entrada;220.0;1
3263;3263;;entrada;149.0;1
3264;3264;;entrada;471.0;1
3265;3265;;entrada;234.0;1
3266;3266;;entrada;117.0;1
3267;3267;;entrada;42.0;1
3268;3268;;entrada;156.0;1
3269;3269;;entrada;268.0;1
3270;3270;;entrada;474.0;1
3271;3271;;entrada;70.0;1
3272;3272;;entrada;165.0;1
3273;3273;;entrada;213.0;1
3274;3274;;entrada;42.0;1
3275;3275;;entrada;373.0;1
3276;3276;;entrada;197.0;1
3277;3277;;entrada;106.0;1
3278;3278;;entrada;297.0;1
3279;3279;;entrada;212.0;1
3280;3280;;entrada;315.0;1
3281;3281;;entrada;264.0;1
3282;3282;;entrada;442.0;1
3283;3283;;entrada;274.0;1
3284;3284;;entrada;166.0;1
3285;3285;;entrada;153.0;1
3286;3286;;entrada;329.0;1
3287;3287;;entrada;41.0;1
3288;3288;;entrada;473.0;1
3289;3289;;entrada;110.0;1
3290;3290;;entrada;310.0;1
3291;3291;;entrada;91.0;1
3292;3292;;entrada;323.0;1
3293;3293;;entrada;418.0;1
3294;3294;;entrada;292.0;1
3295;3295;;entrada;359.0;1
3296;3296;;entrada;28.0;1
3297;3297;;entrada;463.0;1
3298;3298;;entrada;370.0;1
3299;3299;;entrada;487.0;1
3300;3300;;entrada;130.0;1
3301;3301;;entrada;408.0;1
3302;3302;;entrada;359.0;1
3303;3303;;entrada;274.0;1
3304;3304;;entrada;379.0;1
3305;3305;;entrada;184.0;1
3306;3306;;entrada;483.0;1
3307;3307;;entrada;178.0;1
3308;3308;;entrada;453.0;1
3309;3309;;entrada;72.0;1
3310;3310;;entrada;444.0;1
3311;3311;;entrada;219.0;1
3312;3312;;entrada;481.0;1
3313;3313;;entrada;406.0;1
3314;3314;;entrada;396.0;1
3315;3315;;entrada;260.0;1
3316;3316;;entrada;435.0;1
3317;3317;;entrada;346.0;1
3318;3318;;entrada;255.0;1
3319;3319;;entrada;237.0;1
3320;3320;;entrada;204.0;1
3321;3321;;entrada;307.0;1
3322;3322;;entrada;434.0;1
3323;3323;;entrada;65.0;1
3324;3324;;entrada;309.0;1
3325;3325;;entrada;306.0;1
3326;3326;;entrada;66.0;1
3327;3327;;entrada;403.0;1
3328;3328;;entrada;268.0;1
3329;3329;;entrada;500.0;1
3330;3330;;entrada;362.0;1
3331;3331;;entrada;153.0;1
3332;3332;;entrada;482.0;1
3333;3333;;entrada;209.0;1
3334;3334;;entrada;224.0;1
3335;3335;;entrada;448.0;1
3336;3336;;entrada;227.0;1
3337;3337;;entrada;350.0;1
3338;3338;;entrada;476.0;1
3339;3339;;entrada;161.0;1
3340;3340;;entrada;321.0;1
3341;3341;;entrada;416.0;1
3342;3342;;entrada;346.0;1
3343;3343;;entrada;54.0;1
3344;3344;;entrada;411.0;1
3345;3345;;entrada;109.0;1
3346;3346;;entrada;101.0;1
3347;3347;;entrada;479.0;1
3348;3348;;entrada;192.0;1
3349;3349;;entrada;442.0;1
3350;3350;;entrada;124.0;1
3351;3351;;entrada;140.0;1
3352;3352;;entrada;186.0;1
3353;3353;;entrada;324.0;1
3354;3354;;entrada;128.0;1
3355;3355;;entrada;262.0;1
3356;3356;;entrada;373.0;1
3357;3357;;entrada;466.0;1
3358;3358;;entrada;476.0;1
3359;3359;;entrada;71.0;1
3360;3360;;entrada;484.0;1
3361;3361;;entrada;476.0;1
3362;3362;;entrada;80.0;1
3363;3363;;entrada;176.0;1
3364;3364;;entrada;136.0;1
3365;3365;;entrada;188.0;1
3366;3366;;entrada;262.0;1
3367;3367;;entrada;116.0;1
3368;3368;;entrada;128.0;1
3369;3369;;entrada;318.0;1
3370;3370;;entrada;189.0;1
3371;3371;;entrada;417.0;1
3372;3372;;entrada;346.0;1
3373;3373;;entrada;81.0;1
3374;3374;;entrada;348.0;1
3375;3375;;entrada;356.0;1
3376;3376;;entrada;364.0;1
3377;3377;;entrada;65.0;1
3378;3378;;entrada;385.0;1
3379;3379;;entrada;407.0;1
3380;3380;;entrada;462.0;1
3381;3381;;entrada;365.0;1
3382;3382;;entrada;207.0;1
3383;3383;;entrada;181.0;1
3384;3384;;entrada;208.0;1
3385;3385;;entrada;42.0;1
3386;3386;;entrada;224.0;1
3387;3387;;entrada;345.0;1
3388;3388;;entrada;88.0;1
3389;3389;;entrada;390.0;1
3390;3390;;entrada;339.0;1
3391;3391;;entrada;206.0;1
3392;3392;;entrada;71.0;1
3393;3393;;entrada;306.0;1
3394;3394;;entrada;434.0;1
3395;3395;;entrada;234.0;1
3396;3396;;entrada;329.0;1
3397;3397;;entrada;226.0;1
3398;3398;;entrada;239.0;1
3399;3399;;entrada;193.0;1
3400;3400;;entrada;391.0;1
3401;3401;;entrada;83.0;1
3402;3402;;entrada;373.0;1
3403;3403;;entrada;200.0;1
3404;3404;;entrada;216.0;1
3405;3405;;entrada;365.0;1
3406;3406;;entrada;296.0;1
3407;3407;;entrada;129.0;1
3408;3408;;entrada;77.0;1
3409;3409;;entrada;115.0;1
3410;3410;;entrada;126.0;1
3411;3411;;entrada;330.0;1
3412;3412;;entrada;87.0;1
3413;3413;;entrada;486.0;1
3414;3414;;entrada;268.0;1
3415;3415;;entrada;323.0;1
3416;3416;;entrada;176.0;1
3417;3417;;entrada;272.0;1
3418;3418;;entrada;21.0;1
3419;3419;;entrada;336.0;1
3420;3420;;entrada;34.0;1
3421;3421;;entrada;247.0;1
3422;3422;;entrada;282.0;1
3423;3423;;entrada;291.0;1
3424;3424;;entrada;351.0;1
3425;3425;;entrada;49.0;1
3426;3426;;entrada;373.0;1
3427;3427;;entrada;304.0;1
3428;3428;;entrada;124.0;1
3429;3429;;entrada;192.0;1
3430;3430;;entrada;222.0;1
3431;3431;;entrada;161.0;1
3432;3432;;entrada;391.0;1
3433;3433;;entrada;138.0;1
3434;3434;;entrada;228.0;1
3435;3435;;entrada;199.0;1
3436;3436;;entrada;322.0;1
3437;3437;;entrada;286.0;1
3438;3438;;entrada;44.0;1
3439;3439;;entrada;276.0;1
3440;3440;;entrada;377.0;1
3441;3441;;entrada;427.0;1
3442;3442;;entrada;459.0;1
3443;3443;;entrada;325.0;1
3444;3444;;entrada;485.0;1
3445;3445;;entrada;219.0;1
3446;3446;;entrada;173.0;1
3447;3447;;entrada;121.0;1
3448;3448;;entrada;35.0;1
3449;3449;;entrada;344.0;1
3450;3450;;entrada;269.0;1
3451;3451;;entrada;272.0;1
3452;3452;;entrada;478.0;1
3453;3453;;entrada;229.0;1
3454;3454;;entrada;353.0;1
3455;3455;;entrada;163.0;1
3456;3456;;entrada;321.0;1
3457;3457;;entrada;462.0;1
3458;3458;;entrada;290.0;1
3459;3459;;entrada;474.0;1
3460;3460;;entrada;318.0;1
3461;3461;;entrada;255.0;1
3462;3462;;entrada;383.0;1
3463;3463;;entrada;83.0;1
3464;3464;;entrada;208.0;1
3465;3465;;entrada;479.0;1
3466;3466;;entrada;347.0;1
3467;3467;;entrada;383.0;1
3468;3468;;entrada;414.0;1
3469;3469;;entrada;20.0;1
3470;3470;;entrada;64.0;1
3471;3471;;entrada;400.0;1
3472;3472;;entrada;303.0;1
3473;3473;;entrada;126.0;1
3474;3474;;entrada;370.0;1
3475;3475;;entrada;91.0;1
3476;3476;;entrada;94.0;1
3477;3477;;entrada;457.0;1
3478;3478;;entrada;130.0;1
3479;3479;;entrada;164.0;1
3480;3480;;entrada;37.0;1
3481;3481;;entrada;242.0;1
3482;3482;;entrada;318.0;1
3483;3483;;entrada;391.0;1
3484;3484;;entrada;305.0;1
3485;3485;;entrada;122.0;1
3486;3486;;entrada;433.0;1
3487;3487;;entrada;326.0;1
3488;3488;;entrada;389.0;1
3489;3489;;entrada;381.0;1
3490;3490;;entrada;125.0;1
3491;3491;;entrada;154.0;1
3492;3492;;entrada;281.0;1
3493;3493;;entrada;129.0;1
3494;3494;;entrada;267.0;1
3495;3495;;entrada;221.0;1
3496;3496;;entrada;293.0;1
3497;3497;;entrada;489.0;1
3498;3498;;entrada;458.0;1
3499;3499;;entrada;396.0;1
3500;3500;;entrada;441.0;1
3501;3501;;entrada;107.0;1
3502;3502;;entrada;419.0;1
3503;3503;;entrada;129.0;1
3504;3504;;entrada;62.0;1
3505;3505;;entrada;367.0;1
3506;3506;;entrada;122.0;1
3507;3507;;entrada;426.0;1
3508;3508;;entrada;451.0;1
3509;3509;;entrada;35.0;1
3510;3510;;entrada;107.0;1
3511;3511;;entrada;151.0;1
3512;3512;;entrada;152.0;1
3513;3513;;entrada;495.0;1
3514;3514;;entrada;334.0;1
3515;3515;;entrada;90.0;1
3516;3516;;entrada;277.0;1
3517;3517;;entrada;324.0;1
3518;3518;;entrada;307.0;1
3519;3519;;entrada;27.0;1
3520;3520;;entrada;221.0;1
3521;3521;;entrada;445.0;1
3522;3522;;entrada;67.0;1
3523;3523;;entrada;349.0;1
3524;3524;;entrada;284.0;1
3525;3525;;entrada;31.0;1
3526;3526;;entrada;297.0;1
3527;3527;;entrada;287.0;1
3528;3528;;entrada;299.0;1
3529;3529;;entrada;205.0;1
3530;3530;;entrada;234.0;1
3531;3531;;entrada;230.0;1
3532;3532;;entrada;56.0;1
3533;3533;;entrada;59.0;1
3534;3534;;entrada;278.0;1
3535;3535;;entrada;76.0;1
3536;3536;;entrada;269.0;1
3537;3537;;entrada;36.0;1
3538;3538;;entrada;371.0;1
3539;3539;;entrada;459.0;1
3540;3540;;entrada;265.0;1
3541;3541;;entrada;340.0;1
3542;3542;;entrada;176.0;1
3543;3543;;entrada;183.0;1
3544;3544;;entrada;137.0;1
3545;3545;;entrada;358.0;1
3546;3546;;entrada;41.0;1
3547;3547;;entrada;161.0;1
3548;3548;;entrada;197.0;1
3549;3549;;entrada;101.0;1
3550;3550;;entrada;224.0;1
3551;3551;;entrada;499.0;1
3552;3552;;entrada;98.0;1
3553;3553;;entrada;168.0;1
3554;3554;;entrada;198.0;1
3555;3555;;entrada;121.0;1
3556;3556;;entrada;459.0;1
3557;3557;;entrada;466.0;1
3558;3558;;entrada;336.0;1
3559;3559;;entrada;45.0;1
3560;3560;;entrada;445.0;1
3561;3561;;entrada;183.0;1
3562;3562;;entrada;386.0;1
3563;3563;;entrada;280.0;1
3564;3564;;entrada;110.0;1
3565;3565;;entrada;466.0;1
3566;3566;;entrada;50.0;1
3567;3567;;entrada;141.0;1
3568;3568;;entrada;225.0;1
3569;3569;;entrada;260.0;1
3570;3570;;entrada;450.0;1
3571;3571;;entrada;44.0;1
3572;3572;;entrada;201.0;1
3573;3573;;entrada;187.0;1
3574;3574;;entrada;163.0;1
3575;3575;;entrada;57.0;1
3576;3576;;entrada;62.0;1
3577;3577;;entrada;181.0;1
3578;3578;;entrada;340.0;1
3579;3579;;entrada;77.0;1
3580;3580;;entrada;287.0;1
3581;3581;;entrada;220.0;1
3582;3582;;entrada;45.0;1
3583;3583;;entrada;24.0;1
3584;3584;;entrada;292.0;1
3585;3585;;entrada;104.0;1
3586;3586;;entrada;28.0;1
3587;3587;;entrada;319.0;1
3588;3588;;entrada;207.0;1
3589;3589;;entrada;200.0;1
3590;3590;;entrada;90.0;1
3591;3591;;entrada;195.0;1
3592;3592;;entrada;371.0;1
3593;3593;;entrada;107.0;1
3594;3594;;entrada;234.0;1
3595;3595;;entrada;183.0;1
3596;3596;;entrada;378.0;1
3597;3597;;entrada;158.0;1
3598;3598;;entrada;275.0;1
3599;3599;;entrada;105.0;1
3600;3600;;entrada;257.0;1
3601;3601;;entrada;258.0;1
3602;3602;;entrada;490.0;1
3603;3603;;entrada;92.0;1
3604;3604;;entrada;323.0;1
3605;3605;;entrada;62.0;1
3606;3606;;entrada;343.0;1
3607;3607;;entrada;79.0;1
3608;3608;;entrada;331.0;1
3609;3609;;entrada;267.0;1
3610;3610;;entrada;483.0;1
3611;3611;;entrada;205.0;1
3612;3612;;entrada;92.0;1
3613;3613;;entrada;315.0;1
3614;3614;;entrada;141.0;1
3615;3615;;entrada;374.0;1
3616;3616;;entrada;126.0;1
3617;3617;;entrada;304.0;1
3618;3618;;entrada;247.0;1
3619;3619;;entrada;43.0;1
3620;3620;;entrada;350.0;1
3621;3621;;entrada;494.0;1
3622;3622;;entrada;91.0;1
3623;3623;;entrada;88.0;1
3624;3624;;entrada;402.0;1
3625;3625;;entrada;296.0;1
3626;3626;;entrada;35.0;1
3627;3627;;entrada;498.0;1
3628;3628;;entrada;303.0;1
3629;3629;;entrada;345.0;1
3630;3630;;entrada;487.0;1
3631;3631;;entrada;108.0;1
3632;3632;;entrada;479.0;1
3633;3633;;entrada;117.0;1
3634;3634;;entrada;427.0;1
3635;3635;;entrada;494.0;1
3636;3636;;entrada;381.0;1
3637;3637;;entrada;343.0;1
3638;3638;;entrada;479.0;1
3639;3639;;entrada;310.0;1
3640;3640;;entrada;201.0;1
3641;3641;;entrada;425.0;1
3642;3642;;entrada;426.0;1
3643;3643;;entrada;186.0;1
3644;3644;;entrada;476.0;1
3645;3645;;entrada;202.0;1
3646;3646;;entrada;463.0;1
3647;3647;;entrada;96.0;1
3648;3648;;entrada;350.0;1
3649;3649;;entrada;165.0;1
3650;3650;;entrada;242.0;1
3651;3651;;entrada;380.0;1
3652;3652;;entrada;172.0;1
3653;3653;;entrada;345.0;1
3654;3654;;entrada;331.0;1
3655;3655;;entrada;432.0;1
3656;3656;;entrada;487.0;1
3657;3657;;entrada;197.0;1
3658;3658;;entrada;94.0;1
3659;3659;;entrada;500.0;1
3660;3660;;entrada;67.0;1
3661;3661;;entrada;222.0;1
3662;3662;;entrada;415.0;1
3663;3663;;entrada;214.0;1
3664;3664;;entrada;398.0;1
3665;3665;;entrada;328.0;1
3666;3666;;entrada;36.0;1
3667;3667;;entrada;326.0;1
3668;3668;;entrada;265.0;1
3669;3669;;entrada;387.0;1
3670;3670;;entrada;112.0;1
3671;3671;;entrada;48.0;1
3672;3672;;entrada;214.0;1
3673;3673;;entrada;498.0;1
3674;3674;;entrada;418.0;1
3675;3675;;entrada;172.0;1
3676;3676;;entrada;88.0;1
3677;3677;;entrada;227.0;1
3678;3678;;entrada;483.0;1
3679;3679;;entrada;75.0;1
3680;3680;;entrada;74.0;1
3681;3681;;entrada;375.0;1
3682;3682;;entrada;375.0;1
3683;3683;;entrada;25.0;1
3684;3684;;entrada;286.0;1
3685;3685;;entrada;190.0;1
3686;3686;;entrada;222.0;1
3687;3687;;entrada;111.0;1
3688;3688;;entrada;268.0;1
3689;3689;;entrada;88.0;1
3690;3690;;entrada;479.0;1
3691;3691;;entrada;399.0;1
3692;3692;;entrada;364.0;1
3693;3693;;entrada;37.0;1
3694;3694;;entrada;416.0;1
3695;3695;;entrada;197.0;1
3696;3696;;entrada;438.0;1
3697;3697;;entrada;35.0;1
3698;3698;;entrada;483.0;1
3699;3699;;entrada;226.0;1
3700;3700;;entrada;225.0;1
3701;3701;;entrada;138.0;1
3702;3702;;entrada;439.0;1
3703;3703;;entrada;261.0;1
3704;3704;;entrada;356.0;1
3705;3705;;entrada;401.0;1
3706;3706;;entrada;289.0;1
3707;3707;;entrada;326.0;1
3708;3708;;entrada;301.0;1
3709;3709;;entrada;57.0;1
3710;3710;;entrada;174.0;1
3711;3711;;entrada;102.0;1
3712;3712;;entrada;319.0;1
3713;3713;;entrada;386.0;1
3714;3714;;entrada;198.0;1
3715;3715;;entrada;385.0;1
3716;3716;;entrada;370.0;1
3717;3717;;entrada;105.0;1
3718;3718;;entrada;110.0;1
3719;3719;;entrada;258.0;1
3720;3720;;entrada;266.0;1
3721;3721;;entrada;253.0;1
3722;3722;;entrada;254.0;1
3723;3723;;entrada;73.0;1
3724;3724;;entrada;99.0;1
3725;3725;;entrada;27.0;1
3726;3726;;entrada;390.0;1
3727;3727;;entrada;204.0;1
3728;3728;;entrada;349.0;1
3729;3729;;entrada;472.0;1
3730;3730;;entrada;89.0;1
3731;3731;;entrada;181.0;1
3732;3732;;entrada;393.0;1
3733;3733;;entrada;170.0;1
3734;3734;;entrada;476.0;1
3735;3735;;entrada;271.0;1
3736;3736;;entrada;229.0;1
3737;3737;;entrada;386.0;1
3738;3738;;entrada;161.0;1
3739;3739;;entrada;468.0;1
3740;3740;;entrada;349.0;1
3741;3741;;entrada;378.0;1
3742;3742;;entrada;333.0;1
3743;3743;;entrada;46.0;1
3744;3744;;entrada;61.0;1
3745;3745;;entrada;194.0;1
3746;3746;;entrada;374.0;1
3747;3747;;entrada;461.0;1
3748;3748;;entrada;365.0;1
3749;3749;;entrada;251.0;1
3750;3750;;entrada;76.0;1
3751;3751;;entrada;105.0;1
3752;3752;;entrada;20.0;1
3753;3753;;entrada;410.0;1
3754;3754;;entrada;127.0;1
3755;3755;;entrada;73.0;1
3756;3756;;entrada;137.0;1
3757;3757;;entrada;290.0;1
3758;3758;;entrada;137.0;1
3759;3759;;entrada;279.0;1
3760;3760;;entrada;403.0;1
3761;3761;;entrada;61.0;1
3762;3762;;entrada;196.0;1
3763;3763;;entrada;441.0;1
3764;3764;;entrada;434.0;1
3765;3765;;entrada;211.0;1
3766;3766;;entrada;269.0;1
3767;3767;;entrada;337.0;1
3768;3768;;entrada;52.0;1
3769;3769;;entrada;451.0;1
3770;3770;;entrada;25.0;1
3771;3771;;entrada;325.0;1
3772;3772;;entrada;498.0;1
3773;3773;;entrada;367.0;1
3774;3774;;entrada;300.0;1
3775;3775;;entrada;441.0;1
3776;3776;;entrada;261.0;1
3777;3777;;entrada;211.0;1
3778;3778;;entrada;268.0;1
3779;3779;;entrada;182.0;1
3780;3780;;entrada;62.0;1
3781;3781;;entrada;255.0;1
3782;3782;;entrada;329.0;1
3783;3783;;entrada;154.0;1
3784;3784;;entrada;478.0;1
3785;3785;;entrada;464.0;1
3786;3786;;entrada;83.0;1
3787;3787;;entrada;57.0;1
3788;3788;;entrada;449.0;1
3789;3789;;entrada;49.0;1
3790;3790;;entrada;461.0;1
3791;3791;;entrada;316.0;1
3792;3792;;entrada;133.0;1
3793;3793;;entrada;71.0;1
3794;3794;;entrada;382.0;1
3795;3795;;entrada;279.0;1
3796;3796;;entrada;419.0;1
3797;3797;;entrada;399.0;1
3798;3798;;entrada;225.0;1
3799;3799;;entrada;245.0;1
3800;3800;;entrada;41.0;1
3801;3801;;entrada;321.0;1
3802;3802;;entrada;178.0;1
3803;3803;;entrada;63.0;1
3804;3804;;entrada;241.0;1
3805;3805;;entrada;181.0;1
3806;3806;;entrada;251.0;1
3807;3807;;entrada;34.0;1
3808;3808;;entrada;260.0;1
3809;3809;;entrada;499.0;1
3810;3810;;entrada;296.0;1
3811;3811;;entrada;75.0;1
3812;3812;;entrada;173.0;1
3813;3813;;entrada;125.0;1
3814;3814;;entrada;263.0;1
3815;3815;;entrada;372.0;1
3816;3816;;entrada;64.0;1
3817;3817;;entrada;92.0;1
3818;3818;;entrada;141.0;1
3819;3819;;entrada;169.0;1
3820;3820;;entrada;426.0;1
3821;3821;;entrada;276.0;1
3822;3822;;entrada;489.0;1
3823;3823;;entrada;229.0;1
3824;3824;;entrada;60.0;1
3825;3825;;entrada;283.0;1
3826;3826;;entrada;386.0;1
3827;3827;;entrada;221.0;1
3828;3828;;entrada;368.0;1
3829;3829;;entrada;366.0;1
3830;3830;;entrada;153.0;1
3831;3831;;entrada;395.0;1
3832;3832;;entrada;158.0;1
3833;3833;;entrada;475.0;1
3834;3834;;entrada;251.0;1
3835;3835;;entrada;387.0;1
3836;3836;;entrada;127.0;1
3837;3837;;entrada;344.0;1
3838;3838;;entrada;138.0;1
3839;3839;;entrada;218.0;1
3840;3840;;entrada;280.0;1
3841;3841;;entrada;118.0;1
3842;3842;;entrada;358.0;1
3843;3843;;entrada;262.0;1
3844;3844;;entrada;196.0;1
3845;3845;;entrada;207.0;1
3846;3846;;entrada;288.0;1
3847;3847;;entrada;92.0;1
3848;3848;;entrada;365.0;1
3849;3849;;entrada;217.0;1
3850;3850;;entrada;186.0;1
3851;3851;;entrada;443.0;1
3852;3852;;entrada;21.0;1
3853;3853;;entrada;287.0;1
3854;3854;;entrada;84.0;1
3855;3855;;entrada;88.0;1
3856;3856;;entrada;480.0;1
3857;3857;;entrada;239.0;1
3858;3858;;entrada;368.0;1
3859;3859;;entrada;460.0;1
3860;3860;;entrada;212.0;1
3861;3861;;entrada;26.0;1
3862;3862;;entrada;376.0;1
3863;3863;;entrada;22.0;1
3864;3864;;entrada;152.0;1
3865;3865;;entrada;233.0;1
3866;3866;;entrada;201.0;1
3867;3867;;entrada;21.0;1
3868;3868;;entrada;78.0;1
3869;3869;;entrada;217.0;1
3870;3870;;entrada;240.0;1
3871;3871;;entrada;133.0;1
3872;3872;;entrada;23.0;1
3873;3873;;entrada;369.0;1
3874;3874;;entrada;387.0;1
3875;3875;;entrada;386.0;1
3876;3876;;entrada;445.0;1
3877;3877;;entrada;474.0;1
3878;3878;;entrada;23.0;1
3879;3879;;entrada;83.0;1
3880;3880;;entrada;182.0;1
3881;3881;;entrada;126.0;1
3882;3882;;entrada;101.0;1
3883;3883;;entrada;287.0;1
3884;3884;;entrada;310.0;1
3885;3885;;entrada;26.0;1
3886;3886;;entrada;160.0;1
3887;3887;;entrada;420.0;1
3888;3888;;entrada;355.0;1
3889;3889;;entrada;321.0;1
3890;3890;;entrada;441.0;1
3891;3891;;entrada;23.0;1
3892;3892;;entrada;361.0;1
3893;3893;;entrada;21.0;1
3894;3894;;entrada;272.0;1
3895;3895;;entrada;408.0;1
3896;3896;;entrada;321.0;1
3897;3897;;entrada;261.0;1
3898;3898;;entrada;99.0;1
3899;3899;;entrada;78.0;1
3900;3900;;entrada;488.0;1
3901;3901;;entrada;458.0;1
3902;3902;;entrada;468.0;1
3903;3903;;entrada;404.0;1
3904;3904;;entrada;136.0;1
3905;3905;;entrada;494.0;1
3906;3906;;entrada;55.0;1
3907;3907;;entrada;418.0;1
3908;3908;;entrada;483.0;1
3909;3909;;entrada;155.0;1
3910;3910;;entrada;187.0;1
3911;3911;;entrada;83.0;1
3912;3912;;entrada;348.0;1
3913;3913;;entrada;155.0;1
3914;3914;;entrada;281.0;1
3915;3915;;entrada;96.0;1
3916;3916;;entrada;311.0;1
3917;3917;;entrada;340.0;1
3918;3918;;entrada;312.0;1
3919;3919;;entrada;70.0;1
3920;3920;;entrada;364.0;1
3921;3921;;entrada;161.0;1
3922;3922;;entrada;144.0;1
3923;3923;;entrada;288.0;1
3924;3924;;entrada;177.0;1
3925;3925;;entrada;34.0;1
3926;3926;;entrada;226.0;1
3927;3927;;entrada;438.0;1
3928;3928;;entrada;348.0;1
3929;3929;;entrada;99.0;1
3930;3930;;entrada;357.0;1
3931;3931;;entrada;160.0;1
3932;3932;;entrada;403.0;1
3933;3933;;entrada;260.0;1
3934;3934;;entrada;384.0;1
3935;3935;;entrada;154.0;1
3936;3936;;entrada;254.0;1
3937;3937;;entrada;373.0;1
3938;3938;;entrada;259.0;1
3939;3939;;entrada;350.0;1
3940;3940;;entrada;181.0;1
3941;3941;;entrada;55.0;1
3942;3942;;entrada;279.0;1
3943;3943;;entrada;90.0;1
3944;3944;;entrada;446.0;1
3945;3945;;entrada;449.0;1
3946;3946;;entrada;362.0;1
3947;3947;;entrada;139.0;1
3948;3948;;entrada;364.0;1
3949;3949;;entrada;281.0;1
3950;3950;;entrada;291.0;1
3951;3951;;entrada;72.0;1
3952;3952;;entrada;351.0;1
3953;3953;;entrada;114.0;1
3954;3954;;entrada;497.0;1
3955;3955;;entrada;98.0;1
3956;3956;;entrada;358.0;1
3957;3957;;entrada;281.0;1
3958;3958;;entrada;151.0;1
3959;3959;;entrada;169.0;1
3960;3960;;entrada;413.0;1
3961;3961;;entrada;481.0;1
3962;3962;;entrada;163.0;1
3963;3963;;entrada;438.0;1
3964;3964;;entrada;308.0;1
3965;3965;;entrada;353.0;1
3966;3966;;entrada;400.0;1
3967;3967;;entrada;449.0;1
3968;3968;;entrada;36.0;1
3969;3969;;entrada;192.0;1
3970;3970;;entrada;223.0;1
3971;3971;;entrada;234.0;1
3972;3972;;entrada;83.0;1
3973;3973;;entrada;110.0;1
3974;3974;;entrada;259.0;1
3975;3975;;entrada;429.0;1
3976;3976;;entrada;375.0;1
3977;3977;;entrada;143.0;1
3978;3978;;entrada;62.0;1
3979;3979;;entrada;236.0;1
3980;3980;;entrada;355.0;1
3981;3981;;entrada;40.0;1
3982;3982;;entrada;172.0;1
3983;3983;;entrada;243.0;1
3984;3984;;entrada;324.0;1
3985;3985;;entrada;193.0;1
3986;3986;;entrada;159.0;1
3987;3987;;entrada;125.0;1
3988;3988;;entrada;131.0;1
3989;3989;;entrada;52.0;1
3990;3990;;entrada;122.0;1
3991;3991;;entrada;35.0;1
3992;3992;;entrada;408.0;1
3993;3993;;entrada;186.0;1
3994;3994;;entrada;82.0;1
3995;3995;;entrada;308.0;1
3996;3996;;entrada;484.0;1
3997;3997;;entrada;178.0;1
3998;3998;;entrada;111.0;1
3999;3999;;entrada;360.0;1
4000;4000;;entrada;167.0;1
4001;4001;;entrada;61.0;1
4002;4002;;entrada;270.0;1
4003;4003;;entrada;64.0;1
4004;4004;;entrada;338.0;1
4005;4005;;entrada;74.0;1
4006;4006;;entrada;134.0;1
4007;4007;;entrada;447.0;1
4008;4008;;entrada;279.0;1
4009;4009;;entrada;315.0;1
4010;4010;;entrada;171.0;1
4011;4011;;entrada;218.0;1
4012;4012;;entrada;204.0;1
4013;4013;;entrada;381.0;1
4014;4014;;entrada;84.0;1
4015;4015;;entrada;479.0;1
4016;4016;;entrada;28.0;1
4017;4017;;entrada;489.0;1
4018;4018;;entrada;272.0;1
4019;4019;;entrada;342.0;1
4020;4020;;entrada;140.0;1
4021;4021;;entrada;369.0;1
4022;4022;;entrada;375.0;1
4023;4023;;entrada;116.0;1
4024;4024;;entrada;359.0;1
4025;4025;;entrada;220.0;1
4026;4026;;entrada;348.0;1
4027;4027;;entrada;463.0;1
4028;4028;;entrada;357.0;1
4029;4029;;entrada;51.0;1
4030;4030;;entrada;144.0;1
4031;4031;;entrada;366.0;1
4032;4032;;entrada;368.0;1
4033;4033;;entrada;215.0;1
4034;4034;;entrada;125.0;1
4035;4035;;entrada;64.0;1
4036;4036;;entrada;47.0;1
4037;4037;;entrada;496.0;1
4038;4038;;entrada;416.0;1
4039;4039;;entrada;500.0;1
4040;4040;;entrada;255.0;1
4041;4041;;entrada;76.0;1
4042;4042;;entrada;37.0;1
4043;4043;;entrada;381.0;1
4044;4044;;entrada;417.0;1
4045;4045;;entrada;372.0;1
4046;4046;;entrada;250.0;1
4047;4047;;entrada;303.0;1
4048;4048;;entrada;460.0;1
4049;4049;;entrada;70.0;1
4050;4050;;entrada;455.0;1
4051;4051;;entrada;389.0;1
4052;4052;;entrada;236.0;1
4053;4053;;entrada;402.0;1
4054;4054;;entrada;149.0;1
4055;4055;;entrada;238.0;1
4056;4056;;entrada;360.0;1
4057;4057;;entrada;310.0;1
4058;4058;;entrada;28.0;1
4059;4059;;entrada;471.0;1
4060;4060;;entrada;253.0;1
4061;4061;;entrada;393.0;1
4062;4062;;entrada;181.0;1
4063;4063;;entrada;206.0;1
4064;4064;;entrada;153.0;1
4065;4065;;entrada;52.0;1
4066;4066;;entrada;238.0;1
4067;4067;;entrada;274.0;1
4068;4068;;entrada;491.0;1
4069;4069;;entrada;292.0;1
4070;4070;;entrada;384.0;1
4071;4071;;entrada;229.0;1
4072;4072;;entrada;464.0;1
4073;4073;;entrada;63.0;1
4074;4074;;entrada;375.0;1
4075;4075;;entrada;82.0;1
4076;4076;;entrada;276.0;1
4077;4077;;entrada;321.0;1
4078;4078;;entrada;336.0;1
4079;4079;;entrada;138.0;1
4080;4080;;entrada;491.0;1
4081;4081;;entrada;429.0;1
4082;4082;;entrada;378.0;1
4083;4083;;entrada;49.0;1
4084;4084;;entrada;449.0;1
4085;4085;;entrada;145.0;1
4086;4086;;entrada;407.0;1
4087;4087;;entrada;269.0;1
4088;4088;;entrada;275.0;1
4089;4089;;entrada;168.0;1
4090;4090;;entrada;261.0;1
4091;4091;;entrada;430.0;1
4092;4092;;entrada;127.0;1
4093;4093;;entrada;197.0;1
4094;4094;;entrada;482.0;1
4095;4095;;entrada;89.0;1
4096;4096;;entrada;368.0;1
4097;4097;;entrada;26.0;1
4098;4098;;entrada;304.0;1
4099;4099;;entrada;334.0;1
4100;4100;;entrada;143.0;1
4101;4101;;entrada;368.0;1
4102;4102;;entrada;283.0;1
4103;4103;;entrada;187.0;1
4104;4104;;entrada;107.0;1
4105;4105;;entrada;389.0;1
4106;4106;;entrada;50.0;1
4107;4107;;entrada;180.0;1
4108;4108;;entrada;28.0;1
4109;4109;;entrada;426.0;1
4110;4110;;entrada;325.0;1
4111;4111;;entrada;118.0;1
4112;4112;;entrada;278.0;1
4113;4113;;entrada;430.0;1
4114;4114;;entrada;433.0;1
4115;4115;;entrada;352.0;1
4116;4116;;entrada;309.0;1
4117;4117;;entrada;149.0;1
4118;4118;;entrada;254.0;1
4119;4119;;entrada;339.0;1
4120;4120;;entrada;254.0;1
4121;4121;;entrada;459.0;1
4122;4122;;entrada;50.0;1
4123;4123;;entrada;497.0;1
4124;4124;;entrada;433.0;1
4125;4125;;entrada;364.0;1
4126;4126;;entrada;271.0;1
4127;4127;;entrada;165.0;1
4128;4128;;entrada;156.0;1
4129;4129;;entrada;237.0;1
4130;4130;;entrada;231.0;1
4131;4131;;entrada;367.0;1
4132;4132;;entrada;245.0;1
4133;4133;;entrada;289.0;1
4134;4134;;entrada;263.0;1
4135;4135;;entrada;198.0;1
4136;4136;;entrada;448.0;1
4137;4137;;entrada;361.0;1
4138;4138;;entrada;21.0;1
4139;4139;;entrada;227.0;1
4140;4140;;entrada;465.0;1
4141;4141;;entrada;111.0;1
4142;4142;;entrada;465.0;1
4143;4143;;entrada;370.0;1
4144;4144;;entrada;219.0;1
4145;4145;;entrada;346.0;1
4146;4146;;entrada;455.0;1
4147;4147;;entrada;418.0;1
4148;4148;;entrada;167.0;1
4149;4149;;entrada;143.0;1
4150;4150;;entrada;418.0;1
4151;4151;;entrada;183.0;1
4152;4152;;entrada;46.0;1
4153;4153;;entrada;190.0;1
4154;4154;;entrada;293.0;1
4155;4155;;entrada;140.0;1
4156;4156;;entrada;427.0;1
4157;4157;;entrada;438.0;1
4158;4158;;entrada;177.0;1
4159;4159;;entrada;88.0;1
4160;4160;;entrada;396.0;1
4161;4161;;entrada;446.0;1
4162;4162;;entrada;481.0;1
4163;4163;;entrada;192.0;1
4164;4164;;entrada;141.0;1
4165;4165;;entrada;434.0;1
4166;4166;;entrada;451.0;1
4167;4167;;entrada;206.0;1
4168;4168;;entrada;43.0;1
4169;4169;;entrada;336.0;1
4170;4170;;entrada;422.0;1
4171;4171;;entrada;250.0;1
4172;4172;;entrada;40.0;1
4173;4173;;entrada;198.0;1
4174;4174;;entrada;26.0;1
4175;4175;;entrada;131.0;1
4176;4176;;entrada;250.0;1
4177;4177;;entrada;318.0;1
4178;4178;;entrada;120.0;1
4179;4179;;entrada;235.0;1
4180;4180;;entrada;242.0;1
4181;4181;;entrada;96.0;1
4182;4182;;entrada;136.0;1
4183;4183;;entrada;84.0;1
4184;4184;;entrada;167.0;1
4185;4185;;entrada;132.0;1
4186;4186;;entrada;359.0;1
4187;4187;;entrada;321.0;1
4188;4188;;entrada;91.0;1
4189;4189;;entrada;117.0;1
4190;4190;;entrada;58.0;1
4191;4191;;entrada;34.0;1
4192;4192;;entrada;25.0;1
4193;4193;;entrada;359.0;1
4194;4194;;entrada;26.0;1
4195;4195;;entrada;88.0;1
4196;4196;;entrada;439.0;1
4197;4197;;entrada;477.0;1
4198;4198;;entrada;144.0;1
4199;4199;;entrada;285.0;1
4200;4200;;entrada;275.0;1
4201;4201;;entrada;398.0;1
4202;4202;;entrada;243.0;1
4203;4203;;entrada;71.0;1
4204;4204;;entrada;275.0;1
4205;4205;;entrada;68.0;1
4206;4206;;entrada;442.0;1
4207;4207;;entrada;280.0;1
4208;4208;;entrada;438.0;1
4209;4209;;entrada;322.0;1
4210;4210;;entrada;65.0;1
4211;4211;;entrada;422.0;1
4212;4212;;entrada;400.0;1
4213;4213;;entrada;382.0;1
4214;4214;;entrada;454.0;1
4215;4215;;entrada;183.0;1
4216;4216;;entrada;365.0;1
4217;4217;;entrada;402.0;1
4218;4218;;entrada;80.0;1
4219;4219;;entrada;359.0;1
4220;4220;;entrada;404.0;1
4221;4221;;entrada;84.0;1
4222;4222;;entrada;494.0;1
4223;4223;;entrada;264.0;1
4224;4224;;entrada;90.0;1
4225;4225;;entrada;92.0;1
4226;4226;;entrada;466.0;1
4227;4227;;entrada;463.0;1
4228;4228;;entrada;420.0;1
4229;4229;;entrada;147.0;1
4230;4230;;entrada;276.0;1
4231;4231;;entrada;53.0;1
4232;4232;;entrada;269.0;1
4233;4233;;entrada;323.0;1
4234;4234;;entrada;326.0;1
4235;4235;;entrada;275.0;1
4236;4236;;entrada;480.0;1
4237;4237;;entrada;388.0;1
4238;4238;;entrada;375.0;1
4239;4239;;entrada;127.0;1
4240;4240;;entrada;95.0;1
4241;4241;;entrada;49.0;1
4242;4242;;entrada;32.0;1
4243;4243;;entrada;351.0;1
4244;4244;;entrada;117.0;1
4245;4245;;entrada;20.0;1
4246;4246;;entrada;313.0;1
4247;4247;;entrada;240.0;1
4248;4248;;entrada;447.0;1
4249;4249;;entrada;51.0;1
4250;4250;;entrada;128.0;1
4251;4251;;entrada;278.0;1
4252;4252;;entrada;419.0;1
4253;4253;;entrada;470.0;1
4254;4254;;entrada;456.0;1
4255;4255;;entrada;217.0;1
4256;4256;;entrada;269.0;1
4257;4257;;entrada;326.0;1
4258;4258;;entrada;436.0;1
4259;4259;;entrada;153.0;1
4260;4260;;entrada;391.0;1
4261;4261;;entrada;449.0;1
4262;4262;;entrada;57.0;1
4263;4263;;entrada;70.0;1
4264;4264;;entrada;81.0;1
4265;4265;;entrada;415.0;1
4266;4266;;entrada;347.0;1
4267;4267;;entrada;141.0;1
4268;4268;;entrada;188.0;1
4269;4269;;entrada;306.0;1
4270;4270;;entrada;46.0;1
4271;4271;;entrada;75.0;1
4272;4272;;entrada;476.0;1
4273;4273;;entrada;194.0;1
4274;4274;;entrada;155.0;1
4275;4275;;entrada;460.0;1
4276;4276;;entrada;393.0;1
4277;4277;;entrada;394.0;1
4278;4278;;entrada;348.0;1
4279;4279;;entrada;458.0;1
4280;4280;;entrada;57.0;1
4281;4281;;entrada;397.0;1
4282;4282;;entrada;377.0;1
4283;4283;;entrada;429.0;1
4284;4284;;entrada;437.0;1
4285;4285;;entrada;219.0;1
4286;4286;;entrada;211.0;1
4287;4287;;entrada;354.0;1
4288;4288;;entrada;251.0;1
4289;4289;;entrada;339.0;1
4290;4290;;entrada;287.0;1
4291;4291;;entrada;201.0;1
4292;4292;;entrada;149.0;1
4293;4293;;entrada;412.0;1
4294;4294;;entrada;475.0;1
4295;4295;;entrada;293.0;1
4296;4296;;entrada;428.0;1
4297;4297;;entrada;31.0;1
4298;4298;;entrada;439.0;1
4299;4299;;entrada;192.0;1
4300;4300;;entrada;235.0;1
4301;4301;;entrada;142.0;1
4302;4302;;entrada;115.0;1
4303;4303;;entrada;185.0;1
4304;4304;;entrada;489.0;1
4305;4305;;entrada;257.0;1
4306;4306;;entrada;101.0;1
4307;4307;;entrada;180.0;1
4308;4308;;entrada;340.0;1
4309;4309;;entrada;382.0;1
4310;4310;;entrada;62.0;1
4311;4311;;entrada;406.0;1
4312;4312;;entrada;126.0;1
4313;4313;;entrada;270.0;1
4314;4314;;entrada;209.0;1
4315;4315;;entrada;371.0;1
4316;4316;;entrada;242.0;1
4317;4317;;entrada;453.0;1
4318;4318;;entrada;99.0;1
4319;4319;;entrada;181.0;1
4320;4320;;entrada;375.0;1
4321;601;1.0;Saída;1.0;1
4322;1562;2.0;Saída;2.0;1
4323;1583;3.0;Saída;2.0;1
4324;1588;4.0;Saída;1.0;1
4325;119;5.0;Saída;2.0;1
4326;94;6.0;Saída;1.0;1
4327;1758;7.0;Saída;1.0;1
4328;1753;8.0;Saída;2.0;1
4329;1684;9.0;Saída;2.0;1
4330;234;10.0;Saída;1.0;1
4331;1132;11.0;Saída;1.0;1
4332;1131;12.0;Saída;2.0;1
4333;1123;13.0;Saída;1.0;1
4334;237;14.0;Saída;2.0;1
4335;657;15.0;Saída;2.0;1
4336;113;16.0;Saída;1.0;1
4337;109;17.0;Saída;1.0;1
4338;95;18.0;Saída;1.0;1
4339;794;19.0;Saída;2.0;1
4340;796;20.0;Saída;2.0;1
4341;2525;22.0;Saída;1.0;1
4342;2115;23.0;Saída;2.0;1
4343;2132;24.0;Saída;1.0;1
4344;2097;25.0;Saída;1.0;1
4345;1765;26.0;Saída;2.0;1
4346;1795;27.0;Saída;1.0;1
4347;1768;28.0;Saída;2.0;1
4348;2394;29.0;Saída;2.0;1
4349;2326;30.0;Saída;2.0;1
4350;2902;31.0;Saída;2.0;1
4351;3106;32.0;Saída;2.0;1
4352;2645;33.0;Saída;2.0;1
4353;2666;34.0;Saída;2.0;1
4354;2717;35.0;Saída;1.0;1
4355;2716;36.0;Saída;1.0;1
4356;2711;37.0;Saída;1.0;1
4357;2706;38.0;Saída;1.0;1
4358;2632;39.0;Saída;2.0;1
4359;2613;40.0;Saída;1.0;1
4360;3509;45.0;Saída;2.0;1
4361;3506;46.0;Saída;2.0;1
4362;3513;47.0;Saída;1.0;1
4363;3664;48.0;Saída;2.0;1
4364;3645;49.0;Saída;1.0;1
4365;3431;50.0;Saída;1.0;1
4366;3435;51.0;Saída;2.0;1
4367;3377;52.0;Saída;2.0;1
4368;3901;53.0;Saída;1.0;1
4369;173;54.0;Saída;1.0;2
4370;228;55.0;Saída;2.0;2
4371;501;56.0;Saída;2.0;2
4372;490;57.0;Saída;1.0;2
4373;1043;61.0;Saída;2.0;2
4374;322;62.0;Saída;2.0;2
4375;388;63.0;Saída;1.0;2
4376;1440;64.0;Saída;2.0;2
4377;1384;65.0;Saída;2.0;2
4378;16;66.0;Saída;2.0;2
4379;60;67.0;Saída;2.0;2
4380;72;68.0;Saída;1.0;2
4381;597;69.0;Saída;2.0;2
4382;1519;70.0;Saída;2.0;2
4383;1357;71.0;Saída;1.0;2
4384;1289;72.0;Saída;2.0;2
4385;1129;73.0;Saída;1.0;2
4386;1188;74.0;Saída;2.0;2
4387;1130;75.0;Saída;2.0;2
4388;595;76.0;Saída;2.0;2
4389;565;77.0;Saída;2.0;2
4390;1982;78.0;Saída;1.0;2
4391;1928;79.0;Saída;1.0;2
4392;1924;80.0;Saída;1.0;2
4393;1932;81.0;Saída;1.0;2
4394;1949;82.0;Saída;1.0;2
4395;1975;83.0;Saída;1.0;2
4396;2517;85.0;Saída;2.0;2
4397;2547;86.0;Saída;1.0;2
4398;2460;87.0;Saída;1.0;2
4399;2450;88.0;Saída;2.0;2
4400;2513;89.0;Saída;1.0;2
4401;2889;90.0;Saída;2.0;2
4402;2892;91.0;Saída;2.0;2
4403;2908;92.0;Saída;1.0;2
4404;3028;93.0;Saída;1.0;2
4405;2996;94.0;Saída;1.0;2
4406;2809;95.0;Saída;1.0;2
4407;2858;96.0;Saída;2.0;2
4408;2871;97.0;Saída;2.0;2
4409;3036;98.0;Saída;2.0;2
4410;2975;99.0;Saída;2.0;2
4411;3206;100.0;Saída;2.0;2
4412;3072;101.0;Saída;1.0;2
4413;3064;102.0;Saída;2.0;2
4414;3055;103.0;Saída;2.0;2
4415;3470;104.0;Saída;1.0;2
4416;3421;105.0;Saída;2.0;2
4417;3497;106.0;Saída;1.0;2
4418;1308;109.0;Saída;1.0;3
4419;1304;110.0;Saída;1.0;3
4420;15;111.0;Saída;1.0;3
4421;59;112.0;Saída;2.0;3
4422;79;113.0;Saída;2.0;3
4423;1718;116.0;Saída;2.0;3
4424;1724;117.0;Saída;1.0;3
4425;1703;118.0;Saída;2.0;3
4426;955;119.0;Saída;1.0;3
4427;943;120.0;Saída;2.0;3
4428;885;121.0;Saída;1.0;3
4429;1258;122.0;Saída;1.0;3
4430;1257;123.0;Saída;2.0;3
4431;1192;124.0;Saída;1.0;3
4432;1132;125.0;Saída;1.0;3
4433;1152;126.0;Saída;2.0;3
4434;382;127.0;Saída;1.0;3
4435;329;128.0;Saída;2.0;3
4436;380;129.0;Saída;2.0;3
4437;82;130.0;Saída;2.0;3
4438;105;131.0;Saída;2.0;3
4439;568;134.0;Saída;2.0;3
4440;629;135.0;Saída;2.0;3
4441;579;136.0;Saída;1.0;3
4442;1148;138.0;Saída;1.0;3
4443;1974;139.0;Saída;2.0;3
4444;1999;140.0;Saída;1.0;3
4445;2251;141.0;Saída;2.0;3
4446;2232;142.0;Saída;2.0;3
4447;2174;143.0;Saída;1.0;3
4448;2164;144.0;Saída;1.0;3
4449;2322;145.0;Saída;1.0;3
4450;2327;146.0;Saída;1.0;3
4451;2329;147.0;Saída;1.0;3
4452;1894;148.0;Saída;2.0;3
4453;1853;149.0;Saída;2.0;3
4454;1910;150.0;Saída;2.0;3
4455;2494;151.0;Saída;2.0;3
4456;2492;152.0;Saída;1.0;3
4457;2625;153.0;Saída;1.0;3
4458;2618;154.0;Saída;1.0;3
4459;3305;155.0;Saída;2.0;3
4460;3297;156.0;Saída;2.0;3
4461;2826;160.0;Saída;2.0;3
4462;2817;161.0;Saída;1.0;3
4463;2867;162.0;Saída;1.0;3
4464;2948;163.0;Saída;2.0;3
4465;3118;164.0;Saída;1.0;3
4466;4015;172.0;Saída;1.0;3
4467;4062;173.0;Saída;1.0;3
4468;756;174.0;Saída;2.0;4
4469;1633;175.0;Saída;1.0;4
4470;1276;178.0;Saída;2.0;4
4471;786;179.0;Saída;1.0;4
4472;789;180.0;Saída;2.0;4
4473;721;181.0;Saída;2.0;4
4474;1407;182.0;Saída;1.0;4
4475;1367;183.0;Saída;1.0;4
4476;1421;184.0;Saída;2.0;4
4477;1097;187.0;Saída;2.0;4
4478;1052;188.0;Saída;1.0;4
4479;1073;189.0;Saída;1.0;4
4480;769;190.0;Saída;2.0;4
4481;721;191.0;Saída;1.0;4
4482;722;192.0;Saída;2.0;4
4483;210;193.0;Saída;1.0;4
4484;224;194.0;Saída;1.0;4
4485;1907;195.0;Saída;2.0;4
4486;2545;196.0;Saída;1.0;4
4487;2326;197.0;Saída;1.0;4
4488;2323;198.0;Saída;2.0;4
4489;2325;199.0;Saída;1.0;4
4490;1928;200.0;Saída;1.0;4
4491;2307;201.0;Saída;1.0;4
4492;2308;202.0;Saída;2.0;4
4493;2702;203.0;Saída;1.0;4
4494;2918;204.0;Saída;2.0;4
4495;2894;205.0;Saída;2.0;4
4496;3209;206.0;Saída;1.0;4
4497;3237;207.0;Saída;1.0;4
4498;2765;208.0;Saída;1.0;4
4499;2622;209.0;Saída;1.0;4
4500;2569;210.0;Saída;2.0;4
4501;2624;211.0;Saída;2.0;4
4502;3446;212.0;Saída;2.0;4
4503;3462;213.0;Saída;1.0;4
4504;3608;214.0;Saída;1.0;4
4505;4247;215.0;Saída;1.0;4
4506;1432;216.0;Saída;2.0;5
4507;1373;217.0;Saída;2.0;5
4508;1377;218.0;Saída;2.0;5
4509;1423;219.0;Saída;1.0;5
4510;526;220.0;Saída;1.0;5
4511;499;221.0;Saída;1.0;5
4512;1385;222.0;Saída;1.0;5
4513;832;224.0;Saída;2.0;5
4514;278;225.0;Saída;2.0;5
4515;1040;226.0;Saída;1.0;5
4516;98;228.0;Saída;2.0;5
4517;150;229.0;Saída;1.0;5
4518;908;233.0;Saída;2.0;5
4519;888;234.0;Saída;1.0;5
4520;955;235.0;Saída;2.0;5
4521;1489;236.0;Saída;2.0;5
4522;475;237.0;Saída;2.0;5
4523;407;238.0;Saída;2.0;5
4524;1832;239.0;Saída;2.0;5
4525;2338;240.0;Saída;2.0;5
4526;2390;241.0;Saída;2.0;5
4527;2326;242.0;Saída;1.0;5
4528;2168;243.0;Saída;2.0;5
4529;2386;244.0;Saída;2.0;5
4530;2379;245.0;Saída;2.0;5
4531;3129;250.0;Saída;1.0;5
4532;3140;251.0;Saída;2.0;5
4533;3135;252.0;Saída;2.0;5
4534;3138;253.0;Saída;1.0;5
4535;3152;254.0;Saída;2.0;5
4536;2731;255.0;Saída;1.0;5
4537;2962;256.0;Saída;2.0;5
4538;2982;257.0;Saída;1.0;5
4539;3018;258.0;Saída;2.0;5
4540;2888;259.0;Saída;2.0;5
4541;3758;260.0;Saída;1.0;5
4542;3687;261.0;Saída;2.0;5
4543;3739;262.0;Saída;1.0;5
4544;3505;263.0;Saída;2.0;5
4545;3453;264.0;Saída;2.0;5
4546;3449;265.0;Saída;1.0;5
4547;4012;269.0;Saída;1.0;5
4548;4024;270.0;Saída;1.0;5
4549;4073;271.0;Saída;1.0;5
4550;1328;272.0;Saída;2.0;6
4551;1320;273.0;Saída;2.0;6
4552;1313;274.0;Saída;2.0;6
4553;990;275.0;Saída;2.0;6
4554;965;276.0;Saída;1.0;6
4555;418;277.0;Saída;2.0;6
4556;461;278.0;Saída;1.0;6
4557;473;279.0;Saída;1.0;6
4558;955;280.0;Saída;1.0;6
4559;902;281.0;Saída;2.0;6
4560;893;282.0;Saída;1.0;6
4561;721;283.0;Saída;1.0;6
4562;89;284.0;Saída;1.0;6
4563;553;285.0;Saída;1.0;6
4564;557;286.0;Saída;1.0;6
4565;513;287.0;Saída;1.0;6
4566;1583;288.0;Saída;1.0;6
4567;1535;289.0;Saída;2.0;6
4568;1983;293.0;Saída;2.0;6
4569;1839;294.0;Saída;1.0;6
4570;1802;295.0;Saída;2.0;6
4571;1777;296.0;Saída;2.0;6
4572;2004;297.0;Saída;1.0;6
4573;2018;298.0;Saída;2.0;6
4574;2076;299.0;Saída;2.0;6
4575;1843;300.0;Saída;1.0;6
4576;1859;301.0;Saída;1.0;6
4577;2481;302.0;Saída;2.0;6
4578;3187;303.0;Saída;1.0;6
4579;3133;304.0;Saída;1.0;6
4580;2807;305.0;Saída;2.0;6
4581;2828;306.0;Saída;2.0;6
4582;2626;307.0;Saída;1.0;6
4583;2881;308.0;Saída;2.0;6
4584;2944;309.0;Saída;1.0;6
4585;3156;310.0;Saída;2.0;6
4586;3179;311.0;Saída;2.0;6
4587;3122;312.0;Saída;2.0;6
4588;2676;313.0;Saída;1.0;6
4589;2647;314.0;Saída;1.0;6
4590;2665;315.0;Saída;2.0;6
4591;3665;316.0;Saída;2.0;6
4592;3641;317.0;Saída;1.0;6
4593;3618;318.0;Saída;1.0;6
4594;3613;319.0;Saída;1.0;6
4595;3693;320.0;Saída;2.0;6
4596;3746;321.0;Saída;1.0;6
4597;3738;322.0;Saída;2.0;6
4598;3904;323.0;Saída;1.0;6
4599;3913;324.0;Saída;2.0;6
4600;860;325.0;Saída;2.0;7
4601;513;326.0;Saída;1.0;7
4602;508;327.0;Saída;2.0;7
4603;436;330.0;Saída;1.0;7
4604;437;331.0;Saída;1.0;7
4605;174;332.0;Saída;1.0;7
4606;199;333.0;Saída;1.0;7
4607;168;334.0;Saída;1.0;7
4608;348;335.0;Saída;2.0;7
4609;326;336.0;Saída;2.0;7
4610;349;337.0;Saída;2.0;7
4611;1615;338.0;Saída;2.0;7
4612;1658;339.0;Saída;1.0;7
4613;736;340.0;Saída;2.0;7
4614;771;341.0;Saída;2.0;7
4615;759;342.0;Saída;2.0;7
4616;568;343.0;Saída;2.0;7
4617;585;344.0;Saída;1.0;7
4618;2453;346.0;Saída;1.0;7
4619;2409;347.0;Saída;2.0;7
4620;2411;348.0;Saída;2.0;7
4621;2413;352.0;Saída;1.0;7
4622;2487;358.0;Saída;1.0;7
4623;2537;359.0;Saída;2.0;7
4624;3339;360.0;Saída;2.0;7
4625;3315;361.0;Saída;2.0;7
4626;3351;362.0;Saída;2.0;7
4627;3287;363.0;Saída;1.0;7
4628;3212;366.0;Saída;1.0;7
4629;3660;368.0;Saída;2.0;7
4630;3644;369.0;Saída;1.0;7
4631;3625;370.0;Saída;1.0;7
4632;3570;371.0;Saída;1.0;7
4633;3538;372.0;Saída;2.0;7
4634;3586;373.0;Saída;1.0;7
4635;3937;374.0;Saída;2.0;7
4636;3995;375.0;Saída;1.0;7
4637;1599;376.0;Saída;2.0;8
4638;1535;377.0;Saída;2.0;8
4639;1057;378.0;Saída;2.0;8
4640;1111;379.0;Saída;2.0;8
4641;1143;380.0;Saída;2.0;8
4642;18;381.0;Saída;1.0;8
4643;2;382.0;Saída;1.0;8
4644;80;383.0;Saída;2.0;8
4645;1216;384.0;Saída;2.0;8
4646;628;389.0;Saída;2.0;8
4647;566;390.0;Saída;1.0;8
4648;1298;391.0;Saída;1.0;8
4649;1348;392.0;Saída;2.0;8
4650;2386;393.0;Saída;2.0;8
4651;1981;398.0;Saída;2.0;8
4652;2802;399.0;Saída;1.0;8
4653;2805;400.0;Saída;1.0;8
4654;2871;401.0;Saída;2.0;8
4655;3262;402.0;Saída;1.0;8
4656;3137;404.0;Saída;1.0;8
4657;3192;405.0;Saída;1.0;8
4658;3432;407.0;Saída;2.0;8
4659;3581;408.0;Saída;1.0;8
4660;3531;409.0;Saída;2.0;8
4661;3587;410.0;Saída;2.0;8
4662;3531;411.0;Saída;2.0;8
4663;4172;412.0;Saída;2.0;8
4664;4199;413.0;Saída;1.0;8
4665;4196;414.0;Saída;1.0;8
4666;4170;415.0;Saída;1.0;8
4667;675;418.0;Saída;1.0;9
4668;710;419.0;Saída;1.0;9
4669;693;420.0;Saída;2.0;9
4670;994;423.0;Saída;2.0;9
4671;1133;424.0;Saída;1.0;9
4672;8;425.0;Saída;1.0;9
4673;67;426.0;Saída;1.0;9
4674;1707;427.0;Saída;2.0;9
4675;1741;428.0;Saída;2.0;9
4676;1696;429.0;Saída;2.0;9
4677;642;430.0;Saída;2.0;9
4678;651;431.0;Saída;1.0;9
4679;702;432.0;Saída;1.0;9
4680;733;436.0;Saída;2.0;9
4681;758;437.0;Saída;2.0;9
4682;937;438.0;Saída;1.0;9
4683;322;439.0;Saída;2.0;9
4684;387;440.0;Saída;1.0;9
4685;328;441.0;Saída;2.0;9
4686;1988;442.0;Saída;1.0;9
4687;1927;443.0;Saída;1.0;9
4688;1960;444.0;Saída;2.0;9
4689;2408;445.0;Saída;1.0;9
4690;2465;446.0;Saída;2.0;9
4691;1902;447.0;Saída;1.0;9
4692;1856;448.0;Saída;1.0;9
4693;1911;449.0;Saída;2.0;9
4694;2463;450.0;Saída;1.0;9
4695;3212;452.0;Saída;1.0;9
4696;3216;453.0;Saída;1.0;9
4697;3255;454.0;Saída;1.0;9
4698;3266;455.0;Saída;2.0;9
4699;3194;456.0;Saída;1.0;9
4700;3171;457.0;Saída;2.0;9
4701;3126;458.0;Saída;1.0;9
4702;2722;461.0;Saída;2.0;9
4703;2737;462.0;Saída;1.0;9
4704;2735;463.0;Saída;2.0;9
4705;3526;464.0;Saída;2.0;9
4706;3550;465.0;Saída;1.0;9
4707;3560;466.0;Saída;2.0;9
4708;3747;467.0;Saída;2.0;9
4709;4197;468.0;Saída;1.0;9
4710;254;469.0;Saída;2.0;10
4711;277;470.0;Saída;2.0;10
4712;592;471.0;Saída;1.0;10
4713;815;472.0;Saída;1.0;10
4714;869;473.0;Saída;2.0;10
4715;1329;476.0;Saída;1.0;10
4716;1286;477.0;Saída;2.0;10
4717;1357;478.0;Saída;2.0;10
4718;1046;479.0;Saída;1.0;10
4719;1047;480.0;Saída;2.0;10
4720;1063;481.0;Saída;2.0;10
4721;457;482.0;Saída;1.0;10
4722;458;483.0;Saída;1.0;10
4723;462;484.0;Saída;2.0;10
4724;862;485.0;Saída;2.0;10
4725;995;486.0;Saída;1.0;10
4726;966;487.0;Saída;1.0;10
4727;1029;488.0;Saída;2.0;10
4728;423;490.0;Saída;2.0;10
4729;410;491.0;Saída;1.0;10
4730;936;492.0;Saída;2.0;10
4731;908;493.0;Saída;2.0;10
4732;946;494.0;Saída;1.0;10
4733;642;495.0;Saída;2.0;10
4734;1211;496.0;Saída;2.0;10
4735;2378;497.0;Saída;2.0;10
4736;2396;498.0;Saída;1.0;10
4737;2367;499.0;Saída;1.0;10
4738;2309;500.0;Saída;2.0;10
4739;2236;501.0;Saída;2.0;10
4740;2185;502.0;Saída;2.0;10
4741;3208;506.0;Saída;1.0;10
4742;3261;507.0;Saída;2.0;10
4743;3217;508.0;Saída;2.0;10
4744;2969;509.0;Saída;1.0;10
4745;2976;510.0;Saída;2.0;10
4746;2570;511.0;Saída;2.0;10
4747;3354;512.0;Saída;1.0;10
4748;3331;513.0;Saída;2.0;10
4749;3307;514.0;Saída;2.0;10
4750;3690;515.0;Saída;2.0;10
4751;3695;516.0;Saída;1.0;10
4752;3755;517.0;Saída;1.0;10
4753;3523;518.0;Saída;2.0;10
4754;3534;519.0;Saída;2.0;10
4755;4141;520.0;Saída;2.0;10
4756;4157;521.0;Saída;2.0;10
4757;4123;522.0;Saída;2.0;10
4758;4175;523.0;Saída;2.0;10
4759;1207;524.0;Saída;2.0;11
4760;1290;525.0;Saída;1.0;11
4761;1281;526.0;Saída;2.0;11
4762;1284;527.0;Saída;1.0;11
4763;586;528.0;Saída;1.0;11
4764;583;529.0;Saída;1.0;11
4765;1435;532.0;Saída;2.0;11
4766;1381;533.0;Saída;1.0;11
4767;852;534.0;Saída;2.0;11
4768;876;535.0;Saída;1.0;11
4769;801;536.0;Saída;1.0;11
4770;932;542.0;Saída;2.0;11
4771;914;543.0;Saída;2.0;11
4772;945;544.0;Saída;1.0;11
4773;704;545.0;Saída;1.0;11
4774;713;546.0;Saída;1.0;11
4775;709;547.0;Saída;2.0;11
4776;1843;548.0;Saída;2.0;11
4777;2163;549.0;Saída;2.0;11
4778;2015;550.0;Saída;1.0;11
4779;2804;552.0;Saída;2.0;11
4780;3026;553.0;Saída;1.0;11
4781;3027;554.0;Saída;2.0;11
4782;2968;555.0;Saída;1.0;11
4783;2651;556.0;Saída;1.0;11
4784;2668;557.0;Saída;2.0;11
4785;2635;558.0;Saída;1.0;11
4786;2618;559.0;Saída;2.0;11
4787;3469;561.0;Saída;2.0;11
4788;3466;562.0;Saída;2.0;11
4789;3474;563.0;Saída;1.0;11
4790;3624;564.0;Saída;2.0;11
4791;4178;565.0;Saída;1.0;11
4792;4224;566.0;Saída;2.0;11
4793;621;570.0;Saída;1.0;12
4794;632;571.0;Saída;1.0;12
4795;624;572.0;Saída;2.0;12
4796;1557;577.0;Saída;1.0;12
4797;394;578.0;Saída;2.0;12
4798;392;579.0;Saída;1.0;12
4799;330;580.0;Saída;1.0;12
4800;911;581.0;Saída;1.0;12
4801;918;582.0;Saída;1.0;12
4802;2500;586.0;Saída;1.0;12
4803;2556;587.0;Saída;1.0;12
4804;2554;588.0;Saída;1.0;12
4805;1949;589.0;Saída;1.0;12
4806;1960;590.0;Saída;2.0;12
4807;1980;591.0;Saída;1.0;12
4808;1929;592.0;Saída;2.0;12
4809;2179;593.0;Saída;2.0;12
4810;1926;594.0;Saída;2.0;12
4811;3213;595.0;Saída;2.0;12
4812;3129;596.0;Saída;1.0;12
4813;3190;597.0;Saída;2.0;12
4814;2871;598.0;Saída;1.0;12
4815;2843;599.0;Saída;1.0;12
4816;2858;600.0;Saída;1.0;12
4817;2735;601.0;Saída;2.0;12
4818;2586;602.0;Saída;1.0;12
4819;2577;603.0;Saída;1.0;12
4820;3294;604.0;Saída;1.0;12
4821;3290;605.0;Saída;2.0;12
4822;3315;606.0;Saída;1.0;12
4823;3428;607.0;Saída;2.0;12
4824;3369;611.0;Saída;1.0;12
4825;3365;612.0;Saída;1.0;12
4826;3384;613.0;Saída;1.0;12
4827;3914;614.0;Saída;2.0;12
4828;3912;615.0;Saída;1.0;12
4829;4031;616.0;Saída;1.0;12
4830;4075;617.0;Saída;1.0;12
4831;390;618.0;Saída;2.0;13
4832;1538;619.0;Saída;2.0;13
4833;1537;620.0;Saída;2.0;13
4834;1600;621.0;Saída;2.0;13
4835;1703;622.0;Saída;2.0;13
4836;1690;623.0;Saída;2.0;13
4837;1751;624.0;Saída;2.0;13
4838;804;625.0;Saída;2.0;13
4839;879;626.0;Saída;1.0;13
4840;1696;627.0;Saída;1.0;13
4841;1688;628.0;Saída;2.0;13
4842;1689;629.0;Saída;1.0;13
4843;877;631.0;Saída;1.0;13
4844;1403;632.0;Saída;2.0;13
4845;1635;636.0;Saída;2.0;13
4846;1671;637.0;Saída;1.0;13
4847;1427;638.0;Saída;1.0;13
4848;2429;639.0;Saída;2.0;13
4849;2455;640.0;Saída;1.0;13
4850;2432;641.0;Saída;1.0;13
4851;2401;642.0;Saída;1.0;13
4852;1857;643.0;Saída;1.0;13
4853;1850;644.0;Saída;2.0;13
4854;1794;645.0;Saída;1.0;13
4855;2015;646.0;Saída;2.0;13
4856;2461;647.0;Saída;1.0;13
4857;2405;648.0;Saída;2.0;13
4858;2403;649.0;Saída;2.0;13
4859;3134;654.0;Saída;1.0;13
4860;3123;655.0;Saída;1.0;13
4861;2980;656.0;Saída;1.0;13
4862;3038;657.0;Saída;1.0;13
4863;2972;658.0;Saída;1.0;13
4864;2573;659.0;Saída;2.0;13
4865;2911;660.0;Saída;1.0;13
4866;2919;661.0;Saída;2.0;13
4867;3461;662.0;Saída;1.0;13
4868;3511;663.0;Saída;1.0;13
4869;3455;664.0;Saída;1.0;13
4870;3460;665.0;Saída;2.0;13
4871;4025;666.0;Saída;2.0;13
4872;4040;667.0;Saída;1.0;13
4873;4079;668.0;Saída;2.0;13
4874;322;669.0;Saída;2.0;14
4875;342;670.0;Saída;1.0;14
4876;390;671.0;Saída;1.0;14
4877;1614;672.0;Saída;1.0;14
4878;1667;673.0;Saída;2.0;14
4879;1605;674.0;Saída;1.0;14
4880;709;675.0;Saída;1.0;14
4881;694;676.0;Saída;1.0;14
4882;647;677.0;Saída;1.0;14
4883;1542;679.0;Saída;1.0;14
4884;1509;680.0;Saída;2.0;14
4885;1517;681.0;Saída;2.0;14
4886;1524;682.0;Saída;1.0;14
4887;1526;683.0;Saída;1.0;14
4888;1537;684.0;Saída;1.0;14
4889;829;686.0;Saída;2.0;14
4890;256;691.0;Saída;2.0;14
4891;247;692.0;Saída;2.0;14
4892;307;693.0;Saída;2.0;14
4893;578;694.0;Saída;2.0;14
4894;2099;695.0;Saída;1.0;14
4895;2552;696.0;Saída;1.0;14
4896;2086;697.0;Saída;2.0;14
4897;2090;698.0;Saída;1.0;14
4898;2108;699.0;Saída;1.0;14
4899;1827;700.0;Saída;2.0;14
4900;2278;701.0;Saída;1.0;14
4901;2309;702.0;Saída;2.0;14
4902;2276;703.0;Saída;2.0;14
4903;3052;704.0;Saída;1.0;14
4904;3356;705.0;Saída;1.0;14
4905;3316;706.0;Saída;1.0;14
4906;3120;707.0;Saída;1.0;14
4907;2807;708.0;Saída;2.0;14
4908;2815;709.0;Saída;2.0;14
4909;2805;710.0;Saída;1.0;14
4910;2721;711.0;Saída;2.0;14
4911;2736;712.0;Saída;2.0;14
4912;3026;713.0;Saída;1.0;14
4913;2975;714.0;Saída;1.0;14
4914;3535;715.0;Saída;2.0;14
4915;3554;716.0;Saída;2.0;14
4916;3589;717.0;Saída;1.0;14
4917;4287;718.0;Saída;1.0;14
4918;4265;719.0;Saída;2.0;14
4919;4258;720.0;Saída;1.0;14
4920;1083;721.0;Saída;1.0;15
4921;1057;722.0;Saída;2.0;15
4922;1073;723.0;Saída;1.0;15
4923;1466;724.0;Saída;1.0;15
4924;1510;725.0;Saída;1.0;15
4925;1718;726.0;Saída;2.0;15
4926;1688;727.0;Saída;1.0;15
4927;1746;728.0;Saída;2.0;15
4928;1705;729.0;Saída;2.0;15
4929;1745;730.0;Saída;2.0;15
4930;1610;731.0;Saída;2.0;15
4931;1664;732.0;Saída;2.0;15
4932;711;733.0;Saída;1.0;15
4933;132;734.0;Saída;1.0;15
4934;158;735.0;Saída;1.0;15
4935;81;736.0;Saída;1.0;15
4936;1296;737.0;Saída;2.0;15
4937;1275;738.0;Saída;2.0;15
4938;1203;739.0;Saída;1.0;15
4939;2153;740.0;Saída;1.0;15
4940;2081;741.0;Saída;1.0;15
4941;2127;742.0;Saída;1.0;15
4942;1907;743.0;Saída;2.0;15
4943;1892;744.0;Saída;1.0;15
4944;1913;745.0;Saída;1.0;15
4945;1854;748.0;Saída;1.0;15
4946;1852;749.0;Saída;1.0;15
4947;1910;750.0;Saída;1.0;15
4948;2011;751.0;Saída;2.0;15
4949;2007;752.0;Saída;2.0;15
4950;2049;753.0;Saída;2.0;15
4951;1981;754.0;Saída;2.0;15
4952;1952;755.0;Saída;1.0;15
4953;1928;756.0;Saída;1.0;15
4954;2753;757.0;Saída;2.0;15
4955;3268;758.0;Saída;1.0;15
4956;3270;759.0;Saída;2.0;15
4957;2877;760.0;Saída;1.0;15
4958;3209;761.0;Saída;1.0;15
4959;3203;762.0;Saída;2.0;15
4960;2856;764.0;Saída;1.0;15
4961;2862;765.0;Saída;1.0;15
4962;3603;766.0;Saída;2.0;15
4963;3601;767.0;Saída;2.0;15
4964;3422;768.0;Saída;2.0;15
4965;4306;769.0;Saída;2.0;15
4966;1665;770.0;Saída;2.0;16
4967;1056;771.0;Saída;2.0;16
4968;1174;772.0;Saída;2.0;16
4969;874;773.0;Saída;2.0;16
4970;1145;774.0;Saída;1.0;16
4971;1177;775.0;Saída;2.0;16
4972;1633;776.0;Saída;1.0;16
4973;1656;777.0;Saída;2.0;16
4974;1614;782.0;Saída;1.0;16
4975;1209;783.0;Saída;2.0;16
4976;1213;784.0;Saída;2.0;16
4977;738;785.0;Saída;2.0;16
4978;769;786.0;Saída;2.0;16
4979;1442;787.0;Saída;1.0;16
4980;2027;789.0;Saída;1.0;16
4981;2341;790.0;Saída;1.0;16
4982;2144;791.0;Saída;1.0;16
4983;2083;792.0;Saída;1.0;16
4984;2653;796.0;Saída;1.0;16
4985;3322;797.0;Saída;1.0;16
4986;2737;798.0;Saída;2.0;16
4987;2800;799.0;Saída;2.0;16
4988;2587;800.0;Saída;2.0;16
4989;2637;801.0;Saída;2.0;16
4990;2598;802.0;Saída;2.0;16
4991;2578;803.0;Saída;1.0;16
4992;3444;804.0;Saída;1.0;16
4993;3513;805.0;Saída;1.0;16
4994;3430;806.0;Saída;2.0;16
4995;3370;807.0;Saída;1.0;16
4996;3380;808.0;Saída;1.0;16
4997;3918;809.0;Saída;2.0;16
4998;1320;810.0;Saída;2.0;17
4999;1291;811.0;Saída;1.0;17
5000;1605;814.0;Saída;2.0;17
5001;737;815.0;Saída;2.0;17
5002;322;816.0;Saída;2.0;17
5003;204;817.0;Saída;1.0;17
5004;221;818.0;Saída;2.0;17
5005;1133;824.0;Saída;1.0;17
5006;1127;825.0;Saída;1.0;17
5007;1181;826.0;Saída;2.0;17
5008;2393;827.0;Saída;2.0;17
5009;2329;828.0;Saída;1.0;17
5010;1825;829.0;Saída;2.0;17
5011;2020;830.0;Saída;2.0;17
5012;2048;831.0;Saída;1.0;17
5013;2062;832.0;Saída;1.0;17
5014;1937;835.0;Saída;2.0;17
5015;1967;836.0;Saída;2.0;17
5016;1999;837.0;Saída;2.0;17
5017;1848;838.0;Saída;1.0;17
5018;3348;842.0;Saída;1.0;17
5019;3349;843.0;Saída;1.0;17
5020;3341;844.0;Saída;1.0;17
5021;3259;845.0;Saída;1.0;17
5022;3208;846.0;Saída;2.0;17
5023;3211;847.0;Saída;2.0;17
5024;2884;848.0;Saída;2.0;17
5025;2949;849.0;Saída;1.0;17
5026;2975;850.0;Saída;1.0;17
5027;2965;851.0;Saída;1.0;17
5028;3517;852.0;Saída;2.0;17
5029;3483;853.0;Saída;1.0;17
5030;3506;854.0;Saída;2.0;17
5031;3692;855.0;Saída;1.0;17
5032;3745;856.0;Saída;1.0;17
5033;3751;857.0;Saída;1.0;17
5034;3974;858.0;Saída;2.0;17
5035;235;859.0;Saída;2.0;18
5036;1434;862.0;Saída;2.0;18
5037;1362;863.0;Saída;1.0;18
5038;1396;864.0;Saída;2.0;18
5039;681;865.0;Saída;1.0;18
5040;716;866.0;Saída;2.0;18
5041;1620;867.0;Saída;1.0;18
5042;1639;868.0;Saída;2.0;18
5043;96;869.0;Saída;2.0;18
5044;141;870.0;Saída;2.0;18
5045;90;871.0;Saída;2.0;18
5046;782;872.0;Saída;2.0;18
5047;667;873.0;Saída;2.0;18
5048;647;874.0;Saída;2.0;18
5049;655;875.0;Saída;1.0;18
5050;1112;876.0;Saída;1.0;18
5051;1072;877.0;Saída;2.0;18
5052;2223;878.0;Saída;1.0;18
5053;2222;879.0;Saída;2.0;18
5054;2230;880.0;Saída;2.0;18
5055;2312;881.0;Saída;1.0;18
5056;1900;882.0;Saída;2.0;18
5057;1877;883.0;Saída;2.0;18
5058;1924;887.0;Saída;1.0;18
5059;1957;888.0;Saída;2.0;18
5060;1921;889.0;Saída;2.0;18
5061;2181;890.0;Saída;2.0;18
5062;3030;891.0;Saída;2.0;18
5063;3016;892.0;Saída;2.0;18
5064;3020;893.0;Saída;1.0;18
5065;3307;894.0;Saída;1.0;18
5066;3352;895.0;Saída;1.0;18
5067;2735;896.0;Saída;2.0;18
5068;2722;897.0;Saída;2.0;18
5069;2766;898.0;Saída;1.0;18
5070;2699;899.0;Saída;2.0;18
5071;3285;900.0;Saída;2.0;18
5072;3374;901.0;Saída;1.0;18
5073;3375;902.0;Saída;1.0;18
5074;3387;903.0;Saída;2.0;18
5075;3434;904.0;Saída;2.0;18
5076;3426;905.0;Saída;2.0;18
5077;4310;909.0;Saída;1.0;18
5078;4250;910.0;Saída;2.0;18
5079;4245;911.0;Saída;2.0;18
5080;1677;914.0;Saída;1.0;19
5081;1604;915.0;Saída;2.0;19
5082;564;916.0;Saída;2.0;19
5083;1081;917.0;Saída;1.0;19
5084;1647;918.0;Saída;1.0;19
5085;1641;919.0;Saída;2.0;19
5086;1632;920.0;Saída;2.0;19
5087;887;921.0;Saída;2.0;19
5088;955;922.0;Saída;2.0;19
5089;931;923.0;Saída;2.0;19
5090;904;924.0;Saída;2.0;19
5091;950;925.0;Saída;2.0;19
5092;1349;926.0;Saída;1.0;19
5093;922;927.0;Saída;1.0;19
5094;451;928.0;Saída;1.0;19
5095;416;929.0;Saída;1.0;19
5096;1214;930.0;Saída;1.0;19
5097;403;931.0;Saída;1.0;19
5098;477;932.0;Saída;1.0;19
5099;416;933.0;Saída;1.0;19
5100;2273;936.0;Saída;2.0;19
5101;2276;937.0;Saída;2.0;19
5102;2162;938.0;Saída;2.0;19
5103;3015;942.0;Saída;2.0;19
5104;3036;943.0;Saída;2.0;19
5105;2730;944.0;Saída;2.0;19
5106;2632;945.0;Saída;2.0;19
5107;2573;946.0;Saída;2.0;19
5108;2569;947.0;Saída;1.0;19
5109;2862;948.0;Saída;1.0;19
5110;3673;949.0;Saída;1.0;19
5111;3611;950.0;Saída;2.0;19
5112;3612;951.0;Saída;2.0;19
5113;3688;952.0;Saída;2.0;19
5114;3720;953.0;Saída;1.0;19
5115;3686;954.0;Saída;1.0;19
5116;3455;955.0;Saída;2.0;19
5117;222;957.0;Saída;1.0;20
5118;1440;958.0;Saída;2.0;20
5119;325;959.0;Saída;2.0;20
5120;977;960.0;Saída;1.0;20
5121;975;961.0;Saída;1.0;20
5122;999;962.0;Saída;2.0;20
5123;1459;963.0;Saída;1.0;20
5124;1690;964.0;Saída;1.0;20
5125;1732;965.0;Saída;2.0;20
5126;207;966.0;Saída;1.0;20
5127;223;967.0;Saída;1.0;20
5128;544;968.0;Saída;2.0;20
5129;531;969.0;Saída;2.0;20
5130;38;970.0;Saída;2.0;20
5131;65;971.0;Saída;2.0;20
5132;295;972.0;Saída;2.0;20
5133;144;973.0;Saída;2.0;20
5134;82;974.0;Saída;2.0;20
5135;116;975.0;Saída;1.0;20
5136;2463;978.0;Saída;2.0;20
5137;2372;979.0;Saída;1.0;20
5138;2390;980.0;Saída;2.0;20
5139;2336;981.0;Saída;2.0;20
5140;2309;982.0;Saída;2.0;20
5141;2302;983.0;Saída;1.0;20
5142;2304;984.0;Saída;2.0;20
5143;3117;988.0;Saída;1.0;20
5144;3047;989.0;Saída;1.0;20
5145;2892;990.0;Saída;1.0;20
5146;2927;991.0;Saída;1.0;20
5147;3290;994.0;Saída;2.0;20
5148;2630;995.0;Saída;2.0;20
5149;3114;996.0;Saída;1.0;20
5150;3053;997.0;Saída;1.0;20
5151;3081;998.0;Saída;2.0;20
5152;3469;999.0;Saída;2.0;20
5153;3460;1000.0;Saída;1.0;20
5154;3390;1001.0;Saída;2.0;20
5155;3438;1002.0;Saída;1.0;20
5156;4309;1003.0;Saída;1.0;20
5157;4254;1004.0;Saída;1.0;20
5158;4307;1005.0;Saída;2.0;20
5159;1396;1006.0;Saída;2.0;21
5160;1372;1007.0;Saída;1.0;21
5161;1269;1012.0;Saída;2.0;21
5162;1092;1014.0;Saída;2.0;21
5163;1054;1015.0;Saída;1.0;21
5164;80;1017.0;Saída;2.0;21
5165;79;1018.0;Saída;2.0;21
5166;274;1019.0;Saída;2.0;21
5167;2327;1020.0;Saída;1.0;21
5168;2387;1021.0;Saída;2.0;21
5169;1985;1022.0;Saída;2.0;21
5170;2141;1023.0;Saída;1.0;21
5171;2240;1024.0;Saída;1.0;21
5172;2234;1025.0;Saída;1.0;21
5173;2273;1026.0;Saída;2.0;21
5174;2116;1027.0;Saída;2.0;21
5175;2149;1028.0;Saída;1.0;21
5176;2109;1029.0;Saída;1.0;21
5177;2714;1036.0;Saída;1.0;21
5178;2652;1037.0;Saída;1.0;21
5179;3168;1038.0;Saída;1.0;21
5180;3171;1039.0;Saída;2.0;21
5181;3690;1042.0;Saída;1.0;21
5182;3759;1043.0;Saída;2.0;21
5183;3688;1044.0;Saída;1.0;21
5184;4221;1045.0;Saída;2.0;21
5185;4204;1046.0;Saída;1.0;21
5186;4172;1047.0;Saída;1.0;21
5187;478;1051.0;Saída;2.0;22
5188;469;1052.0;Saída;1.0;22
5189;1355;1053.0;Saída;2.0;22
5190;1338;1054.0;Saída;1.0;22
5191;728;1055.0;Saída;2.0;22
5192;733;1056.0;Saída;2.0;22
5193;783;1057.0;Saída;1.0;22
5194;85;1059.0;Saída;1.0;22
5195;87;1060.0;Saída;2.0;22
5196;100;1061.0;Saída;2.0;22
5197;632;1062.0;Saída;2.0;22
5198;569;1063.0;Saída;1.0;22
5199;3;1064.0;Saída;2.0;22
5200;18;1065.0;Saída;1.0;22
5201;953;1069.0;Saída;2.0;22
5202;1060;1070.0;Saída;2.0;22
5203;1119;1071.0;Saída;1.0;22
5204;1068;1072.0;Saída;2.0;22
5205;2491;1073.0;Saída;1.0;22
5206;2313;1074.0;Saída;2.0;22
5207;2244;1075.0;Saída;1.0;22
5208;1764;1076.0;Saída;1.0;22
5209;1769;1077.0;Saída;2.0;22
5210;1790;1078.0;Saída;2.0;22
5211;1926;1079.0;Saída;1.0;22
5212;3011;1080.0;Saída;2.0;22
5213;2996;1081.0;Saída;1.0;22
5214;3210;1082.0;Saída;2.0;22
5215;3234;1083.0;Saída;1.0;22
5216;3236;1084.0;Saída;1.0;22
5217;2745;1085.0;Saída;2.0;22
5218;2721;1086.0;Saída;2.0;22
5219;2763;1087.0;Saída;1.0;22
5220;3156;1088.0;Saída;2.0;22
5221;3191;1089.0;Saída;2.0;22
5222;3741;1093.0;Saída;1.0;22
5223;3731;1094.0;Saída;2.0;22
5224;3716;1095.0;Saída;1.0;22
5225;3379;1096.0;Saída;2.0;22
5226;3408;1097.0;Saída;2.0;22
5227;3423;1098.0;Saída;2.0;22
5228;4304;1099.0;Saída;1.0;22
5229;4310;1100.0;Saída;1.0;22
5230;1050;1101.0;Saída;2.0;23
5231;1044;1102.0;Saída;1.0;23
5232;1117;1103.0;Saída;1.0;23
5233;1059;1104.0;Saída;1.0;23
5234;1102;1105.0;Saída;1.0;23
5235;1119;1106.0;Saída;1.0;23
5236;675;1107.0;Saída;1.0;23
5237;647;1108.0;Saída;1.0;23
5238;712;1109.0;Saída;2.0;23
5239;222;1110.0;Saída;1.0;23
5240;221;1111.0;Saída;2.0;23
5241;866;1112.0;Saída;1.0;23
5242;814;1113.0;Saída;2.0;23
5243;817;1114.0;Saída;1.0;23
5244;468;1115.0;Saída;1.0;23
5245;480;1116.0;Saída;2.0;23
5246;474;1117.0;Saída;1.0;23
5247;1189;1118.0;Saída;2.0;23
5248;1616;1119.0;Saída;1.0;23
5249;1679;1120.0;Saída;2.0;23
5250;1677;1121.0;Saída;2.0;23
5251;1674;1122.0;Saída;2.0;23
5252;541;1123.0;Saída;1.0;23
5253;495;1124.0;Saída;1.0;23
5254;531;1125.0;Saída;2.0;23
5255;988;1126.0;Saída;1.0;23
5256;979;1127.0;Saída;1.0;23
5257;1144;1128.0;Saída;2.0;23
5258;708;1129.0;Saída;2.0;23
5259;2069;1131.0;Saída;1.0;23
5260;2011;1132.0;Saída;1.0;23
5261;2055;1133.0;Saída;1.0;23
5262;1997;1134.0;Saída;2.0;23
5263;1923;1135.0;Saída;2.0;23
5264;2268;1136.0;Saída;1.0;23
5265;2356;1137.0;Saída;1.0;23
5266;2364;1138.0;Saída;2.0;23
5267;3263;1139.0;Saída;1.0;23
5268;3213;1140.0;Saída;1.0;23
5269;3220;1141.0;Saída;2.0;23
5270;3193;1142.0;Saída;1.0;23
5271;3152;1143.0;Saída;1.0;23
5272;3192;1144.0;Saída;1.0;23
5273;3022;1145.0;Saída;1.0;23
5274;3701;1148.0;Saída;2.0;23
5275;3716;1149.0;Saída;2.0;23
5276;3690;1150.0;Saída;2.0;23
5277;3433;1151.0;Saída;2.0;23
5278;3397;1152.0;Saída;1.0;23
5279;3447;1153.0;Saída;1.0;23
5280;3775;1154.0;Saída;2.0;23
5281;961;1155.0;Saída;2.0;24
5282;1219;1156.0;Saída;2.0;24
5283;1210;1157.0;Saída;1.0;24
5284;171;1158.0;Saída;2.0;24
5285;180;1159.0;Saída;1.0;24
5286;488;1162.0;Saída;1.0;24
5287;552;1163.0;Saída;1.0;24
5288;553;1164.0;Saída;2.0;24
5289;23;1168.0;Saída;1.0;24
5290;21;1169.0;Saída;2.0;24
5291;28;1170.0;Saída;1.0;24
5292;24;1171.0;Saída;1.0;24
5293;33;1172.0;Saída;2.0;24
5294;417;1173.0;Saída;2.0;24
5295;1494;1177.0;Saída;1.0;24
5296;47;1180.0;Saída;1.0;24
5297;73;1181.0;Saída;1.0;24
5298;1919;1185.0;Saída;1.0;24
5299;1870;1186.0;Saída;2.0;24
5300;1851;1187.0;Saída;2.0;24
5301;2273;1188.0;Saída;2.0;24
5302;2255;1189.0;Saída;1.0;24
5303;2282;1190.0;Saída;1.0;24
5304;2420;1191.0;Saída;2.0;24
5305;2813;1192.0;Saída;1.0;24
5306;2859;1193.0;Saída;2.0;24
5307;3192;1194.0;Saída;1.0;24
5308;3043;1197.0;Saída;2.0;24
5309;2955;1198.0;Saída;1.0;24
5310;2918;1199.0;Saída;2.0;24
5311;2890;1200.0;Saída;2.0;24
5312;3485;1201.0;Saída;2.0;24
5313;3507;1202.0;Saída;1.0;24
5314;3509;1203.0;Saída;2.0;24
5315;3506;1204.0;Saída;1.0;24
5316;3838;1205.0;Saída;2.0;24
5317;412;1206.0;Saída;1.0;25
5318;401;1207.0;Saída;1.0;25
5319;948;1208.0;Saída;1.0;25
5320;1694;1209.0;Saída;2.0;25
5321;1748;1210.0;Saída;2.0;25
5322;20;1213.0;Saída;2.0;25
5323;69;1214.0;Saída;1.0;25
5324;1528;1216.0;Saída;1.0;25
5325;1581;1217.0;Saída;2.0;25
5326;1589;1218.0;Saída;1.0;25
5327;93;1219.0;Saída;2.0;25
5328;88;1220.0;Saída;2.0;25
5329;1181;1221.0;Saída;2.0;25
5330;85;1222.0;Saída;1.0;25
5331;97;1223.0;Saída;1.0;25
5332;1214;1224.0;Saída;2.0;25
5333;1272;1225.0;Saída;2.0;25
5334;1209;1226.0;Saída;2.0;25
5335;588;1227.0;Saída;2.0;25
5336;569;1228.0;Saída;1.0;25
5337;2196;1229.0;Saída;2.0;25
5338;2184;1230.0;Saída;2.0;25
5339;2180;1231.0;Saída;1.0;25
5340;2151;1232.0;Saída;2.0;25
5341;2275;1233.0;Saída;2.0;25
5342;2166;1234.0;Saída;2.0;25
5343;2006;1238.0;Saída;1.0;25
5344;2019;1239.0;Saída;1.0;25
5345;2077;1240.0;Saída;2.0;25
5346;3068;1241.0;Saída;2.0;25
5347;3116;1242.0;Saída;1.0;25
5348;3043;1243.0;Saída;2.0;25
5349;2757;1244.0;Saída;2.0;25
5350;2795;1245.0;Saída;1.0;25
5351;2883;1246.0;Saída;1.0;25
5352;2941;1247.0;Saída;2.0;25
5353;2957;1248.0;Saída;1.0;25
5354;2917;1249.0;Saída;1.0;25
5355;2959;1250.0;Saída;1.0;25
5356;3757;1253.0;Saída;2.0;25
5357;3683;1254.0;Saída;2.0;25
5358;3706;1255.0;Saída;1.0;25
5359;3692;1256.0;Saída;2.0;25
5360;3750;1257.0;Saída;1.0;25
5361;3704;1258.0;Saída;1.0;25
5362;3930;1259.0;Saída;2.0;25
5363;3945;1260.0;Saída;1.0;25
5364;3957;1261.0;Saída;2.0;25
5365;1447;1262.0;Saída;1.0;26
5366;1458;1263.0;Saída;2.0;26
5367;1451;1264.0;Saída;2.0;26
5368;392;1268.0;Saída;1.0;26
5369;481;1269.0;Saída;1.0;26
5370;490;1270.0;Saída;1.0;26
5371;535;1271.0;Saída;2.0;26
5372;1708;1273.0;Saída;1.0;26
5373;1716;1274.0;Saída;2.0;26
5374;1070;1275.0;Saída;2.0;26
5375;1041;1276.0;Saída;1.0;26
5376;723;1277.0;Saída;2.0;26
5377;730;1278.0;Saída;1.0;26
5378;767;1279.0;Saída;2.0;26
5379;1218;1280.0;Saída;1.0;26
5380;1213;1281.0;Saída;2.0;26
5381;1279;1282.0;Saída;1.0;26
5382;182;1283.0;Saída;1.0;26
5383;170;1284.0;Saída;2.0;26
5384;178;1285.0;Saída;1.0;26
5385;2414;1286.0;Saída;2.0;26
5386;2403;1287.0;Saída;1.0;26
5387;2177;1288.0;Saída;2.0;26
5388;2175;1289.0;Saída;2.0;26
5389;2174;1290.0;Saída;1.0;26
5390;1778;1291.0;Saída;1.0;26
5391;1769;1292.0;Saída;1.0;26
5392;1807;1293.0;Saída;2.0;26
5393;1818;1294.0;Saída;1.0;26
5394;1765;1295.0;Saída;1.0;26
5395;3274;1297.0;Saída;1.0;26
5396;3266;1298.0;Saída;2.0;26
5397;3218;1299.0;Saída;1.0;26
5398;3346;1300.0;Saída;2.0;26
5399;3342;1301.0;Saída;2.0;26
5400;3286;1302.0;Saída;2.0;26
5401;2636;1303.0;Saída;1.0;26
5402;3459;1305.0;Saída;2.0;26
5403;3442;1306.0;Saída;1.0;26
5404;4151;1308.0;Saída;1.0;26
5405;4103;1309.0;Saída;2.0;26
5406;407;1310.0;Saída;1.0;27
5407;403;1311.0;Saída;2.0;27
5408;818;1312.0;Saída;1.0;27
5409;831;1313.0;Saída;1.0;27
5410;1624;1316.0;Saída;2.0;27
5411;1662;1317.0;Saída;1.0;27
5412;1524;1318.0;Saída;1.0;27
5413;1570;1319.0;Saída;2.0;27
5414;1584;1320.0;Saída;1.0;27
5415;251;1323.0;Saída;2.0;27
5416;245;1324.0;Saída;2.0;27
5417;848;1328.0;Saída;2.0;27
5418;816;1329.0;Saída;1.0;27
5419;1591;1330.0;Saída;2.0;27
5420;1549;1331.0;Saída;2.0;27
5421;1827;1332.0;Saída;2.0;27
5422;2305;1333.0;Saída;1.0;27
5423;2258;1334.0;Saída;1.0;27
5424;2259;1335.0;Saída;2.0;27
5425;2004;1336.0;Saída;2.0;27
5426;2323;1337.0;Saída;2.0;27
5427;2381;1338.0;Saída;2.0;27
5428;3297;1342.0;Saída;2.0;27
5429;2976;1343.0;Saída;1.0;27
5430;3027;1344.0;Saída;1.0;27
5431;3317;1348.0;Saída;1.0;27
5432;3298;1349.0;Saída;1.0;27
5433;3044;1351.0;Saída;1.0;27
5434;3043;1352.0;Saída;1.0;27
5435;3169;1353.0;Saída;1.0;27
5436;3138;1354.0;Saída;2.0;27
5437;3191;1355.0;Saída;1.0;27
5438;3518;1356.0;Saída;2.0;27
5439;3506;1357.0;Saída;2.0;27
5440;3502;1358.0;Saída;1.0;27
5441;3503;1359.0;Saída;1.0;27
5442;3476;1360.0;Saída;2.0;27
5443;3841;1361.0;Saída;2.0;27
5444;3902;1362.0;Saída;1.0;27
5445;4218;1363.0;Saída;1.0;27
5446;4166;1364.0;Saída;1.0;27
5447;4175;1365.0;Saída;1.0;27
5448;866;1366.0;Saída;1.0;28
5449;877;1367.0;Saída;2.0;28
5450;733;1368.0;Saída;1.0;28
5451;1589;1369.0;Saída;2.0;28
5452;1552;1370.0;Saída;1.0;28
5453;173;1371.0;Saída;1.0;28
5454;229;1372.0;Saída;1.0;28
5455;221;1373.0;Saída;2.0;28
5456;67;1375.0;Saída;2.0;28
5457;1539;1376.0;Saída;1.0;28
5458;1541;1377.0;Saída;2.0;28
5459;1535;1378.0;Saída;1.0;28
5460;977;1379.0;Saída;2.0;28
5461;974;1380.0;Saída;2.0;28
5462;975;1381.0;Saída;1.0;28
5463;1591;1382.0;Saída;2.0;28
5464;1599;1383.0;Saída;1.0;28
5465;1592;1384.0;Saída;2.0;28
5466;148;1387.0;Saída;1.0;28
5467;93;1388.0;Saída;2.0;28
5468;103;1389.0;Saída;2.0;28
5469;2172;1390.0;Saída;1.0;28
5470;2238;1391.0;Saída;2.0;28
5471;1900;1392.0;Saída;1.0;28
5472;1854;1393.0;Saída;2.0;28
5473;1852;1394.0;Saída;1.0;28
5474;2157;1395.0;Saída;1.0;28
5475;2143;1396.0;Saída;1.0;28
5476;2237;1397.0;Saída;1.0;28
5477;2171;1398.0;Saída;2.0;28
5478;2176;1399.0;Saída;2.0;28
5479;2329;1400.0;Saída;1.0;28
5480;2383;1401.0;Saída;2.0;28
5481;2493;1402.0;Saída;2.0;28
5482;2721;1403.0;Saída;1.0;28
5483;2799;1404.0;Saída;2.0;28
5484;3217;1405.0;Saída;1.0;28
5485;2740;1406.0;Saída;2.0;28
5486;2774;1407.0;Saída;1.0;28
5487;3072;1408.0;Saída;2.0;28
5488;3063;1409.0;Saída;1.0;28
5489;3685;1413.0;Saída;1.0;28
5490;3744;1414.0;Saída;2.0;28
5491;3392;1415.0;Saída;1.0;28
5492;3668;1416.0;Saída;2.0;28
5493;3620;1417.0;Saída;1.0;28
5494;4245;1418.0;Saída;2.0;28
5495;4250;1419.0;Saída;1.0;28
5496;1684;1423.0;Saída;1.0;29
5497;1681;1424.0;Saída;2.0;29
5498;1700;1425.0;Saída;2.0;29
5499;409;1427.0;Saída;1.0;29
5500;276;1428.0;Saída;1.0;29
5501;505;1429.0;Saída;1.0;29
5502;494;1430.0;Saída;2.0;29
5503;1144;1431.0;Saída;1.0;29
5504;1155;1432.0;Saída;2.0;29
5505;1166;1433.0;Saída;1.0;29
5506;1364;1434.0;Saída;1.0;29
5507;1371;1435.0;Saída;2.0;29
5508;1424;1436.0;Saída;1.0;29
5509;1362;1437.0;Saída;2.0;29
5510;1365;1438.0;Saída;2.0;29
5511;2016;1440.0;Saída;1.0;29
5512;2018;1441.0;Saída;2.0;29
5513;2490;1442.0;Saída;1.0;29
5514;2517;1443.0;Saída;1.0;29
5515;2485;1444.0;Saída;1.0;29
5516;1813;1445.0;Saída;2.0;29
5517;1831;1446.0;Saída;1.0;29
5518;2737;1449.0;Saída;1.0;29
5519;3283;1450.0;Saída;2.0;29
5520;2729;1451.0;Saída;2.0;29
5521;2784;1452.0;Saída;1.0;29
5522;2754;1453.0;Saída;1.0;29
5523;2881;1454.0;Saída;1.0;29
5524;2911;1455.0;Saída;1.0;29
5525;2924;1456.0;Saída;1.0;29
5526;2975;1457.0;Saída;1.0;29
5527;3023;1458.0;Saída;2.0;29
5528;3385;1459.0;Saída;2.0;29
5529;3382;1460.0;Saída;2.0;29
5530;3373;1461.0;Saída;2.0;29
5531;3692;1462.0;Saída;1.0;29
5532;3538;1463.0;Saída;2.0;29
5533;3761;1464.0;Saída;1.0;29
5534;775;1465.0;Saída;1.0;30
5535;792;1466.0;Saída;2.0;30
5536;161;1468.0;Saída;1.0;30
5537;369;1469.0;Saída;1.0;30
5538;387;1470.0;Saída;1.0;30
5539;394;1471.0;Saída;2.0;30
5540;420;1474.0;Saída;1.0;30
5541;407;1475.0;Saída;1.0;30
5542;416;1476.0;Saída;2.0;30
5543;739;1477.0;Saída;2.0;30
5544;799;1478.0;Saída;2.0;30
5545;729;1479.0;Saída;2.0;30
5546;394;1482.0;Saída;2.0;30
5547;371;1483.0;Saída;2.0;30
5548;338;1484.0;Saída;2.0;30
5549;895;1485.0;Saída;1.0;30
5550;946;1486.0;Saída;2.0;30
5551;945;1487.0;Saída;2.0;30
5552;610;1488.0;Saída;1.0;30
5553;585;1492.0;Saída;1.0;30
5554;575;1493.0;Saída;1.0;30
5555;1984;1494.0;Saída;2.0;30
5556;2391;1495.0;Saída;1.0;30
5557;2359;1496.0;Saída;1.0;30
5558;2555;1497.0;Saída;1.0;30
5559;2539;1498.0;Saída;2.0;30
5560;2482;1499.0;Saída;1.0;30
5561;1852;1500.0;Saída;1.0;30
5562;1903;1501.0;Saída;2.0;30
5563;1904;1502.0;Saída;1.0;30
5564;1929;1503.0;Saída;1.0;30
5565;1923;1504.0;Saída;2.0;30
5566;2884;1505.0;Saída;2.0;30
5567;2950;1506.0;Saída;2.0;30
5568;3330;1510.0;Saída;2.0;30
5569;3315;1511.0;Saída;1.0;30
5570;3299;1512.0;Saída;1.0;30
5571;3016;1513.0;Saída;1.0;30
5572;2776;1514.0;Saída;2.0;30
5573;2799;1515.0;Saída;2.0;30
5574;2737;1516.0;Saída;1.0;30
5575;2969;1517.0;Saída;2.0;30
5576;2981;1518.0;Saída;1.0;30
5577;2974;1519.0;Saída;2.0;30
5578;3747;1520.0;Saída;1.0;30
5579;3696;1521.0;Saída;1.0;30
5580;3681;1522.0;Saída;1.0;30
5581;3707;1523.0;Saída;2.0;30
5582;3681;1524.0;Saída;2.0;30
5583;3746;1525.0;Saída;1.0;30
5584;3815;1526.0;Saída;2.0;30
5585;3764;1527.0;Saída;2.0;30
5586;3779;1528.0;Saída;2.0;30
5587;974;1529.0;Saída;2.0;31
5588;1030;1530.0;Saída;1.0;31
5589;1430;1531.0;Saída;2.0;31
5590;1418;1532.0;Saída;2.0;31
5591;1393;1533.0;Saída;2.0;31
5592;247;1534.0;Saída;1.0;31
5593;259;1535.0;Saída;2.0;31
5594;888;1536.0;Saída;1.0;31
5595;1662;1539.0;Saída;1.0;31
5596;1613;1540.0;Saída;1.0;31
5597;1362;1541.0;Saída;2.0;31
5598;1436;1542.0;Saída;1.0;31
5599;1431;1543.0;Saída;2.0;31
5600;1182;1544.0;Saída;2.0;31
5601;1112;1545.0;Saída;2.0;31
5602;1092;1546.0;Saída;2.0;31
5603;1098;1547.0;Saída;2.0;31
5604;154;1548.0;Saída;2.0;31
5605;142;1549.0;Saída;1.0;31
5606;163;1550.0;Saída;1.0;31
5607;258;1551.0;Saída;1.0;31
5608;250;1552.0;Saída;1.0;31
5609;1135;1554.0;Saída;1.0;31
5610;1163;1555.0;Saída;2.0;31
5611;1199;1556.0;Saída;2.0;31
5612;2260;1557.0;Saída;2.0;31
5613;2554;1561.0;Saída;2.0;31
5614;2341;1564.0;Saída;2.0;31
5615;2394;1565.0;Saída;2.0;31
5616;1777;1566.0;Saída;1.0;31
5617;1904;1567.0;Saída;2.0;31
5618;1885;1568.0;Saída;2.0;31
5619;2709;1569.0;Saída;2.0;31
5620;3254;1570.0;Saída;1.0;31
5621;3266;1571.0;Saída;2.0;31
5622;3210;1572.0;Saída;2.0;31
5623;3185;1573.0;Saída;1.0;31
5624;3204;1574.0;Saída;2.0;31
5625;3241;1575.0;Saída;1.0;31
5626;3206;1576.0;Saída;1.0;31
5627;3050;1577.0;Saída;1.0;31
5628;3509;1578.0;Saída;1.0;31
5629;3447;1579.0;Saída;1.0;31
5630;3548;1580.0;Saída;1.0;31
5631;382;1582.0;Saída;1.0;32
5632;640;1583.0;Saída;1.0;32
5633;572;1584.0;Saída;2.0;32
5634;971;1585.0;Saída;2.0;32
5635;985;1586.0;Saída;2.0;32
5636;177;1587.0;Saída;1.0;32
5637;979;1588.0;Saída;1.0;32
5638;305;1589.0;Saída;2.0;32
5639;1196;1590.0;Saída;2.0;32
5640;172;1591.0;Saída;2.0;32
5641;190;1592.0;Saída;2.0;32
5642;863;1593.0;Saída;1.0;32
5643;852;1594.0;Saída;2.0;32
5644;854;1595.0;Saída;1.0;32
5645;64;1596.0;Saída;1.0;32
5646;19;1597.0;Saída;1.0;32
5647;1616;1598.0;Saída;1.0;32
5648;597;1599.0;Saída;2.0;32
5649;1265;1600.0;Saída;2.0;32
5650;1986;1602.0;Saída;2.0;32
5651;1976;1603.0;Saída;1.0;32
5652;1925;1604.0;Saída;2.0;32
5653;2504;1605.0;Saída;2.0;32
5654;3051;1606.0;Saída;1.0;32
5655;3067;1607.0;Saída;1.0;32
5656;3047;1608.0;Saída;2.0;32
5657;2605;1609.0;Saída;2.0;32
5658;3211;1610.0;Saída;1.0;32
5659;2633;1614.0;Saída;2.0;32
5660;2980;1615.0;Saída;2.0;32
5661;3729;1616.0;Saída;1.0;32
5662;3748;1617.0;Saída;2.0;32
5663;3713;1618.0;Saída;1.0;32
5664;3521;1619.0;Saída;2.0;32
5665;3575;1620.0;Saída;2.0;32
5666;3597;1621.0;Saída;1.0;32
5667;3792;1622.0;Saída;2.0;32
5668;3795;1623.0;Saída;2.0;32
5669;3765;1624.0;Saída;1.0;32
5670;1098;1626.0;Saída;1.0;33
5671;1361;1627.0;Saída;2.0;33
5672;1429;1628.0;Saída;1.0;33
5673;384;1630.0;Saída;2.0;33
5674;349;1631.0;Saída;1.0;33
5675;325;1632.0;Saída;1.0;33
5676;560;1633.0;Saída;1.0;33
5677;487;1634.0;Saída;1.0;33
5678;232;1638.0;Saída;1.0;33
5679;486;1639.0;Saída;2.0;33
5680;546;1640.0;Saída;1.0;33
5681;1691;1641.0;Saída;1.0;33
5682;1566;1642.0;Saída;1.0;33
5683;18;1643.0;Saída;2.0;33
5684;2402;1644.0;Saída;2.0;33
5685;2411;1645.0;Saída;2.0;33
5686;2014;1646.0;Saída;1.0;33
5687;2018;1647.0;Saída;1.0;33
5688;2526;1649.0;Saída;2.0;33
5689;2378;1650.0;Saída;2.0;33
5690;2338;1651.0;Saída;1.0;33
5691;2333;1652.0;Saída;2.0;33
5692;3200;1658.0;Saída;2.0;33
5693;3143;1659.0;Saída;1.0;33
5694;3197;1660.0;Saída;2.0;33
5695;3057;1661.0;Saída;1.0;33
5696;3696;1662.0;Saída;2.0;33
5697;3744;1663.0;Saída;1.0;33
5698;3467;1666.0;Saída;2.0;33
5699;3449;1667.0;Saída;2.0;33
5700;3989;1668.0;Saída;1.0;33
5701;3995;1669.0;Saída;1.0;33
5702;3926;1670.0;Saída;1.0;33
5703;1411;1671.0;Saída;1.0;34
5704;1110;1672.0;Saída;2.0;34
5705;92;1673.0;Saída;2.0;34
5706;146;1674.0;Saída;2.0;34
5707;83;1675.0;Saída;1.0;34
5708;252;1676.0;Saída;2.0;34
5709;306;1677.0;Saída;1.0;34
5710;249;1678.0;Saída;2.0;34
5711;893;1679.0;Saída;1.0;34
5712;895;1680.0;Saída;2.0;34
5713;892;1681.0;Saída;2.0;34
5714;1753;1682.0;Saída;1.0;34
5715;1730;1683.0;Saída;2.0;34
5716;1725;1684.0;Saída;2.0;34
5717;1636;1685.0;Saída;2.0;34
5718;1602;1686.0;Saída;2.0;34
5719;1619;1687.0;Saída;2.0;34
5720;147;1688.0;Saída;2.0;34
5721;927;1689.0;Saída;2.0;34
5722;904;1690.0;Saída;1.0;34
5723;960;1691.0;Saída;1.0;34
5724;737;1692.0;Saída;1.0;34
5725;1927;1696.0;Saída;2.0;34
5726;1790;1697.0;Saída;2.0;34
5727;2066;1698.0;Saída;2.0;34
5728;2053;1699.0;Saída;1.0;34
5729;2634;1703.0;Saída;1.0;34
5730;2626;1704.0;Saída;1.0;34
5731;2567;1705.0;Saída;2.0;34
5732;2958;1706.0;Saída;1.0;34
5733;2670;1709.0;Saída;2.0;34
5734;2650;1710.0;Saída;1.0;34
5735;2993;1711.0;Saída;2.0;34
5736;3591;1712.0;Saída;2.0;34
5737;3526;1713.0;Saída;2.0;34
5738;3600;1714.0;Saída;2.0;34
5739;3527;1715.0;Saída;1.0;34
5740;3536;1716.0;Saída;1.0;34
5741;3528;1717.0;Saída;1.0;34
5742;4301;1720.0;Saída;1.0;34
5743;4312;1721.0;Saída;1.0;34
5744;1072;1725.0;Saída;1.0;35
5745;1045;1726.0;Saída;2.0;35
5746;243;1727.0;Saída;1.0;35
5747;245;1728.0;Saída;1.0;35
5748;1665;1729.0;Saída;2.0;35
5749;293;1730.0;Saída;2.0;35
5750;263;1731.0;Saída;2.0;35
5751;279;1732.0;Saída;1.0;35
5752;884;1733.0;Saída;2.0;35
5753;892;1734.0;Saída;2.0;35
5754;179;1735.0;Saída;2.0;35
5755;222;1736.0;Saída;1.0;35
5756;170;1737.0;Saída;1.0;35
5757;81;1738.0;Saída;2.0;35
5758;1193;1739.0;Saída;1.0;35
5759;231;1740.0;Saída;1.0;35
5760;1030;1741.0;Saída;1.0;35
5761;547;1742.0;Saída;2.0;35
5762;92;1743.0;Saída;2.0;35
5763;93;1744.0;Saída;2.0;35
5764;157;1745.0;Saída;1.0;35
5765;2401;1746.0;Saída;1.0;35
5766;2476;1747.0;Saída;2.0;35
5767;2406;1748.0;Saída;2.0;35
5768;2422;1749.0;Saída;1.0;35
5769;2466;1750.0;Saída;2.0;35
5770;2351;1751.0;Saída;2.0;35
5771;1841;1752.0;Saída;1.0;35
5772;2100;1753.0;Saída;1.0;35
5773;2082;1754.0;Saída;2.0;35
5774;2154;1755.0;Saída;1.0;35
5775;2788;1756.0;Saída;1.0;35
5776;2761;1757.0;Saída;1.0;35
5777;2738;1758.0;Saída;2.0;35
5778;2566;1759.0;Saída;2.0;35
5779;3232;1760.0;Saída;2.0;35
5780;2772;1761.0;Saída;1.0;35
5781;3219;1762.0;Saída;1.0;35
5782;3253;1763.0;Saída;2.0;35
5783;3211;1764.0;Saída;1.0;35
5784;3404;1765.0;Saída;1.0;35
5785;3378;1766.0;Saída;2.0;35
5786;3750;1767.0;Saída;2.0;35
5787;3905;1768.0;Saída;2.0;35
5788;3857;1769.0;Saída;1.0;35
5789;3855;1770.0;Saída;2.0;35
5790;889;1771.0;Saída;1.0;36
5791;1135;1772.0;Saída;1.0;36
5792;1151;1773.0;Saída;1.0;36
5793;332;1774.0;Saída;2.0;36
5794;384;1775.0;Saída;1.0;36
5795;1047;1778.0;Saída;2.0;36
5796;1591;1779.0;Saída;1.0;36
5797;1600;1780.0;Saída;1.0;36
5798;1291;1783.0;Saída;1.0;36
5799;318;1784.0;Saída;2.0;36
5800;317;1785.0;Saída;2.0;36
5801;1594;1786.0;Saída;1.0;36
5802;1526;1787.0;Saída;2.0;36
5803;1533;1788.0;Saída;2.0;36
5804;1271;1789.0;Saída;1.0;36
5805;82;1793.0;Saída;2.0;36
5806;110;1794.0;Saída;1.0;36
5807;99;1795.0;Saída;1.0;36
5808;2000;1796.0;Saída;1.0;36
5809;1941;1797.0;Saída;1.0;36
5810;2026;1798.0;Saída;2.0;36
5811;2037;1799.0;Saída;1.0;36
5812;2074;1800.0;Saída;1.0;36
5813;2473;1801.0;Saída;2.0;36
5814;2706;1803.0;Saída;2.0;36
5815;2642;1804.0;Saída;1.0;36
5816;2652;1805.0;Saída;1.0;36
5817;2980;1806.0;Saída;2.0;36
5818;2964;1807.0;Saída;1.0;36
5819;2970;1808.0;Saída;2.0;36
5820;3261;1809.0;Saída;1.0;36
5821;3202;1810.0;Saída;2.0;36
5822;3217;1811.0;Saída;1.0;36
5823;3047;1812.0;Saída;1.0;36
5824;3382;1816.0;Saída;2.0;36
5825;3410;1817.0;Saída;2.0;36
5826;3437;1818.0;Saída;1.0;36
5827;3966;1819.0;Saída;2.0;36
5828;3983;1820.0;Saída;1.0;36
5829;997;1821.0;Saída;2.0;37
5830;1026;1822.0;Saída;2.0;37
5831;1591;1823.0;Saída;2.0;37
5832;1576;1824.0;Saída;1.0;37
5833;1227;1825.0;Saída;2.0;37
5834;108;1826.0;Saída;1.0;37
5835;128;1827.0;Saída;1.0;37
5836;545;1828.0;Saída;1.0;37
5837;335;1832.0;Saída;1.0;37
5838;371;1833.0;Saída;2.0;37
5839;329;1834.0;Saída;1.0;37
5840;1655;1835.0;Saída;2.0;37
5841;1626;1836.0;Saída;2.0;37
5842;385;1837.0;Saída;2.0;37
5843;346;1838.0;Saída;1.0;37
5844;387;1839.0;Saída;1.0;37
5845;1125;1840.0;Saída;2.0;37
5846;1135;1841.0;Saída;1.0;37
5847;1143;1842.0;Saída;2.0;37
5848;474;1843.0;Saída;1.0;37
5849;2016;1844.0;Saída;1.0;37
5850;2063;1845.0;Saída;2.0;37
5851;2308;1846.0;Saída;1.0;37
5852;2470;1847.0;Saída;2.0;37
5853;2444;1848.0;Saída;2.0;37
5854;2456;1849.0;Saída;2.0;37
5855;1922;1850.0;Saída;1.0;37
5856;1985;1851.0;Saída;1.0;37
5857;2240;1852.0;Saída;2.0;37
5858;2237;1853.0;Saída;2.0;37
5859;1933;1854.0;Saída;2.0;37
5860;1924;1855.0;Saída;1.0;37
5861;2956;1856.0;Saída;2.0;37
5862;3269;1857.0;Saída;1.0;37
5863;2706;1858.0;Saída;2.0;37
5864;2561;1859.0;Saída;1.0;37
5865;2616;1860.0;Saída;1.0;37
5866;3064;1861.0;Saída;1.0;37
5867;3590;1862.0;Saída;2.0;37
5868;3525;1863.0;Saída;1.0;37
5869;3675;1864.0;Saída;1.0;37
5870;3674;1865.0;Saída;1.0;37
5871;3762;1866.0;Saída;2.0;37
5872;1370;1867.0;Saída;2.0;38
5873;712;1868.0;Saída;1.0;38
5874;656;1869.0;Saída;2.0;38
5875;643;1870.0;Saída;2.0;38
5876;805;1871.0;Saída;1.0;38
5877;1355;1872.0;Saída;2.0;38
5878;1353;1873.0;Saída;2.0;38
5879;1292;1874.0;Saída;2.0;38
5880;1368;1875.0;Saída;1.0;38
5881;413;1876.0;Saída;2.0;38
5882;469;1877.0;Saída;1.0;38
5883;577;1878.0;Saída;2.0;38
5884;611;1879.0;Saída;1.0;38
5885;590;1880.0;Saída;2.0;38
5886;69;1881.0;Saída;1.0;38
5887;76;1882.0;Saída;1.0;38
5888;3;1883.0;Saída;1.0;38
5889;939;1884.0;Saída;1.0;38
5890;1216;1885.0;Saída;1.0;38
5891;1219;1886.0;Saída;1.0;38
5892;1475;1887.0;Saída;2.0;38
5893;1449;1888.0;Saída;1.0;38
5894;1441;1889.0;Saída;1.0;38
5895;1351;1890.0;Saída;2.0;38
5896;1346;1891.0;Saída;2.0;38
5897;1285;1892.0;Saída;1.0;38
5898;1170;1893.0;Saída;2.0;38
5899;1897;1896.0;Saída;2.0;38
5900;1918;1897.0;Saída;2.0;38
5901;1871;1898.0;Saída;1.0;38
5902;2322;1899.0;Saída;2.0;38
5903;1865;1900.0;Saída;1.0;38
5904;3133;1901.0;Saída;1.0;38
5905;3174;1902.0;Saída;1.0;38
5906;2731;1903.0;Saída;2.0;38
5907;2771;1904.0;Saída;2.0;38
5908;2792;1905.0;Saída;2.0;38
5909;2898;1906.0;Saída;2.0;38
5910;2955;1907.0;Saída;2.0;38
5911;2945;1908.0;Saída;1.0;38
5912;2806;1909.0;Saída;1.0;38
5913;3433;1910.0;Saída;1.0;38
5914;3445;1911.0;Saída;2.0;38
5915;3485;1912.0;Saída;2.0;38
5916;3517;1913.0;Saída;2.0;38
5917;3753;1914.0;Saída;1.0;38
5918;3714;1915.0;Saída;1.0;38
5919;3709;1916.0;Saída;2.0;38
5920;4229;1917.0;Saída;2.0;38
5921;4206;1918.0;Saída;2.0;38
5922;3819;1919.0;Saída;1.0;38
5923;3820;1920.0;Saída;1.0;38
5924;3777;1921.0;Saída;2.0;38
5925;1671;1922.0;Saída;1.0;39
5926;1605;1923.0;Saída;2.0;39
5927;1618;1924.0;Saída;1.0;39
5928;1500;1925.0;Saída;1.0;39
5929;1628;1928.0;Saída;2.0;39
5930;918;1929.0;Saída;2.0;39
5931;888;1930.0;Saída;2.0;39
5932;1264;1931.0;Saída;2.0;39
5933;1760;1932.0;Saída;2.0;39
5934;407;1933.0;Saída;2.0;39
5935;424;1934.0;Saída;1.0;39
5936;2436;1935.0;Saída;2.0;39
5937;2471;1936.0;Saída;2.0;39
5938;2009;1937.0;Saída;1.0;39
5939;2025;1938.0;Saída;2.0;39
5940;2142;1939.0;Saída;1.0;39
5941;2095;1940.0;Saída;2.0;39
5942;2117;1941.0;Saída;2.0;39
5943;2193;1942.0;Saída;2.0;39
5944;2238;1943.0;Saída;2.0;39
5945;2227;1944.0;Saída;2.0;39
5946;2209;1945.0;Saída;1.0;39
5947;2176;1946.0;Saída;2.0;39
5948;2738;1951.0;Saída;1.0;39
5949;2723;1952.0;Saída;1.0;39
5950;2785;1953.0;Saída;1.0;39
5951;2861;1954.0;Saída;1.0;39
5952;3137;1955.0;Saída;2.0;39
5953;3124;1956.0;Saída;2.0;39
5954;3194;1957.0;Saída;1.0;39
5955;3429;1961.0;Saída;1.0;39
5956;3404;1962.0;Saída;2.0;39
5957;3550;1963.0;Saída;2.0;39
5958;4005;1964.0;Saída;1.0;39
5959;1156;1965.0;Saída;1.0;40
5960;1162;1966.0;Saída;1.0;40
5961;1739;1967.0;Saída;2.0;40
5962;1682;1968.0;Saída;2.0;40
5963;1700;1969.0;Saída;2.0;40
5964;1381;1973.0;Saída;1.0;40
5965;1427;1974.0;Saída;1.0;40
5966;1398;1975.0;Saída;2.0;40
5967;1219;1976.0;Saída;2.0;40
5968;1275;1977.0;Saída;2.0;40
5969;1539;1980.0;Saída;1.0;40
5970;798;1981.0;Saída;1.0;40
5971;749;1982.0;Saída;2.0;40
5972;753;1983.0;Saída;1.0;40
5973;875;1984.0;Saída;1.0;40
5974;833;1985.0;Saída;1.0;40
5975;1546;1986.0;Saída;1.0;40
5976;1618;1987.0;Saída;2.0;40
5977;1623;1988.0;Saída;1.0;40
5978;1610;1989.0;Saída;1.0;40
5979;733;1990.0;Saída;2.0;40
5980;354;1991.0;Saída;2.0;40
5981;398;1992.0;Saída;1.0;40
5982;1342;1993.0;Saída;2.0;40
5983;1343;1994.0;Saída;1.0;40
5984;2081;1995.0;Saída;1.0;40
5985;2090;1996.0;Saída;1.0;40
5986;1927;1997.0;Saída;2.0;40
5987;2082;1998.0;Saída;1.0;40
5988;1821;1999.0;Saída;1.0;40
5989;1925;2000.0;Saída;2.0;40
5990;1970;2001.0;Saída;1.0;40
5991;1955;2002.0;Saída;2.0;40
5992;1838;2003.0;Saída;2.0;40
5993;3296;2004.0;Saída;2.0;40
5994;3016;2005.0;Saída;2.0;40
5995;3022;2006.0;Saída;2.0;40
5996;2973;2007.0;Saída;2.0;40
5997;3224;2008.0;Saída;1.0;40
5998;2779;2009.0;Saída;2.0;40
5999;3225;2010.0;Saída;2.0;40
6000;3549;2011.0;Saída;1.0;40
6001;3424;2012.0;Saída;1.0;40
6002;3422;2013.0;Saída;2.0;40
6003;3387;2014.0;Saída;2.0;40
6004;3508;2015.0;Saída;1.0;40
6005;3461;2016.0;Saída;1.0;40
6006;1181;2022.0;Saída;2.0;41
6007;548;2023.0;Saída;2.0;41
6008;491;2024.0;Saída;2.0;41
6009;1537;2025.0;Saída;2.0;41
6010;1739;2026.0;Saída;2.0;41
6011;1718;2027.0;Saída;1.0;41
6012;461;2028.0;Saída;1.0;41
6013;415;2029.0;Saída;1.0;41
6014;463;2030.0;Saída;2.0;41
6015;527;2031.0;Saída;2.0;41
6016;489;2032.0;Saída;1.0;41
6017;1549;2033.0;Saída;2.0;41
6018;1560;2034.0;Saída;2.0;41
6019;1621;2036.0;Saída;1.0;41
6020;1610;2037.0;Saída;2.0;41
6021;1661;2038.0;Saída;1.0;41
6022;1564;2039.0;Saída;1.0;41
6023;544;2040.0;Saída;2.0;41
6024;511;2041.0;Saída;2.0;41
6025;1864;2042.0;Saída;2.0;41
6026;2149;2043.0;Saída;1.0;41
6027;2097;2044.0;Saída;2.0;41
6028;2132;2045.0;Saída;2.0;41
6029;2165;2046.0;Saída;2.0;41
6030;2172;2047.0;Saída;1.0;41
6031;2304;2048.0;Saída;1.0;41
6032;2290;2049.0;Saída;2.0;41
6033;3101;2050.0;Saída;2.0;41
6034;3102;2051.0;Saída;1.0;41
6035;3108;2052.0;Saída;1.0;41
6036;2859;2053.0;Saída;2.0;41
6037;2817;2054.0;Saída;1.0;41
6038;2845;2055.0;Saída;2.0;41
6039;2797;2057.0;Saída;1.0;41
6040;3377;2058.0;Saída;2.0;41
6041;3371;2059.0;Saída;2.0;41
6042;3421;2060.0;Saída;1.0;41
6043;4077;2064.0;Saída;2.0;41
6044;4078;2065.0;Saída;1.0;41
6045;1679;2067.0;Saída;2.0;42
6046;416;2068.0;Saída;1.0;42
6047;466;2069.0;Saída;2.0;42
6048;435;2070.0;Saída;1.0;42
6049;1500;2071.0;Saída;2.0;42
6050;1451;2072.0;Saída;1.0;42
6051;11;2073.0;Saída;1.0;42
6052;751;2074.0;Saída;2.0;42
6053;634;2075.0;Saída;1.0;42
6054;622;2076.0;Saída;2.0;42
6055;1689;2077.0;Saída;1.0;42
6056;1748;2078.0;Saída;1.0;42
6057;730;2079.0;Saída;1.0;42
6058;751;2080.0;Saída;1.0;42
6059;2002;2081.0;Saída;2.0;42
6060;2021;2082.0;Saída;1.0;42
6061;1936;2083.0;Saída;1.0;42
6062;2172;2084.0;Saída;1.0;42
6063;2183;2085.0;Saída;2.0;42
6064;2310;2086.0;Saída;2.0;42
6065;3220;2087.0;Saída;2.0;42
6066;3265;2088.0;Saída;1.0;42
6067;3201;2089.0;Saída;2.0;42
6068;3172;2090.0;Saída;2.0;42
6069;3139;2091.0;Saída;1.0;42
6070;3312;2092.0;Saída;1.0;42
6071;3295;2093.0;Saída;1.0;42
6072;3310;2094.0;Saída;1.0;42
6073;2813;2095.0;Saída;2.0;42
6074;2880;2096.0;Saída;2.0;42
6075;3591;2097.0;Saída;1.0;42
6076;3598;2098.0;Saída;1.0;42
6077;3701;2099.0;Saída;2.0;42
6078;3745;2100.0;Saída;1.0;42
6079;3432;2101.0;Saída;2.0;42
6080;3363;2102.0;Saída;1.0;42
6081;3371;2103.0;Saída;2.0;42
6082;3926;2104.0;Saída;1.0;42
6083;543;2105.0;Saída;2.0;43
6084;1095;2106.0;Saída;2.0;43
6085;1101;2107.0;Saída;1.0;43
6086;1586;2108.0;Saída;1.0;43
6087;1599;2109.0;Saída;1.0;43
6088;1561;2110.0;Saída;1.0;43
6089;1666;2111.0;Saída;2.0;43
6090;1607;2112.0;Saída;2.0;43
6091;1644;2113.0;Saída;2.0;43
6092;523;2114.0;Saída;1.0;43
6093;550;2115.0;Saída;2.0;43
6094;928;2116.0;Saída;1.0;43
6095;604;2117.0;Saída;2.0;43
6096;573;2118.0;Saída;1.0;43
6097;1362;2119.0;Saída;1.0;43
6098;818;2120.0;Saída;1.0;43
6099;1059;2121.0;Saída;2.0;43
6100;1090;2122.0;Saída;2.0;43
6101;1616;2123.0;Saída;1.0;43
6102;1613;2124.0;Saída;2.0;43
6103;1610;2125.0;Saída;1.0;43
6104;1427;2126.0;Saída;2.0;43
6105;1220;2127.0;Saída;1.0;43
6106;2017;2130.0;Saída;1.0;43
6107;2255;2131.0;Saída;1.0;43
6108;2244;2132.0;Saída;1.0;43
6109;2295;2133.0;Saída;1.0;43
6110;2088;2134.0;Saída;1.0;43
6111;2101;2135.0;Saída;1.0;43
6112;2780;2136.0;Saída;1.0;43
6113;2779;2137.0;Saída;1.0;43
6114;3295;2138.0;Saída;1.0;43
6115;3312;2139.0;Saída;1.0;43
6116;3356;2140.0;Saída;2.0;43
6117;3168;2141.0;Saída;1.0;43
6118;3198;2142.0;Saída;1.0;43
6119;3299;2148.0;Saída;2.0;43
6120;3352;2149.0;Saída;2.0;43
6121;3300;2150.0;Saída;2.0;43
6122;3540;2151.0;Saída;1.0;43
6123;3468;2152.0;Saída;1.0;43
6124;3503;2153.0;Saída;2.0;43
6125;3504;2154.0;Saída;2.0;43
6126;4133;2155.0;Saída;2.0;43
6127;1690;2156.0;Saída;1.0;44
6128;1699;2157.0;Saída;2.0;44
6129;1758;2158.0;Saída;2.0;44
6130;83;2159.0;Saída;1.0;44
6131;1236;2161.0;Saída;1.0;44
6132;735;2163.0;Saída;2.0;44
6133;755;2164.0;Saída;1.0;44
6134;787;2165.0;Saída;1.0;44
6135;1617;2168.0;Saída;1.0;44
6136;1628;2169.0;Saída;1.0;44
6137;417;2170.0;Saída;2.0;44
6138;1174;2171.0;Saída;2.0;44
6139;1131;2172.0;Saída;1.0;44
6140;355;2173.0;Saída;1.0;44
6141;2107;2174.0;Saída;2.0;44
6142;2416;2175.0;Saída;1.0;44
6143;2407;2176.0;Saída;1.0;44
6144;2433;2177.0;Saída;2.0;44
6145;2506;2178.0;Saída;1.0;44
6146;1897;2179.0;Saída;1.0;44
6147;1877;2180.0;Saída;1.0;44
6148;1850;2181.0;Saída;1.0;44
6149;2190;2182.0;Saída;2.0;44
6150;2193;2183.0;Saída;1.0;44
6151;2203;2184.0;Saída;1.0;44
6152;3216;2185.0;Saída;2.0;44
6153;3275;2186.0;Saída;1.0;44
6154;2751;2187.0;Saída;1.0;44
6155;2738;2188.0;Saída;1.0;44
6156;2984;2189.0;Saída;2.0;44
6157;3021;2190.0;Saída;2.0;44
6158;2968;2191.0;Saída;1.0;44
6159;2964;2192.0;Saída;2.0;44
6160;3034;2193.0;Saída;2.0;44
6161;3537;2194.0;Saída;2.0;44
6162;3536;2195.0;Saída;1.0;44
6163;3525;2196.0;Saída;2.0;44
6164;3541;2197.0;Saída;1.0;44
6165;3592;2198.0;Saída;1.0;44
6166;3534;2199.0;Saída;2.0;44
6167;3691;2200.0;Saída;2.0;44
6168;3701;2201.0;Saída;1.0;44
6169;4237;2202.0;Saída;2.0;44
6170;4229;2203.0;Saída;1.0;44
6171;4163;2204.0;Saída;1.0;44
6172;93;2207.0;Saída;2.0;45
6173;159;2208.0;Saída;1.0;45
6174;867;2209.0;Saída;2.0;45
6175;467;2210.0;Saída;2.0;45
6176;454;2211.0;Saída;2.0;45
6177;423;2212.0;Saída;2.0;45
6178;571;2214.0;Saída;1.0;45
6179;202;2215.0;Saída;2.0;45
6180;1391;2216.0;Saída;2.0;45
6181;1436;2217.0;Saída;1.0;45
6182;1366;2218.0;Saída;1.0;45
6183;563;2219.0;Saída;2.0;45
6184;570;2220.0;Saída;2.0;45
6185;1936;2221.0;Saída;2.0;45
6186;1986;2222.0;Saída;1.0;45
6187;1997;2223.0;Saída;1.0;45
6188;2394;2224.0;Saída;1.0;45
6189;2393;2225.0;Saída;2.0;45
6190;2338;2226.0;Saída;1.0;45
6191;1938;2227.0;Saída;1.0;45
6192;1921;2228.0;Saída;1.0;45
6193;1984;2229.0;Saída;1.0;45
6194;1825;2230.0;Saída;1.0;45
6195;1803;2231.0;Saída;2.0;45
6196;3258;2232.0;Saída;2.0;45
6197;3233;2233.0;Saída;2.0;45
6198;2788;2234.0;Saída;2.0;45
6199;2728;2235.0;Saída;2.0;45
6200;2782;2236.0;Saída;2.0;45
6201;2964;2237.0;Saída;2.0;45
6202;3002;2238.0;Saída;1.0;45
6203;3045;2239.0;Saída;2.0;45
6204;3083;2240.0;Saída;1.0;45
6205;2737;2241.0;Saída;1.0;45
6206;2777;2242.0;Saída;1.0;45
6207;3422;2243.0;Saída;2.0;45
6208;3438;2244.0;Saída;2.0;45
6209;3637;2245.0;Saída;2.0;45
6210;3629;2246.0;Saída;2.0;45
6211;3762;2247.0;Saída;1.0;45
6212;3802;2248.0;Saída;2.0;45
6213;3769;2249.0;Saída;1.0;45
6214;718;2250.0;Saída;1.0;46
6215;653;2251.0;Saída;1.0;46
6216;669;2252.0;Saída;1.0;46
6217;648;2253.0;Saída;1.0;46
6218;667;2254.0;Saída;1.0;46
6219;655;2255.0;Saída;2.0;46
6220;224;2256.0;Saída;1.0;46
6221;1632;2257.0;Saída;2.0;46
6222;1639;2258.0;Saída;2.0;46
6223;1679;2259.0;Saída;1.0;46
6224;1629;2260.0;Saída;2.0;46
6225;1605;2261.0;Saída;2.0;46
6226;1619;2264.0;Saída;2.0;46
6227;1679;2265.0;Saída;2.0;46
6228;1653;2266.0;Saída;1.0;46
6229;307;2267.0;Saída;2.0;46
6230;268;2268.0;Saída;1.0;46
6231;1321;2269.0;Saída;2.0;46
6232;1426;2272.0;Saída;2.0;46
6233;708;2273.0;Saída;2.0;46
6234;711;2274.0;Saída;2.0;46
6235;696;2275.0;Saída;1.0;46
6236;383;2276.0;Saída;1.0;46
6237;2643;2290.0;Saída;1.0;46
6238;2651;2291.0;Saída;1.0;46
6239;2657;2292.0;Saída;2.0;46
6240;2799;2293.0;Saída;2.0;46
6241;3136;2294.0;Saída;2.0;46
6242;2643;2295.0;Saída;1.0;46
6243;2709;2296.0;Saída;1.0;46
6244;2715;2297.0;Saída;1.0;46
6245;3536;2298.0;Saída;1.0;46
6246;3585;2299.0;Saída;2.0;46
6247;3383;2300.0;Saída;2.0;46
6248;4033;2301.0;Saída;2.0;46
6249;4067;2302.0;Saída;2.0;46
6250;4070;2303.0;Saída;2.0;46
6251;1222;2304.0;Saída;1.0;47
6252;1263;2305.0;Saída;2.0;47
6253;1206;2306.0;Saída;1.0;47
6254;829;2307.0;Saída;1.0;47
6255;793;2308.0;Saída;2.0;47
6256;751;2309.0;Saída;1.0;47
6257;745;2310.0;Saída;2.0;47
6258;481;2311.0;Saída;1.0;47
6259;1257;2312.0;Saída;2.0;47
6260;1203;2313.0;Saída;2.0;47
6261;756;2314.0;Saída;2.0;47
6262;722;2315.0;Saída;1.0;47
6263;777;2316.0;Saída;2.0;47
6264;251;2317.0;Saída;1.0;47
6265;309;2318.0;Saída;2.0;47
6266;302;2319.0;Saída;2.0;47
6267;832;2320.0;Saída;1.0;47
6268;1437;2321.0;Saída;1.0;47
6269;637;2325.0;Saída;1.0;47
6270;616;2326.0;Saída;1.0;47
6271;467;2327.0;Saída;1.0;47
6272;1322;2331.0;Saída;2.0;47
6273;2197;2332.0;Saída;2.0;47
6274;2106;2333.0;Saída;1.0;47
6275;1819;2334.0;Saída;1.0;47
6276;1940;2335.0;Saída;1.0;47
6277;1963;2336.0;Saída;1.0;47
6278;1936;2337.0;Saída;2.0;47
6279;2157;2338.0;Saída;2.0;47
6280;1867;2339.0;Saída;1.0;47
6281;2722;2340.0;Saída;2.0;47
6282;2781;2341.0;Saída;1.0;47
6283;3064;2342.0;Saída;1.0;47
6284;3075;2343.0;Saída;2.0;47
6285;3285;2346.0;Saída;2.0;47
6286;3291;2347.0;Saída;2.0;47
6287;3660;2348.0;Saída;2.0;47
6288;3650;2349.0;Saída;1.0;47
6289;3667;2350.0;Saída;2.0;47
6290;3495;2351.0;Saída;1.0;47
6291;3505;2352.0;Saída;1.0;47
6292;3518;2353.0;Saída;2.0;47
6293;3933;2354.0;Saída;1.0;47
6294;3921;2355.0;Saída;2.0;47
6295;3991;2356.0;Saída;2.0;47
6296;1214;2357.0;Saída;1.0;48
6297;1249;2358.0;Saída;1.0;48
6298;1035;2359.0;Saída;1.0;48
6299;1022;2360.0;Saída;2.0;48
6300;971;2361.0;Saída;2.0;48
6301;86;2362.0;Saída;1.0;48
6302;114;2363.0;Saída;2.0;48
6303;107;2364.0;Saída;1.0;48
6304;1140;2365.0;Saída;2.0;48
6305;846;2366.0;Saída;1.0;48
6306;1;2367.0;Saída;1.0;48
6307;17;2368.0;Saída;1.0;48
6308;77;2369.0;Saída;1.0;48
6309;952;2371.0;Saída;2.0;48
6310;1301;2372.0;Saída;1.0;48
6311;1290;2373.0;Saída;2.0;48
6312;1287;2374.0;Saída;2.0;48
6313;1210;2375.0;Saída;1.0;48
6314;1235;2376.0;Saída;2.0;48
6315;1215;2377.0;Saída;2.0;48
6316;303;2378.0;Saída;2.0;48
6317;2521;2380.0;Saída;2.0;48
6318;2281;2382.0;Saída;2.0;48
6319;2559;2383.0;Saída;2.0;48
6320;2800;2384.0;Saída;1.0;48
6321;2765;2385.0;Saída;2.0;48
6322;2673;2388.0;Saída;2.0;48
6323;2670;2389.0;Saída;1.0;48
6324;2699;2390.0;Saída;1.0;48
6325;3439;2391.0;Saída;1.0;48
6326;3372;2392.0;Saída;1.0;48
6327;3433;2393.0;Saída;1.0;48
6328;3717;2394.0;Saída;2.0;48
6329;3747;2395.0;Saída;2.0;48
6330;3375;2396.0;Saída;2.0;48
6331;4266;2397.0;Saída;2.0;48
6332;4277;2398.0;Saída;2.0;48
6333;4257;2399.0;Saída;1.0;48
6334;932;2400.0;Saída;2.0;49
6335;911;2401.0;Saída;2.0;49
6336;1213;2402.0;Saída;1.0;49
6337;1258;2403.0;Saída;2.0;49
6338;641;2404.0;Saída;2.0;49
6339;402;2405.0;Saída;2.0;49
6340;407;2406.0;Saída;1.0;49
6341;413;2407.0;Saída;2.0;49
6342;323;2408.0;Saída;2.0;49
6343;322;2409.0;Saída;1.0;49
6344;841;2410.0;Saída;1.0;49
6345;715;2412.0;Saída;1.0;49
6346;689;2413.0;Saída;1.0;49
6347;398;2414.0;Saída;2.0;49
6348;400;2415.0;Saída;1.0;49
6349;1823;2423.0;Saída;1.0;49
6350;1799;2424.0;Saída;2.0;49
6351;1767;2425.0;Saída;1.0;49
6352;2418;2426.0;Saída;1.0;49
6353;2442;2427.0;Saída;1.0;49
6354;2233;2428.0;Saída;2.0;49
6355;2239;2429.0;Saída;1.0;49
6356;2234;2430.0;Saída;1.0;49
6357;2750;2434.0;Saída;1.0;49
6358;2580;2435.0;Saída;2.0;49
6359;2597;2436.0;Saída;1.0;49
6360;2966;2437.0;Saída;2.0;49
6361;2982;2438.0;Saída;2.0;49
6362;3124;2439.0;Saída;1.0;49
6363;3190;2440.0;Saída;2.0;49
6364;3687;2441.0;Saída;1.0;49
6365;3587;2442.0;Saída;2.0;49
6366;3538;2443.0;Saída;2.0;49
6367;4276;2444.0;Saída;1.0;49
6368;4301;2445.0;Saída;1.0;49
6369;4248;2446.0;Saída;2.0;49
6370;137;2447.0;Saída;1.0;50
6371;104;2448.0;Saída;2.0;50
6372;150;2449.0;Saída;1.0;50
6373;904;2450.0;Saída;2.0;50
6374;934;2451.0;Saída;2.0;50
6375;941;2452.0;Saída;1.0;50
6376;246;2453.0;Saída;1.0;50
6377;296;2454.0;Saída;1.0;50
6378;1090;2455.0;Saída;1.0;50
6379;319;2459.0;Saída;1.0;50
6380;724;2460.0;Saída;1.0;50
6381;730;2461.0;Saída;1.0;50
6382;764;2462.0;Saída;2.0;50
6383;1315;2463.0;Saída;2.0;50
6384;1358;2464.0;Saída;1.0;50
6385;1313;2465.0;Saída;1.0;50
6386;1735;2466.0;Saída;2.0;50
6387;1709;2467.0;Saída;1.0;50
6388;1681;2468.0;Saída;1.0;50
6389;360;2469.0;Saída;1.0;50
6390;331;2470.0;Saída;2.0;50
6391;375;2471.0;Saída;1.0;50
6392;1650;2472.0;Saída;1.0;50
6393;1609;2473.0;Saída;2.0;50
6394;1027;2474.0;Saída;1.0;50
6395;1923;2478.0;Saída;2.0;50
6396;1953;2479.0;Saída;1.0;50
6397;1990;2480.0;Saída;1.0;50
6398;1867;2481.0;Saída;2.0;50
6399;1911;2482.0;Saída;1.0;50
6400;2074;2483.0;Saída;2.0;50
6401;3233;2484.0;Saída;1.0;50
6402;3269;2485.0;Saída;2.0;50
6403;3230;2486.0;Saída;1.0;50
6404;3210;2487.0;Saída;1.0;50
6405;3220;2488.0;Saída;1.0;50
6406;3206;2489.0;Saída;1.0;50
6407;3023;2490.0;Saída;2.0;50
6408;2972;2491.0;Saída;1.0;50
6409;3033;2492.0;Saída;2.0;50
6410;2970;2493.0;Saída;2.0;50
6411;2991;2494.0;Saída;2.0;50
6412;3621;2495.0;Saída;1.0;50
6413;3680;2496.0;Saída;1.0;50
6414;3678;2497.0;Saída;1.0;50
6415;3735;2498.0;Saída;2.0;50
6416;3753;2499.0;Saída;2.0;50
6417;3686;2500.0;Saída;1.0;50
6418;3606;2501.0;Saída;1.0;50
6419;3610;2502.0;Saída;1.0;50
6420;3932;2503.0;Saída;2.0;50
6421;148;2505.0;Saída;1.0;51
6422;127;2506.0;Saída;2.0;51
6423;103;2507.0;Saída;1.0;51
6424;1733;2510.0;Saída;2.0;51
6425;802;2516.0;Saída;1.0;51
6426;737;2517.0;Saída;2.0;51
6427;751;2518.0;Saída;1.0;51
6428;2228;2520.0;Saída;1.0;51
6429;2161;2521.0;Saída;1.0;51
6430;2064;2522.0;Saída;2.0;51
6431;2010;2523.0;Saída;2.0;51
6432;2013;2524.0;Saída;2.0;51
6433;2239;2525.0;Saída;2.0;51
6434;2179;2526.0;Saída;1.0;51
6435;1846;2527.0;Saída;2.0;51
6436;1850;2528.0;Saída;1.0;51
6437;1862;2529.0;Saída;1.0;51
6438;2098;2530.0;Saída;1.0;51
6439;2149;2531.0;Saída;1.0;51
6440;2523;2532.0;Saída;2.0;51
6441;2530;2533.0;Saída;1.0;51
6442;2978;2534.0;Saída;1.0;51
6443;3000;2535.0;Saída;1.0;51
6444;2806;2536.0;Saída;1.0;51
6445;2822;2537.0;Saída;1.0;51
6446;2967;2538.0;Saída;1.0;51
6447;3037;2539.0;Saída;1.0;51
6448;3039;2540.0;Saída;1.0;51
6449;2751;2541.0;Saída;1.0;51
6450;2722;2542.0;Saída;1.0;51
6451;3426;2546.0;Saída;2.0;51
6452;3483;2547.0;Saída;1.0;51
6453;3455;2548.0;Saída;1.0;51
6454;3424;2549.0;Saída;1.0;51
6455;626;2552.0;Saída;2.0;52
6456;631;2553.0;Saída;2.0;52
6457;166;2554.0;Saída;2.0;52
6458;230;2555.0;Saída;2.0;52
6459;185;2556.0;Saída;1.0;52
6460;172;2557.0;Saída;2.0;52
6461;875;2558.0;Saída;1.0;52
6462;325;2559.0;Saída;1.0;52
6463;420;2560.0;Saída;2.0;52
6464;408;2561.0;Saída;1.0;52
6465;1253;2562.0;Saída;1.0;52
6466;1217;2563.0;Saída;2.0;52
6467;1206;2564.0;Saída;1.0;52
6468;334;2565.0;Saída;1.0;52
6469;346;2566.0;Saída;1.0;52
6470;330;2567.0;Saída;2.0;52
6471;1062;2568.0;Saída;1.0;52
6472;1051;2569.0;Saída;1.0;52
6473;1263;2570.0;Saída;2.0;52
6474;240;2571.0;Saída;1.0;52
6475;222;2572.0;Saída;2.0;52
6476;161;2573.0;Saída;1.0;52
6477;2079;2574.0;Saída;2.0;52
6478;1774;2575.0;Saída;2.0;52
6479;2185;2576.0;Saída;1.0;52
6480;2214;2577.0;Saída;1.0;52
6481;2189;2578.0;Saída;2.0;52
6482;2857;2579.0;Saída;1.0;52
6483;3220;2583.0;Saída;1.0;52
6484;3206;2584.0;Saída;1.0;52
6485;3122;2585.0;Saída;1.0;52
6486;3147;2586.0;Saída;1.0;52
6487;3514;2587.0;Saída;1.0;52
6488;3742;2588.0;Saída;2.0;52
6489;3743;2589.0;Saída;1.0;52
6490;3693;2590.0;Saída;2.0;52
6491;4127;2591.0;Saída;1.0;52
6492;1025;2592.0;Saída;1.0;53
6493;1005;2593.0;Saída;2.0;53
6494;98;2594.0;Saída;1.0;53
6495;895;2595.0;Saída;2.0;53
6496;897;2596.0;Saída;1.0;53
6497;881;2597.0;Saída;1.0;53
6498;1281;2598.0;Saída;2.0;53
6499;126;2599.0;Saída;2.0;53
6500;83;2600.0;Saída;1.0;53
6501;153;2601.0;Saída;2.0;53
6502;1030;2602.0;Saída;1.0;53
6503;974;2603.0;Saída;1.0;53
6504;1234;2604.0;Saída;2.0;53
6505;309;2605.0;Saída;1.0;53
6506;826;2606.0;Saída;1.0;53
6507;820;2607.0;Saída;2.0;53
6508;818;2608.0;Saída;2.0;53
6509;1064;2609.0;Saída;2.0;53
6510;1060;2610.0;Saída;1.0;53
6511;1271;2611.0;Saída;2.0;53
6512;150;2612.0;Saída;1.0;53
6513;102;2613.0;Saída;2.0;53
6514;2172;2614.0;Saída;1.0;53
6515;2036;2615.0;Saída;2.0;53
6516;2022;2616.0;Saída;2.0;53
6517;2077;2617.0;Saída;2.0;53
6518;2067;2618.0;Saída;1.0;53
6519;1901;2619.0;Saída;2.0;53
6520;2102;2620.0;Saída;1.0;53
6521;2092;2621.0;Saída;2.0;53
6522;2968;2622.0;Saída;2.0;53
6523;2981;2623.0;Saída;1.0;53
6524;3185;2624.0;Saída;1.0;53
6525;3123;2625.0;Saída;2.0;53
6526;3192;2626.0;Saída;1.0;53
6527;3134;2627.0;Saída;1.0;53
6528;3620;2629.0;Saída;2.0;53
6529;3981;2633.0;Saída;1.0;53
6530;3926;2634.0;Saída;1.0;53
6531;981;2635.0;Saída;1.0;54
6532;1248;2636.0;Saída;1.0;54
6533;1263;2637.0;Saída;2.0;54
6534;1215;2638.0;Saída;1.0;54
6535;1264;2639.0;Saída;1.0;54
6536;1510;2642.0;Saída;1.0;54
6537;1494;2643.0;Saída;2.0;54
6538;380;2644.0;Saída;1.0;54
6539;360;2645.0;Saída;1.0;54
6540;336;2646.0;Saída;1.0;54
6541;1210;2647.0;Saída;2.0;54
6542;1304;2648.0;Saída;1.0;54
6543;1357;2649.0;Saída;2.0;54
6544;235;2650.0;Saída;2.0;54
6545;1860;2651.0;Saída;1.0;54
6546;2258;2652.0;Saída;1.0;54
6547;2026;2653.0;Saída;1.0;54
6548;2002;2654.0;Saída;2.0;54
6549;1835;2655.0;Saída;1.0;54
6550;1790;2656.0;Saída;2.0;54
6551;1762;2657.0;Saída;1.0;54
6552;3149;2658.0;Saída;2.0;54
6553;2978;2659.0;Saída;2.0;54
6554;2844;2660.0;Saída;2.0;54
6555;2820;2661.0;Saída;2.0;54
6556;2801;2662.0;Saída;2.0;54
6557;2889;2663.0;Saída;1.0;54
6558;2895;2664.0;Saída;2.0;54
6559;2881;2665.0;Saída;1.0;54
6560;3019;2666.0;Saída;1.0;54
6561;3031;2667.0;Saída;1.0;54
6562;3011;2668.0;Saída;1.0;54
6563;3344;2669.0;Saída;2.0;54
6564;3317;2670.0;Saída;1.0;54
6565;3630;2671.0;Saída;1.0;54
6566;3611;2672.0;Saída;1.0;54
6567;3639;2673.0;Saída;1.0;54
6568;3423;2674.0;Saída;1.0;54
6569;3745;2675.0;Saída;1.0;54
6570;3757;2676.0;Saída;2.0;54
6571;4235;2677.0;Saída;2.0;54
6572;4192;2678.0;Saída;2.0;54
6573;4211;2679.0;Saída;1.0;54
6574;464;2680.0;Saída;1.0;55
6575;660;2681.0;Saída;2.0;55
6576;659;2682.0;Saída;1.0;55
6577;264;2684.0;Saída;2.0;55
6578;319;2685.0;Saída;1.0;55
6579;313;2686.0;Saída;1.0;55
6580;738;2687.0;Saída;1.0;55
6581;736;2688.0;Saída;2.0;55
6582;731;2689.0;Saída;2.0;55
6583;1137;2690.0;Saída;1.0;55
6584;1440;2691.0;Saída;2.0;55
6585;1048;2692.0;Saída;2.0;55
6586;243;2693.0;Saída;2.0;55
6587;1617;2694.0;Saída;2.0;55
6588;1614;2695.0;Saída;1.0;55
6589;1631;2696.0;Saída;1.0;55
6590;660;2697.0;Saída;2.0;55
6591;2472;2698.0;Saída;1.0;55
6592;1849;2699.0;Saída;1.0;55
6593;1850;2700.0;Saída;2.0;55
6594;2244;2701.0;Saída;2.0;55
6595;2274;2702.0;Saída;1.0;55
6596;1962;2703.0;Saída;2.0;55
6597;1990;2704.0;Saída;2.0;55
6598;1852;2705.0;Saída;2.0;55
6599;2418;2706.0;Saída;2.0;55
6600;2474;2707.0;Saída;1.0;55
6601;2425;2708.0;Saída;1.0;55
6602;2893;2709.0;Saída;2.0;55
6603;2813;2710.0;Saída;2.0;55
6604;2805;2711.0;Saída;1.0;55
6605;2804;2712.0;Saída;1.0;55
6606;2896;2713.0;Saída;1.0;55
6607;2890;2714.0;Saída;1.0;55
6608;2889;2715.0;Saída;2.0;55
6609;3238;2716.0;Saída;1.0;55
6610;3662;2719.0;Saída;1.0;55
6611;3839;2720.0;Saída;2.0;55
6612;3835;2721.0;Saída;1.0;55
6613;3789;2722.0;Saída;1.0;55
6614;863;2723.0;Saída;2.0;56
6615;321;2724.0;Saída;1.0;56
6616;366;2725.0;Saída;1.0;56
6617;389;2726.0;Saída;2.0;56
6618;727;2727.0;Saída;1.0;56
6619;750;2728.0;Saída;1.0;56
6620;794;2729.0;Saída;1.0;56
6621;439;2730.0;Saída;1.0;56
6622;428;2731.0;Saída;1.0;56
6623;1661;2732.0;Saída;1.0;56
6624;1675;2733.0;Saída;2.0;56
6625;1554;2734.0;Saída;1.0;56
6626;239;2735.0;Saída;1.0;56
6627;44;2736.0;Saída;2.0;56
6628;76;2737.0;Saída;1.0;56
6629;2402;2740.0;Saída;1.0;56
6630;2430;2741.0;Saída;1.0;56
6631;1999;2742.0;Saída;1.0;56
6632;1954;2743.0;Saída;1.0;56
6633;1797;2746.0;Saída;2.0;56
6634;2310;2747.0;Saída;1.0;56
6635;2250;2748.0;Saída;1.0;56
6636;1824;2749.0;Saída;2.0;56
6637;3116;2750.0;Saída;1.0;56
6638;3059;2751.0;Saída;1.0;56
6639;3004;2752.0;Saída;1.0;56
6640;3003;2753.0;Saída;1.0;56
6641;2977;2754.0;Saída;1.0;56
6642;3103;2755.0;Saída;1.0;56
6643;2806;2756.0;Saída;1.0;56
6644;2808;2757.0;Saída;1.0;56
6645;2809;2758.0;Saída;2.0;56
6646;3043;2759.0;Saída;1.0;56
6647;3100;2760.0;Saída;1.0;56
6648;3075;2761.0;Saída;2.0;56
6649;3539;2762.0;Saída;2.0;56
6650;3537;2763.0;Saída;2.0;56
6651;3395;2764.0;Saída;1.0;56
6652;756;2767.0;Saída;1.0;57
6653;723;2768.0;Saída;2.0;57
6654;2;2769.0;Saída;2.0;57
6655;1038;2770.0;Saída;2.0;57
6656;801;2774.0;Saída;2.0;57
6657;1672;2775.0;Saída;2.0;57
6658;1421;2776.0;Saída;1.0;57
6659;1372;2777.0;Saída;2.0;57
6660;624;2778.0;Saída;2.0;57
6661;599;2779.0;Saída;1.0;57
6662;1513;2780.0;Saída;2.0;57
6663;1493;2781.0;Saída;2.0;57
6664;1460;2782.0;Saída;2.0;57
6665;10;2783.0;Saída;2.0;57
6666;60;2784.0;Saída;2.0;57
6667;1695;2785.0;Saída;2.0;57
6668;1707;2786.0;Saída;1.0;57
6669;1738;2787.0;Saída;2.0;57
6670;1508;2788.0;Saída;2.0;57
6671;1452;2789.0;Saída;1.0;57
6672;713;2790.0;Saída;2.0;57
6673;2293;2796.0;Saída;2.0;57
6674;2320;2797.0;Saída;2.0;57
6675;2251;2798.0;Saída;2.0;57
6676;2029;2801.0;Saída;1.0;57
6677;2011;2802.0;Saída;1.0;57
6678;3202;2805.0;Saída;1.0;57
6679;3219;2806.0;Saída;2.0;57
6680;3257;2807.0;Saída;2.0;57
6681;3208;2810.0;Saída;2.0;57
6682;3224;2811.0;Saída;1.0;57
6683;3271;2812.0;Saída;2.0;57
6684;2858;2813.0;Saída;1.0;57
6685;2837;2814.0;Saída;2.0;57
6686;2667;2815.0;Saída;2.0;57
6687;3485;2816.0;Saída;2.0;57
6688;3439;2817.0;Saída;1.0;57
6689;3421;2818.0;Saída;1.0;57
6690;3395;2819.0;Saída;2.0;57
6691;3536;2820.0;Saída;2.0;57
6692;3540;2821.0;Saída;1.0;57
6693;4158;2822.0;Saída;2.0;57
6694;1426;2823.0;Saída;1.0;58
6695;1436;2824.0;Saída;1.0;58
6696;1284;2825.0;Saída;2.0;58
6697;1341;2826.0;Saída;1.0;58
6698;1289;2827.0;Saída;2.0;58
6699;971;2828.0;Saída;2.0;58
6700;811;2829.0;Saída;1.0;58
6701;874;2830.0;Saída;2.0;58
6702;1198;2831.0;Saída;1.0;58
6703;1133;2832.0;Saída;1.0;58
6704;169;2833.0;Saída;2.0;58
6705;188;2834.0;Saída;1.0;58
6706;222;2835.0;Saída;1.0;58
6707;1124;2836.0;Saída;2.0;58
6708;1202;2837.0;Saída;1.0;58
6709;1264;2838.0;Saída;1.0;58
6710;2007;2841.0;Saída;1.0;58
6711;2071;2842.0;Saída;2.0;58
6712;2264;2843.0;Saída;2.0;58
6713;2316;2844.0;Saída;1.0;58
6714;1809;2845.0;Saída;2.0;58
6715;2307;2846.0;Saída;1.0;58
6716;2743;2848.0;Saída;2.0;58
6717;2725;2849.0;Saída;1.0;58
6718;3125;2850.0;Saída;2.0;58
6719;3352;2851.0;Saída;1.0;58
6720;3292;2852.0;Saída;1.0;58
6721;3282;2853.0;Saída;2.0;58
6722;2728;2854.0;Saída;1.0;58
6723;2793;2855.0;Saída;2.0;58
6724;3780;2862.0;Saída;2.0;58
6725;3825;2863.0;Saída;2.0;58
6726;163;2864.0;Saída;1.0;59
6727;1459;2865.0;Saída;2.0;59
6728;1473;2866.0;Saída;2.0;59
6729;1518;2867.0;Saída;2.0;59
6730;1263;2868.0;Saída;2.0;59
6731;1216;2869.0;Saída;1.0;59
6732;1206;2870.0;Saída;1.0;59
6733;810;2871.0;Saída;1.0;59
6734;1121;2872.0;Saída;1.0;59
6735;1137;2873.0;Saída;2.0;59
6736;1151;2874.0;Saída;2.0;59
6737;1366;2875.0;Saída;1.0;59
6738;1373;2876.0;Saída;2.0;59
6739;1365;2877.0;Saída;2.0;59
6740;500;2878.0;Saída;2.0;59
6741;1714;2882.0;Saída;1.0;59
6742;1746;2883.0;Saída;2.0;59
6743;2136;2884.0;Saída;2.0;59
6744;2160;2885.0;Saída;1.0;59
6745;2158;2886.0;Saída;1.0;59
6746;2019;2887.0;Saída;2.0;59
6747;2054;2888.0;Saída;2.0;59
6748;2063;2889.0;Saída;2.0;59
6749;2078;2890.0;Saída;2.0;59
6750;2070;2891.0;Saída;2.0;59
6751;2752;2894.0;Saída;1.0;59
6752;2795;2895.0;Saída;1.0;59
6753;2739;2897.0;Saída;2.0;59
6754;2795;2898.0;Saída;2.0;59
6755;3027;2899.0;Saída;2.0;59
6756;3028;2900.0;Saída;1.0;59
6757;3470;2903.0;Saída;1.0;59
6758;3505;2904.0;Saída;1.0;59
6759;3480;2905.0;Saída;2.0;59
6760;3916;2906.0;Saída;1.0;59
6761;3857;2907.0;Saída;2.0;59
6762;1678;2908.0;Saída;2.0;60
6763;1603;2909.0;Saída;2.0;60
6764;1629;2910.0;Saída;1.0;60
6765;1314;2911.0;Saída;1.0;60
6766;1286;2912.0;Saída;1.0;60
6767;1350;2913.0;Saída;1.0;60
6768;1187;2914.0;Saída;2.0;60
6769;1346;2915.0;Saída;1.0;60
6770;1306;2916.0;Saída;1.0;60
6771;966;2917.0;Saída;2.0;60
6772;1031;2918.0;Saída;1.0;60
6773;878;2919.0;Saída;1.0;60
6774;853;2920.0;Saída;1.0;60
6775;810;2921.0;Saída;2.0;60
6776;1489;2922.0;Saída;1.0;60
6777;1310;2923.0;Saída;1.0;60
6778;725;2924.0;Saída;2.0;60
6779;785;2925.0;Saída;1.0;60
6780;792;2926.0;Saída;2.0;60
6781;796;2927.0;Saída;2.0;60
6782;752;2928.0;Saída;2.0;60
6783;581;2929.0;Saída;1.0;60
6784;584;2930.0;Saída;2.0;60
6785;1602;2931.0;Saída;2.0;60
6786;1680;2932.0;Saída;2.0;60
6787;1673;2933.0;Saída;2.0;60
6788;1683;2934.0;Saída;2.0;60
6789;1325;2935.0;Saída;1.0;60
6790;1384;2936.0;Saída;2.0;60
6791;1909;2939.0;Saída;1.0;60
6792;1902;2940.0;Saída;2.0;60
6793;1859;2941.0;Saída;2.0;60
6794;2443;2942.0;Saída;2.0;60
6795;2401;2943.0;Saída;1.0;60
6796;2754;2945.0;Saída;2.0;60
6797;2787;2946.0;Saída;2.0;60
6798;3181;2947.0;Saída;1.0;60
6799;3167;2950.0;Saída;1.0;60
6800;3129;2951.0;Saída;1.0;60
6801;3168;2952.0;Saída;1.0;60
6802;2926;2953.0;Saída;1.0;60
6803;2935;2954.0;Saída;1.0;60
6804;3051;2957.0;Saída;1.0;60
6805;3055;2958.0;Saída;2.0;60
6806;3584;2959.0;Saída;2.0;60
6807;3495;2960.0;Saída;1.0;60
6808;3442;2961.0;Saída;2.0;60
6809;3628;2962.0;Saída;2.0;60
6810;3605;2963.0;Saída;1.0;60
6811;4168;2964.0;Saída;2.0;60
6812;4163;2965.0;Saída;1.0;60
6813;1059;2966.0;Saída;1.0;61
6814;1045;2967.0;Saída;1.0;61
6815;449;2969.0;Saída;2.0;61
6816;465;2970.0;Saída;2.0;61
6817;476;2971.0;Saída;1.0;61
6818;1586;2972.0;Saída;2.0;61
6819;1448;2973.0;Saída;1.0;61
6820;1107;2975.0;Saída;1.0;61
6821;572;2976.0;Saída;2.0;61
6822;625;2977.0;Saída;1.0;61
6823;468;2978.0;Saída;2.0;61
6824;1191;2979.0;Saída;2.0;61
6825;1146;2980.0;Saída;2.0;61
6826;1137;2981.0;Saída;1.0;61
6827;1114;2982.0;Saída;1.0;61
6828;2425;2983.0;Saída;1.0;61
6829;2450;2984.0;Saída;1.0;61
6830;1821;2985.0;Saída;1.0;61
6831;1763;2986.0;Saída;1.0;61
6832;1829;2987.0;Saída;1.0;61
6833;2172;2988.0;Saída;2.0;61
6834;2448;2989.0;Saída;2.0;61
6835;2418;2990.0;Saída;2.0;61
6836;1814;2991.0;Saída;2.0;61
6837;2154;2992.0;Saída;1.0;61
6838;2141;2993.0;Saída;2.0;61
6839;2629;2994.0;Saída;2.0;61
6840;3188;2995.0;Saída;2.0;61
6841;3144;2996.0;Saída;1.0;61
6842;3136;2997.0;Saída;2.0;61
6843;2806;2998.0;Saída;1.0;61
6844;2818;2999.0;Saída;2.0;61
6845;2886;3000.0;Saída;1.0;61
6846;2864;3001.0;Saída;1.0;61
6847;2813;3002.0;Saída;2.0;61
6848;3536;3003.0;Saída;2.0;61
6849;3696;3004.0;Saída;1.0;61
6850;3693;3005.0;Saída;2.0;61
6851;3684;3006.0;Saída;2.0;61
6852;4158;3007.0;Saída;1.0;61
6853;4096;3008.0;Saída;1.0;61
6854;651;3009.0;Saída;1.0;62
6855;255;3010.0;Saída;1.0;62
6856;1435;3011.0;Saída;2.0;62
6857;93;3012.0;Saída;2.0;62
6858;154;3013.0;Saída;1.0;62
6859;152;3014.0;Saída;2.0;62
6860;81;3015.0;Saída;1.0;62
6861;114;3016.0;Saída;2.0;62
6862;1561;3017.0;Saída;1.0;62
6863;1538;3018.0;Saída;2.0;62
6864;1553;3019.0;Saída;2.0;62
6865;563;3020.0;Saída;1.0;62
6866;401;3021.0;Saída;1.0;62
6867;469;3022.0;Saída;1.0;62
6868;995;3023.0;Saída;2.0;62
6869;801;3024.0;Saída;2.0;62
6870;615;3025.0;Saída;1.0;62
6871;595;3026.0;Saída;1.0;62
6872;1523;3027.0;Saída;2.0;62
6873;56;3029.0;Saída;2.0;62
6874;75;3030.0;Saída;1.0;62
6875;18;3031.0;Saída;2.0;62
6876;2100;3032.0;Saída;2.0;62
6877;2086;3033.0;Saída;2.0;62
6878;2093;3034.0;Saída;2.0;62
6879;2467;3035.0;Saída;2.0;62
6880;2416;3036.0;Saída;2.0;62
6881;2403;3037.0;Saída;2.0;62
6882;2398;3038.0;Saída;2.0;62
6883;2394;3039.0;Saída;1.0;62
6884;2028;3040.0;Saída;1.0;62
6885;2013;3041.0;Saída;2.0;62
6886;2038;3042.0;Saída;2.0;62
6887;1779;3043.0;Saída;1.0;62
6888;1768;3044.0;Saída;2.0;62
6889;1770;3045.0;Saída;1.0;62
6890;1818;3046.0;Saída;2.0;62
6891;2895;3047.0;Saída;2.0;62
6892;3209;3051.0;Saída;2.0;62
6893;3263;3052.0;Saída;2.0;62
6894;3148;3053.0;Saída;1.0;62
6895;3133;3054.0;Saída;2.0;62
6896;3124;3055.0;Saída;2.0;62
6897;2871;3056.0;Saída;2.0;62
6898;3510;3058.0;Saída;2.0;62
6899;3459;3059.0;Saída;1.0;62
6900;4104;3063.0;Saída;2.0;62
6901;1055;3064.0;Saída;1.0;63
6902;1104;3065.0;Saída;2.0;63
6903;605;3066.0;Saída;1.0;63
6904;629;3067.0;Saída;1.0;63
6905;405;3068.0;Saída;2.0;63
6906;1361;3069.0;Saída;1.0;63
6907;1367;3070.0;Saída;2.0;63
6908;528;3071.0;Saída;1.0;63
6909;551;3072.0;Saída;1.0;63
6910;497;3073.0;Saída;2.0;63
6911;142;3075.0;Saída;2.0;63
6912;132;3076.0;Saída;1.0;63
6913;129;3077.0;Saída;1.0;63
6914;86;3078.0;Saída;1.0;63
6915;1074;3079.0;Saída;1.0;63
6916;1078;3080.0;Saída;1.0;63
6917;1108;3081.0;Saída;2.0;63
6918;1591;3082.0;Saída;1.0;63
6919;1550;3083.0;Saída;2.0;63
6920;1594;3084.0;Saída;2.0;63
6921;1055;3085.0;Saída;2.0;63
6922;1105;3086.0;Saída;1.0;63
6923;1117;3087.0;Saída;1.0;63
6924;95;3090.0;Saída;1.0;63
6925;98;3091.0;Saída;2.0;63
6926;154;3092.0;Saída;1.0;63
6927;2485;3093.0;Saída;2.0;63
6928;2530;3094.0;Saída;2.0;63
6929;1935;3095.0;Saída;1.0;63
6930;2438;3096.0;Saída;2.0;63
6931;1850;3097.0;Saída;2.0;63
6932;1916;3098.0;Saída;2.0;63
6933;1846;3099.0;Saída;2.0;63
6934;2398;3100.0;Saída;2.0;63
6935;2326;3101.0;Saída;1.0;63
6936;2331;3102.0;Saída;2.0;63
6937;2080;3103.0;Saída;1.0;63
6938;2078;3104.0;Saída;1.0;63
6939;3000;3105.0;Saída;2.0;63
6940;2965;3106.0;Saída;2.0;63
6941;3039;3107.0;Saída;2.0;63
6942;2977;3108.0;Saída;2.0;63
6943;2756;3109.0;Saída;1.0;63
6944;2790;3110.0;Saída;1.0;63
6945;2723;3111.0;Saída;1.0;63
6946;3672;3115.0;Saída;2.0;63
6947;3679;3116.0;Saída;1.0;63
6948;3628;3117.0;Saída;2.0;63
6949;3369;3118.0;Saída;1.0;63
6950;3371;3119.0;Saída;2.0;63
6951;3377;3120.0;Saída;2.0;63
6952;4302;3121.0;Saída;2.0;63
6953;4247;3122.0;Saída;1.0;63
6954;4304;3123.0;Saída;2.0;63
6955;1021;3124.0;Saída;2.0;64
6956;1029;3125.0;Saída;1.0;64
6957;805;3126.0;Saída;1.0;64
6958;265;3127.0;Saída;1.0;64
6959;288;3128.0;Saída;1.0;64
6960;263;3129.0;Saída;1.0;64
6961;534;3130.0;Saída;2.0;64
6962;491;3131.0;Saída;2.0;64
6963;787;3134.0;Saída;1.0;64
6964;264;3135.0;Saída;2.0;64
6965;1285;3136.0;Saída;1.0;64
6966;1351;3137.0;Saída;1.0;64
6967;319;3138.0;Saída;2.0;64
6968;288;3139.0;Saída;2.0;64
6969;1511;3140.0;Saída;1.0;64
6970;1443;3141.0;Saída;1.0;64
6971;1065;3142.0;Saída;2.0;64
6972;2320;3143.0;Saída;1.0;64
6973;2228;3144.0;Saída;1.0;64
6974;2173;3145.0;Saída;1.0;64
6975;2167;3146.0;Saída;2.0;64
6976;1862;3147.0;Saída;2.0;64
6977;1894;3148.0;Saída;1.0;64
6978;2442;3151.0;Saída;2.0;64
6979;2413;3152.0;Saída;2.0;64
6980;3359;3153.0;Saída;1.0;64
6981;3347;3154.0;Saída;2.0;64
6982;2893;3155.0;Saída;1.0;64
6983;2942;3156.0;Saída;1.0;64
6984;2910;3157.0;Saída;1.0;64
6985;2795;3158.0;Saída;1.0;64
6986;2597;3159.0;Saída;1.0;64
6987;3383;3162.0;Saída;1.0;64
6988;3435;3163.0;Saída;2.0;64
6989;3398;3164.0;Saída;2.0;64
6990;3751;3165.0;Saída;1.0;64
6991;3752;3166.0;Saída;1.0;64
6992;3758;3167.0;Saída;2.0;64
6993;3943;3168.0;Saída;1.0;64
6994;3961;3169.0;Saída;1.0;64
6995;4080;3170.0;Saída;2.0;64
6996;947;3171.0;Saída;1.0;65
6997;920;3172.0;Saída;1.0;65
6998;893;3173.0;Saída;1.0;65
6999;1522;3175.0;Saída;1.0;65
7000;1583;3176.0;Saída;1.0;65
7001;265;3177.0;Saída;2.0;65
7002;253;3178.0;Saída;1.0;65
7003;277;3179.0;Saída;1.0;65
7004;473;3180.0;Saída;1.0;65
7005;444;3181.0;Saída;1.0;65
7006;411;3182.0;Saída;1.0;65
7007;1136;3183.0;Saída;2.0;65
7008;1197;3184.0;Saída;2.0;65
7009;1200;3185.0;Saída;1.0;65
7010;419;3186.0;Saída;1.0;65
7011;420;3187.0;Saída;2.0;65
7012;431;3188.0;Saída;2.0;65
7013;959;3189.0;Saída;2.0;65
7014;889;3190.0;Saída;1.0;65
7015;911;3191.0;Saída;2.0;65
7016;533;3192.0;Saída;1.0;65
7017;489;3193.0;Saída;1.0;65
7018;502;3194.0;Saída;2.0;65
7019;1051;3195.0;Saída;1.0;65
7020;1052;3196.0;Saída;1.0;65
7021;2000;3197.0;Saída;1.0;65
7022;1999;3198.0;Saída;2.0;65
7023;2475;3199.0;Saída;1.0;65
7024;2478;3200.0;Saída;2.0;65
7025;2419;3201.0;Saída;1.0;65
7026;1779;3202.0;Saída;2.0;65
7027;1782;3203.0;Saída;2.0;65
7028;2553;3204.0;Saída;2.0;65
7029;3275;3205.0;Saída;2.0;65
7030;3280;3206.0;Saída;1.0;65
7031;2602;3211.0;Saída;1.0;65
7032;3047;3212.0;Saída;2.0;65
7033;3517;3213.0;Saída;2.0;65
7034;3470;3214.0;Saída;2.0;65
7035;3441;3215.0;Saída;1.0;65
7036;3527;3216.0;Saída;2.0;65
7037;3521;3217.0;Saída;2.0;65
7038;3694;3218.0;Saída;2.0;65
7039;4012;3219.0;Saída;1.0;65
7040;4067;3220.0;Saída;2.0;65
7041;1354;3225.0;Saída;1.0;66
7042;1228;3226.0;Saída;1.0;66
7043;1266;3227.0;Saída;2.0;66
7044;1214;3228.0;Saída;1.0;66
7045;810;3229.0;Saída;1.0;66
7046;814;3230.0;Saída;1.0;66
7047;1570;3231.0;Saída;1.0;66
7048;1527;3232.0;Saída;1.0;66
7049;1592;3233.0;Saída;1.0;66
7050;282;3234.0;Saída;1.0;66
7051;1760;3235.0;Saída;1.0;66
7052;1693;3236.0;Saída;1.0;66
7053;1744;3237.0;Saída;2.0;66
7054;1169;3238.0;Saída;2.0;66
7055;1195;3239.0;Saída;2.0;66
7056;1593;3240.0;Saída;2.0;66
7057;1530;3241.0;Saída;2.0;66
7058;2133;3242.0;Saída;1.0;66
7059;2250;3243.0;Saída;1.0;66
7060;2289;3244.0;Saída;1.0;66
7061;2312;3245.0;Saída;2.0;66
7062;2369;3246.0;Saída;2.0;66
7063;1834;3247.0;Saída;2.0;66
7064;1766;3248.0;Saída;2.0;66
7065;2545;3249.0;Saída;2.0;66
7066;2560;3250.0;Saída;2.0;66
7067;2558;3251.0;Saída;2.0;66
7068;2938;3252.0;Saída;2.0;66
7069;2884;3253.0;Saída;2.0;66
7070;2569;3254.0;Saída;1.0;66
7071;3266;3255.0;Saída;2.0;66
7072;3248;3256.0;Saída;1.0;66
7073;3203;3257.0;Saída;1.0;66
7074;2801;3258.0;Saída;1.0;66
7075;2803;3259.0;Saída;1.0;66
7076;2724;3260.0;Saída;2.0;66
7077;2752;3261.0;Saída;1.0;66
7078;2732;3262.0;Saída;1.0;66
7079;3300;3263.0;Saída;1.0;66
7080;3283;3264.0;Saída;1.0;66
7081;2643;3265.0;Saída;1.0;66
7082;2649;3266.0;Saída;2.0;66
7083;3525;3267.0;Saída;2.0;66
7084;3558;3268.0;Saída;1.0;66
7085;3591;3269.0;Saída;2.0;66
7086;3720;3270.0;Saída;1.0;66
7087;3697;3271.0;Saída;2.0;66
7088;3412;3272.0;Saída;1.0;66
7089;4236;3273.0;Saída;2.0;66
7090;878;3277.0;Saída;1.0;67
7091;808;3278.0;Saída;2.0;67
7092;819;3279.0;Saída;2.0;67
7093;1523;3280.0;Saída;2.0;67
7094;1556;3281.0;Saída;1.0;67
7095;103;3282.0;Saída;2.0;67
7096;82;3283.0;Saída;2.0;67
7097;136;3284.0;Saída;1.0;67
7098;1125;3285.0;Saída;2.0;67
7099;1200;3286.0;Saída;1.0;67
7100;1130;3287.0;Saída;1.0;67
7101;645;3288.0;Saída;1.0;67
7102;654;3289.0;Saída;1.0;67
7103;477;3290.0;Saída;2.0;67
7104;413;3291.0;Saída;1.0;67
7105;878;3292.0;Saída;1.0;67
7106;818;3293.0;Saída;1.0;67
7107;1046;3294.0;Saída;1.0;67
7108;1062;3295.0;Saída;2.0;67
7109;1090;3296.0;Saída;2.0;67
7110;941;3299.0;Saída;2.0;67
7111;896;3300.0;Saída;2.0;67
7112;1761;3301.0;Saída;2.0;67
7113;2082;3302.0;Saída;2.0;67
7114;2153;3303.0;Saída;1.0;67
7115;2084;3304.0;Saída;1.0;67
7116;2493;3305.0;Saída;2.0;67
7117;2113;3306.0;Saída;1.0;67
7118;2149;3307.0;Saída;1.0;67
7119;2085;3308.0;Saída;1.0;67
7120;2115;3309.0;Saída;2.0;67
7121;2968;3315.0;Saída;2.0;67
7122;3107;3316.0;Saída;1.0;67
7123;3210;3317.0;Saída;1.0;67
7124;2577;3318.0;Saída;1.0;67
7125;3452;3319.0;Saída;2.0;67
7126;3489;3320.0;Saída;2.0;67
7127;3664;3322.0;Saída;2.0;67
7128;3666;3323.0;Saída;2.0;67
7129;3680;3324.0;Saída;2.0;67
7130;3926;3325.0;Saída;1.0;67
7131;1588;3326.0;Saída;2.0;68
7132;1549;3327.0;Saída;1.0;68
7133;406;3328.0;Saída;1.0;68
7134;476;3329.0;Saída;2.0;68
7135;405;3330.0;Saída;2.0;68
7136;202;3331.0;Saída;2.0;68
7137;173;3332.0;Saída;2.0;68
7138;1303;3333.0;Saída;1.0;68
7139;1283;3334.0;Saída;1.0;68
7140;1291;3337.0;Saída;1.0;68
7141;1333;3338.0;Saída;2.0;68
7142;1336;3339.0;Saída;2.0;68
7143;1434;3342.0;Saída;2.0;68
7144;1433;3343.0;Saída;1.0;68
7145;1425;3344.0;Saída;2.0;68
7146;157;3345.0;Saída;2.0;68
7147;85;3346.0;Saída;1.0;68
7148;88;3347.0;Saída;2.0;68
7149;366;3349.0;Saída;1.0;68
7150;1056;3353.0;Saída;2.0;68
7151;1045;3354.0;Saída;1.0;68
7152;1082;3355.0;Saída;2.0;68
7153;2403;3356.0;Saída;2.0;68
7154;2425;3357.0;Saída;1.0;68
7155;2404;3358.0;Saída;1.0;68
7156;2482;3359.0;Saída;1.0;68
7157;1888;3360.0;Saída;2.0;68
7158;1869;3361.0;Saída;1.0;68
7159;2239;3362.0;Saída;1.0;68
7160;2431;3363.0;Saída;2.0;68
7161;2420;3364.0;Saída;1.0;68
7162;2386;3365.0;Saída;1.0;68
7163;3037;3366.0;Saída;1.0;68
7164;3022;3367.0;Saída;2.0;68
7165;2961;3368.0;Saída;2.0;68
7166;3109;3369.0;Saída;1.0;68
7167;3043;3370.0;Saída;1.0;68
7168;3047;3371.0;Saída;2.0;68
7169;3063;3372.0;Saída;1.0;68
7170;3292;3373.0;Saída;1.0;68
7171;3335;3374.0;Saída;1.0;68
7172;2995;3375.0;Saída;1.0;68
7173;2989;3376.0;Saída;1.0;68
7174;3240;3377.0;Saída;1.0;68
7175;3218;3378.0;Saída;2.0;68
7176;3384;3379.0;Saída;2.0;68
7177;3604;3380.0;Saída;1.0;68
7178;3598;3381.0;Saída;2.0;68
7179;4187;3382.0;Saída;2.0;68
7180;4165;3383.0;Saída;2.0;68
7181;4174;3384.0;Saída;1.0;68
7182;109;3385.0;Saída;2.0;69
7183;86;3386.0;Saída;2.0;69
7184;351;3387.0;Saída;1.0;69
7185;390;3388.0;Saída;2.0;69
7186;1185;3389.0;Saída;1.0;69
7187;1172;3390.0;Saída;1.0;69
7188;1229;3391.0;Saída;1.0;69
7189;864;3392.0;Saída;2.0;69
7190;809;3393.0;Saída;1.0;69
7191;731;3394.0;Saída;1.0;69
7192;756;3395.0;Saída;1.0;69
7193;722;3396.0;Saída;1.0;69
7194;162;3397.0;Saída;1.0;69
7195;233;3398.0;Saída;1.0;69
7196;211;3399.0;Saída;2.0;69
7197;580;3400.0;Saída;2.0;69
7198;576;3401.0;Saída;1.0;69
7199;808;3402.0;Saída;2.0;69
7200;804;3403.0;Saída;1.0;69
7201;1670;3404.0;Saída;1.0;69
7202;1610;3405.0;Saída;2.0;69
7203;1624;3406.0;Saída;1.0;69
7204;718;3407.0;Saída;2.0;69
7205;644;3408.0;Saída;2.0;69
7206;642;3409.0;Saída;1.0;69
7207;1479;3410.0;Saída;2.0;69
7208;1455;3411.0;Saída;2.0;69
7209;1467;3412.0;Saída;2.0;69
7210;1583;3413.0;Saída;2.0;69
7211;413;3417.0;Saída;1.0;69
7212;467;3418.0;Saída;2.0;69
7213;478;3419.0;Saída;1.0;69
7214;2535;3420.0;Saída;2.0;69
7215;2557;3421.0;Saída;1.0;69
7216;2517;3422.0;Saída;1.0;69
7217;2007;3423.0;Saída;1.0;69
7218;2067;3424.0;Saída;1.0;69
7219;2012;3425.0;Saída;2.0;69
7220;1909;3426.0;Saída;1.0;69
7221;1858;3427.0;Saída;2.0;69
7222;1869;3428.0;Saída;2.0;69
7223;2014;3429.0;Saída;2.0;69
7224;2077;3430.0;Saída;2.0;69
7225;3358;3433.0;Saída;1.0;69
7226;3260;3434.0;Saída;1.0;69
7227;3281;3435.0;Saída;1.0;69
7228;3295;3436.0;Saída;1.0;69
7229;3365;3439.0;Saída;1.0;69
7230;3773;3440.0;Saída;1.0;69
7231;32;3441.0;Saída;2.0;70
7232;54;3442.0;Saída;2.0;70
7233;15;3443.0;Saída;2.0;70
7234;314;3444.0;Saída;1.0;70
7235;88;3445.0;Saída;1.0;70
7236;1365;3449.0;Saída;1.0;70
7237;405;3450.0;Saída;2.0;70
7238;446;3451.0;Saída;1.0;70
7239;46;3452.0;Saída;2.0;70
7240;15;3453.0;Saída;2.0;70
7241;725;3456.0;Saída;1.0;70
7242;757;3457.0;Saída;1.0;70
7243;732;3458.0;Saída;2.0;70
7244;1180;3459.0;Saída;1.0;70
7245;1150;3460.0;Saída;1.0;70
7246;1197;3461.0;Saída;1.0;70
7247;617;3462.0;Saída;1.0;70
7248;615;3463.0;Saída;1.0;70
7249;582;3464.0;Saída;1.0;70
7250;1141;3465.0;Saída;1.0;70
7251;1127;3466.0;Saída;1.0;70
7252;1160;3467.0;Saída;1.0;70
7253;1512;3468.0;Saída;1.0;70
7254;327;3469.0;Saída;1.0;70
7255;330;3470.0;Saída;1.0;70
7256;394;3471.0;Saída;2.0;70
7257;2557;3472.0;Saída;1.0;70
7258;2495;3473.0;Saída;2.0;70
7259;2203;3474.0;Saída;2.0;70
7260;2222;3475.0;Saída;1.0;70
7261;2163;3476.0;Saída;1.0;70
7262;2437;3477.0;Saída;2.0;70
7263;2421;3478.0;Saída;1.0;70
7264;1989;3479.0;Saída;2.0;70
7265;1992;3480.0;Saída;1.0;70
7266;1986;3481.0;Saída;2.0;70
7267;2255;3482.0;Saída;1.0;70
7268;2269;3483.0;Saída;2.0;70
7269;2320;3484.0;Saída;1.0;70
7270;2901;3485.0;Saída;2.0;70
7271;2892;3486.0;Saída;2.0;70
7272;3220;3487.0;Saída;2.0;70
7273;3206;3488.0;Saída;1.0;70
7274;3188;3489.0;Saída;2.0;70
7275;2893;3490.0;Saída;2.0;70
7276;2624;3491.0;Saída;1.0;70
7277;2605;3492.0;Saída;2.0;70
7278;2573;3493.0;Saída;1.0;70
7279;3524;3495.0;Saída;2.0;70
7280;3569;3496.0;Saída;1.0;70
7281;3542;3497.0;Saída;1.0;70
7282;4247;3498.0;Saída;1.0;70
7283;1291;3499.0;Saída;2.0;71
7284;1286;3500.0;Saída;2.0;71
7285;861;3501.0;Saída;1.0;71
7286;1209;3502.0;Saída;1.0;71
7287;1215;3503.0;Saída;2.0;71
7288;792;3507.0;Saída;1.0;71
7289;722;3508.0;Saída;1.0;71
7290;845;3509.0;Saída;2.0;71
7291;854;3510.0;Saída;1.0;71
7292;550;3511.0;Saída;2.0;71
7293;489;3512.0;Saída;2.0;71
7294;292;3513.0;Saída;2.0;71
7295;308;3514.0;Saída;1.0;71
7296;284;3515.0;Saída;2.0;71
7297;67;3517.0;Saída;2.0;71
7298;13;3518.0;Saída;1.0;71
7299;36;3519.0;Saída;2.0;71
7300;2414;3520.0;Saída;1.0;71
7301;2080;3521.0;Saída;2.0;71
7302;2069;3522.0;Saída;1.0;71
7303;2283;3525.0;Saída;2.0;71
7304;2437;3526.0;Saída;2.0;71
7305;2420;3527.0;Saída;2.0;71
7306;2840;3528.0;Saída;1.0;71
7307;2819;3529.0;Saída;2.0;71
7308;2753;3530.0;Saída;2.0;71
7309;2737;3531.0;Saída;1.0;71
7310;2644;3532.0;Saída;1.0;71
7311;2642;3533.0;Saída;2.0;71
7312;3184;3534.0;Saída;2.0;71
7313;3160;3535.0;Saída;2.0;71
7314;3171;3536.0;Saída;2.0;71
7315;3488;3539.0;Saída;1.0;71
7316;3507;3540.0;Saída;2.0;71
7317;3611;3541.0;Saída;1.0;71
7318;3760;3542.0;Saída;2.0;71
7319;3734;3543.0;Saída;2.0;71
7320;4217;3544.0;Saída;2.0;71
7321;4231;3545.0;Saída;2.0;71
7322;4000;3546.0;Saída;2.0;71
7323;3927;3547.0;Saída;2.0;71
7324;3931;3548.0;Saída;1.0;71
7325;1090;3550.0;Saída;1.0;72
7326;1115;3551.0;Saída;1.0;72
7327;565;3552.0;Saída;1.0;72
7328;863;3556.0;Saída;2.0;72
7329;868;3557.0;Saída;2.0;72
7330;859;3558.0;Saída;2.0;72
7331;1519;3559.0;Saída;1.0;72
7332;1601;3560.0;Saída;1.0;72
7333;1617;3561.0;Saída;1.0;72
7334;1635;3562.0;Saída;2.0;72
7335;1668;3563.0;Saída;1.0;72
7336;1669;3564.0;Saída;1.0;72
7337;724;3568.0;Saída;2.0;72
7338;1670;3569.0;Saída;2.0;72
7339;1655;3570.0;Saída;2.0;72
7340;753;3571.0;Saída;2.0;72
7341;759;3572.0;Saída;1.0;72
7342;784;3573.0;Saída;2.0;72
7343;1193;3574.0;Saída;1.0;72
7344;1194;3575.0;Saída;1.0;72
7345;1138;3576.0;Saída;1.0;72
7346;2374;3577.0;Saída;2.0;72
7347;2371;3578.0;Saída;2.0;72
7348;2189;3579.0;Saída;2.0;72
7349;1997;3580.0;Saída;2.0;72
7350;1977;3581.0;Saída;2.0;72
7351;1936;3582.0;Saída;2.0;72
7352;2338;3583.0;Saída;1.0;72
7353;2403;3585.0;Saída;2.0;72
7354;2415;3586.0;Saída;1.0;72
7355;2405;3587.0;Saída;2.0;72
7356;2965;3588.0;Saída;1.0;72
7357;2961;3589.0;Saída;2.0;72
7358;2972;3590.0;Saída;2.0;72
7359;2891;3591.0;Saída;2.0;72
7360;2618;3592.0;Saída;1.0;72
7361;2625;3593.0;Saída;2.0;72
7362;3322;3594.0;Saída;2.0;72
7363;3306;3595.0;Saída;2.0;72
7364;3342;3596.0;Saída;1.0;72
7365;3393;3597.0;Saída;1.0;72
7366;3411;3598.0;Saída;1.0;72
7367;3368;3599.0;Saída;1.0;72
7368;4110;3600.0;Saída;2.0;72
7369;4102;3601.0;Saída;2.0;72
7370;4159;3602.0;Saída;2.0;72
7371;28;3603.0;Saída;1.0;73
7372;6;3604.0;Saída;2.0;73
7373;5;3605.0;Saída;1.0;73
7374;775;3606.0;Saída;1.0;73
7375;786;3607.0;Saída;1.0;73
7376;718;3608.0;Saída;1.0;73
7377;653;3609.0;Saída;1.0;73
7378;631;3612.0;Saída;2.0;73
7379;633;3613.0;Saída;2.0;73
7380;592;3614.0;Saída;2.0;73
7381;993;3615.0;Saída;2.0;73
7382;1036;3616.0;Saída;1.0;73
7383;1380;3617.0;Saída;2.0;73
7384;1376;3618.0;Saída;2.0;73
7385;1060;3619.0;Saída;2.0;73
7386;1751;3621.0;Saída;1.0;73
7387;871;3622.0;Saída;1.0;73
7388;801;3623.0;Saída;2.0;73
7389;836;3624.0;Saída;2.0;73
7390;1429;3625.0;Saída;2.0;73
7391;1378;3626.0;Saída;1.0;73
7392;1414;3627.0;Saída;2.0;73
7393;583;3629.0;Saída;1.0;73
7394;564;3630.0;Saída;2.0;73
7395;617;3631.0;Saída;2.0;73
7396;2483;3635.0;Saída;2.0;73
7397;2095;3636.0;Saída;2.0;73
7398;2160;3637.0;Saída;2.0;73
7399;2117;3638.0;Saída;2.0;73
7400;2085;3639.0;Saída;1.0;73
7401;1792;3640.0;Saída;2.0;73
7402;1839;3641.0;Saída;1.0;73
7403;3186;3645.0;Saída;1.0;73
7404;3248;3646.0;Saída;2.0;73
7405;3213;3647.0;Saída;1.0;73
7406;3295;3648.0;Saída;1.0;73
7407;3287;3649.0;Saída;1.0;73
7408;3294;3650.0;Saída;1.0;73
7409;3173;3654.0;Saída;2.0;73
7410;3142;3655.0;Saída;2.0;73
7411;3124;3656.0;Saída;1.0;73
7412;2866;3657.0;Saída;1.0;73
7413;2864;3658.0;Saída;2.0;73
7414;2613;3659.0;Saída;1.0;73
7415;2568;3660.0;Saída;1.0;73
7416;2580;3661.0;Saída;1.0;73
7417;3396;3662.0;Saída;2.0;73
7418;3441;3663.0;Saída;2.0;73
7419;3617;3664.0;Saída;2.0;73
7420;3674;3665.0;Saída;2.0;73
7421;4161;3666.0;Saída;1.0;73
7422;4187;3667.0;Saída;1.0;73
7423;96;3668.0;Saída;2.0;74
7424;112;3669.0;Saída;1.0;74
7425;226;3670.0;Saída;2.0;74
7426;210;3671.0;Saída;1.0;74
7427;1295;3672.0;Saída;1.0;74
7428;1299;3673.0;Saída;1.0;74
7429;1346;3674.0;Saída;2.0;74
7430;723;3675.0;Saída;2.0;74
7431;760;3676.0;Saída;2.0;74
7432;167;3677.0;Saída;1.0;74
7433;164;3678.0;Saída;1.0;74
7434;1205;3682.0;Saída;2.0;74
7435;1041;3683.0;Saída;1.0;74
7436;47;3684.0;Saída;2.0;74
7437;37;3685.0;Saída;2.0;74
7438;1475;3686.0;Saída;1.0;74
7439;1520;3687.0;Saída;1.0;74
7440;1487;3688.0;Saída;1.0;74
7441;1044;3689.0;Saída;2.0;74
7442;1046;3690.0;Saída;1.0;74
7443;2215;3691.0;Saída;1.0;74
7444;2235;3692.0;Saída;2.0;74
7445;2208;3693.0;Saída;1.0;74
7446;1852;3694.0;Saída;1.0;74
7447;1848;3695.0;Saída;1.0;74
7448;1877;3696.0;Saída;1.0;74
7449;2095;3697.0;Saída;2.0;74
7450;2143;3698.0;Saída;2.0;74
7451;1926;3699.0;Saída;2.0;74
7452;1997;3700.0;Saída;2.0;74
7453;1977;3701.0;Saída;1.0;74
7454;2162;3702.0;Saída;2.0;74
7455;2191;3703.0;Saída;1.0;74
7456;2297;3705.0;Saída;2.0;74
7457;2278;3706.0;Saída;1.0;74
7458;2244;3707.0;Saída;2.0;74
7459;2813;3708.0;Saída;2.0;74
7460;2829;3709.0;Saída;2.0;74
7461;2862;3710.0;Saída;1.0;74
7462;2786;3711.0;Saída;2.0;74
7463;2761;3712.0;Saída;1.0;74
7464;2643;3713.0;Saída;2.0;74
7465;2705;3714.0;Saída;1.0;74
7466;2675;3715.0;Saída;1.0;74
7467;3069;3716.0;Saída;1.0;74
7468;3052;3717.0;Saída;1.0;74
7469;3206;3718.0;Saída;2.0;74
7470;3207;3719.0;Saída;2.0;74
7471;3248;3720.0;Saída;1.0;74
7472;3400;3724.0;Saída;2.0;74
7473;3373;3725.0;Saída;1.0;74
7474;3368;3726.0;Saída;2.0;74
7475;3759;3727.0;Saída;1.0;74
7476;3743;3728.0;Saída;2.0;74
7477;3692;3729.0;Saída;2.0;74
7478;3852;3730.0;Saída;1.0;74
7479;3904;3731.0;Saída;2.0;74
7480;3846;3732.0;Saída;2.0;74
7481;598;3733.0;Saída;2.0;75
7482;473;3734.0;Saída;1.0;75
7483;436;3735.0;Saída;1.0;75
7484;1559;3736.0;Saída;1.0;75
7485;415;3739.0;Saída;1.0;75
7486;468;3740.0;Saída;1.0;75
7487;607;3742.0;Saída;1.0;75
7488;1335;3743.0;Saída;1.0;75
7489;1372;3744.0;Saída;1.0;75
7490;1365;3745.0;Saída;2.0;75
7491;1433;3746.0;Saída;2.0;75
7492;906;3747.0;Saída;2.0;75
7493;884;3748.0;Saída;2.0;75
7494;944;3749.0;Saída;1.0;75
7495;794;3750.0;Saída;2.0;75
7496;799;3751.0;Saída;2.0;75
7497;793;3752.0;Saída;1.0;75
7498;1608;3753.0;Saída;1.0;75
7499;1670;3754.0;Saída;2.0;75
7500;1121;3755.0;Saída;1.0;75
7501;1135;3756.0;Saída;2.0;75
7502;1137;3757.0;Saída;2.0;75
7503;2075;3758.0;Saída;1.0;75
7504;2069;3759.0;Saída;2.0;75
7505;2008;3760.0;Saída;1.0;75
7506;2035;3761.0;Saída;2.0;75
7507;2017;3762.0;Saída;2.0;75
7508;2096;3763.0;Saída;2.0;75
7509;2628;3766.0;Saída;2.0;75
7510;3052;3767.0;Saída;2.0;75
7511;3046;3768.0;Saída;1.0;75
7512;3072;3769.0;Saída;2.0;75
7513;2980;3770.0;Saída;1.0;75
7514;3005;3771.0;Saída;2.0;75
7515;3260;3772.0;Saída;1.0;75
7516;3240;3773.0;Saída;2.0;75
7517;3226;3774.0;Saída;2.0;75
7518;3261;3775.0;Saída;2.0;75
7519;3236;3776.0;Saída;2.0;75
7520;3274;3777.0;Saída;1.0;75
7521;2702;3778.0;Saída;1.0;75
7522;2691;3779.0;Saída;1.0;75
7523;3589;3780.0;Saída;1.0;75
7524;4312;3782.0;Saída;2.0;75
7525;4254;3783.0;Saída;2.0;75
7526;1499;3784.0;Saída;2.0;76
7527;345;3788.0;Saída;2.0;76
7528;356;3789.0;Saída;2.0;76
7529;377;3790.0;Saída;2.0;76
7530;1173;3791.0;Saída;1.0;76
7531;1161;3792.0;Saída;1.0;76
7532;1301;3793.0;Saída;2.0;76
7533;1282;3794.0;Saída;2.0;76
7534;1356;3795.0;Saída;1.0;76
7535;394;3796.0;Saída;2.0;76
7536;349;3797.0;Saída;2.0;76
7537;1291;3798.0;Saída;1.0;76
7538;1311;3799.0;Saída;2.0;76
7539;722;3800.0;Saída;1.0;76
7540;785;3801.0;Saída;2.0;76
7541;1296;3802.0;Saída;1.0;76
7542;804;3803.0;Saída;1.0;76
7543;1215;3804.0;Saída;1.0;76
7544;1249;3805.0;Saída;1.0;76
7545;2079;3806.0;Saída;2.0;76
7546;1919;3807.0;Saída;2.0;76
7547;1841;3808.0;Saída;1.0;76
7548;2274;3809.0;Saída;2.0;76
7549;1807;3810.0;Saída;1.0;76
7550;1772;3811.0;Saída;1.0;76
7551;1766;3812.0;Saída;2.0;76
7552;2419;3813.0;Saída;1.0;76
7553;2415;3814.0;Saída;1.0;76
7554;2403;3815.0;Saída;2.0;76
7555;1913;3816.0;Saída;2.0;76
7556;1845;3817.0;Saída;1.0;76
7557;2005;3818.0;Saída;1.0;76
7558;2063;3819.0;Saída;2.0;76
7559;2078;3820.0;Saída;2.0;76
7560;2611;3821.0;Saída;1.0;76
7561;2571;3822.0;Saída;2.0;76
7562;2630;3823.0;Saída;1.0;76
7563;3259;3824.0;Saída;2.0;76
7564;3272;3825.0;Saída;1.0;76
7565;3278;3826.0;Saída;2.0;76
7566;3066;3827.0;Saída;1.0;76
7567;2623;3829.0;Saída;2.0;76
7568;3528;3830.0;Saída;1.0;76
7569;3535;3831.0;Saída;2.0;76
7570;3569;3832.0;Saída;1.0;76
7571;4282;3836.0;Saída;1.0;76
7572;4283;3837.0;Saída;2.0;76
7573;4291;3838.0;Saída;1.0;76
7574;711;3839.0;Saída;1.0;77
7575;672;3840.0;Saída;1.0;77
7576;708;3841.0;Saída;1.0;77
7577;1470;3842.0;Saída;2.0;77
7578;1452;3843.0;Saída;1.0;77
7579;1509;3844.0;Saída;2.0;77
7580;155;3845.0;Saída;1.0;77
7581;116;3846.0;Saída;1.0;77
7582;1371;3847.0;Saída;1.0;77
7583;1424;3848.0;Saída;2.0;77
7584;1307;3850.0;Saída;1.0;77
7585;1339;3851.0;Saída;1.0;77
7586;1287;3852.0;Saída;2.0;77
7587;1219;3853.0;Saída;2.0;77
7588;1247;3854.0;Saída;2.0;77
7589;1504;3855.0;Saída;2.0;77
7590;1488;3856.0;Saída;1.0;77
7591;1484;3857.0;Saída;2.0;77
7592;1447;3858.0;Saída;1.0;77
7593;2166;3862.0;Saída;2.0;77
7594;2228;3863.0;Saída;2.0;77
7595;1825;3864.0;Saída;1.0;77
7596;1772;3865.0;Saída;1.0;77
7597;1775;3866.0;Saída;2.0;77
7598;2520;3867.0;Saída;2.0;77
7599;2076;3868.0;Saída;2.0;77
7600;2125;3869.0;Saída;1.0;77
7601;2738;3871.0;Saída;1.0;77
7602;2775;3872.0;Saída;2.0;77
7603;2728;3873.0;Saída;1.0;77
7604;2782;3874.0;Saída;2.0;77
7605;2730;3875.0;Saída;2.0;77
7606;3105;3879.0;Saída;2.0;77
7607;3533;3880.0;Saída;1.0;77
7608;3526;3881.0;Saída;2.0;77
7609;3445;3882.0;Saída;1.0;77
7610;3474;3883.0;Saída;1.0;77
7611;3516;3884.0;Saída;1.0;77
7612;3462;3885.0;Saída;1.0;77
7613;3860;3886.0;Saída;1.0;77
7614;3871;3887.0;Saída;1.0;77
7615;3786;3888.0;Saída;2.0;77
7616;1342;3890.0;Saída;1.0;78
7617;1354;3891.0;Saída;2.0;78
7618;1331;3892.0;Saída;2.0;78
7619;1639;3893.0;Saída;2.0;78
7620;1676;3894.0;Saída;1.0;78
7621;127;3895.0;Saída;1.0;78
7622;1034;3896.0;Saída;2.0;78
7623;900;3897.0;Saída;1.0;78
7624;953;3898.0;Saída;2.0;78
7625;655;3899.0;Saída;2.0;78
7626;688;3900.0;Saída;2.0;78
7627;1675;3901.0;Saída;1.0;78
7628;13;3902.0;Saída;2.0;78
7629;31;3903.0;Saída;2.0;78
7630;2395;3904.0;Saída;2.0;78
7631;2106;3905.0;Saída;1.0;78
7632;2092;3906.0;Saída;1.0;78
7633;2149;3907.0;Saída;2.0;78
7634;2464;3908.0;Saída;1.0;78
7635;2404;3909.0;Saída;2.0;78
7636;2411;3910.0;Saída;2.0;78
7637;2461;3911.0;Saída;1.0;78
7638;2398;3912.0;Saída;2.0;78
7639;2339;3913.0;Saída;2.0;78
7640;2392;3914.0;Saída;1.0;78
7641;3238;3915.0;Saída;2.0;78
7642;3202;3916.0;Saída;1.0;78
7643;3274;3917.0;Saída;1.0;78
7644;3337;3918.0;Saída;1.0;78
7645;2955;3919.0;Saída;2.0;78
7646;2888;3920.0;Saída;2.0;78
7647;3331;3921.0;Saída;2.0;78
7648;3300;3922.0;Saída;1.0;78
7649;3339;3923.0;Saída;2.0;78
7650;3332;3924.0;Saída;2.0;78
7651;3331;3925.0;Saída;2.0;78
7652;3353;3926.0;Saída;1.0;78
7653;2722;3927.0;Saída;2.0;78
7654;3554;3928.0;Saída;2.0;78
7655;3558;3929.0;Saída;1.0;78
7656;3688;3930.0;Saída;1.0;78
7657;4024;3931.0;Saída;2.0;78
7658;4037;3932.0;Saída;2.0;78
7659;142;3933.0;Saída;2.0;79
7660;150;3934.0;Saída;2.0;79
7661;86;3935.0;Saída;1.0;79
7662;792;3936.0;Saída;1.0;79
7663;566;3937.0;Saída;1.0;79
7664;627;3938.0;Saída;1.0;79
7665;637;3939.0;Saída;1.0;79
7666;1675;3940.0;Saída;1.0;79
7667;1612;3941.0;Saída;2.0;79
7668;1673;3942.0;Saída;1.0;79
7669;972;3943.0;Saída;2.0;79
7670;1000;3944.0;Saída;2.0;79
7671;1021;3945.0;Saída;1.0;79
7672;174;3946.0;Saída;1.0;79
7673;1025;3947.0;Saída;2.0;79
7674;980;3948.0;Saída;1.0;79
7675;1022;3949.0;Saída;2.0;79
7676;181;3950.0;Saída;2.0;79
7677;797;3951.0;Saída;1.0;79
7678;737;3952.0;Saída;1.0;79
7679;781;3953.0;Saída;1.0;79
7680;245;3954.0;Saída;1.0;79
7681;252;3955.0;Saída;2.0;79
7682;306;3956.0;Saída;2.0;79
7683;221;3957.0;Saída;1.0;79
7684;217;3958.0;Saída;1.0;79
7685;184;3959.0;Saída;1.0;79
7686;271;3960.0;Saída;2.0;79
7687;259;3961.0;Saída;2.0;79
7688;312;3962.0;Saída;2.0;79
7689;1625;3963.0;Saída;2.0;79
7690;1608;3964.0;Saída;1.0;79
7691;2538;3965.0;Saída;1.0;79
7692;2524;3966.0;Saída;1.0;79
7693;2504;3967.0;Saída;1.0;79
7694;2082;3968.0;Saída;1.0;79
7695;2086;3969.0;Saída;1.0;79
7696;2090;3970.0;Saída;1.0;79
7697;2148;3971.0;Saída;2.0;79
7698;2091;3972.0;Saída;2.0;79
7699;2017;3973.0;Saída;1.0;79
7700;3249;3974.0;Saída;1.0;79
7701;3265;3975.0;Saída;1.0;79
7702;2648;3976.0;Saída;2.0;79
7703;2702;3977.0;Saída;1.0;79
7704;2954;3978.0;Saída;2.0;79
7705;2924;3979.0;Saída;2.0;79
7706;2945;3980.0;Saída;1.0;79
7707;2757;3981.0;Saída;1.0;79
7708;3561;3982.0;Saída;1.0;79
7709;3556;3983.0;Saída;2.0;79
7710;3591;3984.0;Saída;1.0;79
7711;3504;3985.0;Saída;1.0;79
7712;3446;3986.0;Saída;2.0;79
7713;4311;3987.0;Saída;2.0;79
7714;197;3988.0;Saída;2.0;80
7715;195;3989.0;Saída;1.0;80
7716;205;3990.0;Saída;2.0;80
7717;1682;3991.0;Saída;2.0;80
7718;1691;3992.0;Saída;1.0;80
7719;1447;3993.0;Saída;2.0;80
7720;975;3994.0;Saída;2.0;80
7721;12;3995.0;Saída;2.0;80
7722;19;3996.0;Saída;1.0;80
7723;711;3997.0;Saída;2.0;80
7724;708;3998.0;Saída;2.0;80
7725;645;3999.0;Saída;2.0;80
7726;1343;4000.0;Saída;1.0;80
7727;1297;4001.0;Saída;1.0;80
7728;250;4002.0;Saída;1.0;80
7729;153;4003.0;Saída;2.0;80
7730;88;4004.0;Saída;2.0;80
7731;72;4005.0;Saída;1.0;80
7732;73;4006.0;Saída;2.0;80
7733;2337;4009.0;Saída;2.0;80
7734;2372;4010.0;Saída;2.0;80
7735;2064;4011.0;Saída;1.0;80
7736;2343;4012.0;Saída;1.0;80
7737;2276;4013.0;Saída;1.0;80
7738;2168;4014.0;Saída;1.0;80
7739;2800;4015.0;Saída;2.0;80
7740;2785;4016.0;Saída;1.0;80
7741;2763;4017.0;Saída;2.0;80
7742;3292;4020.0;Saída;2.0;80
7743;3360;4021.0;Saída;1.0;80
7744;2754;4022.0;Saída;1.0;80
7745;3524;4023.0;Saída;2.0;80
7746;3522;4024.0;Saída;1.0;80
7747;3593;4025.0;Saída;1.0;80
7748;3534;4026.0;Saída;1.0;80
7749;3591;4027.0;Saída;1.0;80
7750;3425;4028.0;Saída;2.0;80
7751;4158;4032.0;Saída;1.0;80
7752;4102;4033.0;Saída;1.0;80
7753;549;4034.0;Saída;2.0;81
7754;1450;4035.0;Saída;2.0;81
7755;1466;4036.0;Saída;1.0;81
7756;1587;4040.0;Saída;1.0;81
7757;1571;4041.0;Saída;1.0;81
7758;1556;4042.0;Saída;1.0;81
7759;809;4043.0;Saída;1.0;81
7760;646;4044.0;Saída;2.0;81
7761;653;4045.0;Saída;2.0;81
7762;1135;4046.0;Saída;2.0;81
7763;1184;4047.0;Saída;2.0;81
7764;1130;4048.0;Saída;1.0;81
7765;1341;4049.0;Saída;2.0;81
7766;1295;4050.0;Saída;2.0;81
7767;492;4051.0;Saída;2.0;81
7768;703;4052.0;Saída;2.0;81
7769;1027;4053.0;Saída;2.0;81
7770;1456;4054.0;Saída;2.0;81
7771;1509;4055.0;Saída;1.0;81
7772;654;4056.0;Saída;1.0;81
7773;650;4057.0;Saída;2.0;81
7774;714;4058.0;Saída;2.0;81
7775;15;4059.0;Saída;2.0;81
7776;73;4060.0;Saída;1.0;81
7777;1616;4061.0;Saída;1.0;81
7778;2390;4062.0;Saída;2.0;81
7779;2072;4063.0;Saída;1.0;81
7780;2006;4064.0;Saída;1.0;81
7781;2011;4065.0;Saída;1.0;81
7782;2165;4066.0;Saída;1.0;81
7783;2475;4067.0;Saída;1.0;81
7784;2420;4068.0;Saída;1.0;81
7785;2404;4069.0;Saída;1.0;81
7786;2715;4072.0;Saída;1.0;81
7787;2655;4073.0;Saída;1.0;81
7788;2719;4074.0;Saída;1.0;81
7789;2671;4075.0;Saída;2.0;81
7790;2712;4076.0;Saída;2.0;81
7791;2931;4077.0;Saída;2.0;81
7792;2804;4078.0;Saída;2.0;81
7793;2809;4079.0;Saída;1.0;81
7794;2874;4080.0;Saída;2.0;81
7795;2720;4081.0;Saída;2.0;81
7796;2756;4082.0;Saída;2.0;81
7797;2787;4083.0;Saída;2.0;81
7798;2721;4084.0;Saída;2.0;81
7799;3448;4085.0;Saída;2.0;81
7800;3471;4088.0;Saída;1.0;81
7801;3851;4089.0;Saída;1.0;81
7802;1450;4090.0;Saída;2.0;82
7803;1512;4091.0;Saída;1.0;82
7804;1444;4092.0;Saída;1.0;82
7805;1221;4093.0;Saída;2.0;82
7806;1222;4094.0;Saída;1.0;82
7807;1203;4095.0;Saída;1.0;82
7808;357;4096.0;Saída;1.0;82
7809;389;4097.0;Saída;1.0;82
7810;329;4098.0;Saída;2.0;82
7811;1233;4099.0;Saída;1.0;82
7812;1299;4100.0;Saída;1.0;82
7813;1337;4101.0;Saída;2.0;82
7814;1283;4102.0;Saída;2.0;82
7815;1633;4103.0;Saída;1.0;82
7816;405;4104.0;Saída;2.0;82
7817;470;4105.0;Saída;1.0;82
7818;410;4106.0;Saída;2.0;82
7819;1615;4107.0;Saída;1.0;82
7820;1432;4108.0;Saída;1.0;82
7821;1372;4109.0;Saída;2.0;82
7822;1129;4110.0;Saída;2.0;82
7823;1039;4111.0;Saída;1.0;82
7824;1037;4112.0;Saída;1.0;82
7825;1589;4115.0;Saída;1.0;82
7826;1600;4116.0;Saída;2.0;82
7827;1534;4117.0;Saída;1.0;82
7828;1493;4119.0;Saída;2.0;82
7829;1501;4120.0;Saída;2.0;82
7830;1996;4121.0;Saída;2.0;82
7831;1952;4122.0;Saída;2.0;82
7832;1832;4123.0;Saída;2.0;82
7833;1838;4124.0;Saída;1.0;82
7834;1938;4125.0;Saída;1.0;82
7835;1970;4126.0;Saída;1.0;82
7836;1942;4127.0;Saída;1.0;82
7837;2500;4128.0;Saída;2.0;82
7838;2490;4129.0;Saída;2.0;82
7839;1856;4130.0;Saída;1.0;82
7840;1841;4131.0;Saída;2.0;82
7841;3105;4135.0;Saída;1.0;82
7842;2952;4136.0;Saída;2.0;82
7843;2918;4137.0;Saída;2.0;82
7844;2915;4138.0;Saída;1.0;82
7845;3403;4142.0;Saída;1.0;82
7846;3429;4143.0;Saída;2.0;82
7847;3440;4144.0;Saída;2.0;82
7848;3444;4145.0;Saída;1.0;82
7849;3451;4146.0;Saída;1.0;82
7850;3508;4147.0;Saída;1.0;82
7851;4248;4148.0;Saída;1.0;82
7852;4257;4149.0;Saída;1.0;82
7853;977;4150.0;Saída;1.0;83
7854;1039;4151.0;Saída;1.0;83
7855;985;4152.0;Saída;1.0;83
7856;1446;4155.0;Saída;2.0;83
7857;1502;4156.0;Saída;1.0;83
7858;65;4157.0;Saída;1.0;83
7859;13;4158.0;Saída;2.0;83
7860;75;4159.0;Saída;2.0;83
7861;732;4160.0;Saída;1.0;83
7862;793;4161.0;Saída;1.0;83
7863;738;4162.0;Saída;1.0;83
7864;1299;4163.0;Saída;1.0;83
7865;1350;4164.0;Saída;2.0;83
7866;1282;4165.0;Saída;2.0;83
7867;1641;4166.0;Saída;1.0;83
7868;994;4167.0;Saída;1.0;83
7869;965;4168.0;Saída;2.0;83
7870;974;4169.0;Saída;1.0;83
7871;601;4172.0;Saída;2.0;83
7872;630;4173.0;Saída;1.0;83
7873;1287;4174.0;Saída;2.0;83
7874;110;4177.0;Saída;1.0;83
7875;1;4178.0;Saída;2.0;83
7876;5;4179.0;Saída;1.0;83
7877;29;4180.0;Saída;1.0;83
7878;1518;4181.0;Saída;1.0;83
7879;2542;4185.0;Saída;1.0;83
7880;2433;4186.0;Saída;2.0;83
7881;2441;4187.0;Saída;2.0;83
7882;2470;4188.0;Saída;1.0;83
7883;2088;4189.0;Saída;1.0;83
7884;2493;4190.0;Saída;1.0;83
7885;2482;4191.0;Saída;2.0;83
7886;1840;4192.0;Saída;1.0;83
7887;1768;4193.0;Saída;2.0;83
7888;2606;4194.0;Saída;2.0;83
7889;2598;4195.0;Saída;1.0;83
7890;3038;4196.0;Saída;2.0;83
7891;3026;4197.0;Saída;2.0;83
7892;2962;4198.0;Saída;2.0;83
7893;3195;4201.0;Saída;2.0;83
7894;3189;4202.0;Saída;1.0;83
7895;3132;4203.0;Saída;2.0;83
7896;3350;4204.0;Saída;1.0;83
7897;3311;4205.0;Saída;2.0;83
7898;3315;4206.0;Saída;2.0;83
7899;3294;4208.0;Saída;1.0;83
7900;3313;4209.0;Saída;1.0;83
7901;3341;4210.0;Saída;2.0;83
7902;3495;4211.0;Saída;2.0;83
7903;3486;4212.0;Saída;2.0;83
7904;3564;4213.0;Saída;2.0;83
7905;4019;4214.0;Saída;2.0;83
7906;4063;4215.0;Saída;2.0;83
7907;221;4216.0;Saída;1.0;84
7908;159;4218.0;Saída;1.0;84
7909;574;4219.0;Saída;2.0;84
7910;808;4220.0;Saída;2.0;84
7911;1042;4224.0;Saída;1.0;84
7912;1062;4225.0;Saída;2.0;84
7913;647;4229.0;Saída;1.0;84
7914;667;4230.0;Saída;2.0;84
7915;703;4231.0;Saída;2.0;84
7916;753;4232.0;Saída;1.0;84
7917;179;4233.0;Saída;2.0;84
7918;1522;4235.0;Saída;2.0;84
7919;1575;4236.0;Saída;2.0;84
7920;784;4237.0;Saída;2.0;84
7921;728;4238.0;Saída;2.0;84
7922;1609;4239.0;Saída;2.0;84
7923;1662;4240.0;Saída;2.0;84
7924;1658;4241.0;Saída;1.0;84
7925;2385;4245.0;Saída;1.0;84
7926;2520;4248.0;Saída;1.0;84
7927;2527;4249.0;Saída;2.0;84
7928;1981;4250.0;Saída;2.0;84
7929;1995;4251.0;Saída;1.0;84
7930;1921;4252.0;Saída;1.0;84
7931;3261;4253.0;Saída;2.0;84
7932;3204;4254.0;Saída;2.0;84
7933;2871;4255.0;Saída;2.0;84
7934;2863;4256.0;Saída;1.0;84
7935;2871;4259.0;Saída;1.0;84
7936;2810;4260.0;Saída;1.0;84
7937;2805;4261.0;Saída;2.0;84
7938;2637;4262.0;Saída;2.0;84
7939;2572;4263.0;Saída;1.0;84
7940;2638;4264.0;Saída;1.0;84
7941;3309;4265.0;Saída;1.0;84
7942;3296;4266.0;Saída;1.0;84
7943;3744;4267.0;Saída;1.0;84
7944;3694;4268.0;Saída;2.0;84
7945;3681;4269.0;Saída;1.0;84
7946;3502;4270.0;Saída;1.0;84
7947;3452;4271.0;Saída;2.0;84
7948;3390;4272.0;Saída;2.0;84
7949;3422;4273.0;Saída;1.0;84
7950;3991;4274.0;Saída;1.0;84
7951;3938;4275.0;Saída;2.0;84
7952;3933;4276.0;Saída;1.0;84
7953;1621;4277.0;Saída;2.0;85
7954;1607;4278.0;Saída;1.0;85
7955;1675;4279.0;Saída;2.0;85
7956;499;4281.0;Saída;2.0;85
7957;548;4282.0;Saída;2.0;85
7958;539;4283.0;Saída;2.0;85
7959;48;4284.0;Saída;2.0;85
7960;75;4285.0;Saída;1.0;85
7961;1137;4286.0;Saída;1.0;85
7962;573;4287.0;Saída;1.0;85
7963;641;4288.0;Saída;1.0;85
7964;674;4289.0;Saída;2.0;85
7965;716;4290.0;Saída;1.0;85
7966;1134;4291.0;Saída;1.0;85
7967;1126;4292.0;Saída;1.0;85
7968;680;4293.0;Saída;2.0;85
7969;716;4294.0;Saída;2.0;85
7970;714;4295.0;Saída;1.0;85
7971;622;4296.0;Saída;1.0;85
7972;592;4297.0;Saída;2.0;85
7973;1521;4298.0;Saída;2.0;85
7974;1569;4299.0;Saída;2.0;85
7975;1594;4300.0;Saída;1.0;85
7976;947;4301.0;Saída;1.0;85
7977;925;4302.0;Saída;1.0;85
7978;894;4303.0;Saída;2.0;85
7979;314;4306.0;Saída;1.0;85
7980;248;4307.0;Saída;2.0;85
7981;2025;4308.0;Saída;2.0;85
7982;2074;4309.0;Saída;1.0;85
7983;2065;4310.0;Saída;2.0;85
7984;2080;4311.0;Saída;1.0;85
7985;1766;4312.0;Saída;1.0;85
7986;1767;4313.0;Saída;1.0;85
7987;2339;4314.0;Saída;2.0;85
7988;2488;4315.0;Saída;2.0;85
7989;2483;4316.0;Saída;2.0;85
7990;1834;4317.0;Saída;1.0;85
7991;2244;4318.0;Saída;1.0;85
7992;2310;4319.0;Saída;1.0;85
7993;2871;4320.0;Saída;1.0;85
7994;2817;4321.0;Saída;2.0;85
7995;2713;4325.0;Saída;1.0;85
7996;2646;4326.0;Saída;2.0;85
7997;2694;4327.0;Saída;1.0;85
7998;2811;4328.0;Saída;2.0;85
7999;2861;4329.0;Saída;2.0;85
8000;2850;4330.0;Saída;1.0;85
8001;2715;4331.0;Saída;2.0;85
8002;2713;4332.0;Saída;2.0;85
8003;2651;4333.0;Saída;2.0;85
8004;3374;4334.0;Saída;1.0;85
8005;3524;4335.0;Saída;1.0;85
8006;3505;4336.0;Saída;2.0;85
8007;3454;4337.0;Saída;2.0;85
8008;3449;4338.0;Saída;2.0;85
8009;3937;4339.0;Saída;2.0;85
8010;359;4341.0;Saída;1.0;86
8011;76;4342.0;Saída;1.0;86
8012;16;4343.0;Saída;1.0;86
8013;44;4344.0;Saída;2.0;86
8014;1132;4345.0;Saída;2.0;86
8015;1148;4346.0;Saída;2.0;86
8016;1188;4347.0;Saída;2.0;86
8017;1128;4348.0;Saída;1.0;86
8018;1146;4349.0;Saída;1.0;86
8019;352;4353.0;Saída;2.0;86
8020;334;4354.0;Saída;2.0;86
8021;383;4355.0;Saída;1.0;86
8022;82;4356.0;Saída;2.0;86
8023;1007;4357.0;Saída;1.0;86
8024;1034;4358.0;Saída;2.0;86
8025;976;4359.0;Saída;1.0;86
8026;320;4360.0;Saída;1.0;86
8027;285;4361.0;Saída;2.0;86
8028;2147;4362.0;Saída;2.0;86
8029;2143;4363.0;Saída;1.0;86
8030;2088;4364.0;Saída;1.0;86
8031;2079;4365.0;Saída;1.0;86
8032;2002;4366.0;Saída;1.0;86
8033;1823;4367.0;Saída;2.0;86
8034;2316;4368.0;Saída;1.0;86
8035;2305;4369.0;Saída;2.0;86
8036;2388;4371.0;Saída;2.0;86
8037;2339;4372.0;Saída;1.0;86
8038;2327;4373.0;Saída;1.0;86
8039;3203;4374.0;Saída;1.0;86
8040;3227;4375.0;Saída;2.0;86
8041;3064;4379.0;Saída;2.0;86
8042;3083;4380.0;Saída;2.0;86
8043;3078;4381.0;Saída;1.0;86
8044;2916;4382.0;Saída;2.0;86
8045;2945;4383.0;Saída;2.0;86
8046;2953;4384.0;Saída;2.0;86
8047;2723;4385.0;Saída;2.0;86
8048;2789;4386.0;Saída;1.0;86
8049;2758;4387.0;Saída;2.0;86
8050;2807;4388.0;Saída;2.0;86
8051;2833;4389.0;Saída;1.0;86
8052;3695;4391.0;Saída;1.0;86
8053;3741;4392.0;Saída;2.0;86
8054;3536;4393.0;Saída;2.0;86
8055;3581;4394.0;Saída;2.0;86
8056;3619;4395.0;Saída;2.0;86
8057;3623;4396.0;Saída;1.0;86
8058;3617;4397.0;Saída;1.0;86
8059;3926;4398.0;Saída;2.0;86
8060;1631;4400.0;Saída;1.0;87
8061;480;4405.0;Saída;2.0;87
8062;426;4406.0;Saída;2.0;87
8063;410;4407.0;Saída;1.0;87
8064;1721;4408.0;Saída;2.0;87
8065;399;4409.0;Saída;2.0;87
8066;369;4410.0;Saída;1.0;87
8067;389;4411.0;Saída;1.0;87
8068;1537;4412.0;Saída;2.0;87
8069;1597;4413.0;Saída;1.0;87
8070;1539;4414.0;Saída;2.0;87
8071;916;4415.0;Saída;1.0;87
8072;892;4416.0;Saída;1.0;87
8073;887;4417.0;Saída;1.0;87
8074;1158;4418.0;Saída;1.0;87
8075;2091;4419.0;Saída;1.0;87
8076;2409;4420.0;Saída;2.0;87
8077;2418;4421.0;Saída;2.0;87
8078;2463;4422.0;Saída;2.0;87
8079;2497;4423.0;Saída;1.0;87
8080;2540;4424.0;Saída;1.0;87
8081;2557;4425.0;Saída;2.0;87
8082;2018;4426.0;Saída;1.0;87
8083;2063;4427.0;Saída;1.0;87
8084;2008;4428.0;Saída;2.0;87
8085;2409;4429.0;Saída;1.0;87
8086;2412;4430.0;Saída;2.0;87
8087;2196;4431.0;Saída;1.0;87
8088;2752;4432.0;Saída;1.0;87
8089;3281;4433.0;Saída;2.0;87
8090;2961;4434.0;Saída;2.0;87
8091;2966;4435.0;Saída;2.0;87
8092;3114;4436.0;Saída;1.0;87
8093;3057;4437.0;Saída;1.0;87
8094;3045;4438.0;Saída;1.0;87
8095;3012;4439.0;Saída;2.0;87
8096;2822;4440.0;Saída;2.0;87
8097;2832;4441.0;Saída;1.0;87
8098;2816;4442.0;Saída;2.0;87
8099;3533;4443.0;Saída;1.0;87
8100;3566;4444.0;Saída;1.0;87
8101;3392;4445.0;Saída;1.0;87
8102;3440;4446.0;Saída;1.0;87
8103;4239;4447.0;Saída;2.0;87
8104;4166;4448.0;Saída;1.0;87
8105;5;4449.0;Saída;1.0;88
8106;69;4450.0;Saída;2.0;88
8107;142;4451.0;Saída;1.0;88
8108;121;4452.0;Saída;1.0;88
8109;93;4453.0;Saída;2.0;88
8110;919;4454.0;Saída;1.0;88
8111;1124;4458.0;Saída;2.0;88
8112;1160;4459.0;Saída;2.0;88
8113;1134;4460.0;Saída;2.0;88
8114;1541;4461.0;Saída;2.0;88
8115;1510;4462.0;Saída;2.0;88
8116;1473;4463.0;Saída;1.0;88
8117;1520;4464.0;Saída;1.0;88
8118;1704;4465.0;Saída;1.0;88
8119;441;4466.0;Saída;2.0;88
8120;418;4467.0;Saída;2.0;88
8121;417;4468.0;Saída;2.0;88
8122;1581;4469.0;Saída;1.0;88
8123;1472;4470.0;Saída;2.0;88
8124;1452;4471.0;Saída;2.0;88
8125;768;4472.0;Saída;1.0;88
8126;729;4473.0;Saída;2.0;88
8127;742;4474.0;Saída;1.0;88
8128;423;4476.0;Saída;2.0;88
8129;157;4477.0;Saída;1.0;88
8130;156;4478.0;Saída;1.0;88
8131;90;4479.0;Saída;1.0;88
8132;1760;4480.0;Saída;2.0;88
8133;1990;4481.0;Saída;1.0;88
8134;1967;4482.0;Saída;1.0;88
8135;2467;4483.0;Saída;2.0;88
8136;2446;4484.0;Saída;2.0;88
8137;2110;4485.0;Saída;1.0;88
8138;2088;4486.0;Saída;1.0;88
8139;3047;4490.0;Saída;2.0;88
8140;3065;4491.0;Saída;1.0;88
8141;3086;4492.0;Saída;1.0;88
8142;3095;4493.0;Saída;1.0;88
8143;3060;4497.0;Saída;1.0;88
8144;3094;4498.0;Saída;1.0;88
8145;3522;4499.0;Saída;1.0;88
8146;3464;4500.0;Saída;2.0;88
8147;3450;4501.0;Saída;1.0;88
8148;3376;4502.0;Saída;1.0;88
8149;4308;4503.0;Saída;1.0;88
8150;535;4504.0;Saída;2.0;89
8151;498;4505.0;Saída;1.0;89
8152;539;4506.0;Saída;2.0;89
8153;97;4507.0;Saída;2.0;89
8154;98;4508.0;Saída;2.0;89
8155;146;4509.0;Saída;2.0;89
8156;1697;4512.0;Saída;1.0;89
8157;1690;4513.0;Saída;2.0;89
8158;1756;4514.0;Saída;2.0;89
8159;47;4515.0;Saída;2.0;89
8160;54;4516.0;Saída;2.0;89
8161;76;4517.0;Saída;2.0;89
8162;18;4518.0;Saída;2.0;89
8163;1364;4519.0;Saída;1.0;89
8164;1685;4520.0;Saída;1.0;89
8165;1705;4521.0;Saída;2.0;89
8166;1109;4522.0;Saída;1.0;89
8167;1085;4523.0;Saída;2.0;89
8168;1054;4524.0;Saída;1.0;89
8169;1215;4525.0;Saída;2.0;89
8170;1240;4526.0;Saída;2.0;89
8171;1839;4527.0;Saída;2.0;89
8172;1797;4528.0;Saída;2.0;89
8173;1805;4529.0;Saída;2.0;89
8174;1771;4530.0;Saída;1.0;89
8175;1908;4531.0;Saída;1.0;89
8176;1870;4532.0;Saída;2.0;89
8177;1875;4533.0;Saída;2.0;89
8178;2003;4534.0;Saída;2.0;89
8179;2076;4535.0;Saída;2.0;89
8180;2013;4536.0;Saída;2.0;89
8181;2474;4537.0;Saída;1.0;89
8182;2408;4538.0;Saída;2.0;89
8183;2430;4539.0;Saída;2.0;89
8184;2431;4540.0;Saída;1.0;89
8185;2427;4541.0;Saída;1.0;89
8186;2307;4542.0;Saída;2.0;89
8187;2313;4543.0;Saída;1.0;89
8188;2871;4544.0;Saída;2.0;89
8189;2839;4545.0;Saída;1.0;89
8190;3155;4546.0;Saída;1.0;89
8191;3194;4547.0;Saída;1.0;89
8192;3172;4548.0;Saída;1.0;89
8193;3141;4549.0;Saída;2.0;89
8194;3186;4550.0;Saída;1.0;89
8195;3047;4551.0;Saída;1.0;89
8196;3116;4552.0;Saída;2.0;89
8197;2841;4553.0;Saída;2.0;89
8198;2646;4554.0;Saída;1.0;89
8199;2676;4555.0;Saída;2.0;89
8200;2724;4556.0;Saída;1.0;89
8201;2734;4557.0;Saída;1.0;89
8202;3698;4558.0;Saída;2.0;89
8203;3681;4559.0;Saída;1.0;89
8204;3743;4560.0;Saída;2.0;89
8205;3505;4561.0;Saída;1.0;89
8206;3474;4562.0;Saída;1.0;89
8207;3520;4563.0;Saída;2.0;89
8208;1216;4567.0;Saída;1.0;90
8209;1202;4568.0;Saída;2.0;90
8210;1231;4569.0;Saída;1.0;90
8211;1295;4570.0;Saída;2.0;90
8212;1343;4571.0;Saída;1.0;90
8213;1360;4572.0;Saída;1.0;90
8214;234;4573.0;Saída;1.0;90
8215;173;4574.0;Saída;1.0;90
8216;229;4575.0;Saída;1.0;90
8217;1137;4576.0;Saída;2.0;90
8218;1126;4577.0;Saída;2.0;90
8219;522;4578.0;Saída;2.0;90
8220;490;4579.0;Saída;1.0;90
8221;498;4580.0;Saída;1.0;90
8222;617;4581.0;Saída;1.0;90
8223;566;4582.0;Saída;2.0;90
8224;1218;4586.0;Saída;1.0;90
8225;227;4587.0;Saída;2.0;90
8226;1464;4588.0;Saída;1.0;90
8227;1506;4589.0;Saída;1.0;90
8228;1456;4590.0;Saída;2.0;90
8229;844;4591.0;Saída;2.0;90
8230;870;4592.0;Saída;2.0;90
8231;747;4593.0;Saída;2.0;90
8232;853;4596.0;Saída;1.0;90
8233;874;4597.0;Saída;2.0;90
8234;803;4598.0;Saída;1.0;90
8235;264;4599.0;Saída;1.0;90
8236;775;4600.0;Saída;2.0;90
8237;2443;4601.0;Saída;1.0;90
8238;2477;4602.0;Saída;2.0;90
8239;2402;4603.0;Saída;2.0;90
8240;2099;4604.0;Saída;1.0;90
8241;2100;4605.0;Saída;2.0;90
8242;2239;4607.0;Saída;1.0;90
8243;2177;4608.0;Saída;1.0;90
8244;2173;4609.0;Saída;1.0;90
8245;2435;4610.0;Saída;1.0;90
8246;2415;4611.0;Saída;2.0;90
8247;2223;4612.0;Saída;2.0;90
8248;2168;4613.0;Saída;1.0;90
8249;2166;4614.0;Saída;2.0;90
8250;2566;4616.0;Saída;1.0;90
8251;2582;4617.0;Saída;1.0;90
8252;2609;4618.0;Saída;1.0;90
8253;3195;4619.0;Saída;1.0;90
8254;3185;4620.0;Saída;1.0;90
8255;3179;4621.0;Saída;1.0;90
8256;3137;4622.0;Saída;2.0;90
8257;3200;4623.0;Saída;1.0;90
8258;3191;4624.0;Saída;1.0;90
8259;2630;4625.0;Saída;2.0;90
8260;2598;4626.0;Saída;2.0;90
8261;2631;4627.0;Saída;1.0;90
8262;3648;4629.0;Saída;1.0;90
8263;3762;4631.0;Saída;2.0;90
8264;3792;4632.0;Saída;2.0;90
8265;1669;4633.0;Saída;2.0;91
8266;1607;4637.0;Saída;1.0;91
8267;1647;4638.0;Saída;1.0;91
8268;995;4639.0;Saída;1.0;91
8269;898;4640.0;Saída;1.0;91
8270;884;4641.0;Saída;2.0;91
8271;887;4642.0;Saída;1.0;91
8272;236;4643.0;Saída;2.0;91
8273;201;4644.0;Saída;1.0;91
8274;494;4645.0;Saída;1.0;91
8275;834;4646.0;Saída;1.0;91
8276;805;4647.0;Saída;2.0;91
8277;170;4648.0;Saída;2.0;91
8278;239;4649.0;Saída;1.0;91
8279;191;4650.0;Saída;2.0;91
8280;235;4651.0;Saída;2.0;91
8281;200;4652.0;Saída;1.0;91
8282;255;4653.0;Saída;1.0;91
8283;533;4654.0;Saída;2.0;91
8284;528;4655.0;Saída;1.0;91
8285;483;4656.0;Saída;1.0;91
8286;806;4657.0;Saída;2.0;91
8287;2557;4660.0;Saída;2.0;91
8288;2494;4661.0;Saída;1.0;91
8289;2170;4664.0;Saída;2.0;91
8290;2199;4665.0;Saída;1.0;91
8291;1845;4666.0;Saída;2.0;91
8292;2708;4667.0;Saída;1.0;91
8293;2916;4668.0;Saída;2.0;91
8294;2952;4669.0;Saída;1.0;91
8295;3037;4672.0;Saída;1.0;91
8296;2969;4673.0;Saída;2.0;91
8297;2994;4674.0;Saída;2.0;91
8298;2906;4675.0;Saída;2.0;91
8299;2895;4676.0;Saída;2.0;91
8300;3641;4677.0;Saída;1.0;91
8301;3674;4678.0;Saída;1.0;91
8302;3701;4679.0;Saída;2.0;91
8303;4256;4680.0;Saída;1.0;91
8304;4248;4681.0;Saída;2.0;91
8305;3963;4682.0;Saída;1.0;91
8306;752;4683.0;Saída;1.0;92
8307;738;4684.0;Saída;2.0;92
8308;1175;4685.0;Saída;1.0;92
8309;1480;4686.0;Saída;2.0;92
8310;1517;4687.0;Saída;2.0;92
8311;1507;4688.0;Saída;2.0;92
8312;1742;4689.0;Saída;2.0;92
8313;1728;4690.0;Saída;2.0;92
8314;1434;4691.0;Saída;2.0;92
8315;1432;4692.0;Saída;2.0;92
8316;953;4693.0;Saída;1.0;92
8317;371;4697.0;Saída;1.0;92
8318;490;4699.0;Saída;1.0;92
8319;552;4700.0;Saída;2.0;92
8320;547;4701.0;Saída;1.0;92
8321;98;4702.0;Saída;2.0;92
8322;395;4703.0;Saída;1.0;92
8323;361;4704.0;Saída;2.0;92
8324;2339;4711.0;Saída;2.0;92
8325;2453;4712.0;Saída;2.0;92
8326;2438;4713.0;Saída;1.0;92
8327;1853;4714.0;Saída;2.0;92
8328;1766;4715.0;Saída;1.0;92
8329;2345;4716.0;Saída;1.0;92
8330;2335;4717.0;Saída;2.0;92
8331;2382;4718.0;Saída;1.0;92
8332;2484;4719.0;Saída;2.0;92
8333;2434;4722.0;Saída;2.0;92
8334;2764;4723.0;Saída;2.0;92
8335;2747;4724.0;Saída;2.0;92
8336;2731;4725.0;Saída;2.0;92
8337;2954;4726.0;Saída;2.0;92
8338;2901;4727.0;Saída;1.0;92
8339;2939;4728.0;Saída;2.0;92
8340;3122;4729.0;Saída;2.0;92
8341;3121;4730.0;Saída;2.0;92
8342;3116;4731.0;Saída;2.0;92
8343;3044;4732.0;Saída;1.0;92
8344;2972;4733.0;Saída;1.0;92
8345;3241;4734.0;Saída;1.0;92
8346;3007;4735.0;Saída;1.0;92
8347;3021;4736.0;Saída;1.0;92
8348;2983;4737.0;Saída;1.0;92
8349;3532;4738.0;Saída;1.0;92
8350;3378;4739.0;Saída;2.0;92
8351;4091;4742.0;Saída;2.0;92
8352;4089;4743.0;Saída;2.0;92
8353;1755;4746.0;Saída;1.0;93
8354;1737;4747.0;Saída;2.0;93
8355;1619;4752.0;Saída;1.0;93
8356;1602;4753.0;Saída;2.0;93
8357;1671;4754.0;Saída;2.0;93
8358;631;4755.0;Saída;2.0;93
8359;581;4756.0;Saída;2.0;93
8360;13;4757.0;Saída;1.0;93
8361;50;4758.0;Saída;2.0;93
8362;3;4759.0;Saída;2.0;93
8363;715;4760.0;Saída;2.0;93
8364;649;4761.0;Saída;1.0;93
8365;655;4762.0;Saída;1.0;93
8366;35;4763.0;Saída;1.0;93
8367;12;4764.0;Saída;2.0;93
8368;42;4765.0;Saída;1.0;93
8369;1527;4766.0;Saída;2.0;93
8370;1059;4767.0;Saída;1.0;93
8371;1084;4768.0;Saída;1.0;93
8372;18;4769.0;Saída;2.0;93
8373;818;4770.0;Saída;1.0;93
8374;814;4771.0;Saída;1.0;93
8375;872;4772.0;Saída;2.0;93
8376;2268;4775.0;Saída;2.0;93
8377;2162;4776.0;Saída;1.0;93
8378;2553;4777.0;Saída;1.0;93
8379;2333;4778.0;Saída;2.0;93
8380;2375;4779.0;Saída;2.0;93
8381;2384;4780.0;Saída;1.0;93
8382;2345;4781.0;Saída;1.0;93
8383;2820;4782.0;Saída;1.0;93
8384;2850;4783.0;Saída;2.0;93
8385;2868;4784.0;Saída;2.0;93
8386;2875;4785.0;Saída;1.0;93
8387;2805;4786.0;Saída;1.0;93
8388;2806;4787.0;Saída;2.0;93
8389;2898;4788.0;Saída;2.0;93
8390;3237;4789.0;Saída;2.0;93
8391;3267;4790.0;Saída;2.0;93
8392;2967;4791.0;Saída;1.0;93
8393;2767;4792.0;Saída;1.0;93
8394;2724;4793.0;Saída;1.0;93
8395;2734;4794.0;Saída;2.0;93
8396;3408;4795.0;Saída;2.0;93
8397;3377;4796.0;Saída;2.0;93
8398;3372;4797.0;Saída;1.0;93
8399;3453;4798.0;Saída;2.0;93
8400;3515;4799.0;Saída;1.0;93
8401;3491;4800.0;Saída;2.0;93
8402;3433;4801.0;Saída;1.0;93
8403;3845;4803.0;Saída;2.0;93
8404;3915;4804.0;Saída;1.0;93
8405;3857;4805.0;Saída;1.0;93
8406;4073;4806.0;Saída;2.0;93
8407;4076;4807.0;Saída;1.0;93
8408;4046;4808.0;Saída;2.0;93
8409;1247;4809.0;Saída;1.0;94
8410;1235;4810.0;Saída;2.0;94
8411;1509;4811.0;Saída;2.0;94
8412;1493;4812.0;Saída;1.0;94
8413;1442;4813.0;Saída;2.0;94
8414;1533;4816.0;Saída;1.0;94
8415;1631;4817.0;Saída;2.0;94
8416;589;4818.0;Saída;2.0;94
8417;569;4819.0;Saída;2.0;94
8418;74;4820.0;Saída;1.0;94
8419;17;4821.0;Saída;1.0;94
8420;389;4822.0;Saída;1.0;94
8421;376;4823.0;Saída;1.0;94
8422;1564;4824.0;Saída;1.0;94
8423;1530;4825.0;Saída;1.0;94
8424;1211;4826.0;Saída;2.0;94
8425;1245;4827.0;Saída;2.0;94
8426;638;4828.0;Saída;2.0;94
8427;1203;4829.0;Saída;2.0;94
8428;1215;4830.0;Saída;1.0;94
8429;1280;4831.0;Saída;2.0;94
8430;635;4832.0;Saída;2.0;94
8431;549;4833.0;Saída;1.0;94
8432;560;4834.0;Saída;1.0;94
8433;1278;4835.0;Saída;1.0;94
8434;67;4836.0;Saída;2.0;94
8435;6;4837.0;Saída;1.0;94
8436;2263;4841.0;Saída;2.0;94
8437;2531;4842.0;Saída;2.0;94
8438;2390;4843.0;Saída;1.0;94
8439;2330;4844.0;Saída;2.0;94
8440;2339;4845.0;Saída;1.0;94
8441;2331;4846.0;Saída;2.0;94
8442;2344;4847.0;Saída;2.0;94
8443;1924;4848.0;Saída;1.0;94
8444;1998;4849.0;Saída;2.0;94
8445;3017;4850.0;Saída;2.0;94
8446;2972;4851.0;Saída;1.0;94
8447;3033;4852.0;Saída;1.0;94
8448;2987;4853.0;Saída;1.0;94
8449;2998;4854.0;Saída;1.0;94
8450;2970;4855.0;Saída;2.0;94
8451;2626;4856.0;Saída;2.0;94
8452;2630;4857.0;Saída;2.0;94
8453;2574;4858.0;Saída;2.0;94
8454;2714;4859.0;Saída;1.0;94
8455;2709;4860.0;Saída;2.0;94
8456;2701;4861.0;Saída;2.0;94
8457;3183;4865.0;Saída;2.0;94
8458;3133;4866.0;Saída;2.0;94
8459;3200;4867.0;Saída;2.0;94
8460;2855;4868.0;Saída;2.0;94
8461;2806;4869.0;Saída;1.0;94
8462;2815;4870.0;Saída;1.0;94
8463;3626;4871.0;Saída;2.0;94
8464;3605;4872.0;Saída;1.0;94
8465;3381;4873.0;Saída;1.0;94
8466;3666;4874.0;Saída;2.0;94
8467;3621;4875.0;Saída;1.0;94
8468;3804;4876.0;Saída;1.0;94
8469;3761;4877.0;Saída;1.0;94
8470;4003;4878.0;Saída;1.0;94
8471;270;4880.0;Saída;2.0;95
8472;243;4881.0;Saída;2.0;95
8473;431;4882.0;Saída;1.0;95
8474;465;4883.0;Saída;1.0;95
8475;449;4884.0;Saída;1.0;95
8476;735;4885.0;Saída;2.0;95
8477;734;4886.0;Saída;1.0;95
8478;161;4887.0;Saída;1.0;95
8479;1154;4890.0;Saída;2.0;95
8480;1200;4891.0;Saída;1.0;95
8481;1131;4892.0;Saída;2.0;95
8482;395;4893.0;Saída;2.0;95
8483;916;4894.0;Saída;1.0;95
8484;868;4895.0;Saída;1.0;95
8485;817;4896.0;Saída;1.0;95
8486;806;4897.0;Saída;2.0;95
8487;568;4898.0;Saída;2.0;95
8488;1337;4899.0;Saída;1.0;95
8489;891;4900.0;Saída;1.0;95
8490;885;4901.0;Saída;2.0;95
8491;1447;4903.0;Saída;1.0;95
8492;1514;4904.0;Saída;2.0;95
8493;2551;4906.0;Saída;1.0;95
8494;2531;4907.0;Saída;2.0;95
8495;2163;4908.0;Saída;1.0;95
8496;2235;4909.0;Saída;1.0;95
8497;2148;4912.0;Saída;2.0;95
8498;2152;4913.0;Saída;2.0;95
8499;1821;4914.0;Saída;1.0;95
8500;1767;4915.0;Saída;1.0;95
8501;2055;4917.0;Saída;2.0;95
8502;2073;4918.0;Saída;1.0;95
8503;2024;4919.0;Saída;1.0;95
8504;2867;4920.0;Saída;1.0;95
8505;2926;4921.0;Saída;1.0;95
8506;2944;4922.0;Saída;1.0;95
8507;2568;4926.0;Saída;2.0;95
8508;2561;4927.0;Saída;1.0;95
8509;2576;4928.0;Saída;2.0;95
8510;2900;4931.0;Saída;2.0;95
8511;2885;4932.0;Saída;2.0;95
8512;3503;4934.0;Saída;1.0;95
8513;3533;4935.0;Saída;1.0;95
8514;3525;4936.0;Saída;2.0;95
8515;3995;4937.0;Saída;2.0;95
8516;4015;4938.0;Saída;2.0;95
8517;4010;4939.0;Saída;2.0;95
8518;1321;4940.0;Saída;2.0;96
8519;1505;4941.0;Saída;2.0;96
8520;1491;4942.0;Saída;1.0;96
8521;313;4943.0;Saída;1.0;96
8522;254;4944.0;Saída;2.0;96
8523;314;4945.0;Saída;1.0;96
8524;1227;4946.0;Saída;2.0;96
8525;1309;4947.0;Saída;1.0;96
8526;1284;4948.0;Saída;2.0;96
8527;490;4949.0;Saída;2.0;96
8528;1369;4950.0;Saída;2.0;96
8529;1385;4951.0;Saída;2.0;96
8530;643;4952.0;Saída;2.0;96
8531;731;4953.0;Saída;2.0;96
8532;787;4954.0;Saída;1.0;96
8533;217;4955.0;Saída;2.0;96
8534;220;4956.0;Saída;2.0;96
8535;219;4957.0;Saída;1.0;96
8536;1276;4958.0;Saída;2.0;96
8537;1218;4959.0;Saída;2.0;96
8538;259;4960.0;Saída;2.0;96
8539;248;4961.0;Saída;1.0;96
8540;1279;4962.0;Saída;2.0;96
8541;1253;4963.0;Saída;1.0;96
8542;1606;4964.0;Saída;1.0;96
8543;1379;4965.0;Saída;2.0;96
8544;794;4966.0;Saída;2.0;96
8545;722;4967.0;Saída;2.0;96
8546;6;4968.0;Saída;1.0;96
8547;15;4969.0;Saída;2.0;96
8548;77;4970.0;Saída;2.0;96
8549;726;4971.0;Saída;2.0;96
8550;774;4972.0;Saída;2.0;96
8551;2298;4973.0;Saída;1.0;96
8552;1904;4974.0;Saída;2.0;96
8553;2524;4975.0;Saída;2.0;96
8554;2495;4976.0;Saída;2.0;96
8555;2494;4977.0;Saída;1.0;96
8556;1849;4978.0;Saída;1.0;96
8557;1850;4979.0;Saída;1.0;96
8558;2447;4980.0;Saída;2.0;96
8559;2405;4981.0;Saída;1.0;96
8560;2271;4982.0;Saída;1.0;96
8561;2828;4983.0;Saída;2.0;96
8562;3053;4984.0;Saída;1.0;96
8563;2745;4985.0;Saída;1.0;96
8564;2785;4986.0;Saída;2.0;96
8565;2806;4987.0;Saída;2.0;96
8566;2879;4988.0;Saída;1.0;96
8567;3090;4989.0;Saída;2.0;96
8568;2946;4990.0;Saída;1.0;96
8569;2897;4991.0;Saída;1.0;96
8570;2916;4992.0;Saída;1.0;96
8571;2912;4993.0;Saída;2.0;96
8572;2953;4994.0;Saída;2.0;96
8573;3456;4995.0;Saída;2.0;96
8574;3605;4996.0;Saída;2.0;96
8575;3606;4997.0;Saída;2.0;96
8576;3619;4998.0;Saída;1.0;96
8577;3745;4999.0;Saída;1.0;96
8578;3693;5000.0;Saída;2.0;96
8579;3714;5001.0;Saída;1.0;96
8580;3847;5002.0;Saída;1.0;96
8581;4242;5003.0;Saída;2.0;96
8582;1083;5004.0;Saída;1.0;97
8583;1344;5005.0;Saída;1.0;97
8584;1228;5006.0;Saída;1.0;97
8585;1241;5007.0;Saída;2.0;97
8586;1263;5008.0;Saída;2.0;97
8587;145;5009.0;Saída;2.0;97
8588;120;5010.0;Saída;1.0;97
8589;1648;5011.0;Saída;2.0;97
8590;1601;5012.0;Saída;1.0;97
8591;1676;5013.0;Saída;2.0;97
8592;1111;5014.0;Saída;1.0;97
8593;1056;5015.0;Saída;1.0;97
8594;1371;5016.0;Saída;1.0;97
8595;1437;5017.0;Saída;1.0;97
8596;1404;5018.0;Saída;2.0;97
8597;1709;5019.0;Saída;2.0;97
8598;1699;5020.0;Saída;2.0;97
8599;885;5021.0;Saída;1.0;97
8600;936;5022.0;Saída;2.0;97
8601;944;5023.0;Saída;2.0;97
8602;1290;5027.0;Saída;1.0;97
8603;2231;5028.0;Saída;2.0;97
8604;2164;5029.0;Saída;1.0;97
8605;2487;5030.0;Saída;1.0;97
8606;2553;5031.0;Saída;2.0;97
8607;2526;5034.0;Saída;1.0;97
8608;2498;5035.0;Saída;1.0;97
8609;2505;5036.0;Saída;2.0;97
8610;1834;5037.0;Saída;2.0;97
8611;1826;5038.0;Saída;2.0;97
8612;2253;5039.0;Saída;2.0;97
8613;2794;5043.0;Saída;2.0;97
8614;2790;5046.0;Saída;2.0;97
8615;2975;5047.0;Saída;2.0;97
8616;2970;5048.0;Saída;2.0;97
8617;3037;5049.0;Saída;2.0;97
8618;3307;5050.0;Saída;2.0;97
8619;3346;5051.0;Saída;1.0;97
8620;3304;5052.0;Saída;1.0;97
8621;3410;5053.0;Saída;2.0;97
8622;3504;5054.0;Saída;2.0;97
8623;3518;5055.0;Saída;1.0;97
8624;3517;5056.0;Saída;1.0;97
8625;3447;5057.0;Saída;1.0;97
8626;3479;5058.0;Saída;1.0;97
8627;3511;5059.0;Saída;2.0;97
8628;3673;5060.0;Saída;2.0;97
8629;3642;5061.0;Saída;1.0;97
8630;3824;5062.0;Saída;1.0;97
8631;3775;5063.0;Saída;2.0;97
8632;4253;5064.0;Saída;2.0;97
8633;4260;5065.0;Saída;1.0;97
8634;938;5066.0;Saída;2.0;98
8635;951;5067.0;Saída;2.0;98
8636;882;5068.0;Saída;1.0;98
8637;1679;5069.0;Saída;2.0;98
8638;1067;5070.0;Saída;1.0;98
8639;1358;5071.0;Saída;2.0;98
8640;1350;5072.0;Saída;2.0;98
8641;1357;5073.0;Saída;2.0;98
8642;990;5074.0;Saída;2.0;98
8643;1026;5075.0;Saída;1.0;98
8644;523;5076.0;Saída;1.0;98
8645;1299;5077.0;Saída;2.0;98
8646;1321;5078.0;Saída;2.0;98
8647;1354;5079.0;Saída;1.0;98
8648;315;5081.0;Saída;2.0;98
8649;318;5082.0;Saída;1.0;98
8650;1478;5083.0;Saída;2.0;98
8651;1684;5084.0;Saída;2.0;98
8652;1697;5085.0;Saída;2.0;98
8653;2239;5088.0;Saída;1.0;98
8654;2173;5089.0;Saída;1.0;98
8655;2219;5090.0;Saída;1.0;98
8656;1766;5091.0;Saída;2.0;98
8657;1777;5092.0;Saída;2.0;98
8658;2150;5093.0;Saída;2.0;98
8659;2155;5094.0;Saída;2.0;98
8660;2091;5095.0;Saída;1.0;98
8661;2183;5096.0;Saída;2.0;98
8662;2217;5097.0;Saída;2.0;98
8663;2197;5098.0;Saída;2.0;98
8664;2178;5099.0;Saída;2.0;98
8665;3119;5100.0;Saída;2.0;98
8666;3115;5101.0;Saída;2.0;98
8667;2794;5102.0;Saída;1.0;98
8668;2732;5103.0;Saída;1.0;98
8669;2730;5104.0;Saída;2.0;98
8670;3065;5105.0;Saída;1.0;98
8671;3047;5106.0;Saída;1.0;98
8672;2969;5107.0;Saída;2.0;98
8673;3013;5108.0;Saída;1.0;98
8674;2852;5109.0;Saída;2.0;98
8675;2963;5110.0;Saída;2.0;98
8676;3603;5113.0;Saída;1.0;98
8677;3615;5114.0;Saída;1.0;98
8678;3504;5115.0;Saída;2.0;98
8679;3599;5116.0;Saída;1.0;98
8680;3593;5117.0;Saída;1.0;98
8681;3998;5118.0;Saída;1.0;98
8682;3990;5119.0;Saída;2.0;98
8683;3981;5120.0;Saída;2.0;98
8684;1574;5121.0;Saída;2.0;99
8685;1537;5122.0;Saída;1.0;99
8686;15;5127.0;Saída;1.0;99
8687;66;5128.0;Saída;2.0;99
8688;38;5129.0;Saída;1.0;99
8689;214;5130.0;Saída;2.0;99
8690;174;5131.0;Saída;1.0;99
8691;179;5132.0;Saída;1.0;99
8692;303;5133.0;Saída;1.0;99
8693;1439;5134.0;Saída;2.0;99
8694;1369;5135.0;Saída;1.0;99
8695;853;5136.0;Saída;2.0;99
8696;864;5137.0;Saída;2.0;99
8697;835;5138.0;Saída;1.0;99
8698;1299;5139.0;Saída;2.0;99
8699;1360;5140.0;Saída;1.0;99
8700;1328;5141.0;Saída;1.0;99
8701;255;5142.0;Saída;2.0;99
8702;276;5143.0;Saída;2.0;99
8703;307;5144.0;Saída;1.0;99
8704;1664;5145.0;Saída;2.0;99
8705;1615;5146.0;Saída;1.0;99
8706;1661;5147.0;Saída;1.0;99
8707;1954;5148.0;Saída;2.0;99
8708;1996;5149.0;Saída;2.0;99
8709;2559;5150.0;Saída;1.0;99
8710;2402;5151.0;Saída;2.0;99
8711;2427;5152.0;Saída;2.0;99
8712;2441;5153.0;Saída;2.0;99
8713;2147;5154.0;Saída;1.0;99
8714;2555;5155.0;Saída;1.0;99
8715;3171;5156.0;Saída;1.0;99
8716;2650;5157.0;Saída;1.0;99
8717;2658;5158.0;Saída;2.0;99
8718;2710;5159.0;Saída;1.0;99
8719;3030;5160.0;Saída;2.0;99
8720;2962;5161.0;Saída;1.0;99
8721;3273;5162.0;Saída;2.0;99
8722;3208;5163.0;Saída;2.0;99
8723;3271;5164.0;Saída;1.0;99
8724;2626;5165.0;Saída;1.0;99
8725;2570;5166.0;Saída;1.0;99
8726;2580;5167.0;Saída;2.0;99
8727;3446;5169.0;Saída;1.0;99
8728;3519;5170.0;Saída;2.0;99
8729;3699;5171.0;Saída;1.0;99
8730;3758;5172.0;Saída;2.0;99
8731;3667;5173.0;Saída;2.0;99
8732;3615;5174.0;Saída;1.0;99
8733;3672;5175.0;Saída;1.0;99
8734;3598;5176.0;Saída;2.0;99
8735;3526;5177.0;Saída;2.0;99
8736;4070;5178.0;Saída;2.0;99
8737;4071;5179.0;Saída;2.0;99
8738;4001;5180.0;Saída;2.0;99
8739;43;5181.0;Saída;2.0;100
8740;12;5182.0;Saída;1.0;100
8741;225;5183.0;Saída;2.0;100
8742;210;5184.0;Saída;1.0;100
8743;234;5185.0;Saída;2.0;100
8744;623;5186.0;Saída;2.0;100
8745;630;5187.0;Saída;1.0;100
8746;613;5188.0;Saída;1.0;100
8747;1250;5189.0;Saída;2.0;100
8748;1246;5190.0;Saída;1.0;100
8749;842;5191.0;Saída;1.0;100
8750;823;5192.0;Saída;1.0;100
8751;870;5193.0;Saída;1.0;100
8752;811;5194.0;Saída;2.0;100
8753;87;5195.0;Saída;1.0;100
8754;98;5196.0;Saída;2.0;100
8755;1261;5197.0;Saída;2.0;100
8756;1201;5198.0;Saída;1.0;100
8757;1220;5199.0;Saída;2.0;100
8758;863;5200.0;Saída;2.0;100
8759;805;5201.0;Saída;2.0;100
8760;842;5202.0;Saída;1.0;100
8761;649;5203.0;Saída;2.0;100
8762;650;5204.0;Saída;2.0;100
8763;2017;5208.0;Saída;2.0;100
8764;2388;5209.0;Saída;2.0;100
8765;2379;5210.0;Saída;1.0;100
8766;1774;5211.0;Saída;2.0;100
8767;2386;5212.0;Saída;2.0;100
8768;2238;5213.0;Saída;2.0;100
8769;2163;5214.0;Saída;1.0;100
8770;3023;5215.0;Saída;2.0;100
8771;2982;5216.0;Saída;2.0;100
8772;2978;5217.0;Saída;1.0;100
8773;2570;5221.0;Saída;1.0;100
8774;2627;5222.0;Saída;1.0;100
8775;2610;5223.0;Saída;1.0;100
8776;3049;5224.0;Saída;2.0;100
8777;3119;5225.0;Saída;2.0;100
8778;2867;5226.0;Saída;1.0;100
8779;2888;5227.0;Saída;1.0;100
8780;3251;5228.0;Saída;2.0;100
8781;3274;5229.0;Saída;2.0;100
8782;3425;5230.0;Saída;2.0;100
8783;3367;5231.0;Saída;2.0;100
8784;3372;5232.0;Saída;1.0;100
8785;3663;5233.0;Saída;1.0;100
8786;3613;5234.0;Saída;1.0;100
8787;3651;5235.0;Saída;2.0;100
8788;3599;5236.0;Saída;2.0;100
8789;3563;5237.0;Saída;2.0;100
8790;3926;5238.0;Saída;2.0;100
8791;3933;5239.0;Saída;2.0;100
8792;3936;5240.0;Saída;2.0;100
8793;3801;5241.0;Saída;1.0;100
8794;3779;5242.0;Saída;1.0;100
8795;3835;5243.0;Saída;2.0;100
8796;430;5244.0;Saída;1.0;101
8797;1581;5245.0;Saída;1.0;101
8798;1584;5246.0;Saída;1.0;101
8799;705;5247.0;Saída;1.0;101
8800;694;5248.0;Saída;2.0;101
8801;1532;5249.0;Saída;1.0;101
8802;884;5250.0;Saída;1.0;101
8803;652;5251.0;Saída;1.0;101
8804;679;5252.0;Saída;1.0;101
8805;368;5253.0;Saída;2.0;101
8806;370;5254.0;Saída;2.0;101
8807;792;5255.0;Saída;1.0;101
8808;426;5256.0;Saída;2.0;101
8809;469;5257.0;Saída;1.0;101
8810;478;5258.0;Saída;2.0;101
8811;285;5261.0;Saída;1.0;101
8812;273;5262.0;Saída;2.0;101
8813;867;5263.0;Saída;2.0;101
8814;173;5264.0;Saída;2.0;101
8815;1284;5266.0;Saída;2.0;101
8816;1282;5267.0;Saída;2.0;101
8817;1286;5268.0;Saída;2.0;101
8818;1540;5269.0;Saída;2.0;101
8819;1568;5270.0;Saída;2.0;101
8820;657;5271.0;Saída;2.0;101
8821;652;5272.0;Saída;2.0;101
8822;814;5273.0;Saída;2.0;101
8823;2095;5274.0;Saída;2.0;101
8824;2098;5275.0;Saída;1.0;101
8825;2100;5276.0;Saída;1.0;101
8826;1832;5277.0;Saída;2.0;101
8827;2203;5278.0;Saída;2.0;101
8828;2212;5279.0;Saída;1.0;101
8829;2178;5280.0;Saída;2.0;101
8830;2180;5281.0;Saída;1.0;101
8831;2162;5282.0;Saída;2.0;101
8832;2237;5283.0;Saída;1.0;101
8833;1778;5284.0;Saída;2.0;101
8834;3052;5288.0;Saída;2.0;101
8835;3107;5289.0;Saída;1.0;101
8836;2949;5290.0;Saída;2.0;101
8837;2994;5291.0;Saída;1.0;101
8838;3031;5292.0;Saída;1.0;101
8839;2969;5293.0;Saída;2.0;101
8840;2642;5294.0;Saída;1.0;101
8841;3320;5295.0;Saída;1.0;101
8842;3349;5296.0;Saída;2.0;101
8843;3286;5297.0;Saída;1.0;101
8844;2723;5300.0;Saída;2.0;101
8845;2734;5301.0;Saída;1.0;101
8846;3760;5302.0;Saída;1.0;101
8847;3759;5303.0;Saída;1.0;101
8848;3716;5304.0;Saída;1.0;101
8849;3756;5305.0;Saída;2.0;101
8850;3748;5306.0;Saída;2.0;101
8851;3519;5307.0;Saída;1.0;101
8852;3464;5308.0;Saída;1.0;101
8853;3447;5309.0;Saída;2.0;101
8854;3504;5310.0;Saída;1.0;101
8855;3446;5311.0;Saída;2.0;101
8856;3473;5312.0;Saída;2.0;101
8857;4108;5313.0;Saída;1.0;101
8858;482;5315.0;Saída;1.0;102
8859;502;5316.0;Saída;2.0;102
8860;273;5317.0;Saída;1.0;102
8861;294;5318.0;Saída;1.0;102
8862;1165;5322.0;Saída;2.0;102
8863;627;5323.0;Saída;2.0;102
8864;639;5324.0;Saída;2.0;102
8865;1441;5325.0;Saída;2.0;102
8866;1457;5326.0;Saída;2.0;102
8867;1520;5327.0;Saída;1.0;102
8868;1031;5328.0;Saída;2.0;102
8869;966;5329.0;Saída;1.0;102
8870;855;5330.0;Saída;1.0;102
8871;904;5331.0;Saída;1.0;102
8872;954;5332.0;Saída;2.0;102
8873;956;5333.0;Saída;1.0;102
8874;1342;5334.0;Saída;1.0;102
8875;1346;5335.0;Saída;2.0;102
8876;1360;5336.0;Saída;1.0;102
8877;444;5337.0;Saída;1.0;102
8878;876;5338.0;Saída;2.0;102
8879;886;5339.0;Saída;2.0;102
8880;904;5340.0;Saída;2.0;102
8881;898;5341.0;Saída;1.0;102
8882;310;5342.0;Saída;2.0;102
8883;242;5343.0;Saída;2.0;102
8884;258;5344.0;Saída;2.0;102
8885;340;5345.0;Saída;1.0;102
8886;355;5346.0;Saída;2.0;102
8887;4;5347.0;Saída;1.0;102
8888;40;5348.0;Saída;1.0;102
8889;2408;5349.0;Saída;1.0;102
8890;2437;5350.0;Saída;1.0;102
8891;2493;5351.0;Saída;2.0;102
8892;2528;5352.0;Saída;1.0;102
8893;2544;5353.0;Saída;2.0;102
8894;1865;5356.0;Saída;2.0;102
8895;2402;5357.0;Saída;1.0;102
8896;2401;5358.0;Saída;2.0;102
8897;3052;5359.0;Saída;1.0;102
8898;3051;5360.0;Saída;2.0;102
8899;3131;5361.0;Saída;1.0;102
8900;2563;5362.0;Saída;2.0;102
8901;3119;5363.0;Saída;2.0;102
8902;3072;5364.0;Saída;1.0;102
8903;3044;5365.0;Saída;1.0;102
8904;2993;5366.0;Saída;1.0;102
8905;3359;5367.0;Saída;2.0;102
8906;3301;5368.0;Saída;2.0;102
8907;3482;5369.0;Saída;1.0;102
8908;3667;5370.0;Saída;2.0;102
8909;3617;5371.0;Saída;1.0;102
8910;4175;5374.0;Saída;2.0;102
8911;4146;5375.0;Saída;1.0;102
8912;4092;5376.0;Saída;2.0;102
8913;1089;5377.0;Saída;1.0;103
8914;1068;5378.0;Saída;2.0;103
8915;1114;5379.0;Saída;2.0;103
8916;649;5380.0;Saída;2.0;103
8917;650;5381.0;Saída;2.0;103
8918;1443;5382.0;Saída;1.0;103
8919;61;5383.0;Saída;2.0;103
8920;13;5384.0;Saída;1.0;103
8921;1;5385.0;Saída;1.0;103
8922;1348;5386.0;Saída;2.0;103
8923;1341;5387.0;Saída;1.0;103
8924;1285;5388.0;Saída;2.0;103
8925;396;5389.0;Saída;2.0;103
8926;325;5392.0;Saída;1.0;103
8927;390;5393.0;Saída;1.0;103
8928;335;5394.0;Saída;2.0;103
8929;726;5395.0;Saída;1.0;103
8930;753;5396.0;Saída;2.0;103
8931;1752;5397.0;Saída;1.0;103
8932;873;5398.0;Saída;2.0;103
8933;1208;5399.0;Saída;1.0;103
8934;1264;5400.0;Saída;1.0;103
8935;1614;5401.0;Saída;1.0;103
8936;1603;5402.0;Saída;1.0;103
8937;2131;5403.0;Saída;2.0;103
8938;2410;5404.0;Saída;2.0;103
8939;2423;5405.0;Saída;2.0;103
8940;2362;5406.0;Saída;1.0;103
8941;2383;5407.0;Saída;1.0;103
8942;2335;5408.0;Saída;1.0;103
8943;1915;5409.0;Saída;2.0;103
8944;2479;5410.0;Saída;1.0;103
8945;2469;5411.0;Saída;2.0;103
8946;1872;5412.0;Saída;2.0;103
8947;1886;5413.0;Saída;2.0;103
8948;1915;5414.0;Saída;1.0;103
8949;2410;5415.0;Saída;1.0;103
8950;2462;5416.0;Saída;1.0;103
8951;2281;5417.0;Saída;2.0;103
8952;2311;5418.0;Saída;1.0;103
8953;3066;5419.0;Saída;1.0;103
8954;3114;5420.0;Saída;1.0;103
8955;2732;5421.0;Saída;1.0;103
8956;2725;5422.0;Saída;1.0;103
8957;2784;5423.0;Saída;2.0;103
8958;3031;5424.0;Saída;2.0;103
8959;3009;5425.0;Saída;2.0;103
8960;2727;5426.0;Saída;1.0;103
8961;2745;5427.0;Saída;2.0;103
8962;2732;5428.0;Saída;2.0;103
8963;2977;5429.0;Saída;2.0;103
8964;3013;5430.0;Saída;1.0;103
8965;2961;5431.0;Saída;2.0;103
8966;2629;5432.0;Saída;2.0;103
8967;2942;5433.0;Saída;2.0;103
8968;3684;5436.0;Saída;2.0;103
8969;4093;5437.0;Saída;1.0;103
8970;4107;5438.0;Saída;2.0;103
8971;4096;5439.0;Saída;1.0;103
8972;4191;5440.0;Saída;2.0;103
8973;4240;5441.0;Saída;2.0;103
8974;4225;5442.0;Saída;2.0;103
8975;1104;5446.0;Saída;1.0;104
8976;1089;5447.0;Saída;2.0;104
8977;1071;5448.0;Saída;1.0;104
8978;486;5449.0;Saída;1.0;104
8979;518;5450.0;Saída;1.0;104
8980;1288;5451.0;Saída;2.0;104
8981;1334;5452.0;Saída;2.0;104
8982;1136;5453.0;Saída;1.0;104
8983;1156;5454.0;Saída;2.0;104
8984;1188;5455.0;Saída;2.0;104
8985;1125;5456.0;Saída;2.0;104
8986;208;5457.0;Saída;1.0;104
8987;110;5458.0;Saída;2.0;104
8988;146;5459.0;Saída;2.0;104
8989;1199;5460.0;Saída;2.0;104
8990;1197;5461.0;Saída;2.0;104
8991;1175;5462.0;Saída;1.0;104
8992;1666;5464.0;Saída;1.0;104
8993;1641;5465.0;Saída;1.0;104
8994;1622;5466.0;Saída;2.0;104
8995;569;5467.0;Saída;2.0;104
8996;637;5468.0;Saída;2.0;104
8997;1136;5469.0;Saída;1.0;104
8998;1164;5470.0;Saída;2.0;104
8999;1582;5471.0;Saída;1.0;104
9000;1532;5472.0;Saída;2.0;104
9001;1571;5473.0;Saída;2.0;104
9002;1037;5474.0;Saída;2.0;104
9003;984;5475.0;Saída;1.0;104
9004;1160;5476.0;Saída;1.0;104
9005;1126;5477.0;Saída;1.0;104
9006;1141;5478.0;Saída;2.0;104
9007;962;5479.0;Saída;2.0;104
9008;1139;5480.0;Saída;2.0;104
9009;2426;5481.0;Saída;2.0;104
9010;2309;5482.0;Saída;2.0;104
9011;2497;5483.0;Saída;1.0;104
9012;1893;5484.0;Saída;1.0;104
9013;1901;5485.0;Saída;1.0;104
9014;1859;5486.0;Saída;1.0;104
9015;2241;5487.0;Saída;1.0;104
9016;2270;5488.0;Saída;2.0;104
9017;2244;5489.0;Saída;1.0;104
9018;2100;5490.0;Saída;1.0;104
9019;2083;5491.0;Saída;2.0;104
9020;2006;5492.0;Saída;2.0;104
9021;3021;5493.0;Saída;1.0;104
9022;3224;5497.0;Saída;2.0;104
9023;3243;5498.0;Saída;2.0;104
9024;3219;5499.0;Saída;1.0;104
9025;3203;5500.0;Saída;2.0;104
9026;3516;5501.0;Saída;2.0;104
9027;3517;5502.0;Saída;1.0;104
9028;3499;5503.0;Saída;2.0;104
9029;3699;5504.0;Saída;2.0;104
9030;3703;5505.0;Saída;2.0;104
9031;3753;5506.0;Saída;1.0;104
9032;3698;5507.0;Saída;2.0;104
9033;4319;5508.0;Saída;2.0;104
9034;4313;5509.0;Saída;2.0;104
9035;3770;5510.0;Saída;1.0;104
9036;1333;5511.0;Saída;2.0;105
9037;1291;5512.0;Saída;2.0;105
9038;1615;5513.0;Saída;1.0;105
9039;1673;5514.0;Saída;1.0;105
9040;1609;5515.0;Saída;1.0;105
9041;1596;5516.0;Saída;1.0;105
9042;1527;5517.0;Saída;2.0;105
9043;725;5518.0;Saída;2.0;105
9044;794;5519.0;Saída;1.0;105
9045;736;5520.0;Saída;1.0;105
9046;1296;5521.0;Saída;2.0;105
9047;1304;5522.0;Saída;1.0;105
9048;310;5523.0;Saída;1.0;105
9049;248;5524.0;Saída;1.0;105
9050;652;5525.0;Saída;1.0;105
9051;704;5526.0;Saída;2.0;105
9052;1533;5527.0;Saída;2.0;105
9053;1556;5528.0;Saída;2.0;105
9054;882;5529.0;Saída;1.0;105
9055;890;5530.0;Saída;2.0;105
9056;929;5531.0;Saída;1.0;105
9057;67;5532.0;Saída;2.0;105
9058;29;5533.0;Saída;1.0;105
9059;25;5534.0;Saída;2.0;105
9060;265;5535.0;Saída;2.0;105
9061;248;5536.0;Saída;1.0;105
9062;187;5537.0;Saída;2.0;105
9063;171;5538.0;Saída;2.0;105
9064;240;5539.0;Saída;2.0;105
9065;1523;5540.0;Saída;2.0;105
9066;1021;5541.0;Saída;1.0;105
9067;962;5542.0;Saída;2.0;105
9068;977;5543.0;Saída;2.0;105
9069;2011;5544.0;Saída;1.0;105
9070;2549;5545.0;Saída;1.0;105
9071;2534;5546.0;Saída;2.0;105
9072;2525;5547.0;Saída;2.0;105
9073;2349;5548.0;Saída;1.0;105
9074;2332;5549.0;Saída;2.0;105
9075;1825;5550.0;Saída;1.0;105
9076;1770;5551.0;Saída;2.0;105
9077;2408;5552.0;Saída;2.0;105
9078;2427;5553.0;Saída;2.0;105
9079;2435;5554.0;Saída;1.0;105
9080;1778;5555.0;Saída;2.0;105
9081;1797;5556.0;Saída;2.0;105
9082;1816;5557.0;Saída;2.0;105
9083;1823;5558.0;Saída;2.0;105
9084;2474;5559.0;Saída;1.0;105
9085;2435;5560.0;Saída;1.0;105
9086;3132;5561.0;Saída;2.0;105
9087;3140;5562.0;Saída;2.0;105
9088;3137;5563.0;Saída;2.0;105
9089;2998;5566.0;Saída;1.0;105
9090;3021;5567.0;Saída;1.0;105
9091;2751;5568.0;Saída;2.0;105
9092;2725;5569.0;Saída;1.0;105
9093;2760;5570.0;Saída;2.0;105
9094;2894;5571.0;Saída;1.0;105
9095;2953;5572.0;Saída;1.0;105
9096;3671;5573.0;Saída;2.0;105
9097;3407;5574.0;Saída;1.0;105
9098;3382;5575.0;Saída;1.0;105
9099;3368;5576.0;Saída;2.0;105
9100;3430;5577.0;Saída;1.0;105
9101;3409;5578.0;Saída;2.0;105
9102;392;5582.0;Saída;2.0;106
9103;359;5583.0;Saída;2.0;106
9104;110;5584.0;Saída;1.0;106
9105;94;5585.0;Saída;1.0;106
9106;958;5586.0;Saída;2.0;106
9107;933;5587.0;Saída;2.0;106
9108;781;5588.0;Saída;1.0;106
9109;799;5589.0;Saída;1.0;106
9110;771;5590.0;Saída;1.0;106
9111;55;5591.0;Saída;1.0;106
9112;10;5592.0;Saída;2.0;106
9113;32;5593.0;Saída;2.0;106
9114;1503;5594.0;Saída;1.0;106
9115;1450;5595.0;Saída;1.0;106
9116;427;5596.0;Saída;1.0;106
9117;416;5597.0;Saída;1.0;106
9118;396;5601.0;Saída;1.0;106
9119;368;5602.0;Saída;1.0;106
9120;331;5603.0;Saída;2.0;106
9121;859;5604.0;Saída;2.0;106
9122;815;5605.0;Saída;1.0;106
9123;880;5606.0;Saída;1.0;106
9124;419;5607.0;Saída;1.0;106
9125;408;5608.0;Saída;1.0;106
9126;968;5609.0;Saída;1.0;106
9127;1531;5610.0;Saída;1.0;106
9128;303;5611.0;Saída;1.0;106
9129;1987;5612.0;Saída;1.0;106
9130;1945;5613.0;Saída;1.0;106
9131;2118;5614.0;Saída;2.0;106
9132;2126;5615.0;Saída;1.0;106
9133;1971;5616.0;Saída;2.0;106
9134;1995;5617.0;Saída;1.0;106
9135;2390;5618.0;Saída;2.0;106
9136;1783;5619.0;Saída;1.0;106
9137;1825;5620.0;Saída;1.0;106
9138;1780;5621.0;Saída;1.0;106
9139;2367;5622.0;Saída;1.0;106
9140;2177;5623.0;Saída;1.0;106
9141;2230;5624.0;Saída;2.0;106
9142;2945;5625.0;Saída;1.0;106
9143;3131;5626.0;Saída;1.0;106
9144;3144;5627.0;Saída;2.0;106
9145;2979;5628.0;Saída;1.0;106
9146;3030;5629.0;Saída;2.0;106
9147;2970;5630.0;Saída;2.0;106
9148;3056;5631.0;Saída;1.0;106
9149;3079;5632.0;Saída;2.0;106
9150;3043;5633.0;Saída;1.0;106
9151;3616;5634.0;Saída;2.0;106
9152;3641;5635.0;Saída;1.0;106
9153;3611;5636.0;Saída;2.0;106
9154;3506;5637.0;Saída;1.0;106
9155;3484;5638.0;Saída;1.0;106
9156;3516;5639.0;Saída;2.0;106
9157;4253;5640.0;Saída;2.0;106
9158;1443;5641.0;Saída;2.0;107
9159;1553;5642.0;Saída;2.0;107
9160;1581;5643.0;Saída;2.0;107
9161;1528;5644.0;Saída;2.0;107
9162;1193;5645.0;Saída;1.0;107
9163;1206;5646.0;Saída;1.0;107
9164;1735;5647.0;Saída;1.0;107
9165;1740;5648.0;Saída;1.0;107
9166;1701;5649.0;Saída;2.0;107
9167;928;5650.0;Saída;1.0;107
9168;959;5651.0;Saída;2.0;107
9169;166;5652.0;Saída;1.0;107
9170;231;5653.0;Saída;1.0;107
9171;193;5654.0;Saída;1.0;107
9172;757;5656.0;Saída;1.0;107
9173;732;5657.0;Saída;2.0;107
9174;487;5658.0;Saída;1.0;107
9175;546;5659.0;Saída;2.0;107
9176;494;5660.0;Saída;1.0;107
9177;1349;5661.0;Saída;1.0;107
9178;1298;5662.0;Saída;2.0;107
9179;1344;5663.0;Saída;1.0;107
9180;165;5664.0;Saída;2.0;107
9181;216;5665.0;Saída;2.0;107
9182;694;5666.0;Saída;2.0;107
9183;643;5667.0;Saída;2.0;107
9184;2371;5669.0;Saída;1.0;107
9185;2327;5670.0;Saída;1.0;107
9186;2358;5671.0;Saída;2.0;107
9187;2493;5672.0;Saída;2.0;107
9188;2107;5673.0;Saída;1.0;107
9189;2090;5674.0;Saída;2.0;107
9190;2149;5675.0;Saída;1.0;107
9191;2223;5677.0;Saída;2.0;107
9192;2813;5678.0;Saída;2.0;107
9193;2923;5679.0;Saída;2.0;107
9194;2891;5680.0;Saída;1.0;107
9195;2900;5681.0;Saída;2.0;107
9196;3297;5682.0;Saída;2.0;107
9197;3286;5683.0;Saída;1.0;107
9198;3140;5684.0;Saída;1.0;107
9199;3131;5685.0;Saída;1.0;107
9200;3462;5686.0;Saída;1.0;107
9201;3492;5687.0;Saída;2.0;107
9202;3510;5688.0;Saída;1.0;107
9203;3422;5689.0;Saída;1.0;107
9204;3534;5690.0;Saída;1.0;107
9205;3591;5691.0;Saída;1.0;107
9206;3578;5692.0;Saída;2.0;107
9207;3937;5693.0;Saída;1.0;107
9208;3988;5694.0;Saída;1.0;107
9209;3935;5695.0;Saída;1.0;107
9210;1659;5697.0;Saída;2.0;108
9211;1618;5698.0;Saída;1.0;108
9212;11;5699.0;Saída;1.0;108
9213;18;5700.0;Saída;2.0;108
9214;74;5701.0;Saída;1.0;108
9215;157;5702.0;Saída;1.0;108
9216;222;5703.0;Saída;1.0;108
9217;182;5704.0;Saída;2.0;108
9218;161;5707.0;Saída;1.0;108
9219;179;5708.0;Saída;1.0;108
9220;154;5710.0;Saída;1.0;108
9221;157;5711.0;Saída;1.0;108
9222;83;5712.0;Saída;2.0;108
9223;1138;5713.0;Saída;2.0;108
9224;1312;5714.0;Saída;1.0;108
9225;2001;5716.0;Saída;2.0;108
9226;2074;5717.0;Saída;2.0;108
9227;2173;5718.0;Saída;1.0;108
9228;1778;5719.0;Saída;2.0;108
9229;1996;5720.0;Saída;2.0;108
9230;2765;5721.0;Saída;1.0;108
9231;2790;5722.0;Saída;1.0;108
9232;2832;5723.0;Saída;2.0;108
9233;2814;5724.0;Saída;2.0;108
9234;2822;5725.0;Saída;2.0;108
9235;2867;5726.0;Saída;2.0;108
9236;2788;5727.0;Saída;1.0;108
9237;2745;5728.0;Saída;1.0;108
9238;2891;5729.0;Saída;2.0;108
9239;2886;5730.0;Saída;2.0;108
9240;2896;5731.0;Saída;1.0;108
9241;3004;5732.0;Saída;1.0;108
9242;3014;5733.0;Saída;2.0;108
9243;3510;5734.0;Saída;2.0;108
9244;3492;5735.0;Saída;2.0;108
9245;3995;5738.0;Saída;2.0;108
9246;3993;5739.0;Saída;2.0;108
9247;3978;5740.0;Saída;1.0;108
9248;1635;5744.0;Saída;2.0;109
9249;1618;5745.0;Saída;1.0;109
9250;1669;5746.0;Saída;1.0;109
9251;166;5747.0;Saída;2.0;109
9252;178;5748.0;Saída;1.0;109
9253;1241;5749.0;Saída;1.0;109
9254;157;5750.0;Saída;2.0;109
9255;1435;5751.0;Saída;1.0;109
9256;6;5752.0;Saída;2.0;109
9257;1075;5758.0;Saída;2.0;109
9258;766;5759.0;Saída;1.0;109
9259;732;5760.0;Saída;1.0;109
9260;1036;5761.0;Saída;1.0;109
9261;974;5762.0;Saída;2.0;109
9262;1025;5763.0;Saída;2.0;109
9263;744;5764.0;Saída;2.0;109
9264;785;5765.0;Saída;2.0;109
9265;786;5766.0;Saída;2.0;109
9266;2086;5767.0;Saída;2.0;109
9267;2081;5768.0;Saída;1.0;109
9268;2154;5769.0;Saída;1.0;109
9269;1928;5770.0;Saída;2.0;109
9270;2553;5771.0;Saída;2.0;109
9271;2536;5772.0;Saída;1.0;109
9272;2461;5773.0;Saída;2.0;109
9273;2187;5774.0;Saída;1.0;109
9274;2230;5775.0;Saída;2.0;109
9275;2175;5776.0;Saída;1.0;109
9276;2808;5777.0;Saída;2.0;109
9277;2840;5778.0;Saída;2.0;109
9278;2876;5779.0;Saída;2.0;109
9279;3100;5783.0;Saída;1.0;109
9280;3041;5784.0;Saída;1.0;109
9281;3050;5785.0;Saída;2.0;109
9282;3268;5786.0;Saída;1.0;109
9283;3220;5787.0;Saída;2.0;109
9284;3279;5788.0;Saída;1.0;109
9285;2638;5791.0;Saída;1.0;109
9286;3634;5792.0;Saída;1.0;109
9287;3645;5793.0;Saída;2.0;109
9288;3673;5794.0;Saída;2.0;109
9289;3501;5795.0;Saída;2.0;109
9290;3829;5796.0;Saída;1.0;109
9291;3798;5797.0;Saída;1.0;109
9292;916;5798.0;Saída;2.0;110
9293;893;5799.0;Saída;1.0;110
9294;910;5800.0;Saída;2.0;110
9295;230;5801.0;Saída;1.0;110
9296;165;5802.0;Saída;1.0;110
9297;1584;5803.0;Saída;1.0;110
9298;1533;5804.0;Saída;1.0;110
9299;1598;5805.0;Saída;2.0;110
9300;974;5806.0;Saída;1.0;110
9301;966;5807.0;Saída;1.0;110
9302;969;5808.0;Saída;1.0;110
9303;977;5809.0;Saída;2.0;110
9304;993;5810.0;Saída;1.0;110
9305;1355;5811.0;Saída;1.0;110
9306;1350;5813.0;Saída;1.0;110
9307;1288;5814.0;Saída;2.0;110
9308;1632;5817.0;Saída;2.0;110
9309;482;5818.0;Saída;2.0;110
9310;1983;5819.0;Saída;2.0;110
9311;1936;5820.0;Saída;2.0;110
9312;1929;5821.0;Saída;2.0;110
9313;2521;5825.0;Saída;2.0;110
9314;2372;5826.0;Saída;2.0;110
9315;1842;5827.0;Saída;2.0;110
9316;1856;5828.0;Saída;2.0;110
9317;2287;5829.0;Saída;1.0;110
9318;2252;5830.0;Saída;1.0;110
9319;2269;5831.0;Saída;2.0;110
9320;2870;5832.0;Saída;2.0;110
9321;2852;5833.0;Saída;1.0;110
9322;2941;5834.0;Saída;2.0;110
9323;2953;5835.0;Saída;2.0;110
9324;2972;5836.0;Saída;1.0;110
9325;3029;5837.0;Saída;2.0;110
9326;2966;5838.0;Saída;2.0;110
9327;3012;5839.0;Saída;2.0;110
9328;2922;5840.0;Saída;2.0;110
9329;3695;5841.0;Saída;2.0;110
9330;3691;5842.0;Saída;2.0;110
9331;3687;5843.0;Saída;1.0;110
9332;3403;5844.0;Saída;2.0;110
9333;3411;5845.0;Saída;1.0;110
9334;3369;5846.0;Saída;1.0;110
9335;3429;5847.0;Saída;2.0;110
9336;3952;5848.0;Saída;2.0;110
9337;3921;5849.0;Saída;2.0;110
9338;3986;5850.0;Saída;2.0;110
9339;1367;5851.0;Saída;2.0;111
9340;1635;5852.0;Saída;1.0;111
9341;1605;5853.0;Saída;2.0;111
9342;1066;5854.0;Saída;2.0;111
9343;1059;5855.0;Saída;1.0;111
9344;1055;5856.0;Saída;1.0;111
9345;1427;5859.0;Saída;2.0;111
9346;1391;5860.0;Saída;2.0;111
9347;480;5861.0;Saída;1.0;111
9348;433;5862.0;Saída;2.0;111
9349;413;5863.0;Saída;1.0;111
9350;1045;5864.0;Saída;1.0;111
9351;1053;5865.0;Saída;1.0;111
9352;891;5866.0;Saída;2.0;111
9353;910;5867.0;Saída;2.0;111
9354;1191;5868.0;Saída;1.0;111
9355;83;5869.0;Saída;2.0;111
9356;1761;5870.0;Saída;1.0;111
9357;2089;5873.0;Saída;1.0;111
9358;2152;5874.0;Saída;1.0;111
9359;2151;5875.0;Saída;2.0;111
9360;1976;5876.0;Saída;2.0;111
9361;1928;5877.0;Saída;2.0;111
9362;1855;5878.0;Saída;1.0;111
9363;1872;5879.0;Saída;1.0;111
9364;3111;5883.0;Saída;2.0;111
9365;3065;5884.0;Saída;1.0;111
9366;3099;5885.0;Saída;1.0;111
9367;2814;5886.0;Saída;1.0;111
9368;2817;5887.0;Saída;2.0;111
9369;2734;5888.0;Saída;2.0;111
9370;2728;5889.0;Saída;1.0;111
9371;3052;5890.0;Saída;2.0;111
9372;3683;5891.0;Saída;1.0;111
9373;3735;5892.0;Saída;2.0;111
9374;3742;5893.0;Saída;2.0;111
9375;3713;5894.0;Saída;1.0;111
9376;3684;5895.0;Saída;1.0;111
9377;4033;5896.0;Saída;1.0;111
9378;4019;5897.0;Saída;1.0;111
9379;637;5898.0;Saída;1.0;112
9380;602;5899.0;Saída;2.0;112
9381;632;5900.0;Saída;2.0;112
9382;136;5901.0;Saída;2.0;112
9383;99;5902.0;Saída;2.0;112
9384;92;5903.0;Saída;1.0;112
9385;1161;5904.0;Saída;1.0;112
9386;1169;5905.0;Saída;2.0;112
9387;964;5906.0;Saída;2.0;112
9388;1033;5907.0;Saída;2.0;112
9389;323;5908.0;Saída;1.0;112
9390;350;5909.0;Saída;1.0;112
9391;396;5910.0;Saída;2.0;112
9392;892;5911.0;Saída;1.0;112
9393;938;5912.0;Saída;2.0;112
9394;332;5913.0;Saída;1.0;112
9395;10;5916.0;Saída;2.0;112
9396;63;5917.0;Saída;1.0;112
9397;1;5918.0;Saída;1.0;112
9398;879;5919.0;Saída;1.0;112
9399;845;5920.0;Saída;1.0;112
9400;1109;5924.0;Saída;1.0;112
9401;1379;5926.0;Saída;1.0;112
9402;1152;5927.0;Saída;1.0;112
9403;1137;5928.0;Saída;2.0;112
9404;2392;5934.0;Saída;1.0;112
9405;2327;5935.0;Saída;2.0;112
9406;2338;5936.0;Saída;1.0;112
9407;2317;5939.0;Saída;2.0;112
9408;2311;5940.0;Saída;1.0;112
9409;2291;5941.0;Saída;2.0;112
9410;2695;5942.0;Saída;1.0;112
9411;3019;5943.0;Saída;2.0;112
9412;3022;5944.0;Saída;2.0;112
9413;2990;5945.0;Saída;1.0;112
9414;3107;5946.0;Saída;2.0;112
9415;2661;5947.0;Saída;1.0;112
9416;2757;5948.0;Saída;2.0;112
9417;2791;5949.0;Saída;1.0;112
9418;2733;5950.0;Saída;1.0;112
9419;3263;5951.0;Saída;1.0;112
9420;3387;5952.0;Saída;2.0;112
9421;3417;5953.0;Saída;2.0;112
9422;4189;5955.0;Saída;2.0;112
9423;4161;5956.0;Saída;1.0;112
9424;4164;5957.0;Saída;2.0;112
9425;281;5958.0;Saída;1.0;113
9426;297;5959.0;Saída;2.0;113
9427;259;5960.0;Saída;1.0;113
9428;317;5961.0;Saída;2.0;113
9429;844;5962.0;Saída;2.0;113
9430;1114;5963.0;Saída;1.0;113
9431;1052;5964.0;Saída;2.0;113
9432;1050;5965.0;Saída;2.0;113
9433;1448;5966.0;Saída;1.0;113
9434;1504;5967.0;Saída;1.0;113
9435;980;5968.0;Saída;2.0;113
9436;417;5969.0;Saída;1.0;113
9437;566;5970.0;Saída;2.0;113
9438;626;5971.0;Saída;2.0;113
9439;574;5972.0;Saída;2.0;113
9440;1062;5973.0;Saída;1.0;113
9441;1041;5974.0;Saída;2.0;113
9442;621;5975.0;Saída;2.0;113
9443;613;5976.0;Saída;2.0;113
9444;561;5977.0;Saída;1.0;113
9445;2434;5979.0;Saída;1.0;113
9446;2439;5980.0;Saída;2.0;113
9447;2101;5981.0;Saída;2.0;113
9448;2088;5982.0;Saída;1.0;113
9449;2096;5986.0;Saída;1.0;113
9450;2145;5987.0;Saída;2.0;113
9451;2623;5988.0;Saída;1.0;113
9452;2586;5989.0;Saída;1.0;113
9453;2606;5990.0;Saída;1.0;113
9454;2563;5991.0;Saída;2.0;113
9455;2565;5992.0;Saída;1.0;113
9456;2773;5993.0;Saída;1.0;113
9457;3351;5994.0;Saída;2.0;113
9458;2708;5995.0;Saída;2.0;113
9459;2687;5996.0;Saída;2.0;113
9460;2720;5997.0;Saída;1.0;113
9461;2871;5998.0;Saída;1.0;113
9462;2856;5999.0;Saída;1.0;113
9463;2824;6000.0;Saída;2.0;113
9464;3477;6001.0;Saída;1.0;113
9465;3470;6002.0;Saída;2.0;113
9466;3447;6003.0;Saída;1.0;113
9467;3449;6004.0;Saída;1.0;113
9468;3505;6005.0;Saída;1.0;113
9469;3535;6006.0;Saída;1.0;113
9470;3595;6007.0;Saída;1.0;113
9471;4165;6008.0;Saída;1.0;113
9472;1478;6009.0;Saída;1.0;114
9473;1448;6010.0;Saída;1.0;114
9474;1450;6011.0;Saída;2.0;114
9475;331;6012.0;Saída;1.0;114
9476;1453;6013.0;Saída;2.0;114
9477;1289;6014.0;Saída;1.0;114
9478;1348;6015.0;Saída;2.0;114
9479;1315;6016.0;Saída;2.0;114
9480;889;6020.0;Saída;2.0;114
9481;1359;6024.0;Saída;1.0;114
9482;448;6025.0;Saída;2.0;114
9483;2263;6026.0;Saída;2.0;114
9484;2315;6027.0;Saída;1.0;114
9485;1777;6028.0;Saída;1.0;114
9486;1828;6029.0;Saída;2.0;114
9487;1763;6030.0;Saída;1.0;114
9488;1845;6031.0;Saída;2.0;114
9489;1863;6032.0;Saída;1.0;114
9490;1867;6033.0;Saída;2.0;114
9491;2332;6034.0;Saída;1.0;114
9492;2354;6035.0;Saída;2.0;114
9493;2395;6036.0;Saída;1.0;114
9494;2365;6037.0;Saída;1.0;114
9495;2378;6038.0;Saída;2.0;114
9496;2638;6039.0;Saída;2.0;114
9497;3344;6040.0;Saída;1.0;114
9498;2668;6041.0;Saída;1.0;114
9499;2647;6042.0;Saída;1.0;114
9500;3111;6043.0;Saída;2.0;114
9501;2914;6044.0;Saída;2.0;114
9502;2915;6045.0;Saída;2.0;114
9503;3425;6046.0;Saída;2.0;114
9504;3364;6047.0;Saída;2.0;114
9505;3794;6051.0;Saída;1.0;114
9506;861;6052.0;Saída;2.0;115
9507;866;6053.0;Saída;2.0;115
9508;829;6054.0;Saída;2.0;115
9509;395;6055.0;Saída;2.0;115
9510;1446;6056.0;Saída;2.0;115
9511;1511;6057.0;Saída;1.0;115
9512;1452;6058.0;Saída;1.0;115
9513;820;6059.0;Saída;1.0;115
9514;738;6060.0;Saída;2.0;115
9515;479;6061.0;Saída;1.0;115
9516;422;6062.0;Saída;1.0;115
9517;420;6063.0;Saída;1.0;115
9518;896;6064.0;Saída;1.0;115
9519;538;6065.0;Saída;1.0;115
9520;1278;6066.0;Saída;1.0;115
9521;812;6067.0;Saída;1.0;115
9522;835;6068.0;Saída;2.0;115
9523;805;6069.0;Saída;2.0;115
9524;1499;6070.0;Saída;1.0;115
9525;1448;6071.0;Saída;2.0;115
9526;1451;6072.0;Saída;2.0;115
9527;735;6073.0;Saída;1.0;115
9528;932;6074.0;Saída;1.0;115
9529;906;6075.0;Saída;1.0;115
9530;1899;6076.0;Saída;2.0;115
9531;1862;6077.0;Saída;1.0;115
9532;2171;6078.0;Saída;2.0;115
9533;1922;6079.0;Saída;2.0;115
9534;1941;6080.0;Saída;1.0;115
9535;1935;6081.0;Saída;1.0;115
9536;2492;6083.0;Saída;2.0;115
9537;3220;6084.0;Saída;1.0;115
9538;3273;6085.0;Saída;2.0;115
9539;3140;6086.0;Saída;2.0;115
9540;2656;6087.0;Saída;1.0;115
9541;2667;6088.0;Saída;2.0;115
9542;2818;6089.0;Saída;1.0;115
9543;2813;6090.0;Saída;2.0;115
9544;3348;6091.0;Saída;1.0;115
9545;3113;6093.0;Saída;2.0;115
9546;3687;6094.0;Saída;2.0;115
9547;3718;6095.0;Saída;1.0;115
9548;3607;6096.0;Saída;2.0;115
9549;3612;6097.0;Saída;2.0;115
9550;3635;6098.0;Saída;1.0;115
9551;3525;6099.0;Saída;2.0;115
9552;3545;6100.0;Saída;1.0;115
9553;3600;6101.0;Saída;1.0;115
9554;1326;6104.0;Saída;1.0;116
9555;581;6105.0;Saída;1.0;116
9556;583;6106.0;Saída;1.0;116
9557;569;6107.0;Saída;2.0;116
9558;521;6108.0;Saída;1.0;116
9559;519;6109.0;Saída;1.0;116
9560;874;6110.0;Saída;1.0;116
9561;736;6111.0;Saída;2.0;116
9562;167;6112.0;Saída;1.0;116
9563;1684;6113.0;Saída;1.0;116
9564;1556;6114.0;Saída;2.0;116
9565;1573;6115.0;Saída;2.0;116
9566;653;6116.0;Saída;2.0;116
9567;649;6117.0;Saída;2.0;116
9568;1167;6120.0;Saída;1.0;116
9569;252;6121.0;Saída;1.0;116
9570;1529;6122.0;Saída;2.0;116
9571;1597;6123.0;Saída;1.0;116
9572;2018;6124.0;Saída;2.0;116
9573;2007;6125.0;Saída;1.0;116
9574;2010;6126.0;Saída;1.0;116
9575;1853;6127.0;Saída;2.0;116
9576;1892;6128.0;Saída;2.0;116
9577;1845;6129.0;Saída;2.0;116
9578;2165;6130.0;Saída;2.0;116
9579;2177;6131.0;Saída;1.0;116
9580;2424;6132.0;Saída;2.0;116
9581;2161;6133.0;Saída;1.0;116
9582;2199;6134.0;Saída;1.0;116
9583;3068;6135.0;Saída;1.0;116
9584;3046;6136.0;Saída;2.0;116
9585;2953;6140.0;Saída;2.0;116
9586;2898;6141.0;Saída;1.0;116
9587;2959;6142.0;Saída;2.0;116
9588;2616;6143.0;Saída;2.0;116
9589;3615;6144.0;Saída;1.0;116
9590;3676;6145.0;Saída;1.0;116
9591;3670;6146.0;Saída;1.0;116
9592;3598;6147.0;Saída;1.0;116
9593;3600;6148.0;Saída;1.0;116
9594;3526;6149.0;Saída;1.0;116
9595;3361;6150.0;Saída;2.0;116
9596;3375;6151.0;Saída;1.0;116
9597;3406;6152.0;Saída;2.0;116
9598;350;6155.0;Saída;1.0;117
9599;915;6156.0;Saída;2.0;117
9600;764;6157.0;Saída;2.0;117
9601;753;6158.0;Saída;2.0;117
9602;898;6159.0;Saída;2.0;117
9603;884;6160.0;Saída;1.0;117
9604;915;6161.0;Saída;2.0;117
9605;822;6162.0;Saída;2.0;117
9606;877;6163.0;Saída;2.0;117
9607;874;6164.0;Saída;1.0;117
9608;468;6166.0;Saída;2.0;117
9609;404;6167.0;Saída;1.0;117
9610;1532;6168.0;Saída;2.0;117
9611;1223;6169.0;Saída;2.0;117
9612;359;6170.0;Saída;2.0;117
9613;1614;6171.0;Saída;1.0;117
9614;1634;6172.0;Saída;1.0;117
9615;323;6176.0;Saída;2.0;117
9616;336;6177.0;Saída;2.0;117
9617;75;6178.0;Saída;1.0;117
9618;1777;6179.0;Saída;2.0;117
9619;1769;6180.0;Saída;1.0;117
9620;1828;6181.0;Saída;1.0;117
9621;2421;6182.0;Saída;1.0;117
9622;2432;6183.0;Saída;2.0;117
9623;2422;6184.0;Saída;2.0;117
9624;2151;6185.0;Saída;2.0;117
9625;2087;6186.0;Saída;1.0;117
9626;2145;6187.0;Saída;1.0;117
9627;2078;6188.0;Saída;1.0;117
9628;2354;6189.0;Saída;1.0;117
9629;2323;6190.0;Saída;2.0;117
9630;2394;6191.0;Saída;2.0;117
9631;2830;6192.0;Saída;2.0;117
9632;2838;6193.0;Saída;1.0;117
9633;2884;6194.0;Saída;2.0;117
9634;2904;6195.0;Saída;1.0;117
9635;2592;6196.0;Saída;1.0;117
9636;2636;6197.0;Saída;2.0;117
9637;2618;6198.0;Saída;1.0;117
9638;2684;6199.0;Saída;2.0;117
9639;2657;6200.0;Saída;2.0;117
9640;2711;6201.0;Saída;1.0;117
9641;3226;6202.0;Saída;1.0;117
9642;3204;6203.0;Saída;1.0;117
9643;3209;6204.0;Saída;2.0;117
9644;3250;6205.0;Saída;2.0;117
9645;2621;6206.0;Saída;2.0;117
9646;2622;6207.0;Saída;2.0;117
9647;2600;6208.0;Saída;1.0;117
9648;3537;6210.0;Saída;1.0;117
9649;3598;6211.0;Saída;2.0;117
9650;3561;6212.0;Saída;2.0;117
9651;3443;6213.0;Saída;2.0;117
9652;3452;6214.0;Saída;1.0;117
9653;3508;6215.0;Saída;1.0;117
9654;4020;6216.0;Saída;2.0;117
9655;4003;6217.0;Saída;1.0;117
9656;3979;6218.0;Saída;1.0;117
9657;236;6219.0;Saída;2.0;118
9658;222;6220.0;Saída;2.0;118
9659;188;6221.0;Saída;1.0;118
9660;507;6222.0;Saída;1.0;118
9661;519;6223.0;Saída;1.0;118
9662;223;6224.0;Saída;1.0;118
9663;174;6225.0;Saída;2.0;118
9664;239;6226.0;Saída;2.0;118
9665;309;6227.0;Saída;2.0;118
9666;301;6228.0;Saída;2.0;118
9667;613;6229.0;Saída;1.0;118
9668;576;6230.0;Saída;2.0;118
9669;511;6234.0;Saída;1.0;118
9670;167;6235.0;Saída;1.0;118
9671;161;6236.0;Saída;1.0;118
9672;1273;6239.0;Saída;2.0;118
9673;1232;6240.0;Saída;1.0;118
9674;1205;6241.0;Saída;2.0;118
9675;1840;6248.0;Saída;1.0;118
9676;1832;6249.0;Saída;1.0;118
9677;2473;6250.0;Saída;2.0;118
9678;2478;6251.0;Saída;1.0;118
9679;2411;6252.0;Saída;2.0;118
9680;2243;6256.0;Saída;1.0;118
9681;2254;6257.0;Saída;1.0;118
9682;2269;6258.0;Saída;2.0;118
9683;2248;6259.0;Saída;1.0;118
9684;2311;6260.0;Saída;2.0;118
9685;2355;6261.0;Saída;2.0;118
9686;2340;6262.0;Saída;1.0;118
9687;2712;6263.0;Saída;2.0;118
9688;2577;6264.0;Saída;2.0;118
9689;2561;6265.0;Saída;1.0;118
9690;2734;6266.0;Saída;1.0;118
9691;2727;6267.0;Saída;2.0;118
9692;2737;6268.0;Saída;2.0;118
9693;3430;6269.0;Saída;1.0;118
9694;3535;6270.0;Saída;2.0;118
9695;3598;6271.0;Saída;1.0;118
9696;3537;6272.0;Saída;1.0;118
9697;3453;6273.0;Saída;2.0;118
9698;4177;6274.0;Saída;2.0;118
9699;4226;6275.0;Saída;1.0;118
9700;4198;6276.0;Saída;1.0;118
9701;653;6277.0;Saída;1.0;119
9702;707;6278.0;Saída;2.0;119
9703;703;6279.0;Saída;1.0;119
9704;1612;6280.0;Saída;2.0;119
9705;1613;6281.0;Saída;2.0;119
9706;1602;6282.0;Saída;2.0;119
9707;72;6283.0;Saída;1.0;119
9708;707;6284.0;Saída;2.0;119
9709;673;6285.0;Saída;2.0;119
9710;969;6289.0;Saída;1.0;119
9711;349;6290.0;Saída;2.0;119
9712;322;6291.0;Saída;1.0;119
9713;352;6292.0;Saída;1.0;119
9714;500;6293.0;Saída;2.0;119
9715;555;6294.0;Saída;1.0;119
9716;1432;6295.0;Saída;2.0;119
9717;1370;6296.0;Saída;2.0;119
9718;1389;6297.0;Saída;2.0;119
9719;36;6298.0;Saída;2.0;119
9720;8;6299.0;Saída;2.0;119
9721;2;6300.0;Saída;2.0;119
9722;11;6301.0;Saída;1.0;119
9723;78;6302.0;Saída;1.0;119
9724;1202;6303.0;Saída;1.0;119
9725;1261;6304.0;Saída;1.0;119
9726;1553;6305.0;Saída;1.0;119
9727;1029;6306.0;Saída;1.0;119
9728;986;6307.0;Saída;1.0;119
9729;1021;6308.0;Saída;2.0;119
9730;2177;6309.0;Saída;2.0;119
9731;2170;6310.0;Saída;2.0;119
9732;1967;6311.0;Saída;1.0;119
9733;1975;6312.0;Saída;2.0;119
9734;1980;6313.0;Saída;1.0;119
9735;2814;6316.0;Saída;1.0;119
9736;2809;6317.0;Saída;2.0;119
9737;3237;6318.0;Saída;2.0;119
9738;3203;6319.0;Saída;2.0;119
9739;3268;6320.0;Saída;1.0;119
9740;2792;6321.0;Saída;1.0;119
9741;3125;6322.0;Saída;1.0;119
9742;3140;6323.0;Saída;2.0;119
9743;3130;6324.0;Saída;2.0;119
9744;2978;6325.0;Saída;1.0;119
9745;3018;6326.0;Saída;1.0;119
9746;2997;6327.0;Saída;2.0;119
9747;3548;6328.0;Saída;2.0;119
9748;3591;6329.0;Saída;1.0;119
9749;3372;6330.0;Saída;2.0;119
9750;3428;6331.0;Saída;1.0;119
9751;3368;6332.0;Saída;2.0;119
9752;4052;6333.0;Saída;2.0;119
9753;4176;6334.0;Saída;2.0;119
9754;1711;6336.0;Saída;1.0;120
9755;1757;6337.0;Saída;1.0;120
9756;1752;6338.0;Saída;1.0;120
9757;558;6339.0;Saída;2.0;120
9758;412;6343.0;Saída;2.0;120
9759;1757;6344.0;Saída;2.0;120
9760;1053;6345.0;Saída;1.0;120
9761;1683;6346.0;Saída;1.0;120
9762;1749;6347.0;Saída;2.0;120
9763;917;6348.0;Saída;1.0;120
9764;960;6349.0;Saída;2.0;120
9765;888;6350.0;Saída;2.0;120
9766;881;6351.0;Saída;2.0;120
9767;1089;6355.0;Saída;1.0;120
9768;1050;6356.0;Saída;1.0;120
9769;1110;6357.0;Saída;2.0;120
9770;2408;6358.0;Saída;1.0;120
9771;2475;6359.0;Saída;1.0;120
9772;2435;6360.0;Saída;2.0;120
9773;2435;6361.0;Saída;2.0;120
9774;2450;6362.0;Saída;1.0;120
9775;2405;6363.0;Saída;2.0;120
9776;2325;6364.0;Saída;2.0;120
9777;2352;6365.0;Saída;1.0;120
9778;2394;6366.0;Saída;2.0;120
9779;2003;6367.0;Saída;1.0;120
9780;2074;6368.0;Saída;1.0;120
9781;2067;6369.0;Saída;2.0;120
9782;2071;6370.0;Saída;1.0;120
9783;2165;6371.0;Saída;2.0;120
9784;2187;6372.0;Saída;1.0;120
9785;2164;6373.0;Saída;1.0;120
9786;3138;6374.0;Saída;2.0;120
9787;3153;6375.0;Saída;1.0;120
9788;3126;6376.0;Saída;2.0;120
9789;2835;6377.0;Saída;2.0;120
9790;2821;6378.0;Saída;1.0;120
9791;2809;6379.0;Saída;1.0;120
9792;2755;6380.0;Saída;1.0;120
9793;2789;6381.0;Saída;1.0;120
9794;2740;6382.0;Saída;1.0;120
9795;2664;6383.0;Saída;1.0;120
9796;2658;6384.0;Saída;2.0;120
9797;2651;6385.0;Saída;1.0;120
9798;2673;6386.0;Saída;1.0;120
9799;2651;6387.0;Saída;2.0;120
9800;3507;6388.0;Saída;2.0;120
9801;3430;6389.0;Saída;1.0;120
9802;3395;6390.0;Saída;2.0;120
9803;3391;6391.0;Saída;2.0;120
9804;3843;6392.0;Saída;2.0;120
9805;3858;6393.0;Saída;1.0;120
9806;3868;6394.0;Saída;2.0;120
9807;810;6395.0;Saída;2.0;121
9808;849;6396.0;Saída;1.0;121
9809;837;6397.0;Saída;1.0;121
9810;1693;6398.0;Saída;2.0;121
9811;259;6400.0;Saída;1.0;121
9812;241;6401.0;Saída;1.0;121
9813;308;6402.0;Saída;2.0;121
9814;1053;6403.0;Saída;2.0;121
9815;1105;6404.0;Saída;2.0;121
9816;1225;6405.0;Saída;2.0;121
9817;1238;6406.0;Saída;1.0;121
9818;1274;6407.0;Saída;1.0;121
9819;1528;6408.0;Saída;2.0;121
9820;1538;6409.0;Saída;1.0;121
9821;705;6410.0;Saída;1.0;121
9822;707;6411.0;Saída;2.0;121
9823;61;6412.0;Saída;2.0;121
9824;1343;6413.0;Saída;2.0;121
9825;240;6414.0;Saída;2.0;121
9826;236;6415.0;Saída;1.0;121
9827;272;6416.0;Saída;1.0;121
9828;307;6417.0;Saída;2.0;121
9829;313;6418.0;Saída;1.0;121
9830;884;6419.0;Saída;1.0;121
9831;898;6420.0;Saída;1.0;121
9832;960;6421.0;Saída;2.0;121
9833;2417;6422.0;Saída;1.0;121
9834;2411;6423.0;Saída;1.0;121
9835;2420;6424.0;Saída;1.0;121
9836;1864;6426.0;Saída;1.0;121
9837;1823;6427.0;Saída;2.0;121
9838;2091;6428.0;Saída;2.0;121
9839;2081;6429.0;Saída;2.0;121
9840;2155;6430.0;Saída;2.0;121
9841;2192;6431.0;Saída;1.0;121
9842;2234;6432.0;Saída;2.0;121
9843;2227;6433.0;Saída;2.0;121
9844;2205;6434.0;Saída;2.0;121
9845;3212;6435.0;Saída;2.0;121
9846;3253;6436.0;Saída;1.0;121
9847;3204;6437.0;Saída;2.0;121
9848;3046;6438.0;Saída;2.0;121
9849;3106;6439.0;Saída;1.0;121
9850;3055;6440.0;Saída;2.0;121
9851;2794;6441.0;Saída;1.0;121
9852;2782;6442.0;Saída;1.0;121
9853;2882;6443.0;Saída;2.0;121
9854;2945;6444.0;Saída;2.0;121
9855;2895;6445.0;Saída;1.0;121
9856;2740;6446.0;Saída;1.0;121
9857;2731;6447.0;Saída;2.0;121
9858;2728;6448.0;Saída;1.0;121
9859;3456;6452.0;Saída;1.0;121
9860;3452;6453.0;Saída;1.0;121
9861;3516;6454.0;Saída;2.0;121
9862;3471;6455.0;Saída;2.0;121
9863;3604;6456.0;Saída;1.0;121
9864;3631;6457.0;Saída;1.0;121
9865;3616;6458.0;Saída;1.0;121
9866;3503;6459.0;Saída;2.0;121
9867;3475;6460.0;Saída;1.0;121
9868;3448;6461.0;Saída;1.0;121
9869;3954;6462.0;Saída;1.0;121
9870;3950;6463.0;Saída;1.0;121
9871;3964;6464.0;Saída;1.0;121
9872;405;6465.0;Saída;2.0;122
9873;414;6466.0;Saída;2.0;122
9874;859;6467.0;Saída;2.0;122
9875;464;6468.0;Saída;1.0;122
9876;1446;6469.0;Saída;2.0;122
9877;1457;6470.0;Saída;2.0;122
9878;882;6471.0;Saída;1.0;122
9879;1073;6472.0;Saída;1.0;122
9880;1041;6473.0;Saída;1.0;122
9881;1086;6474.0;Saída;2.0;122
9882;1279;6475.0;Saída;2.0;122
9883;1275;6476.0;Saída;2.0;122
9884;1201;6477.0;Saída;1.0;122
9885;1445;6478.0;Saída;2.0;122
9886;1500;6479.0;Saída;1.0;122
9887;93;6480.0;Saída;2.0;122
9888;963;6481.0;Saída;2.0;122
9889;961;6482.0;Saída;2.0;122
9890;967;6483.0;Saída;2.0;122
9891;1302;6484.0;Saída;2.0;122
9892;1337;6485.0;Saída;2.0;122
9893;2484;6486.0;Saída;1.0;122
9894;2559;6487.0;Saída;1.0;122
9895;1860;6488.0;Saída;2.0;122
9896;1865;6489.0;Saída;1.0;122
9897;1901;6490.0;Saída;2.0;122
9898;1992;6491.0;Saída;2.0;122
9899;1955;6492.0;Saída;2.0;122
9900;1911;6493.0;Saída;1.0;122
9901;1860;6494.0;Saída;1.0;122
9902;2971;6497.0;Saída;1.0;122
9903;2734;6498.0;Saída;1.0;122
9904;2771;6499.0;Saída;1.0;122
9905;2735;6500.0;Saída;1.0;122
9906;2649;6501.0;Saída;2.0;122
9907;2661;6502.0;Saída;1.0;122
9908;2718;6503.0;Saída;1.0;122
9909;2736;6504.0;Saída;1.0;122
9910;2758;6505.0;Saída;1.0;122
9911;2789;6506.0;Saída;2.0;122
9912;3029;6507.0;Saída;2.0;122
9913;2942;6508.0;Saída;2.0;122
9914;2567;6509.0;Saída;2.0;122
9915;2591;6510.0;Saída;1.0;122
9916;2606;6511.0;Saída;1.0;122
9917;3750;6512.0;Saída;2.0;122
9918;3727;6513.0;Saída;1.0;122
9919;3707;6514.0;Saída;2.0;122
9920;3455;6515.0;Saída;1.0;122
9921;3447;6516.0;Saída;1.0;122
9922;3459;6517.0;Saída;1.0;122
9923;3466;6518.0;Saída;1.0;122
9924;3670;6519.0;Saída;1.0;122
9925;3617;6520.0;Saída;1.0;122
9926;3663;6521.0;Saída;2.0;122
9927;88;6528.0;Saída;1.0;123
9928;96;6529.0;Saída;1.0;123
9929;115;6530.0;Saída;1.0;123
9930;50;6531.0;Saída;2.0;123
9931;790;6532.0;Saída;2.0;123
9932;760;6533.0;Saída;1.0;123
9933;758;6534.0;Saída;1.0;123
9934;1202;6535.0;Saída;2.0;123
9935;1207;6536.0;Saída;1.0;123
9936;1220;6537.0;Saída;2.0;123
9937;1678;6538.0;Saída;2.0;123
9938;1639;6539.0;Saída;2.0;123
9939;1671;6540.0;Saída;1.0;123
9940;15;6541.0;Saída;2.0;123
9941;1273;6542.0;Saída;2.0;123
9942;1230;6543.0;Saída;2.0;123
9943;5;6544.0;Saída;1.0;123
9944;1054;6545.0;Saída;2.0;123
9945;1055;6546.0;Saída;1.0;123
9946;1052;6547.0;Saída;2.0;123
9947;1080;6548.0;Saída;1.0;123
9948;1379;6549.0;Saída;2.0;123
9949;1386;6550.0;Saída;2.0;123
9950;492;6551.0;Saída;2.0;123
9951;2556;6553.0;Saída;2.0;123
9952;2091;6554.0;Saída;2.0;123
9953;2099;6555.0;Saída;1.0;123
9954;2083;6556.0;Saída;1.0;123
9955;2141;6559.0;Saída;1.0;123
9956;2240;6561.0;Saída;2.0;123
9957;2945;6562.0;Saída;2.0;123
9958;2929;6563.0;Saída;1.0;123
9959;3073;6564.0;Saída;1.0;123
9960;2698;6566.0;Saída;2.0;123
9961;2896;6567.0;Saída;1.0;123
9962;3101;6568.0;Saída;1.0;123
9963;3491;6569.0;Saída;2.0;123
9964;3441;6570.0;Saída;1.0;123
9965;3960;6571.0;Saída;1.0;123
9966;3930;6572.0;Saída;2.0;123
9967;1512;6576.0;Saída;2.0;124
9968;1469;6577.0;Saída;1.0;124
9969;550;6578.0;Saída;1.0;124
9970;504;6579.0;Saída;1.0;124
9971;506;6580.0;Saída;1.0;124
9972;273;6581.0;Saída;1.0;124
9973;894;6582.0;Saída;1.0;124
9974;952;6583.0;Saída;1.0;124
9975;825;6584.0;Saída;2.0;124
9976;868;6585.0;Saída;1.0;124
9977;188;6586.0;Saída;1.0;124
9978;169;6587.0;Saída;1.0;124
9979;234;6588.0;Saída;2.0;124
9980;1640;6589.0;Saída;1.0;124
9981;1035;6590.0;Saída;2.0;124
9982;966;6591.0;Saída;1.0;124
9983;1512;6592.0;Saída;2.0;124
9984;1445;6593.0;Saída;1.0;124
9985;1506;6594.0;Saída;1.0;124
9986;2422;6595.0;Saída;2.0;124
9987;2442;6596.0;Saída;2.0;124
9988;2463;6597.0;Saída;1.0;124
9989;2244;6598.0;Saída;1.0;124
9990;2243;6599.0;Saída;2.0;124
9991;2249;6600.0;Saída;2.0;124
9992;2348;6601.0;Saída;2.0;124
9993;2397;6602.0;Saída;2.0;124
9994;2351;6603.0;Saída;2.0;124
9995;2520;6604.0;Saída;1.0;124
9996;2536;6605.0;Saída;2.0;124
9997;2515;6606.0;Saída;2.0;124
9998;2887;6609.0;Saída;2.0;124
9999;2953;6610.0;Saída;1.0;124
10000;3277;6611.0;Saída;2.0;124
10001;3287;6612.0;Saída;1.0;124
10002;3359;6613.0;Saída;1.0;124
10003;3281;6614.0;Saída;1.0;124
10004;3315;6615.0;Saída;1.0;124
10005;3331;6616.0;Saída;1.0;124
10006;3334;6617.0;Saída;2.0;124
10007;2931;6619.0;Saída;2.0;124
10008;3149;6620.0;Saída;2.0;124
10009;3140;6621.0;Saída;1.0;124
10010;3193;6622.0;Saída;1.0;124
10011;3477;6623.0;Saída;2.0;124
10012;3469;6624.0;Saída;2.0;124
10013;3459;6625.0;Saída;1.0;124
10014;3530;6626.0;Saída;1.0;124
10015;4170;6627.0;Saída;1.0;124
10016;4176;6628.0;Saída;2.0;124
10017;3820;6629.0;Saída;2.0;124
10018;1048;6630.0;Saída;2.0;125
10019;1070;6631.0;Saída;2.0;125
10020;1069;6632.0;Saída;2.0;125
10021;379;6633.0;Saída;2.0;125
10022;504;6634.0;Saída;2.0;125
10023;426;6635.0;Saída;2.0;125
10024;413;6636.0;Saída;1.0;125
10025;418;6637.0;Saída;2.0;125
10026;945;6641.0;Saída;1.0;125
10027;904;6642.0;Saída;2.0;125
10028;882;6643.0;Saída;1.0;125
10029;954;6644.0;Saída;1.0;125
10030;886;6645.0;Saída;1.0;125
10031;417;6646.0;Saída;1.0;125
10032;473;6647.0;Saída;1.0;125
10033;1519;6648.0;Saída;2.0;125
10034;1448;6649.0;Saída;2.0;125
10035;25;6650.0;Saída;1.0;125
10036;59;6651.0;Saída;1.0;125
10037;6;6652.0;Saída;1.0;125
10038;494;6653.0;Saída;1.0;125
10039;1993;6654.0;Saída;2.0;125
10040;1980;6655.0;Saída;2.0;125
10041;1930;6656.0;Saída;1.0;125
10042;2372;6657.0;Saída;1.0;125
10043;2394;6658.0;Saída;1.0;125
10044;1937;6659.0;Saída;1.0;125
10045;1999;6660.0;Saída;1.0;125
10046;1928;6661.0;Saída;1.0;125
10047;1786;6663.0;Saída;1.0;125
10048;1818;6664.0;Saída;1.0;125
10049;3311;6668.0;Saída;2.0;125
10050;2684;6669.0;Saída;1.0;125
10051;2642;6670.0;Saída;2.0;125
10052;2703;6671.0;Saída;1.0;125
10053;2707;6672.0;Saída;1.0;125
10054;2655;6673.0;Saída;2.0;125
10055;3123;6674.0;Saída;1.0;125
10056;3197;6675.0;Saída;1.0;125
10057;3190;6676.0;Saída;1.0;125
10058;3199;6677.0;Saída;1.0;125
10059;3044;6678.0;Saída;1.0;125
10060;3058;6679.0;Saída;2.0;125
10061;3043;6680.0;Saída;1.0;125
10062;2720;6681.0;Saída;2.0;125
10063;2715;6682.0;Saída;1.0;125
10064;2692;6683.0;Saída;2.0;125
10065;3749;6684.0;Saída;1.0;125
10066;3744;6685.0;Saída;1.0;125
10067;3711;6686.0;Saída;2.0;125
10068;3375;6687.0;Saída;2.0;125
10069;3597;6688.0;Saída;1.0;125
10070;3835;6689.0;Saída;2.0;125
10071;3766;6690.0;Saída;2.0;125
10072;3825;6691.0;Saída;1.0;125
10073;977;6696.0;Saída;2.0;126
10074;393;6697.0;Saída;1.0;126
10075;327;6698.0;Saída;2.0;126
10076;367;6699.0;Saída;2.0;126
10077;1349;6700.0;Saída;2.0;126
10078;702;6701.0;Saída;2.0;126
10079;715;6702.0;Saída;2.0;126
10080;719;6703.0;Saída;2.0;126
10081;92;6704.0;Saída;2.0;126
10082;1673;6705.0;Saída;1.0;126
10083;1605;6706.0;Saída;2.0;126
10084;1651;6707.0;Saída;1.0;126
10085;1458;6708.0;Saída;1.0;126
10086;1285;6709.0;Saída;2.0;126
10087;1289;6710.0;Saída;1.0;126
10088;1317;6711.0;Saída;2.0;126
10089;2481;6712.0;Saída;2.0;126
10090;2409;6713.0;Saída;1.0;126
10091;2463;6714.0;Saída;2.0;126
10092;2042;6715.0;Saída;2.0;126
10093;2337;6716.0;Saída;2.0;126
10094;2673;6720.0;Saída;1.0;126
10095;2657;6721.0;Saída;1.0;126
10096;2862;6722.0;Saída;1.0;126
10097;2819;6723.0;Saída;2.0;126
10098;3045;6725.0;Saída;2.0;126
10099;2694;6726.0;Saída;2.0;126
10100;2650;6727.0;Saída;2.0;126
10101;2667;6728.0;Saída;1.0;126
10102;3046;6729.0;Saída;1.0;126
10103;3050;6730.0;Saída;1.0;126
10104;3041;6731.0;Saída;2.0;126
10105;3467;6732.0;Saída;2.0;126
10106;3455;6733.0;Saída;2.0;126
10107;3754;6734.0;Saída;2.0;126
10108;3730;6735.0;Saída;2.0;126
10109;4059;6739.0;Saída;2.0;126
10110;1228;6743.0;Saída;2.0;127
10111;1217;6744.0;Saída;2.0;127
10112;1264;6745.0;Saída;1.0;127
10113;996;6746.0;Saída;2.0;127
10114;1035;6747.0;Saída;1.0;127
10115;976;6748.0;Saída;2.0;127
10116;590;6749.0;Saída;1.0;127
10117;624;6750.0;Saída;1.0;127
10118;579;6751.0;Saída;1.0;127
10119;653;6752.0;Saída;2.0;127
10120;715;6753.0;Saída;1.0;127
10121;1047;6754.0;Saída;2.0;127
10122;1501;6755.0;Saída;2.0;127
10123;1463;6756.0;Saída;1.0;127
10124;1450;6757.0;Saída;1.0;127
10125;626;6758.0;Saída;1.0;127
10126;582;6759.0;Saída;2.0;127
10127;565;6760.0;Saída;1.0;127
10128;1048;6761.0;Saída;1.0;127
10129;499;6762.0;Saída;2.0;127
10130;495;6763.0;Saída;1.0;127
10131;557;6764.0;Saída;1.0;127
10132;809;6765.0;Saída;2.0;127
10133;2049;6766.0;Saída;1.0;127
10134;2017;6767.0;Saída;1.0;127
10135;2033;6768.0;Saída;2.0;127
10136;1789;6769.0;Saída;1.0;127
10137;1831;6770.0;Saída;2.0;127
10138;2492;6771.0;Saída;1.0;127
10139;2547;6772.0;Saída;2.0;127
10140;2474;6773.0;Saída;2.0;127
10141;2426;6774.0;Saída;2.0;127
10142;2419;6775.0;Saída;2.0;127
10143;2174;6778.0;Saída;1.0;127
10144;1996;6779.0;Saída;2.0;127
10145;1967;6780.0;Saída;2.0;127
10146;1990;6781.0;Saída;1.0;127
10147;1947;6782.0;Saída;2.0;127
10148;1958;6783.0;Saída;1.0;127
10149;1940;6784.0;Saída;2.0;127
10150;2958;6785.0;Saída;1.0;127
10151;2943;6786.0;Saída;1.0;127
10152;2955;6787.0;Saída;1.0;127
10153;2878;6788.0;Saída;2.0;127
10154;2833;6789.0;Saída;1.0;127
10155;2852;6790.0;Saída;1.0;127
10156;3264;6791.0;Saída;1.0;127
10157;3278;6792.0;Saída;1.0;127
10158;3212;6793.0;Saída;1.0;127
10159;2708;6794.0;Saída;1.0;127
10160;2660;6795.0;Saída;1.0;127
10161;2656;6796.0;Saída;2.0;127
10162;3202;6797.0;Saída;1.0;127
10163;3241;6798.0;Saída;2.0;127
10164;3220;6799.0;Saída;2.0;127
10165;3474;6802.0;Saída;2.0;127
10166;3535;6803.0;Saída;1.0;127
10167;3744;6804.0;Saída;1.0;127
10168;3882;6805.0;Saída;2.0;127
10169;3900;6806.0;Saída;2.0;127
10170;3907;6807.0;Saída;1.0;127
10171;4195;6808.0;Saída;1.0;127
10172;4179;6809.0;Saída;2.0;127
10173;169;6810.0;Saída;1.0;128
10174;391;6811.0;Saída;2.0;128
10175;366;6812.0;Saída;2.0;128
10176;1284;6813.0;Saída;1.0;128
10177;1062;6814.0;Saída;1.0;128
10178;1047;6815.0;Saída;1.0;128
10179;1076;6816.0;Saída;2.0;128
10180;1072;6817.0;Saída;1.0;128
10181;1090;6818.0;Saída;2.0;128
10182;1377;6821.0;Saída;2.0;128
10183;1440;6822.0;Saída;1.0;128
10184;1369;6823.0;Saída;1.0;128
10185;738;6824.0;Saída;1.0;128
10186;793;6825.0;Saída;2.0;128
10187;789;6826.0;Saída;1.0;128
10188;722;6827.0;Saída;2.0;128
10189;726;6828.0;Saída;1.0;128
10190;1297;6829.0;Saída;1.0;128
10191;1286;6830.0;Saída;2.0;128
10192;1140;6831.0;Saída;1.0;128
10193;76;6832.0;Saída;1.0;128
10194;3;6833.0;Saída;1.0;128
10195;641;6834.0;Saída;2.0;128
10196;711;6835.0;Saída;2.0;128
10197;1307;6836.0;Saída;1.0;128
10198;1024;6837.0;Saída;2.0;128
10199;999;6838.0;Saída;2.0;128
10200;970;6839.0;Saída;2.0;128
10201;150;6840.0;Saída;1.0;128
10202;123;6841.0;Saída;1.0;128
10203;1939;6844.0;Saída;1.0;128
10204;1964;6845.0;Saída;2.0;128
10205;1940;6846.0;Saída;1.0;128
10206;2237;6847.0;Saída;1.0;128
10207;2180;6848.0;Saída;1.0;128
10208;1790;6849.0;Saída;2.0;128
10209;2008;6850.0;Saída;1.0;128
10210;2011;6851.0;Saída;1.0;128
10211;2010;6852.0;Saída;1.0;128
10212;1924;6853.0;Saída;1.0;128
10213;1941;6854.0;Saída;2.0;128
10214;1925;6855.0;Saída;2.0;128
10215;2481;6857.0;Saída;1.0;128
10216;2496;6858.0;Saída;1.0;128
10217;2547;6859.0;Saída;2.0;128
10218;2965;6860.0;Saída;2.0;128
10219;3215;6861.0;Saída;1.0;128
10220;3207;6862.0;Saída;1.0;128
10221;3300;6863.0;Saída;2.0;128
10222;2804;6864.0;Saída;2.0;128
10223;2565;6865.0;Saída;1.0;128
10224;2567;6866.0;Saída;1.0;128
10225;2577;6867.0;Saída;2.0;128
10226;3537;6868.0;Saída;2.0;128
10227;3512;6869.0;Saída;1.0;128
10228;3521;6870.0;Saída;2.0;128
10229;3735;6871.0;Saída;1.0;128
10230;3694;6872.0;Saída;2.0;128
10231;4110;6873.0;Saída;2.0;128
10232;4090;6874.0;Saída;1.0;128
10233;4118;6875.0;Saída;1.0;128
10234;4144;6876.0;Saída;1.0;128
10235;4148;6877.0;Saída;2.0;128
10236;896;6878.0;Saída;2.0;129
10237;838;6879.0;Saída;2.0;129
10238;808;6880.0;Saída;1.0;129
10239;468;6881.0;Saída;2.0;129
10240;410;6882.0;Saída;2.0;129
10241;466;6883.0;Saída;2.0;129
10242;23;6884.0;Saída;1.0;129
10243;19;6885.0;Saída;2.0;129
10244;1112;6886.0;Saída;1.0;129
10245;1097;6887.0;Saída;1.0;129
10246;1126;6888.0;Saída;2.0;129
10247;1144;6889.0;Saída;1.0;129
10248;1689;6890.0;Saída;1.0;129
10249;1691;6891.0;Saída;1.0;129
10250;1712;6892.0;Saída;1.0;129
10251;260;6893.0;Saída;1.0;129
10252;249;6894.0;Saída;1.0;129
10253;319;6895.0;Saída;1.0;129
10254;1013;6896.0;Saída;1.0;129
10255;2519;6897.0;Saída;1.0;129
10256;2555;6898.0;Saída;1.0;129
10257;2559;6899.0;Saída;1.0;129
10258;2248;6900.0;Saída;1.0;129
10259;2306;6901.0;Saída;2.0;129
10260;2007;6903.0;Saída;2.0;129
10261;2066;6904.0;Saída;2.0;129
10262;2251;6905.0;Saída;1.0;129
10263;2243;6906.0;Saída;1.0;129
10264;2292;6907.0;Saída;1.0;129
10265;2524;6908.0;Saída;1.0;129
10266;2509;6909.0;Saída;1.0;129
10267;2497;6910.0;Saída;2.0;129
10268;3131;6911.0;Saída;1.0;129
10269;3193;6912.0;Saída;2.0;129
10270;3123;6913.0;Saída;2.0;129
10271;3303;6914.0;Saída;2.0;129
10272;3138;6915.0;Saída;2.0;129
10273;3126;6916.0;Saída;1.0;129
10274;3137;6917.0;Saída;1.0;129
10275;3294;6918.0;Saída;1.0;129
10276;3354;6919.0;Saída;2.0;129
10277;3756;6920.0;Saída;2.0;129
10278;3680;6921.0;Saída;2.0;129
10279;3609;6922.0;Saída;1.0;129
10280;3643;6923.0;Saída;2.0;129
10281;4283;6924.0;Saída;1.0;129
10282;4260;6925.0;Saída;2.0;129
10283;4310;6926.0;Saída;1.0;129
10284;579;6928.0;Saída;1.0;130
10285;637;6929.0;Saída;2.0;130
10286;636;6930.0;Saída;2.0;130
10287;488;6931.0;Saída;2.0;130
10288;1124;6932.0;Saída;1.0;130
10289;1127;6933.0;Saída;1.0;130
10290;721;6937.0;Saída;1.0;130
10291;488;6938.0;Saída;1.0;130
10292;978;6939.0;Saída;2.0;130
10293;1014;6940.0;Saída;2.0;130
10294;913;6941.0;Saída;2.0;130
10295;979;6942.0;Saída;2.0;130
10296;1700;6943.0;Saída;1.0;130
10297;1752;6944.0;Saída;2.0;130
10298;1169;6945.0;Saída;2.0;130
10299;1195;6946.0;Saída;2.0;130
10300;1193;6947.0;Saída;1.0;130
10301;587;6948.0;Saída;2.0;130
10302;640;6949.0;Saída;2.0;130
10303;561;6950.0;Saída;1.0;130
10304;1129;6951.0;Saída;2.0;130
10305;1169;6952.0;Saída;1.0;130
10306;1197;6953.0;Saída;2.0;130
10307;1128;6954.0;Saída;2.0;130
10308;1957;6957.0;Saída;2.0;130
10309;2485;6961.0;Saída;2.0;130
10310;2543;6962.0;Saída;2.0;130
10311;2557;6963.0;Saída;2.0;130
10312;2466;6964.0;Saída;2.0;130
10313;2430;6965.0;Saída;2.0;130
10314;2633;6969.0;Saída;1.0;130
10315;3205;6970.0;Saída;1.0;130
10316;3086;6971.0;Saída;1.0;130
10317;3076;6972.0;Saída;1.0;130
10318;2865;6976.0;Saída;2.0;130
10319;2864;6977.0;Saída;2.0;130
10320;3076;6978.0;Saída;1.0;130
10321;3070;6979.0;Saída;2.0;130
10322;3042;6980.0;Saída;1.0;130
10323;3391;6984.0;Saída;1.0;130
10324;3371;6985.0;Saída;1.0;130
10325;3848;6986.0;Saída;2.0;130
10326;3867;6987.0;Saída;1.0;130
10327;3845;6988.0;Saída;2.0;130
10328;4187;6989.0;Saída;1.0;130
10329;4173;6990.0;Saída;2.0;130
10330;403;6991.0;Saída;2.0;131
10331;402;6992.0;Saída;1.0;131
10332;887;6993.0;Saída;1.0;131
10333;950;6994.0;Saída;1.0;131
10334;1118;6996.0;Saída;2.0;131
10335;1058;6997.0;Saída;1.0;131
10336;1051;6998.0;Saída;1.0;131
10337;1689;6999.0;Saída;2.0;131
10338;1682;7000.0;Saída;1.0;131
10339;88;7001.0;Saída;1.0;131
10340;155;7002.0;Saída;1.0;131
10341;150;7003.0;Saída;1.0;131
10342;92;7004.0;Saída;1.0;131
10343;81;7005.0;Saída;2.0;131
10344;1288;7006.0;Saída;1.0;131
10345;1355;7007.0;Saída;2.0;131
10346;1328;7008.0;Saída;1.0;131
10347;1690;7012.0;Saída;1.0;131
10348;1298;7013.0;Saída;1.0;131
10349;1300;7014.0;Saída;2.0;131
10350;1286;7015.0;Saída;2.0;131
10351;679;7016.0;Saída;2.0;131
10352;254;7017.0;Saída;1.0;131
10353;313;7018.0;Saída;1.0;131
10354;279;7019.0;Saída;2.0;131
10355;1445;7020.0;Saída;2.0;131
10356;1447;7021.0;Saída;1.0;131
10357;1452;7022.0;Saída;2.0;131
10358;803;7023.0;Saída;1.0;131
10359;808;7024.0;Saída;2.0;131
10360;524;7027.0;Saída;2.0;131
10361;518;7028.0;Saída;2.0;131
10362;2193;7029.0;Saída;2.0;131
10363;2169;7030.0;Saída;1.0;131
10364;2227;7031.0;Saída;1.0;131
10365;1934;7032.0;Saída;2.0;131
10366;1940;7033.0;Saída;1.0;131
10367;1997;7034.0;Saída;2.0;131
10368;2451;7035.0;Saída;2.0;131
10369;2418;7036.0;Saída;2.0;131
10370;2464;7037.0;Saída;1.0;131
10371;2086;7038.0;Saída;1.0;131
10372;2331;7039.0;Saída;2.0;131
10373;2383;7040.0;Saída;2.0;131
10374;2329;7041.0;Saída;1.0;131
10375;2331;7042.0;Saída;2.0;131
10376;1941;7043.0;Saída;1.0;131
10377;1985;7044.0;Saída;2.0;131
10378;2782;7045.0;Saída;2.0;131
10379;3186;7046.0;Saída;2.0;131
10380;3261;7047.0;Saída;1.0;131
10381;2979;7048.0;Saída;2.0;131
10382;2965;7049.0;Saída;1.0;131
10383;3037;7050.0;Saída;1.0;131
10384;2972;7051.0;Saída;1.0;131
10385;3030;7052.0;Saída;1.0;131
10386;2566;7053.0;Saída;1.0;131
10387;3295;7054.0;Saída;1.0;131
10388;3298;7055.0;Saída;1.0;131
10389;3355;7056.0;Saída;1.0;131
10390;3745;7059.0;Saída;1.0;131
10391;3721;7060.0;Saída;1.0;131
10392;3706;7061.0;Saída;2.0;131
10393;3850;7065.0;Saída;2.0;131
10394;4099;7066.0;Saída;1.0;131
10395;1760;7067.0;Saída;1.0;132
10396;972;7068.0;Saída;2.0;132
10397;975;7069.0;Saída;2.0;132
10398;963;7070.0;Saída;2.0;132
10399;350;7071.0;Saída;2.0;132
10400;345;7072.0;Saída;1.0;132
10401;342;7073.0;Saída;1.0;132
10402;406;7074.0;Saída;1.0;132
10403;477;7075.0;Saída;1.0;132
10404;437;7076.0;Saída;2.0;132
10405;806;7077.0;Saída;1.0;132
10406;876;7078.0;Saída;2.0;132
10407;880;7079.0;Saída;2.0;132
10408;1708;7080.0;Saída;2.0;132
10409;1746;7081.0;Saída;1.0;132
10410;1683;7082.0;Saída;1.0;132
10411;651;7083.0;Saída;2.0;132
10412;658;7084.0;Saída;2.0;132
10413;1625;7085.0;Saída;1.0;132
10414;1614;7086.0;Saída;1.0;132
10415;1522;7087.0;Saída;2.0;132
10416;1596;7088.0;Saída;2.0;132
10417;1597;7089.0;Saída;1.0;132
10418;1132;7090.0;Saída;2.0;132
10419;469;7091.0;Saída;1.0;132
10420;414;7092.0;Saída;2.0;132
10421;407;7093.0;Saída;1.0;132
10422;1938;7094.0;Saída;1.0;132
10423;1995;7095.0;Saída;2.0;132
10424;2405;7096.0;Saída;1.0;132
10425;2250;7097.0;Saída;2.0;132
10426;2318;7098.0;Saída;1.0;132
10427;2160;7099.0;Saída;2.0;132
10428;2090;7100.0;Saída;1.0;132
10429;1991;7101.0;Saída;1.0;132
10430;1947;7102.0;Saída;1.0;132
10431;2081;7103.0;Saída;1.0;132
10432;2083;7104.0;Saída;2.0;132
10433;2094;7105.0;Saída;2.0;132
10434;3019;7106.0;Saída;2.0;132
10435;3071;7107.0;Saída;1.0;132
10436;3054;7108.0;Saída;1.0;132
10437;3318;7109.0;Saída;1.0;132
10438;3332;7110.0;Saída;2.0;132
10439;3047;7111.0;Saída;1.0;132
10440;3048;7112.0;Saída;2.0;132
10441;3190;7113.0;Saída;2.0;132
10442;3129;7114.0;Saída;1.0;132
10443;3181;7115.0;Saída;1.0;132
10444;2753;7116.0;Saída;2.0;132
10445;3696;7117.0;Saída;1.0;132
10446;3682;7118.0;Saída;1.0;132
10447;3423;7119.0;Saída;1.0;132
10448;3367;7120.0;Saída;1.0;132
10449;3428;7121.0;Saída;1.0;132
10450;3594;7122.0;Saída;1.0;132
10451;3590;7123.0;Saída;1.0;132
10452;3591;7124.0;Saída;1.0;132
10453;3396;7125.0;Saída;1.0;132
10454;3949;7126.0;Saída;1.0;132
10455;3929;7127.0;Saída;2.0;132
10456;4220;7128.0;Saída;2.0;132
10457;4233;7129.0;Saída;2.0;132
10458;4163;7130.0;Saída;2.0;132
10459;1447;7131.0;Saída;2.0;133
10460;1498;7132.0;Saída;2.0;133
10461;146;7133.0;Saída;2.0;133
10462;334;7134.0;Saída;1.0;133
10463;350;7135.0;Saída;2.0;133
10464;397;7136.0;Saída;2.0;133
10465;589;7137.0;Saída;2.0;133
10466;949;7138.0;Saída;2.0;133
10467;647;7139.0;Saída;1.0;133
10468;461;7140.0;Saída;1.0;133
10469;1298;7141.0;Saída;1.0;133
10470;1248;7142.0;Saída;1.0;133
10471;1270;7143.0;Saída;2.0;133
10472;1242;7144.0;Saída;2.0;133
10473;2101;7147.0;Saída;2.0;133
10474;2141;7148.0;Saída;1.0;133
10475;1963;7149.0;Saída;2.0;133
10476;1964;7150.0;Saída;2.0;133
10477;1929;7151.0;Saída;2.0;133
10478;1986;7152.0;Saída;2.0;133
10479;1956;7153.0;Saída;1.0;133
10480;3349;7154.0;Saída;1.0;133
10481;3304;7155.0;Saída;1.0;133
10482;3262;7156.0;Saída;2.0;133
10483;3212;7157.0;Saída;1.0;133
10484;3258;7158.0;Saída;2.0;133
10485;2955;7159.0;Saída;2.0;133
10486;2827;7160.0;Saída;2.0;133
10487;2656;7161.0;Saída;2.0;133
10488;2702;7162.0;Saída;1.0;133
10489;2649;7163.0;Saída;2.0;133
10490;3136;7164.0;Saída;1.0;133
10491;3196;7165.0;Saída;1.0;133
10492;3127;7166.0;Saída;2.0;133
10493;3680;7167.0;Saída;1.0;133
10494;3650;7168.0;Saída;1.0;133
10495;3629;7169.0;Saída;1.0;133
10496;3749;7170.0;Saída;1.0;133
10497;1510;7175.0;Saída;2.0;134
10498;1483;7176.0;Saída;2.0;134
10499;1470;7177.0;Saída;1.0;134
10500;895;7178.0;Saída;2.0;134
10501;890;7179.0;Saída;1.0;134
10502;939;7180.0;Saída;2.0;134
10503;447;7184.0;Saída;2.0;134
10504;857;7185.0;Saída;1.0;134
10505;858;7186.0;Saída;2.0;134
10506;810;7187.0;Saída;2.0;134
10507;1140;7188.0;Saída;1.0;134
10508;1145;7189.0;Saída;1.0;134
10509;309;7190.0;Saída;1.0;134
10510;588;7191.0;Saída;2.0;134
10511;640;7192.0;Saída;2.0;134
10512;1201;7193.0;Saída;2.0;134
10513;1264;7194.0;Saída;2.0;134
10514;1224;7195.0;Saída;1.0;134
10515;92;7196.0;Saída;2.0;134
10516;1057;7197.0;Saída;1.0;134
10517;1119;7198.0;Saída;2.0;134
10518;1054;7199.0;Saída;1.0;134
10519;1083;7200.0;Saída;1.0;134
10520;1050;7201.0;Saída;1.0;134
10521;1089;7202.0;Saída;2.0;134
10522;317;7203.0;Saída;1.0;134
10523;296;7204.0;Saída;2.0;134
10524;1581;7207.0;Saída;1.0;134
10525;1587;7208.0;Saída;2.0;134
10526;2246;7209.0;Saída;1.0;134
10527;2295;7210.0;Saída;1.0;134
10528;2149;7211.0;Saída;2.0;134
10529;2376;7212.0;Saída;1.0;134
10530;2146;7213.0;Saída;1.0;134
10531;2368;7214.0;Saída;2.0;134
10532;2264;7215.0;Saída;1.0;134
10533;2281;7216.0;Saída;1.0;134
10534;3044;7217.0;Saída;1.0;134
10535;3066;7218.0;Saída;2.0;134
10536;2670;7219.0;Saída;2.0;134
10537;2641;7220.0;Saída;1.0;134
10538;2819;7221.0;Saída;2.0;134
10539;2564;7222.0;Saída;2.0;134
10540;2638;7223.0;Saída;1.0;134
10541;2662;7224.0;Saída;2.0;134
10542;2644;7225.0;Saída;2.0;134
10543;2716;7226.0;Saída;2.0;134
10544;3213;7227.0;Saída;1.0;134
10545;3258;7228.0;Saída;2.0;134
10546;3205;7229.0;Saída;1.0;134
10547;3696;7232.0;Saída;1.0;134
10548;3690;7233.0;Saída;1.0;134
10549;3378;7234.0;Saída;2.0;134
10550;3940;7238.0;Saída;2.0;134
10551;3947;7239.0;Saída;2.0;134
10552;3949;7240.0;Saída;1.0;134
10553;35;7242.0;Saída;1.0;135
10554;69;7243.0;Saída;2.0;135
10555;339;7244.0;Saída;2.0;135
10556;726;7245.0;Saída;2.0;135
10557;1220;7246.0;Saída;1.0;135
10558;1226;7247.0;Saída;2.0;135
10559;1504;7248.0;Saída;2.0;135
10560;1442;7249.0;Saída;2.0;135
10561;1389;7250.0;Saída;2.0;135
10562;63;7251.0;Saída;2.0;135
10563;33;7252.0;Saída;2.0;135
10564;603;7253.0;Saída;2.0;135
10565;323;7256.0;Saída;1.0;135
10566;360;7257.0;Saída;1.0;135
10567;179;7258.0;Saída;1.0;135
10568;1201;7259.0;Saída;1.0;135
10569;796;7260.0;Saída;2.0;135
10570;780;7261.0;Saída;2.0;135
10571;722;7262.0;Saída;2.0;135
10572;1100;7263.0;Saída;1.0;135
10573;638;7264.0;Saída;2.0;135
10574;566;7265.0;Saída;2.0;135
10575;2303;7266.0;Saída;1.0;135
10576;2313;7267.0;Saída;1.0;135
10577;2271;7268.0;Saída;2.0;135
10578;2390;7269.0;Saída;2.0;135
10579;2386;7270.0;Saída;2.0;135
10580;2388;7271.0;Saída;1.0;135
10581;2324;7272.0;Saída;1.0;135
10582;1850;7273.0;Saída;1.0;135
10583;1877;7274.0;Saída;1.0;135
10584;2360;7275.0;Saída;1.0;135
10585;2387;7276.0;Saída;2.0;135
10586;2338;7277.0;Saída;2.0;135
10587;2838;7278.0;Saída;2.0;135
10588;2858;7279.0;Saída;1.0;135
10589;2813;7280.0;Saída;2.0;135
10590;3221;7281.0;Saída;2.0;135
10591;3263;7282.0;Saída;1.0;135
10592;2708;7283.0;Saída;1.0;135
10593;3346;7284.0;Saída;1.0;135
10594;3284;7285.0;Saída;1.0;135
10595;3219;7286.0;Saída;2.0;135
10596;3536;7287.0;Saída;1.0;135
10597;3368;7288.0;Saída;1.0;135
10598;3436;7289.0;Saída;2.0;135
10599;3476;7290.0;Saída;1.0;135
10600;3468;7291.0;Saída;1.0;135
10601;3667;7292.0;Saída;2.0;135
10602;3665;7293.0;Saída;1.0;135
10603;4249;7294.0;Saída;2.0;135
10604;4263;7295.0;Saída;1.0;135
10605;1684;7296.0;Saída;2.0;136
10606;1731;7297.0;Saída;2.0;136
10607;1710;7298.0;Saída;1.0;136
10608;1217;7299.0;Saída;1.0;136
10609;834;7300.0;Saída;1.0;136
10610;850;7301.0;Saída;1.0;136
10611;406;7302.0;Saída;1.0;136
10612;1133;7303.0;Saída;1.0;136
10613;1125;7304.0;Saída;2.0;136
10614;1185;7305.0;Saída;2.0;136
10615;1263;7310.0;Saída;2.0;136
10616;1212;7311.0;Saída;2.0;136
10617;1279;7312.0;Saída;2.0;136
10618;376;7313.0;Saída;2.0;136
10619;348;7314.0;Saída;1.0;136
10620;970;7315.0;Saída;1.0;136
10621;990;7316.0;Saída;2.0;136
10622;1040;7317.0;Saída;2.0;136
10623;1670;7318.0;Saída;1.0;136
10624;556;7319.0;Saída;2.0;136
10625;558;7320.0;Saída;1.0;136
10626;118;7321.0;Saída;2.0;136
10627;124;7322.0;Saída;2.0;136
10628;97;7323.0;Saída;1.0;136
10629;2036;7324.0;Saída;2.0;136
10630;2010;7325.0;Saída;2.0;136
10631;2485;7326.0;Saída;1.0;136
10632;2546;7327.0;Saída;1.0;136
10633;1795;7328.0;Saída;1.0;136
10634;1831;7329.0;Saída;2.0;136
10635;1832;7330.0;Saída;1.0;136
10636;1937;7331.0;Saída;2.0;136
10637;1782;7332.0;Saída;2.0;136
10638;1814;7333.0;Saída;2.0;136
10639;3031;7334.0;Saída;1.0;136
10640;3026;7335.0;Saída;2.0;136
10641;3001;7336.0;Saída;2.0;136
10642;2900;7337.0;Saída;1.0;136
10643;3208;7338.0;Saída;1.0;136
10644;3044;7339.0;Saída;1.0;136
10645;3108;7340.0;Saída;2.0;136
10646;3186;7341.0;Saída;2.0;136
10647;3286;7345.0;Saída;2.0;136
10648;3357;7346.0;Saída;1.0;136
10649;3345;7347.0;Saída;1.0;136
10650;2881;7348.0;Saída;1.0;136
10651;2896;7349.0;Saída;1.0;136
10652;3711;7350.0;Saída;1.0;136
10653;3687;7351.0;Saída;2.0;136
10654;3756;7352.0;Saída;1.0;136
10655;3566;7353.0;Saída;1.0;136
10656;3589;7354.0;Saída;1.0;136
10657;3464;7355.0;Saída;2.0;136
10658;4099;7356.0;Saída;2.0;136
10659;1513;7357.0;Saída;1.0;137
10660;1534;7358.0;Saída;1.0;137
10661;238;7360.0;Saída;2.0;137
10662;1746;7362.0;Saída;1.0;137
10663;1700;7363.0;Saída;1.0;137
10664;677;7364.0;Saída;2.0;137
10665;657;7365.0;Saída;2.0;137
10666;708;7366.0;Saída;2.0;137
10667;885;7367.0;Saída;2.0;137
10668;909;7368.0;Saída;2.0;137
10669;869;7369.0;Saída;1.0;137
10670;819;7370.0;Saída;1.0;137
10671;828;7371.0;Saída;1.0;137
10672;1817;7380.0;Saída;2.0;137
10673;1769;7381.0;Saída;2.0;137
10674;2378;7382.0;Saída;1.0;137
10675;2363;7383.0;Saída;2.0;137
10676;2332;7384.0;Saída;1.0;137
10677;2466;7385.0;Saída;2.0;137
10678;2402;7386.0;Saída;1.0;137
10679;2387;7387.0;Saída;1.0;137
10680;2390;7388.0;Saída;1.0;137
10681;1985;7389.0;Saída;1.0;137
10682;2669;7390.0;Saída;1.0;137
10683;2720;7391.0;Saída;1.0;137
10684;2652;7392.0;Saída;2.0;137
10685;2731;7393.0;Saída;2.0;137
10686;2791;7394.0;Saída;1.0;137
10687;3299;7395.0;Saída;1.0;137
10688;3282;7396.0;Saída;2.0;137
10689;3313;7397.0;Saída;2.0;137
10690;3308;7398.0;Saída;1.0;137
10691;2615;7399.0;Saída;2.0;137
10692;3735;7406.0;Saída;1.0;137
10693;3684;7407.0;Saída;1.0;137
10694;3693;7408.0;Saída;2.0;137
10695;3548;7409.0;Saída;2.0;137
10696;3524;7410.0;Saída;1.0;137
10697;3738;7411.0;Saída;1.0;137
10698;3807;7412.0;Saída;1.0;137
10699;3776;7413.0;Saída;2.0;137
10700;3931;7414.0;Saída;1.0;137
10701;3927;7415.0;Saída;1.0;137
10702;3982;7416.0;Saída;2.0;137
10703;1059;7417.0;Saída;1.0;138
10704;1043;7418.0;Saída;2.0;138
10705;702;7422.0;Saída;2.0;138
10706;706;7423.0;Saída;2.0;138
10707;1448;7424.0;Saída;2.0;138
10708;1583;7425.0;Saída;1.0;138
10709;1550;7426.0;Saída;1.0;138
10710;1132;7427.0;Saída;2.0;138
10711;1198;7428.0;Saída;1.0;138
10712;405;7429.0;Saída;2.0;138
10713;464;7430.0;Saída;1.0;138
10714;631;7433.0;Saída;1.0;138
10715;565;7434.0;Saída;2.0;138
10716;960;7435.0;Saída;1.0;138
10717;956;7436.0;Saída;1.0;138
10718;932;7437.0;Saída;2.0;138
10719;1372;7438.0;Saída;1.0;138
10720;1371;7439.0;Saída;1.0;138
10721;1370;7440.0;Saída;1.0;138
10722;1359;7441.0;Saída;2.0;138
10723;1283;7442.0;Saída;2.0;138
10724;1356;7443.0;Saída;1.0;138
10725;1071;7444.0;Saída;1.0;138
10726;1053;7445.0;Saída;2.0;138
10727;1046;7446.0;Saída;1.0;138
10728;2254;7447.0;Saída;2.0;138
10729;2318;7449.0;Saída;2.0;138
10730;2304;7450.0;Saída;2.0;138
10731;2998;7454.0;Saída;1.0;138
10732;3037;7455.0;Saída;1.0;138
10733;3034;7456.0;Saída;1.0;138
10734;3278;7457.0;Saída;1.0;138
10735;2741;7458.0;Saída;2.0;138
10736;2721;7459.0;Saída;1.0;138
10737;2783;7460.0;Saída;1.0;138
10738;2975;7461.0;Saída;2.0;138
10739;2972;7462.0;Saída;2.0;138
10740;2989;7463.0;Saída;1.0;138
10741;2710;7464.0;Saída;1.0;138
10742;2651;7465.0;Saída;1.0;138
10743;2712;7466.0;Saída;2.0;138
10744;2893;7467.0;Saída;1.0;138
10745;2952;7468.0;Saída;1.0;138
10746;2892;7469.0;Saída;2.0;138
10747;3452;7470.0;Saída;1.0;138
10748;3596;7471.0;Saída;2.0;138
10749;4157;7473.0;Saída;1.0;138
10750;4153;7474.0;Saída;2.0;138
10751;1060;7477.0;Saída;2.0;139
10752;1055;7478.0;Saída;1.0;139
10753;1058;7479.0;Saída;2.0;139
10754;882;7480.0;Saída;1.0;139
10755;1459;7481.0;Saída;2.0;139
10756;1444;7482.0;Saída;2.0;139
10757;1514;7483.0;Saída;1.0;139
10758;1172;7484.0;Saída;1.0;139
10759;278;7485.0;Saída;1.0;139
10760;665;7486.0;Saída;2.0;139
10761;642;7487.0;Saída;2.0;139
10762;715;7488.0;Saída;1.0;139
10763;739;7489.0;Saída;1.0;139
10764;759;7490.0;Saída;1.0;139
10765;569;7491.0;Saída;1.0;139
10766;1698;7492.0;Saída;1.0;139
10767;1692;7493.0;Saída;2.0;139
10768;1695;7494.0;Saída;1.0;139
10769;1043;7495.0;Saída;1.0;139
10770;1098;7496.0;Saída;2.0;139
10771;515;7497.0;Saída;1.0;139
10772;503;7498.0;Saída;2.0;139
10773;512;7499.0;Saída;2.0;139
10774;1091;7500.0;Saída;2.0;139
10775;1057;7501.0;Saída;1.0;139
10776;1075;7502.0;Saída;2.0;139
10777;1031;7504.0;Saída;1.0;139
10778;969;7505.0;Saída;2.0;139
10779;1807;7506.0;Saída;2.0;139
10780;1824;7507.0;Saída;2.0;139
10781;1772;7508.0;Saída;1.0;139
10782;2015;7509.0;Saída;2.0;139
10783;1917;7510.0;Saída;2.0;139
10784;1918;7511.0;Saída;2.0;139
10785;2435;7512.0;Saída;1.0;139
10786;2419;7513.0;Saída;1.0;139
10787;2418;7514.0;Saída;1.0;139
10788;2956;7515.0;Saída;1.0;139
10789;3288;7517.0;Saída;2.0;139
10790;3194;7518.0;Saída;1.0;139
10791;3139;7519.0;Saída;1.0;139
10792;3122;7520.0;Saída;1.0;139
10793;2576;7521.0;Saída;1.0;139
10794;2637;7522.0;Saída;2.0;139
10795;2567;7523.0;Saída;2.0;139
10796;3076;7524.0;Saída;2.0;139
10797;3095;7525.0;Saída;1.0;139
10798;2730;7526.0;Saída;1.0;139
10799;2721;7527.0;Saída;1.0;139
10800;2741;7528.0;Saída;2.0;139
10801;3736;7529.0;Saída;1.0;139
10802;3460;7530.0;Saída;2.0;139
10803;3445;7531.0;Saída;1.0;139
10804;3449;7532.0;Saída;1.0;139
10805;4013;7533.0;Saída;1.0;139
10806;4026;7534.0;Saída;1.0;139
10807;562;7535.0;Saída;2.0;140
10808;612;7536.0;Saída;2.0;140
10809;1154;7537.0;Saída;1.0;140
10810;1179;7538.0;Saída;1.0;140
10811;425;7539.0;Saída;2.0;140
10812;1122;7543.0;Saída;2.0;140
10813;1140;7544.0;Saída;2.0;140
10814;399;7545.0;Saída;2.0;140
10815;329;7546.0;Saída;1.0;140
10816;973;7547.0;Saída;2.0;140
10817;983;7548.0;Saída;1.0;140
10818;969;7549.0;Saída;1.0;140
10819;1721;7550.0;Saída;2.0;140
10820;877;7551.0;Saída;1.0;140
10821;822;7552.0;Saída;2.0;140
10822;820;7553.0;Saída;2.0;140
10823;409;7560.0;Saída;2.0;140
10824;426;7561.0;Saída;1.0;140
10825;1743;7562.0;Saída;2.0;140
10826;1726;7563.0;Saída;2.0;140
10827;1059;7564.0;Saída;2.0;140
10828;390;7565.0;Saída;2.0;140
10829;397;7566.0;Saída;1.0;140
10830;387;7567.0;Saída;1.0;140
10831;812;7568.0;Saída;1.0;140
10832;819;7569.0;Saída;1.0;140
10833;845;7570.0;Saída;1.0;140
10834;2484;7572.0;Saída;2.0;140
10835;2560;7573.0;Saída;2.0;140
10836;2489;7574.0;Saída;2.0;140
10837;2119;7575.0;Saída;1.0;140
10838;2088;7576.0;Saída;2.0;140
10839;1849;7577.0;Saída;1.0;140
10840;1905;7578.0;Saída;1.0;140
10841;1884;7579.0;Saída;1.0;140
10842;1920;7580.0;Saída;2.0;140
10843;1858;7581.0;Saída;2.0;140
10844;2548;7582.0;Saída;2.0;140
10845;2484;7583.0;Saída;2.0;140
10846;2487;7584.0;Saída;2.0;140
10847;3342;7585.0;Saída;2.0;140
10848;3271;7586.0;Saída;1.0;140
10849;2886;7587.0;Saída;1.0;140
10850;2890;7588.0;Saída;1.0;140
10851;2916;7589.0;Saída;1.0;140
10852;3263;7590.0;Saída;2.0;140
10853;2570;7591.0;Saída;1.0;140
10854;3122;7592.0;Saída;1.0;140
10855;2980;7593.0;Saída;1.0;140
10856;2961;7594.0;Saída;2.0;140
10857;3512;7595.0;Saída;1.0;140
10858;3451;7596.0;Saída;2.0;140
10859;3442;7597.0;Saída;2.0;140
10860;3540;7598.0;Saída;1.0;140
10861;3683;7599.0;Saída;2.0;140
10862;3695;7600.0;Saída;2.0;140
10863;3681;7601.0;Saída;1.0;140
10864;4238;7602.0;Saída;1.0;140
10865;710;7603.0;Saída;2.0;141
10866;659;7604.0;Saída;1.0;141
10867;1052;7605.0;Saída;2.0;141
10868;210;7606.0;Saída;2.0;141
10869;1591;7607.0;Saída;1.0;141
10870;1528;7608.0;Saída;1.0;141
10871;1526;7609.0;Saída;2.0;141
10872;1048;7610.0;Saída;1.0;141
10873;1074;7611.0;Saída;1.0;141
10874;1111;7612.0;Saída;1.0;141
10875;186;7613.0;Saída;2.0;141
10876;223;7614.0;Saída;2.0;141
10877;259;7615.0;Saída;1.0;141
10878;1606;7616.0;Saída;1.0;141
10879;1439;7617.0;Saída;2.0;141
10880;1426;7618.0;Saída;2.0;141
10881;1282;7619.0;Saída;2.0;141
10882;998;7620.0;Saída;1.0;141
10883;88;7621.0;Saída;1.0;141
10884;143;7622.0;Saída;1.0;141
10885;148;7623.0;Saída;1.0;141
10886;820;7625.0;Saída;2.0;141
10887;867;7626.0;Saída;1.0;141
10888;809;7627.0;Saída;1.0;141
10889;515;7628.0;Saída;1.0;141
10890;496;7629.0;Saída;2.0;141
10891;523;7630.0;Saída;2.0;141
10892;171;7631.0;Saída;2.0;141
10893;2114;7632.0;Saída;2.0;141
10894;1927;7633.0;Saída;2.0;141
10895;1993;7634.0;Saída;2.0;141
10896;2387;7638.0;Saída;1.0;141
10897;2412;7639.0;Saída;2.0;141
10898;3260;7642.0;Saída;1.0;141
10899;3261;7643.0;Saída;2.0;141
10900;3128;7644.0;Saída;2.0;141
10901;3126;7645.0;Saída;1.0;141
10902;3157;7646.0;Saída;1.0;141
10903;3231;7650.0;Saída;1.0;141
10904;3210;7651.0;Saída;1.0;141
10905;3215;7652.0;Saída;2.0;141
10906;2962;7653.0;Saída;2.0;141
10907;3031;7654.0;Saída;1.0;141
10908;3133;7655.0;Saída;2.0;141
10909;3125;7656.0;Saída;2.0;141
10910;3525;7657.0;Saída;1.0;141
10911;3528;7658.0;Saída;2.0;141
10912;3452;7659.0;Saída;1.0;141
10913;3450;7660.0;Saída;1.0;141
10914;3510;7661.0;Saída;2.0;141
10915;3933;7663.0;Saída;1.0;141
10916;24;7664.0;Saída;2.0;142
10917;1345;7665.0;Saída;2.0;142
10918;1547;7666.0;Saída;1.0;142
10919;1531;7667.0;Saída;2.0;142
10920;1565;7668.0;Saída;1.0;142
10921;171;7669.0;Saída;1.0;142
10922;1061;7671.0;Saída;2.0;142
10923;1049;7672.0;Saída;1.0;142
10924;177;7673.0;Saída;2.0;142
10925;161;7674.0;Saída;2.0;142
10926;171;7675.0;Saída;1.0;142
10927;1687;7676.0;Saída;1.0;142
10928;96;7677.0;Saída;1.0;142
10929;1446;7678.0;Saída;1.0;142
10930;2405;7679.0;Saída;2.0;142
10931;2437;7680.0;Saída;1.0;142
10932;2475;7681.0;Saída;1.0;142
10933;1859;7682.0;Saída;1.0;142
10934;1841;7683.0;Saída;1.0;142
10935;1918;7684.0;Saída;1.0;142
10936;2279;7685.0;Saída;2.0;142
10937;2283;7686.0;Saída;1.0;142
10938;2160;7687.0;Saída;1.0;142
10939;2523;7688.0;Saída;1.0;142
10940;2550;7689.0;Saída;2.0;142
10941;2488;7690.0;Saída;2.0;142
10942;3166;7691.0;Saída;2.0;142
10943;3148;7692.0;Saída;2.0;142
10944;3187;7693.0;Saída;2.0;142
10945;2936;7694.0;Saída;2.0;142
10946;2799;7695.0;Saída;1.0;142
10947;2742;7696.0;Saída;1.0;142
10948;2671;7700.0;Saída;1.0;142
10949;2662;7701.0;Saída;2.0;142
10950;3698;7702.0;Saída;1.0;142
10951;3757;7703.0;Saída;2.0;142
10952;3726;7704.0;Saída;1.0;142
10953;3373;7705.0;Saída;2.0;142
10954;3617;7706.0;Saída;1.0;142
10955;3612;7707.0;Saída;1.0;142
10956;3609;7708.0;Saída;1.0;142
10957;3843;7709.0;Saída;2.0;142
10958;3869;7710.0;Saída;2.0;142
10959;3905;7711.0;Saída;2.0;142
10960;3882;7712.0;Saída;2.0;142
10961;25;7713.0;Saída;2.0;143
10962;1590;7714.0;Saída;2.0;143
10963;1554;7715.0;Saída;1.0;143
10964;946;7716.0;Saída;1.0;143
10965;897;7717.0;Saída;2.0;143
10966;1138;7718.0;Saída;2.0;143
10967;1177;7719.0;Saída;1.0;143
10968;1250;7721.0;Saída;2.0;143
10969;1209;7722.0;Saída;1.0;143
10970;1267;7723.0;Saída;2.0;143
10971;741;7724.0;Saída;1.0;143
10972;357;7725.0;Saída;1.0;143
10973;817;7728.0;Saída;2.0;143
10974;1612;7729.0;Saída;2.0;143
10975;1633;7730.0;Saída;2.0;143
10976;1674;7731.0;Saída;2.0;143
10977;1475;7732.0;Saída;1.0;143
10978;1456;7733.0;Saída;1.0;143
10979;1506;7734.0;Saída;2.0;143
10980;148;7735.0;Saída;2.0;143
10981;151;7736.0;Saída;2.0;143
10982;142;7737.0;Saída;2.0;143
10983;714;7738.0;Saída;1.0;143
10984;706;7739.0;Saída;2.0;143
10985;642;7740.0;Saída;1.0;143
10986;520;7741.0;Saída;1.0;143
10987;546;7742.0;Saída;1.0;143
10988;549;7743.0;Saída;1.0;143
10989;2307;7744.0;Saída;2.0;143
10990;2318;7745.0;Saída;2.0;143
10991;2340;7746.0;Saída;1.0;143
10992;2381;7747.0;Saída;2.0;143
10993;2412;7748.0;Saída;2.0;143
10994;2004;7749.0;Saída;2.0;143
10995;2011;7750.0;Saída;2.0;143
10996;1907;7751.0;Saída;2.0;143
10997;1909;7752.0;Saída;1.0;143
10998;2895;7754.0;Saída;2.0;143
10999;2952;7755.0;Saída;1.0;143
11000;2803;7756.0;Saída;1.0;143
11001;2810;7757.0;Saída;1.0;143
11002;2913;7758.0;Saída;1.0;143
11003;2951;7759.0;Saída;1.0;143
11004;2919;7760.0;Saída;1.0;143
11005;2804;7761.0;Saída;1.0;143
11006;2841;7762.0;Saída;2.0;143
11007;2912;7763.0;Saída;1.0;143
11008;2897;7764.0;Saída;1.0;143
11009;3101;7765.0;Saída;2.0;143
11010;3079;7766.0;Saída;1.0;143
11011;3615;7767.0;Saída;1.0;143
11012;3651;7768.0;Saída;1.0;143
11013;3660;7769.0;Saída;2.0;143
11014;3603;7770.0;Saída;2.0;143
11015;3830;7773.0;Saída;2.0;143
11016;3777;7774.0;Saída;2.0;143
11017;3834;7775.0;Saída;1.0;143
11018;3768;7776.0;Saída;2.0;143
11019;3762;7777.0;Saída;2.0;143
11020;1673;7778.0;Saída;2.0;144
11021;1609;7779.0;Saída;1.0;144
11022;1296;7780.0;Saída;1.0;144
11023;1289;7781.0;Saída;2.0;144
11024;1537;7782.0;Saída;2.0;144
11025;1264;7785.0;Saída;1.0;144
11026;1212;7786.0;Saída;2.0;144
11027;726;7787.0;Saída;2.0;144
11028;729;7788.0;Saída;1.0;144
11029;1583;7789.0;Saída;2.0;144
11030;1595;7790.0;Saída;1.0;144
11031;1530;7791.0;Saída;2.0;144
11032;398;7792.0;Saída;1.0;144
11033;1101;7793.0;Saída;1.0;144
11034;1113;7794.0;Saída;1.0;144
11035;563;7795.0;Saída;2.0;144
11036;600;7796.0;Saída;1.0;144
11037;566;7797.0;Saída;2.0;144
11038;165;7798.0;Saída;1.0;144
11039;179;7799.0;Saída;1.0;144
11040;2248;7800.0;Saída;1.0;144
11041;2252;7801.0;Saída;2.0;144
11042;1860;7802.0;Saída;1.0;144
11043;1894;7803.0;Saída;1.0;144
11044;1886;7804.0;Saída;2.0;144
11045;2231;7809.0;Saída;2.0;144
11046;2631;7810.0;Saída;2.0;144
11047;2570;7811.0;Saída;2.0;144
11048;2945;7812.0;Saída;1.0;144
11049;2922;7813.0;Saída;1.0;144
11050;2925;7814.0;Saída;2.0;144
11051;3263;7815.0;Saída;1.0;144
11052;3275;7816.0;Saída;1.0;144
11053;2854;7817.0;Saída;2.0;144
11054;2625;7818.0;Saída;1.0;144
11055;2627;7819.0;Saída;1.0;144
11056;3054;7820.0;Saída;2.0;144
11057;3603;7821.0;Saída;1.0;144
11058;3636;7822.0;Saída;1.0;144
11059;3379;7823.0;Saída;1.0;144
11060;3400;7824.0;Saída;2.0;144
11061;3380;7825.0;Saída;2.0;144
11062;4289;7826.0;Saída;1.0;144
11063;4235;7827.0;Saída;1.0;144
11064;1123;7832.0;Saída;2.0;145
11065;1194;7833.0;Saída;1.0;145
11066;1127;7834.0;Saída;1.0;145
11067;1730;7835.0;Saída;1.0;145
11068;1693;7836.0;Saída;2.0;145
11069;1248;7837.0;Saída;1.0;145
11070;252;7840.0;Saída;1.0;145
11071;320;7841.0;Saída;2.0;145
11072;262;7842.0;Saída;1.0;145
11073;1328;7843.0;Saída;2.0;145
11074;293;7844.0;Saída;2.0;145
11075;1238;7845.0;Saída;1.0;145
11076;291;7846.0;Saída;1.0;145
11077;310;7847.0;Saída;2.0;145
11078;813;7848.0;Saída;2.0;145
11079;811;7849.0;Saída;1.0;145
11080;757;7850.0;Saída;1.0;145
11081;789;7851.0;Saída;1.0;145
11082;750;7852.0;Saída;2.0;145
11083;410;7853.0;Saída;2.0;145
11084;471;7854.0;Saída;2.0;145
11085;406;7855.0;Saída;2.0;145
11086;640;7856.0;Saída;1.0;145
11087;579;7857.0;Saída;2.0;145
11088;618;7858.0;Saída;1.0;145
11089;2069;7859.0;Saída;2.0;145
11090;2018;7860.0;Saída;2.0;145
11091;2153;7861.0;Saída;1.0;145
11092;1832;7862.0;Saída;1.0;145
11093;1786;7863.0;Saída;2.0;145
11094;1782;7864.0;Saída;2.0;145
11095;2142;7868.0;Saída;2.0;145
11096;2144;7869.0;Saída;2.0;145
11097;2039;7870.0;Saída;2.0;145
11098;2070;7871.0;Saída;1.0;145
11099;2073;7872.0;Saída;1.0;145
11100;1917;7873.0;Saída;1.0;145
11101;1849;7874.0;Saída;1.0;145
11102;2812;7875.0;Saída;2.0;145
11103;2846;7876.0;Saída;2.0;145
11104;2850;7877.0;Saída;2.0;145
11105;3297;7878.0;Saída;1.0;145
11106;3295;7879.0;Saída;2.0;145
11107;2696;7880.0;Saída;2.0;145
11108;3290;7881.0;Saída;2.0;145
11109;3291;7882.0;Saída;2.0;145
11110;3349;7883.0;Saída;1.0;145
11111;3133;7884.0;Saída;2.0;145
11112;3199;7885.0;Saída;2.0;145
11113;3151;7886.0;Saída;2.0;145
11114;2950;7887.0;Saída;2.0;145
11115;2892;7888.0;Saída;1.0;145
11116;2899;7889.0;Saída;1.0;145
11117;3051;7890.0;Saída;1.0;145
11118;3055;7891.0;Saída;1.0;145
11119;3041;7892.0;Saída;1.0;145
11120;3403;7893.0;Saída;2.0;145
11121;3382;7894.0;Saída;2.0;145
11122;3429;7895.0;Saída;2.0;145
11123;3407;7896.0;Saída;1.0;145
11124;3440;7897.0;Saída;1.0;145
11125;3365;7898.0;Saída;2.0;145
11126;3753;7901.0;Saída;2.0;145
11127;3692;7902.0;Saída;2.0;145
11128;3787;7903.0;Saída;2.0;145
11129;3784;7904.0;Saída;1.0;145
11130;656;7908.0;Saída;2.0;146
11131;709;7909.0;Saída;1.0;146
11132;702;7910.0;Saída;1.0;146
11133;804;7911.0;Saída;1.0;146
11134;812;7912.0;Saída;2.0;146
11135;805;7913.0;Saída;2.0;146
11136;534;7914.0;Saída;1.0;146
11137;1539;7916.0;Saída;1.0;146
11138;1599;7917.0;Saída;1.0;146
11139;1538;7918.0;Saída;2.0;146
11140;844;7919.0;Saída;1.0;146
11141;1607;7920.0;Saída;1.0;146
11142;1671;7921.0;Saída;2.0;146
11143;1621;7922.0;Saída;1.0;146
11144;1135;7923.0;Saída;1.0;146
11145;1301;7924.0;Saída;2.0;146
11146;1320;7925.0;Saída;1.0;146
11147;1293;7926.0;Saída;2.0;146
11148;1371;7928.0;Saída;1.0;146
11149;1377;7929.0;Saída;2.0;146
11150;1366;7930.0;Saída;1.0;146
11151;2021;7934.0;Saída;1.0;146
11152;2010;7935.0;Saída;2.0;146
11153;2070;7936.0;Saída;2.0;146
11154;1777;7937.0;Saída;2.0;146
11155;2277;7938.0;Saída;1.0;146
11156;2283;7939.0;Saída;1.0;146
11157;2116;7940.0;Saída;2.0;146
11158;2091;7941.0;Saída;2.0;146
11159;2516;7942.0;Saída;2.0;146
11160;2551;7943.0;Saída;2.0;146
11161;2494;7944.0;Saída;1.0;146
11162;2242;7945.0;Saída;1.0;146
11163;2106;7946.0;Saída;2.0;146
11164;2093;7947.0;Saída;1.0;146
11165;2158;7948.0;Saída;1.0;146
11166;2626;7949.0;Saída;1.0;146
11167;2571;7950.0;Saída;1.0;146
11168;2639;7951.0;Saída;2.0;146
11169;3200;7955.0;Saída;2.0;146
11170;3181;7956.0;Saída;1.0;146
11171;3122;7957.0;Saída;1.0;146
11172;3059;7958.0;Saída;2.0;146
11173;3046;7959.0;Saída;1.0;146
11174;3021;7960.0;Saída;1.0;146
11175;3037;7961.0;Saída;2.0;146
11176;3465;7962.0;Saída;2.0;146
11177;3503;7963.0;Saída;1.0;146
11178;3613;7964.0;Saída;2.0;146
11179;3660;7965.0;Saída;2.0;146
11180;3678;7966.0;Saída;2.0;146
11181;3663;7967.0;Saída;1.0;146
11182;3640;7968.0;Saída;2.0;146
11183;3679;7969.0;Saída;2.0;146
11184;4145;7970.0;Saída;1.0;146
11185;3840;7971.0;Saída;1.0;146
11186;3771;7972.0;Saída;2.0;146
11187;3826;7973.0;Saída;2.0;146
11188;373;7974.0;Saída;1.0;147
11189;1472;7978.0;Saída;2.0;147
11190;748;7979.0;Saída;1.0;147
11191;754;7980.0;Saída;2.0;147
11192;752;7981.0;Saída;1.0;147
11193;1211;7984.0;Saída;2.0;147
11194;1223;7985.0;Saída;2.0;147
11195;1534;7986.0;Saída;2.0;147
11196;1556;7987.0;Saída;1.0;147
11197;1531;7988.0;Saída;1.0;147
11198;637;7989.0;Saída;2.0;147
11199;668;7990.0;Saída;1.0;147
11200;710;7991.0;Saída;2.0;147
11201;641;7992.0;Saída;2.0;147
11202;837;7993.0;Saída;1.0;147
11203;844;7994.0;Saída;1.0;147
11204;809;7995.0;Saída;1.0;147
11205;1666;7996.0;Saída;2.0;147
11206;1652;7997.0;Saída;1.0;147
11207;250;7998.0;Saída;2.0;147
11208;318;7999.0;Saída;1.0;147
11209;1619;8000.0;Saída;2.0;147
11210;881;8001.0;Saída;2.0;147
11211;900;8002.0;Saída;2.0;147
11212;2357;8003.0;Saída;2.0;147
11213;2325;8004.0;Saída;2.0;147
11214;2177;8005.0;Saída;1.0;147
11215;2270;8006.0;Saída;2.0;147
11216;2294;8007.0;Saída;1.0;147
11217;2143;8008.0;Saída;2.0;147
11218;2098;8009.0;Saída;1.0;147
11219;2122;8010.0;Saída;2.0;147
11220;2047;8011.0;Saída;1.0;147
11221;2070;8012.0;Saída;1.0;147
11222;1912;8013.0;Saída;1.0;147
11223;1869;8014.0;Saída;2.0;147
11224;1880;8015.0;Saída;2.0;147
11225;2557;8016.0;Saída;1.0;147
11226;2559;8017.0;Saída;1.0;147
11227;2832;8018.0;Saída;2.0;147
11228;2862;8019.0;Saída;1.0;147
11229;3201;8020.0;Saída;2.0;147
11230;3252;8021.0;Saída;2.0;147
11231;3214;8022.0;Saída;2.0;147
11232;2715;8023.0;Saída;1.0;147
11233;2689;8024.0;Saída;1.0;147
11234;2627;8028.0;Saída;1.0;147
11235;2624;8029.0;Saída;1.0;147
11236;2638;8030.0;Saída;1.0;147
11237;3322;8031.0;Saída;2.0;147
11238;3346;8032.0;Saída;2.0;147
11239;3312;8033.0;Saída;1.0;147
11240;3384;8034.0;Saída;2.0;147
11241;3365;8035.0;Saída;2.0;147
11242;3362;8036.0;Saída;1.0;147
11243;3681;8037.0;Saída;1.0;147
11244;3857;8038.0;Saída;1.0;147
11245;3909;8039.0;Saída;2.0;147
11246;3841;8040.0;Saída;1.0;147
11247;1071;8042.0;Saída;2.0;148
11248;1054;8043.0;Saída;1.0;148
11249;1117;8044.0;Saída;2.0;148
11250;1422;8045.0;Saída;2.0;148
11251;1375;8046.0;Saída;1.0;148
11252;372;8047.0;Saída;2.0;148
11253;351;8048.0;Saída;2.0;148
11254;373;8049.0;Saída;2.0;148
11255;1739;8050.0;Saída;1.0;148
11256;1105;8053.0;Saída;2.0;148
11257;1112;8054.0;Saída;1.0;148
11258;1611;8055.0;Saída;2.0;148
11259;770;8056.0;Saída;2.0;148
11260;1256;8057.0;Saída;1.0;148
11261;1213;8058.0;Saída;2.0;148
11262;1205;8059.0;Saída;2.0;148
11263;610;8060.0;Saída;2.0;148
11264;1060;8061.0;Saída;1.0;148
11265;1059;8062.0;Saída;2.0;148
11266;1118;8063.0;Saída;1.0;148
11267;937;8064.0;Saída;1.0;148
11268;895;8065.0;Saída;1.0;148
11269;897;8066.0;Saída;1.0;148
11270;2251;8069.0;Saída;2.0;148
11271;2310;8070.0;Saída;1.0;148
11272;2248;8071.0;Saída;2.0;148
11273;2241;8072.0;Saída;2.0;148
11274;2479;8073.0;Saída;2.0;148
11275;2433;8074.0;Saída;2.0;148
11276;2409;8075.0;Saída;2.0;148
11277;2321;8076.0;Saída;2.0;148
11278;2339;8077.0;Saída;1.0;148
11279;2394;8078.0;Saída;1.0;148
11280;3172;8079.0;Saída;1.0;148
11281;3184;8080.0;Saída;2.0;148
11282;2624;8081.0;Saída;1.0;148
11283;2594;8082.0;Saída;2.0;148
11284;3100;8083.0;Saída;1.0;148
11285;3111;8084.0;Saída;2.0;148
11286;2991;8085.0;Saída;2.0;148
11287;2973;8086.0;Saída;1.0;148
11288;3637;8089.0;Saída;2.0;148
11289;3610;8090.0;Saída;1.0;148
11290;3679;8091.0;Saída;1.0;148
11291;3601;8092.0;Saída;2.0;148
11292;3660;8093.0;Saída;1.0;148
11293;3582;8094.0;Saída;1.0;148
11294;3591;8095.0;Saída;2.0;148
11295;3519;8096.0;Saída;2.0;148
11296;3503;8097.0;Saída;1.0;148
11297;3449;8098.0;Saída;2.0;148
11298;4041;8099.0;Saída;1.0;148
11299;4111;8100.0;Saída;2.0;148
11300;4090;8101.0;Saída;2.0;148
11301;71;8102.0;Saída;1.0;149
11302;5;8103.0;Saída;2.0;149
11303;414;8104.0;Saída;1.0;149
11304;406;8105.0;Saída;2.0;149
11305;1425;8109.0;Saída;1.0;149
11306;1368;8110.0;Saída;2.0;149
11307;1361;8111.0;Saída;2.0;149
11308;1051;8112.0;Saída;2.0;149
11309;1469;8113.0;Saída;1.0;149
11310;1446;8114.0;Saída;2.0;149
11311;569;8115.0;Saída;2.0;149
11312;1334;8116.0;Saída;1.0;149
11313;432;8117.0;Saída;2.0;149
11314;418;8118.0;Saída;1.0;149
11315;438;8119.0;Saída;2.0;149
11316;2188;8120.0;Saída;1.0;149
11317;2175;8121.0;Saída;1.0;149
11318;2238;8122.0;Saída;2.0;149
11319;2469;8123.0;Saída;2.0;149
11320;2415;8124.0;Saída;2.0;149
11321;2465;8125.0;Saída;2.0;149
11322;2227;8126.0;Saída;2.0;149
11323;2169;8127.0;Saída;2.0;149
11324;1961;8128.0;Saída;2.0;149
11325;1926;8129.0;Saída;1.0;149
11326;1989;8130.0;Saída;2.0;149
11327;2158;8134.0;Saída;2.0;149
11328;2434;8135.0;Saída;2.0;149
11329;2444;8136.0;Saída;1.0;149
11330;2409;8137.0;Saída;2.0;149
11331;3353;8138.0;Saída;2.0;149
11332;3281;8139.0;Saída;1.0;149
11333;3270;8144.0;Saída;1.0;149
11334;3218;8145.0;Saída;2.0;149
11335;2624;8146.0;Saída;2.0;149
11336;2626;8147.0;Saída;1.0;149
11337;2565;8148.0;Saída;1.0;149
11338;2862;8149.0;Saída;1.0;149
11339;3209;8150.0;Saída;1.0;149
11340;3276;8151.0;Saída;1.0;149
11341;3664;8152.0;Saída;2.0;149
11342;3526;8153.0;Saída;2.0;149
11343;3749;8154.0;Saída;2.0;149
11344;3838;8155.0;Saída;2.0;149
11345;3775;8156.0;Saída;2.0;149
11346;3782;8157.0;Saída;1.0;149
11347;4034;8158.0;Saída;1.0;149
11348;4028;8159.0;Saída;1.0;149
11349;4001;8160.0;Saída;1.0;149
11350;131;8161.0;Saída;2.0;150
11351;89;8162.0;Saída;2.0;150
11352;1409;8163.0;Saída;2.0;150
11353;75;8164.0;Saída;2.0;150
11354;844;8165.0;Saída;1.0;150
11355;803;8166.0;Saída;2.0;150
11356;377;8169.0;Saída;2.0;150
11357;323;8170.0;Saída;2.0;150
11358;134;8171.0;Saída;1.0;150
11359;1034;8172.0;Saída;1.0;150
11360;1031;8173.0;Saída;1.0;150
11361;1016;8174.0;Saída;2.0;150
11362;1726;8175.0;Saída;2.0;150
11363;1718;8176.0;Saída;2.0;150
11364;1624;8177.0;Saída;2.0;150
11365;1659;8178.0;Saída;2.0;150
11366;1603;8179.0;Saída;1.0;150
11367;1935;8180.0;Saída;1.0;150
11368;2340;8181.0;Saída;1.0;150
11369;2527;8185.0;Saída;1.0;150
11370;2490;8186.0;Saída;2.0;150
11371;2495;8187.0;Saída;2.0;150
11372;1951;8188.0;Saída;2.0;150
11373;1989;8189.0;Saída;1.0;150
11374;1902;8190.0;Saída;1.0;150
11375;2020;8191.0;Saída;2.0;150
11376;2719;8192.0;Saída;2.0;150
11377;2669;8193.0;Saída;1.0;150
11378;2630;8194.0;Saída;2.0;150
11379;2629;8195.0;Saída;1.0;150
11380;3185;8196.0;Saída;2.0;150
11381;3131;8197.0;Saída;1.0;150
11382;2978;8198.0;Saída;2.0;150
11383;3007;8199.0;Saída;1.0;150
11384;2976;8200.0;Saída;1.0;150
11385;2800;8201.0;Saída;2.0;150
11386;2785;8202.0;Saída;2.0;150
11387;2751;8203.0;Saída;1.0;150
11388;3378;8204.0;Saída;1.0;150
11389;3438;8205.0;Saída;1.0;150
11390;3377;8206.0;Saída;2.0;150
11391;3605;8210.0;Saída;1.0;150
11392;3601;8211.0;Saída;1.0;150
11393;3875;8212.0;Saída;1.0;150
11394;1453;8213.0;Saída;2.0;151
11395;1453;8214.0;Saída;2.0;151
11396;977;8218.0;Saída;2.0;151
11397;1032;8219.0;Saída;1.0;151
11398;1716;8220.0;Saída;1.0;151
11399;360;8221.0;Saída;1.0;151
11400;1514;8222.0;Saída;1.0;151
11401;1485;8223.0;Saída;2.0;151
11402;1452;8224.0;Saída;2.0;151
11403;984;8227.0;Saída;1.0;151
11404;1339;8228.0;Saída;1.0;151
11405;1308;8229.0;Saída;1.0;151
11406;1570;8230.0;Saída;1.0;151
11407;1583;8231.0;Saída;1.0;151
11408;1594;8232.0;Saída;1.0;151
11409;472;8233.0;Saída;2.0;151
11410;464;8234.0;Saída;1.0;151
11411;407;8235.0;Saída;1.0;151
11412;2251;8236.0;Saída;2.0;151
11413;2246;8237.0;Saída;1.0;151
11414;2305;8238.0;Saída;1.0;151
11415;2258;8239.0;Saída;2.0;151
11416;2314;8240.0;Saída;1.0;151
11417;2463;8241.0;Saída;1.0;151
11418;2142;8242.0;Saída;1.0;151
11419;2156;8243.0;Saída;2.0;151
11420;2226;8245.0;Saída;2.0;151
11421;2786;8246.0;Saída;1.0;151
11422;3141;8247.0;Saída;1.0;151
11423;3124;8248.0;Saída;1.0;151
11424;3132;8249.0;Saída;1.0;151
11425;2796;8250.0;Saída;2.0;151
11426;2782;8251.0;Saída;1.0;151
11427;2799;8252.0;Saída;2.0;151
11428;3194;8254.0;Saída;1.0;151
11429;3179;8255.0;Saída;1.0;151
11430;3662;8260.0;Saída;2.0;151
11431;3448;8261.0;Saída;1.0;151
11432;3492;8262.0;Saída;1.0;151
11433;3476;8263.0;Saída;2.0;151
11434;3937;8264.0;Saída;2.0;151
11435;1017;8265.0;Saída;2.0;152
11436;995;8266.0;Saída;1.0;152
11437;788;8267.0;Saída;1.0;152
11438;789;8268.0;Saída;1.0;152
11439;373;8271.0;Saída;1.0;152
11440;374;8272.0;Saída;2.0;152
11441;163;8273.0;Saída;1.0;152
11442;221;8274.0;Saída;2.0;152
11443;176;8275.0;Saída;1.0;152
11444;447;8276.0;Saída;1.0;152
11445;413;8277.0;Saída;2.0;152
11446;478;8278.0;Saída;1.0;152
11447;1293;8279.0;Saída;1.0;152
11448;1742;8280.0;Saída;2.0;152
11449;1672;8284.0;Saída;1.0;152
11450;965;8285.0;Saída;1.0;152
11451;990;8286.0;Saída;1.0;152
11452;1022;8287.0;Saída;1.0;152
11453;915;8289.0;Saída;2.0;152
11454;1670;8292.0;Saída;2.0;152
11455;1613;8293.0;Saída;1.0;152
11456;1609;8294.0;Saída;1.0;152
11457;141;8295.0;Saída;1.0;152
11458;90;8296.0;Saída;1.0;152
11459;96;8297.0;Saída;2.0;152
11460;1600;8298.0;Saída;1.0;152
11461;1598;8299.0;Saída;1.0;152
11462;265;8300.0;Saída;1.0;152
11463;2446;8301.0;Saída;2.0;152
11464;2433;8302.0;Saída;1.0;152
11465;2037;8303.0;Saída;1.0;152
11466;2541;8304.0;Saída;1.0;152
11467;2495;8305.0;Saída;2.0;152
11468;2179;8306.0;Saída;1.0;152
11469;2199;8307.0;Saída;1.0;152
11470;2020;8308.0;Saída;1.0;152
11471;2031;8309.0;Saída;2.0;152
11472;2172;8310.0;Saída;2.0;152
11473;2174;8311.0;Saída;2.0;152
11474;2713;8312.0;Saída;2.0;152
11475;2662;8313.0;Saída;1.0;152
11476;2707;8314.0;Saída;2.0;152
11477;2815;8315.0;Saída;1.0;152
11478;2809;8316.0;Saída;2.0;152
11479;2833;8317.0;Saída;1.0;152
11480;2993;8318.0;Saída;2.0;152
11481;2975;8319.0;Saída;1.0;152
11482;2998;8320.0;Saída;1.0;152
11483;2796;8321.0;Saída;2.0;152
11484;2741;8322.0;Saída;2.0;152
11485;2593;8323.0;Saída;2.0;152
11486;2978;8324.0;Saída;2.0;152
11487;2681;8325.0;Saída;2.0;152
11488;3417;8326.0;Saída;1.0;152
11489;3433;8327.0;Saída;2.0;152
11490;3423;8328.0;Saída;1.0;152
11491;3631;8329.0;Saída;1.0;152
11492;3605;8330.0;Saída;1.0;152
11493;3653;8331.0;Saída;2.0;152
11494;3686;8332.0;Saída;1.0;152
11495;3722;8333.0;Saída;2.0;152
11496;3875;8334.0;Saída;2.0;152
11497;3891;8335.0;Saída;2.0;152
11498;3860;8336.0;Saída;1.0;152
11499;3934;8337.0;Saída;1.0;152
11500;3923;8338.0;Saída;2.0;152
11501;1554;8339.0;Saída;2.0;153
11502;1237;8340.0;Saída;2.0;153
11503;413;8341.0;Saída;1.0;153
11504;69;8342.0;Saída;1.0;153
11505;67;8343.0;Saída;2.0;153
11506;1364;8344.0;Saída;1.0;153
11507;1377;8345.0;Saída;1.0;153
11508;1436;8346.0;Saída;1.0;153
11509;1724;8347.0;Saída;2.0;153
11510;27;8348.0;Saída;2.0;153
11511;71;8349.0;Saída;2.0;153
11512;3;8350.0;Saída;1.0;153
11513;69;8351.0;Saída;1.0;153
11514;668;8352.0;Saída;2.0;153
11515;673;8353.0;Saída;1.0;153
11516;716;8354.0;Saída;1.0;153
11517;231;8355.0;Saída;1.0;153
11518;138;8356.0;Saída;1.0;153
11519;518;8357.0;Saída;2.0;153
11520;493;8358.0;Saída;2.0;153
11521;514;8359.0;Saída;1.0;153
11522;1263;8360.0;Saída;1.0;153
11523;1262;8361.0;Saída;2.0;153
11524;1271;8362.0;Saída;2.0;153
11525;1456;8363.0;Saída;2.0;153
11526;1448;8364.0;Saída;1.0;153
11527;1837;8365.0;Saída;1.0;153
11528;1771;8366.0;Saída;2.0;153
11529;1950;8367.0;Saída;1.0;153
11530;2263;8368.0;Saída;2.0;153
11531;2095;8369.0;Saída;2.0;153
11532;1890;8370.0;Saída;1.0;153
11533;3010;8371.0;Saída;2.0;153
11534;3112;8372.0;Saída;1.0;153
11535;3074;8373.0;Saída;2.0;153
11536;2899;8374.0;Saída;2.0;153
11537;2578;8377.0;Saída;1.0;153
11538;2635;8378.0;Saída;2.0;153
11539;3590;8379.0;Saída;1.0;153
11540;3591;8380.0;Saída;2.0;153
11541;3429;8381.0;Saída;1.0;153
11542;3361;8382.0;Saída;2.0;153
11543;3382;8383.0;Saída;2.0;153
11544;4040;8384.0;Saída;2.0;153
11545;4001;8385.0;Saída;2.0;153
11546;4006;8386.0;Saída;2.0;153
11547;3984;8387.0;Saída;2.0;153
11548;104;8388.0;Saída;1.0;154
11549;866;8391.0;Saída;2.0;154
11550;817;8392.0;Saída;2.0;154
11551;1358;8393.0;Saída;1.0;154
11552;1292;8394.0;Saída;1.0;154
11553;1511;8395.0;Saída;1.0;154
11554;796;8396.0;Saída;2.0;154
11555;783;8397.0;Saída;1.0;154
11556;836;8398.0;Saída;1.0;154
11557;802;8399.0;Saída;2.0;154
11558;116;8400.0;Saída;2.0;154
11559;103;8401.0;Saída;2.0;154
11560;122;8402.0;Saída;2.0;154
11561;1700;8403.0;Saída;1.0;154
11562;1749;8404.0;Saída;2.0;154
11563;1451;8405.0;Saída;2.0;154
11564;1501;8406.0;Saída;2.0;154
11565;1490;8407.0;Saída;1.0;154
11566;1110;8408.0;Saída;1.0;154
11567;1041;8409.0;Saída;2.0;154
11568;1111;8410.0;Saída;2.0;154
11569;329;8411.0;Saída;1.0;154
11570;385;8412.0;Saída;1.0;154
11571;1285;8413.0;Saída;2.0;154
11572;1288;8414.0;Saída;2.0;154
11573;1344;8415.0;Saída;2.0;154
11574;473;8416.0;Saída;1.0;154
11575;476;8417.0;Saída;1.0;154
11576;406;8418.0;Saída;2.0;154
11577;2339;8419.0;Saída;2.0;154
11578;2418;8421.0;Saída;2.0;154
11579;2477;8422.0;Saída;1.0;154
11580;2480;8423.0;Saída;1.0;154
11581;2436;8424.0;Saída;2.0;154
11582;1769;8425.0;Saída;2.0;154
11583;1765;8426.0;Saída;1.0;154
11584;2326;8427.0;Saída;2.0;154
11585;2388;8428.0;Saída;1.0;154
11586;3033;8431.0;Saída;1.0;154
11587;2976;8432.0;Saída;2.0;154
11588;3000;8433.0;Saída;1.0;154
11589;2653;8434.0;Saída;2.0;154
11590;2703;8435.0;Saída;1.0;154
11591;2656;8436.0;Saída;2.0;154
11592;2725;8437.0;Saída;2.0;154
11593;2789;8438.0;Saída;2.0;154
11594;3198;8439.0;Saída;2.0;154
11595;3181;8440.0;Saída;1.0;154
11596;3124;8441.0;Saída;2.0;154
11597;2836;8442.0;Saída;2.0;154
11598;2870;8443.0;Saída;1.0;154
11599;2871;8444.0;Saída;2.0;154
11600;3370;8448.0;Saída;1.0;154
11601;3404;8449.0;Saída;2.0;154
11602;3689;8450.0;Saída;1.0;154
11603;3691;8451.0;Saída;1.0;154
11604;3739;8452.0;Saída;1.0;154
11605;4313;8453.0;Saída;1.0;154
11606;4309;8454.0;Saída;1.0;154
11607;3768;8455.0;Saída;1.0;154
11608;3771;8456.0;Saída;2.0;154
11609;3779;8457.0;Saída;1.0;154
11610;142;8458.0;Saída;2.0;155
11611;156;8459.0;Saída;1.0;155
11612;91;8460.0;Saída;2.0;155
11613;659;8461.0;Saída;2.0;155
11614;645;8462.0;Saída;2.0;155
11615;808;8463.0;Saída;2.0;155
11616;862;8464.0;Saída;1.0;155
11617;821;8465.0;Saída;2.0;155
11618;1289;8466.0;Saída;1.0;155
11619;1328;8467.0;Saída;2.0;155
11620;1111;8468.0;Saída;2.0;155
11621;1070;8469.0;Saída;2.0;155
11622;1117;8470.0;Saída;1.0;155
11623;1013;8471.0;Saída;2.0;155
11624;987;8472.0;Saída;2.0;155
11625;402;8473.0;Saída;2.0;155
11626;434;8474.0;Saída;2.0;155
11627;1758;8475.0;Saída;1.0;155
11628;1683;8476.0;Saída;1.0;155
11629;576;8477.0;Saída;2.0;155
11630;574;8478.0;Saída;1.0;155
11631;570;8479.0;Saída;1.0;155
11632;904;8480.0;Saída;1.0;155
11633;284;8481.0;Saída;1.0;155
11634;268;8482.0;Saída;2.0;155
11635;1377;8483.0;Saída;1.0;155
11636;1434;8484.0;Saída;2.0;155
11637;1440;8485.0;Saída;2.0;155
11638;1296;8486.0;Saída;2.0;155
11639;1285;8487.0;Saída;1.0;155
11640;1330;8488.0;Saída;1.0;155
11641;281;8489.0;Saída;1.0;155
11642;265;8490.0;Saída;2.0;155
11643;319;8491.0;Saída;1.0;155
11644;941;8492.0;Saída;1.0;155
11645;943;8493.0;Saída;2.0;155
11646;985;8494.0;Saída;1.0;155
11647;1028;8495.0;Saída;2.0;155
11648;1414;8496.0;Saída;1.0;155
11649;1375;8497.0;Saída;1.0;155
11650;1411;8498.0;Saída;1.0;155
11651;1327;8499.0;Saída;2.0;155
11652;1295;8500.0;Saída;2.0;155
11653;811;8501.0;Saída;2.0;155
11654;2015;8503.0;Saída;2.0;155
11655;2243;8504.0;Saída;2.0;155
11656;2292;8505.0;Saída;2.0;155
11657;2376;8506.0;Saída;1.0;155
11658;2347;8507.0;Saída;2.0;155
11659;2384;8508.0;Saída;2.0;155
11660;2330;8509.0;Saída;1.0;155
11661;3060;8510.0;Saída;1.0;155
11662;3072;8511.0;Saída;2.0;155
11663;3223;8512.0;Saída;2.0;155
11664;3220;8513.0;Saída;2.0;155
11665;2634;8514.0;Saída;2.0;155
11666;2566;8515.0;Saída;1.0;155
11667;2884;8516.0;Saída;2.0;155
11668;2897;8517.0;Saída;2.0;155
11669;2906;8518.0;Saída;2.0;155
11670;2717;8519.0;Saída;2.0;155
11671;2706;8520.0;Saída;1.0;155
11672;3442;8521.0;Saída;2.0;155
11673;3448;8522.0;Saída;1.0;155
11674;3521;8523.0;Saída;2.0;155
11675;3557;8524.0;Saída;1.0;155
11676;3559;8525.0;Saída;1.0;155
11677;3610;8526.0;Saída;1.0;155
11678;3603;8527.0;Saída;2.0;155
11679;3658;8528.0;Saída;1.0;155
11680;4138;8529.0;Saída;2.0;155
11681;4113;8530.0;Saída;2.0;155
11682;4093;8531.0;Saída;2.0;155
11683;1742;8535.0;Saída;1.0;156
11684;1727;8536.0;Saída;2.0;156
11685;1699;8537.0;Saída;1.0;156
11686;814;8538.0;Saída;1.0;156
11687;821;8539.0;Saída;2.0;156
11688;871;8540.0;Saída;2.0;156
11689;1524;8541.0;Saída;1.0;156
11690;1550;8542.0;Saída;1.0;156
11691;111;8543.0;Saída;2.0;156
11692;95;8544.0;Saída;1.0;156
11693;84;8545.0;Saída;1.0;156
11694;434;8546.0;Saída;1.0;156
11695;705;8547.0;Saída;1.0;156
11696;684;8548.0;Saída;2.0;156
11697;702;8549.0;Saída;2.0;156
11698;653;8550.0;Saída;2.0;156
11699;667;8551.0;Saída;2.0;156
11700;642;8552.0;Saída;2.0;156
11701;649;8553.0;Saída;2.0;156
11702;712;8554.0;Saída;1.0;156
11703;1584;8555.0;Saída;1.0;156
11704;183;8556.0;Saída;1.0;156
11705;188;8557.0;Saída;2.0;156
11706;560;8558.0;Saída;2.0;156
11707;546;8559.0;Saída;2.0;156
11708;315;8560.0;Saída;2.0;156
11709;254;8561.0;Saída;1.0;156
11710;267;8562.0;Saída;1.0;156
11711;1368;8563.0;Saída;2.0;156
11712;1420;8564.0;Saída;2.0;156
11713;1430;8565.0;Saída;1.0;156
11714;2;8566.0;Saída;1.0;156
11715;66;8567.0;Saída;2.0;156
11716;905;8568.0;Saída;1.0;156
11717;945;8569.0;Saída;1.0;156
11718;919;8570.0;Saída;2.0;156
11719;737;8571.0;Saída;2.0;156
11720;898;8572.0;Saída;2.0;156
11721;1178;8573.0;Saída;1.0;156
11722;1131;8574.0;Saída;2.0;156
11723;79;8575.0;Saída;1.0;156
11724;2;8576.0;Saída;2.0;156
11725;472;8577.0;Saída;1.0;156
11726;413;8578.0;Saída;1.0;156
11727;1958;8579.0;Saída;2.0;156
11728;2137;8580.0;Saída;2.0;156
11729;2144;8581.0;Saída;1.0;156
11730;2096;8582.0;Saída;2.0;156
11731;2229;8589.0;Saída;2.0;156
11732;1973;8590.0;Saída;1.0;156
11733;1956;8591.0;Saída;1.0;156
11734;1995;8592.0;Saída;2.0;156
11735;2153;8596.0;Saída;1.0;156
11736;2085;8597.0;Saída;1.0;156
11737;3090;8602.0;Saída;2.0;156
11738;3105;8603.0;Saída;2.0;156
11739;2910;8607.0;Saída;1.0;156
11740;3427;8608.0;Saída;1.0;156
11741;3398;8609.0;Saída;1.0;156
11742;3585;8610.0;Saída;1.0;156
11743;3523;8611.0;Saída;1.0;156
11744;3614;8612.0;Saída;2.0;156
11745;3644;8613.0;Saída;1.0;156
11746;3674;8614.0;Saída;1.0;156
11747;4061;8615.0;Saída;2.0;156
11748;4018;8616.0;Saída;2.0;156
11749;4074;8617.0;Saída;2.0;156
11750;520;8618.0;Saída;2.0;157
11751;482;8619.0;Saída;1.0;157
11752;494;8620.0;Saída;2.0;157
11753;232;8621.0;Saída;2.0;157
11754;164;8622.0;Saída;2.0;157
11755;168;8623.0;Saída;1.0;157
11756;1256;8624.0;Saída;1.0;157
11757;1264;8625.0;Saída;2.0;157
11758;551;8629.0;Saída;1.0;157
11759;1460;8630.0;Saída;2.0;157
11760;899;8631.0;Saída;1.0;157
11761;891;8632.0;Saída;1.0;157
11762;1682;8633.0;Saída;2.0;157
11763;1718;8634.0;Saída;2.0;157
11764;1689;8635.0;Saída;2.0;157
11765;820;8639.0;Saída;2.0;157
11766;16;8640.0;Saída;2.0;157
11767;36;8641.0;Saída;1.0;157
11768;634;8642.0;Saída;2.0;157
11769;886;8643.0;Saída;1.0;157
11770;1700;8644.0;Saída;1.0;157
11771;1719;8645.0;Saída;1.0;157
11772;1703;8646.0;Saída;2.0;157
11773;919;8647.0;Saída;1.0;157
11774;942;8648.0;Saída;2.0;157
11775;1298;8649.0;Saída;2.0;157
11776;739;8653.0;Saída;1.0;157
11777;785;8654.0;Saída;1.0;157
11778;741;8655.0;Saída;2.0;157
11779;2476;8658.0;Saída;1.0;157
11780;2433;8659.0;Saída;2.0;157
11781;2495;8660.0;Saída;2.0;157
11782;2519;8661.0;Saída;2.0;157
11783;2338;8662.0;Saída;2.0;157
11784;2546;8663.0;Saída;2.0;157
11785;2006;8664.0;Saída;2.0;157
11786;3054;8665.0;Saída;1.0;157
11787;3119;8666.0;Saída;1.0;157
11788;3240;8667.0;Saída;2.0;157
11789;3263;8668.0;Saída;1.0;157
11790;3259;8669.0;Saída;2.0;157
11791;2939;8670.0;Saída;1.0;157
11792;2941;8671.0;Saída;2.0;157
11793;2943;8672.0;Saída;2.0;157
11794;2945;8675.0;Saída;2.0;157
11795;2935;8676.0;Saída;2.0;157
11796;2901;8677.0;Saída;2.0;157
11797;3131;8678.0;Saída;1.0;157
11798;3142;8679.0;Saída;1.0;157
11799;3154;8680.0;Saída;2.0;157
11800;2979;8681.0;Saída;1.0;157
11801;3036;8682.0;Saída;1.0;157
11802;3511;8683.0;Saída;1.0;157
11803;3596;8684.0;Saída;2.0;157
11804;3586;8685.0;Saída;1.0;157
11805;3604;8686.0;Saída;1.0;157
11806;3614;8687.0;Saída;2.0;157
11807;4301;8688.0;Saída;2.0;157
11808;4315;8689.0;Saída;2.0;157
11809;4221;8690.0;Saída;1.0;157
11810;4177;8691.0;Saída;1.0;157
11811;1308;8692.0;Saída;2.0;158
11812;1345;8693.0;Saída;1.0;158
11813;1299;8694.0;Saída;2.0;158
11814;257;8698.0;Saída;1.0;158
11815;315;8699.0;Saída;1.0;158
11816;311;8700.0;Saída;2.0;158
11817;1375;8703.0;Saída;1.0;158
11818;1413;8704.0;Saída;1.0;158
11819;1529;8705.0;Saída;1.0;158
11820;1213;8706.0;Saída;2.0;158
11821;1262;8707.0;Saída;2.0;158
11822;1219;8708.0;Saída;1.0;158
11823;194;8711.0;Saída;2.0;158
11824;175;8712.0;Saída;2.0;158
11825;1351;8714.0;Saída;2.0;158
11826;1350;8715.0;Saída;1.0;158
11827;1292;8716.0;Saída;1.0;158
11828;177;8717.0;Saída;2.0;158
11829;173;8718.0;Saída;2.0;158
11830;1108;8719.0;Saída;1.0;158
11831;1071;8720.0;Saída;2.0;158
11832;1105;8721.0;Saída;2.0;158
11833;766;8722.0;Saída;2.0;158
11834;723;8723.0;Saída;2.0;158
11835;1688;8724.0;Saída;1.0;158
11836;1697;8725.0;Saída;2.0;158
11837;1683;8726.0;Saída;2.0;158
11838;493;8730.0;Saída;2.0;158
11839;817;8731.0;Saída;2.0;158
11840;814;8732.0;Saída;2.0;158
11841;2412;8734.0;Saída;2.0;158
11842;2555;8735.0;Saída;2.0;158
11843;2545;8736.0;Saída;1.0;158
11844;2392;8737.0;Saída;2.0;158
11845;2323;8738.0;Saída;2.0;158
11846;2039;8739.0;Saída;1.0;158
11847;2068;8740.0;Saída;2.0;158
11848;2067;8741.0;Saída;1.0;158
11849;2085;8742.0;Saída;2.0;158
11850;2089;8743.0;Saída;2.0;158
11851;1820;8744.0;Saída;2.0;158
11852;1836;8745.0;Saída;1.0;158
11853;1806;8746.0;Saída;2.0;158
11854;1852;8747.0;Saída;1.0;158
11855;1851;8748.0;Saída;2.0;158
11856;2480;8749.0;Saída;1.0;158
11857;2406;8750.0;Saída;2.0;158
11858;3311;8751.0;Saída;2.0;158
11859;3295;8752.0;Saída;2.0;158
11860;3300;8753.0;Saída;1.0;158
11861;3297;8754.0;Saída;2.0;158
11862;2652;8755.0;Saída;2.0;158
11863;2642;8756.0;Saída;2.0;158
11864;2706;8757.0;Saída;1.0;158
11865;2864;8758.0;Saída;2.0;158
11866;2876;8759.0;Saída;1.0;158
11867;2850;8760.0;Saída;1.0;158
11868;2624;8761.0;Saída;2.0;158
11869;2593;8762.0;Saída;2.0;158
11870;2895;8763.0;Saída;1.0;158
11871;2947;8764.0;Saída;2.0;158
11872;2919;8765.0;Saída;2.0;158
11873;3422;8769.0;Saída;1.0;158
11874;3638;8770.0;Saída;2.0;158
11875;3649;8771.0;Saída;2.0;158
11876;3637;8772.0;Saída;2.0;158
11877;4173;8773.0;Saída;2.0;158
11878;3953;8774.0;Saída;1.0;158
11879;1597;8775.0;Saída;2.0;159
11880;16;8776.0;Saída;1.0;159
11881;64;8777.0;Saída;2.0;159
11882;889;8778.0;Saída;1.0;159
11883;804;8780.0;Saída;1.0;159
11884;870;8781.0;Saída;2.0;159
11885;1604;8782.0;Saída;2.0;159
11886;1625;8783.0;Saída;2.0;159
11887;1680;8784.0;Saída;2.0;159
11888;339;8785.0;Saída;2.0;159
11889;719;8786.0;Saída;2.0;159
11890;549;8787.0;Saída;1.0;159
11891;1199;8790.0;Saída;1.0;159
11892;1128;8791.0;Saída;1.0;159
11893;1436;8792.0;Saída;2.0;159
11894;194;8793.0;Saída;2.0;159
11895;216;8794.0;Saída;1.0;159
11896;412;8795.0;Saída;2.0;159
11897;1690;8796.0;Saída;1.0;159
11898;1727;8797.0;Saída;1.0;159
11899;1340;8800.0;Saída;1.0;159
11900;1341;8801.0;Saída;2.0;159
11901;1291;8802.0;Saída;1.0;159
11902;2079;8804.0;Saída;2.0;159
11903;2484;8805.0;Saída;2.0;159
11904;2550;8806.0;Saída;1.0;159
11905;2543;8807.0;Saída;2.0;159
11906;1784;8808.0;Saída;2.0;159
11907;2419;8809.0;Saída;2.0;159
11908;2458;8810.0;Saída;2.0;159
11909;2415;8811.0;Saída;1.0;159
11910;2407;8812.0;Saída;2.0;159
11911;2431;8813.0;Saída;2.0;159
11912;2439;8814.0;Saída;2.0;159
11913;2178;8815.0;Saída;1.0;159
11914;2387;8816.0;Saída;2.0;159
11915;2399;8817.0;Saída;1.0;159
11916;2331;8818.0;Saída;1.0;159
11917;2384;8819.0;Saída;1.0;159
11918;2340;8820.0;Saída;1.0;159
11919;3205;8828.0;Saída;1.0;159
11920;3204;8829.0;Saída;2.0;159
11921;3403;8833.0;Saída;1.0;159
11922;3434;8834.0;Saída;2.0;159
11923;3388;8835.0;Saída;1.0;159
11924;3600;8838.0;Saída;1.0;159
11925;3534;8839.0;Saída;2.0;159
11926;3558;8840.0;Saída;2.0;159
11927;3521;8841.0;Saída;1.0;159
11928;3545;8842.0;Saída;1.0;159
11929;3567;8843.0;Saída;1.0;159
11930;4246;8844.0;Saída;2.0;159
11931;4243;8845.0;Saída;2.0;159
11932;3991;8846.0;Saída;1.0;159
11933;1621;8849.0;Saída;2.0;160
11934;1669;8850.0;Saída;1.0;160
11935;736;8857.0;Saída;1.0;160
11936;553;8858.0;Saída;2.0;160
11937;486;8859.0;Saída;1.0;160
11938;544;8860.0;Saída;1.0;160
11939;887;8861.0;Saída;1.0;160
11940;1450;8862.0;Saída;1.0;160
11941;1447;8863.0;Saída;1.0;160
11942;510;8864.0;Saída;1.0;160
11943;507;8865.0;Saída;2.0;160
11944;1694;8866.0;Saída;2.0;160
11945;643;8867.0;Saída;1.0;160
11946;673;8868.0;Saída;2.0;160
11947;710;8869.0;Saída;1.0;160
11948;44;8870.0;Saída;2.0;160
11949;38;8871.0;Saída;2.0;160
11950;1519;8872.0;Saída;2.0;160
11951;428;8873.0;Saída;2.0;160
11952;472;8874.0;Saída;1.0;160
11953;1773;8875.0;Saída;1.0;160
11954;2437;8876.0;Saída;2.0;160
11955;2476;8877.0;Saída;1.0;160
11956;2475;8878.0;Saída;2.0;160
11957;2415;8879.0;Saída;2.0;160
11958;1901;8880.0;Saída;2.0;160
11959;1896;8881.0;Saída;2.0;160
11960;1918;8882.0;Saída;2.0;160
11961;2013;8883.0;Saída;2.0;160
11962;2402;8884.0;Saída;1.0;160
11963;3201;8885.0;Saída;2.0;160
11964;3236;8886.0;Saída;1.0;160
11965;3209;8887.0;Saída;2.0;160
11966;3056;8888.0;Saída;2.0;160
11967;2810;8889.0;Saída;2.0;160
11968;2997;8890.0;Saída;2.0;160
11969;3028;8891.0;Saída;2.0;160
11970;2665;8892.0;Saída;1.0;160
11971;2719;8893.0;Saída;2.0;160
11972;3525;8894.0;Saída;1.0;160
11973;3589;8895.0;Saída;2.0;160
11974;3732;8896.0;Saída;1.0;160
11975;3685;8897.0;Saída;1.0;160
11976;3720;8898.0;Saída;2.0;160
11977;3468;8899.0;Saída;1.0;160
11978;3471;8900.0;Saída;1.0;160
11979;4145;8901.0;Saída;2.0;160
11980;4094;8902.0;Saída;2.0;160
11981;4092;8903.0;Saída;2.0;160
11982;4144;8904.0;Saída;1.0;160
11983;967;8905.0;Saída;1.0;161
11984;1040;8906.0;Saída;1.0;161
11985;1193;8907.0;Saída;2.0;161
11986;1130;8908.0;Saída;1.0;161
11987;1132;8909.0;Saída;1.0;161
11988;152;8911.0;Saída;1.0;161
11989;819;8912.0;Saída;1.0;161
11990;728;8914.0;Saída;2.0;161
11991;730;8915.0;Saída;1.0;161
11992;769;8916.0;Saída;2.0;161
11993;8;8917.0;Saída;2.0;161
11994;972;8918.0;Saída;2.0;161
11995;1030;8919.0;Saída;2.0;161
11996;1029;8920.0;Saída;1.0;161
11997;381;8923.0;Saída;2.0;161
11998;335;8924.0;Saída;2.0;161
11999;359;8925.0;Saída;1.0;161
12000;1749;8926.0;Saída;1.0;161
12001;232;8927.0;Saída;1.0;161
12002;489;8928.0;Saída;2.0;161
12003;1023;8929.0;Saída;1.0;161
12004;985;8930.0;Saída;2.0;161
12005;317;8931.0;Saída;1.0;161
12006;252;8932.0;Saída;2.0;161
12007;262;8933.0;Saída;2.0;161
12008;1688;8934.0;Saída;1.0;161
12009;1613;8935.0;Saída;2.0;161
12010;1676;8936.0;Saída;1.0;161
12011;1607;8937.0;Saída;2.0;161
12012;956;8938.0;Saída;1.0;161
12013;890;8939.0;Saída;1.0;161
12014;2328;8940.0;Saída;1.0;161
12015;2327;8941.0;Saída;2.0;161
12016;2367;8942.0;Saída;2.0;161
12017;2071;8943.0;Saída;2.0;161
12018;2013;8944.0;Saída;1.0;161
12019;2508;8945.0;Saída;1.0;161
12020;2549;8946.0;Saída;2.0;161
12021;2546;8947.0;Saída;2.0;161
12022;2555;8948.0;Saída;1.0;161
12023;2014;8952.0;Saída;2.0;161
12024;2951;8953.0;Saída;2.0;161
12025;2898;8954.0;Saída;1.0;161
12026;2914;8955.0;Saída;2.0;161
12027;2712;8956.0;Saída;2.0;161
12028;2704;8957.0;Saída;2.0;161
12029;3337;8958.0;Saída;1.0;161
12030;3347;8959.0;Saída;2.0;161
12031;3349;8960.0;Saída;2.0;161
12032;2694;8961.0;Saída;1.0;161
12033;2641;8962.0;Saída;2.0;161
12034;2718;8963.0;Saída;1.0;161
12035;3298;8964.0;Saída;1.0;161
12036;3347;8965.0;Saída;2.0;161
12037;3711;8966.0;Saída;2.0;161
12038;3378;8967.0;Saída;2.0;161
12039;3407;8968.0;Saída;1.0;161
12040;3366;8969.0;Saída;1.0;161
12041;3680;8970.0;Saída;2.0;161
12042;3620;8971.0;Saída;2.0;161
12043;3635;8972.0;Saída;1.0;161
12044;3717;8973.0;Saída;2.0;161
12045;3696;8974.0;Saída;2.0;161
12046;3693;8975.0;Saída;1.0;161
12047;3791;8976.0;Saída;2.0;161
12048;3787;8977.0;Saída;2.0;161
12049;688;8981.0;Saída;1.0;162
12050;707;8982.0;Saída;1.0;162
12051;769;8983.0;Saída;2.0;162
12052;748;8984.0;Saída;1.0;162
12053;737;8985.0;Saída;1.0;162
12054;1609;8986.0;Saída;1.0;162
12055;1606;8987.0;Saída;1.0;162
12056;1639;8988.0;Saída;1.0;162
12057;1444;8989.0;Saída;2.0;162
12058;724;8990.0;Saída;1.0;162
12059;784;8991.0;Saída;1.0;162
12060;1146;8992.0;Saída;2.0;162
12061;1193;8993.0;Saída;2.0;162
12062;1130;8994.0;Saída;2.0;162
12063;971;8995.0;Saída;1.0;162
12064;1030;8996.0;Saída;2.0;162
12065;250;8997.0;Saída;1.0;162
12066;832;8998.0;Saída;1.0;162
12067;813;8999.0;Saída;2.0;162
12068;812;9000.0;Saída;2.0;162
12069;1670;9001.0;Saída;1.0;162
12070;1610;9002.0;Saída;2.0;162
12071;1605;9003.0;Saída;2.0;162
12072;60;9004.0;Saída;1.0;162
12073;7;9005.0;Saída;2.0;162
12074;69;9006.0;Saída;2.0;162
12075;143;9007.0;Saída;1.0;162
12076;83;9008.0;Saída;2.0;162
12077;152;9009.0;Saída;1.0;162
12078;1350;9010.0;Saída;2.0;162
12079;1284;9011.0;Saída;1.0;162
12080;1632;9013.0;Saída;2.0;162
12081;70;9014.0;Saída;1.0;162
12082;64;9015.0;Saída;1.0;162
12083;77;9016.0;Saída;1.0;162
12084;737;9017.0;Saída;1.0;162
12085;2257;9018.0;Saída;2.0;162
12086;2259;9019.0;Saída;2.0;162
12087;2341;9020.0;Saída;2.0;162
12088;2085;9021.0;Saída;1.0;162
12089;2186;9022.0;Saída;1.0;162
12090;2177;9023.0;Saída;2.0;162
12091;2428;9024.0;Saída;1.0;162
12092;2230;9025.0;Saída;1.0;162
12093;1939;9026.0;Saída;1.0;162
12094;1929;9027.0;Saída;2.0;162
12095;1928;9028.0;Saída;2.0;162
12096;2395;9029.0;Saída;2.0;162
12097;2363;9030.0;Saída;2.0;162
12098;2341;9031.0;Saída;2.0;162
12099;2893;9032.0;Saída;2.0;162
12100;2997;9033.0;Saída;1.0;162
12101;2991;9034.0;Saída;1.0;162
12102;3128;9040.0;Saída;2.0;162
12103;3158;9041.0;Saída;2.0;162
12104;2782;9042.0;Saída;1.0;162
12105;2726;9043.0;Saída;1.0;162
12106;3525;9044.0;Saída;2.0;162
12107;3592;9045.0;Saída;2.0;162
12108;3591;9046.0;Saída;1.0;162
12109;4257;9050.0;Saída;2.0;162
12110;4244;9051.0;Saída;1.0;162
12111;4252;9052.0;Saída;1.0;162
12112;4249;9053.0;Saída;2.0;162
12113;916;9054.0;Saída;2.0;163
12114;787;9055.0;Saída;2.0;163
12115;796;9056.0;Saída;2.0;163
12116;762;9057.0;Saída;2.0;163
12117;1160;9058.0;Saída;1.0;163
12118;1189;9059.0;Saída;1.0;163
12119;260;9060.0;Saída;2.0;163
12120;281;9061.0;Saída;1.0;163
12121;320;9062.0;Saída;2.0;163
12122;156;9063.0;Saída;1.0;163
12123;86;9064.0;Saída;2.0;163
12124;89;9065.0;Saída;2.0;163
12125;886;9066.0;Saída;2.0;163
12126;881;9067.0;Saída;2.0;163
12127;887;9068.0;Saída;1.0;163
12128;916;9069.0;Saída;1.0;163
12129;905;9070.0;Saída;1.0;163
12130;923;9071.0;Saída;1.0;163
12131;1609;9072.0;Saída;1.0;163
12132;1607;9073.0;Saída;2.0;163
12133;689;9074.0;Saída;2.0;163
12134;641;9075.0;Saída;2.0;163
12135;1435;9076.0;Saída;1.0;163
12136;1378;9077.0;Saída;2.0;163
12137;1392;9078.0;Saída;2.0;163
12138;1044;9079.0;Saída;1.0;163
12139;1104;9080.0;Saída;2.0;163
12140;1092;9081.0;Saída;1.0;163
12141;552;9082.0;Saída;2.0;163
12142;559;9083.0;Saída;2.0;163
12143;520;9084.0;Saída;1.0;163
12144;2088;9085.0;Saída;2.0;163
12145;2093;9086.0;Saída;2.0;163
12146;2386;9087.0;Saída;1.0;163
12147;2123;9088.0;Saída;1.0;163
12148;2088;9089.0;Saída;2.0;163
12149;2332;9090.0;Saída;1.0;163
12150;2346;9091.0;Saída;1.0;163
12151;2358;9092.0;Saída;1.0;163
12152;2228;9093.0;Saída;2.0;163
12153;2169;9094.0;Saída;2.0;163
12154;2234;9095.0;Saída;2.0;163
12155;2312;9096.0;Saída;2.0;163
12156;2244;9097.0;Saída;1.0;163
12157;1849;9098.0;Saída;1.0;163
12158;1850;9099.0;Saída;1.0;163
12159;3184;9100.0;Saída;2.0;163
12160;2624;9101.0;Saída;2.0;163
12161;2775;9104.0;Saída;2.0;163
12162;2749;9105.0;Saída;2.0;163
12163;2577;9106.0;Saída;2.0;163
12164;2579;9107.0;Saída;1.0;163
12165;2567;9108.0;Saída;1.0;163
12166;3446;9111.0;Saída;1.0;163
12167;3520;9112.0;Saída;1.0;163
12168;3512;9113.0;Saída;1.0;163
12169;3719;9114.0;Saída;1.0;163
12170;3769;9115.0;Saída;2.0;163
12171;1136;9117.0;Saída;1.0;164
12172;1141;9118.0;Saída;2.0;164
12173;1149;9119.0;Saída;1.0;164
12174;1531;9125.0;Saída;1.0;164
12175;1596;9126.0;Saída;2.0;164
12176;129;9127.0;Saída;2.0;164
12177;387;9128.0;Saída;2.0;164
12178;355;9129.0;Saída;2.0;164
12179;359;9130.0;Saída;1.0;164
12180;1590;9131.0;Saída;1.0;164
12181;1560;9132.0;Saída;2.0;164
12182;1581;9133.0;Saída;2.0;164
12183;861;9134.0;Saída;2.0;164
12184;1014;9135.0;Saída;1.0;164
12185;504;9137.0;Saída;1.0;164
12186;337;9140.0;Saída;2.0;164
12187;380;9141.0;Saída;2.0;164
12188;1432;9142.0;Saída;2.0;164
12189;1046;9143.0;Saída;1.0;164
12190;1427;9147.0;Saída;2.0;164
12191;1798;9151.0;Saída;2.0;164
12192;1836;9152.0;Saída;2.0;164
12193;1806;9153.0;Saída;2.0;164
12194;1844;9154.0;Saída;2.0;164
12195;1862;9155.0;Saída;2.0;164
12196;1858;9156.0;Saída;1.0;164
12197;2174;9157.0;Saída;1.0;164
12198;1864;9158.0;Saída;2.0;164
12199;2019;9159.0;Saída;2.0;164
12200;2080;9160.0;Saída;1.0;164
12201;2027;9161.0;Saída;2.0;164
12202;2483;9162.0;Saída;1.0;164
12203;2553;9163.0;Saída;2.0;164
12204;2020;9164.0;Saída;2.0;164
12205;2053;9165.0;Saída;1.0;164
12206;2669;9166.0;Saída;1.0;164
12207;2815;9167.0;Saída;2.0;164
12208;3021;9168.0;Saída;1.0;164
12209;2972;9169.0;Saída;1.0;164
12210;3032;9170.0;Saída;1.0;164
12211;3100;9171.0;Saída;2.0;164
12212;3099;9172.0;Saída;2.0;164
12213;3050;9173.0;Saída;1.0;164
12214;3340;9174.0;Saída;2.0;164
12215;3284;9175.0;Saída;1.0;164
12216;3302;9176.0;Saída;2.0;164
12217;3115;9177.0;Saída;2.0;164
12218;2721;9178.0;Saída;1.0;164
12219;2736;9179.0;Saída;2.0;164
12220;3540;9182.0;Saída;1.0;164
12221;3757;9184.0;Saída;1.0;164
12222;4076;9185.0;Saída;2.0;164
12223;4074;9186.0;Saída;2.0;164
12224;4094;9187.0;Saída;2.0;164
12225;4095;9188.0;Saída;2.0;164
12226;1282;9189.0;Saída;2.0;165
12227;1299;9190.0;Saída;2.0;165
12228;1298;9191.0;Saída;1.0;165
12229;248;9192.0;Saída;1.0;165
12230;264;9193.0;Saída;1.0;165
12231;286;9194.0;Saída;1.0;165
12232;1585;9195.0;Saída;1.0;165
12233;1701;9196.0;Saída;2.0;165
12234;740;9197.0;Saída;2.0;165
12235;724;9198.0;Saída;2.0;165
12236;727;9199.0;Saída;2.0;165
12237;11;9200.0;Saída;1.0;165
12238;78;9201.0;Saída;2.0;165
12239;1460;9202.0;Saída;2.0;165
12240;304;9203.0;Saída;2.0;165
12241;285;9204.0;Saída;1.0;165
12242;1046;9205.0;Saída;1.0;165
12243;1047;9206.0;Saída;2.0;165
12244;176;9207.0;Saída;1.0;165
12245;1372;9208.0;Saída;1.0;165
12246;1440;9209.0;Saída;2.0;165
12247;1383;9210.0;Saída;2.0;165
12248;753;9211.0;Saída;1.0;165
12249;768;9212.0;Saída;2.0;165
12250;733;9213.0;Saída;2.0;165
12251;91;9214.0;Saída;2.0;165
12252;93;9215.0;Saída;2.0;165
12253;83;9216.0;Saída;2.0;165
12254;1714;9217.0;Saída;2.0;165
12255;1728;9218.0;Saída;2.0;165
12256;495;9219.0;Saída;1.0;165
12257;498;9220.0;Saída;1.0;165
12258;522;9221.0;Saída;2.0;165
12259;1365;9222.0;Saída;2.0;165
12260;1361;9223.0;Saída;2.0;165
12261;1383;9224.0;Saída;2.0;165
12262;314;9225.0;Saída;1.0;165
12263;244;9226.0;Saída;2.0;165
12264;2138;9227.0;Saída;1.0;165
12265;2429;9228.0;Saída;1.0;165
12266;2002;9229.0;Saída;2.0;165
12267;2083;9230.0;Saída;1.0;165
12268;2114;9231.0;Saída;2.0;165
12269;2147;9232.0;Saída;1.0;165
12270;2562;9233.0;Saída;1.0;165
12271;2634;9234.0;Saída;2.0;165
12272;2595;9235.0;Saída;2.0;165
12273;2835;9236.0;Saída;2.0;165
12274;2864;9237.0;Saída;2.0;165
12275;2803;9238.0;Saída;1.0;165
12276;2739;9239.0;Saída;2.0;165
12277;2690;9240.0;Saída;2.0;165
12278;2673;9241.0;Saída;1.0;165
12279;3125;9242.0;Saída;1.0;165
12280;3184;9243.0;Saída;2.0;165
12281;3152;9244.0;Saída;1.0;165
12282;3054;9245.0;Saída;1.0;165
12283;3112;9246.0;Saída;2.0;165
12284;3418;9247.0;Saída;1.0;165
12285;3375;9248.0;Saída;2.0;165
12286;3634;9249.0;Saída;1.0;165
12287;3614;9250.0;Saída;1.0;165
12288;3646;9251.0;Saída;1.0;165
12289;3559;9252.0;Saída;2.0;165
12290;3544;9253.0;Saída;2.0;165
12291;3729;9254.0;Saída;2.0;165
12292;3754;9255.0;Saída;2.0;165
12293;3696;9256.0;Saída;2.0;165
12294;4095;9257.0;Saída;2.0;165
12295;4082;9258.0;Saída;1.0;165
12296;4081;9259.0;Saída;1.0;165
12297;3956;9260.0;Saída;2.0;165
12298;1539;9261.0;Saída;1.0;166
12299;1540;9262.0;Saída;2.0;166
12300;1523;9263.0;Saída;1.0;166
12301;1748;9264.0;Saída;1.0;166
12302;1691;9265.0;Saída;1.0;166
12303;333;9267.0;Saída;2.0;166
12304;1060;9268.0;Saída;2.0;166
12305;1219;9269.0;Saída;2.0;166
12306;1210;9270.0;Saída;1.0;166
12307;1133;9272.0;Saída;1.0;166
12308;284;9273.0;Saída;1.0;166
12309;258;9274.0;Saída;2.0;166
12310;283;9275.0;Saída;2.0;166
12311;754;9276.0;Saída;2.0;166
12312;788;9277.0;Saída;2.0;166
12313;731;9278.0;Saída;2.0;166
12314;564;9279.0;Saída;2.0;166
12315;574;9280.0;Saída;2.0;166
12316;602;9281.0;Saída;1.0;166
12317;722;9284.0;Saída;2.0;166
12318;782;9285.0;Saída;2.0;166
12319;729;9286.0;Saída;2.0;166
12320;270;9287.0;Saída;1.0;166
12321;1546;9288.0;Saída;2.0;166
12322;1585;9289.0;Saída;1.0;166
12323;1577;9290.0;Saída;1.0;166
12324;893;9294.0;Saída;2.0;166
12325;1927;9295.0;Saída;2.0;166
12326;2433;9296.0;Saída;2.0;166
12327;2403;9297.0;Saída;1.0;166
12328;1946;9301.0;Saída;2.0;166
12329;1925;9302.0;Saída;2.0;166
12330;2070;9303.0;Saída;2.0;166
12331;2010;9304.0;Saída;1.0;166
12332;2067;9305.0;Saída;1.0;166
12333;2406;9306.0;Saída;2.0;166
12334;2462;9307.0;Saída;1.0;166
12335;1859;9308.0;Saída;1.0;166
12336;1856;9309.0;Saída;2.0;166
12337;1902;9310.0;Saída;2.0;166
12338;1827;9311.0;Saída;2.0;166
12339;1761;9312.0;Saída;1.0;166
12340;1764;9313.0;Saída;1.0;166
12341;2895;9314.0;Saída;2.0;166
12342;2890;9315.0;Saída;1.0;166
12343;2894;9316.0;Saída;2.0;166
12344;3319;9320.0;Saída;2.0;166
12345;3311;9321.0;Saída;1.0;166
12346;3283;9322.0;Saída;1.0;166
12347;3289;9323.0;Saída;1.0;166
12348;3348;9324.0;Saída;2.0;166
12349;3341;9325.0;Saída;2.0;166
12350;2927;9326.0;Saída;1.0;166
12351;2901;9327.0;Saída;1.0;166
12352;3222;9328.0;Saída;2.0;166
12353;3210;9329.0;Saída;1.0;166
12354;3276;9330.0;Saída;2.0;166
12355;2747;9331.0;Saída;1.0;166
12356;2755;9332.0;Saída;1.0;166
12357;2788;9333.0;Saída;1.0;166
12358;3583;9337.0;Saída;1.0;166
12359;3529;9338.0;Saída;2.0;166
12360;3590;9339.0;Saída;2.0;166
12361;3457;9340.0;Saída;1.0;166
12362;3545;9341.0;Saída;1.0;166
12363;3528;9342.0;Saída;1.0;166
12364;4096;9343.0;Saída;1.0;166
12365;4117;9344.0;Saída;1.0;166
12366;4097;9345.0;Saída;1.0;166
12367;4115;9346.0;Saída;2.0;166
12368;4143;9347.0;Saída;2.0;166
12369;4138;9348.0;Saída;2.0;166
12370;1600;9349.0;Saída;1.0;167
12371;1537;9350.0;Saída;1.0;167
12372;1533;9351.0;Saída;2.0;167
12373;1182;9352.0;Saída;1.0;167
12374;1195;9353.0;Saída;2.0;167
12375;1359;9355.0;Saída;2.0;167
12376;805;9359.0;Saída;1.0;167
12377;803;9360.0;Saída;2.0;167
12378;810;9361.0;Saída;2.0;167
12379;1471;9362.0;Saída;2.0;167
12380;1504;9363.0;Saída;2.0;167
12381;1666;9364.0;Saída;2.0;167
12382;1608;9365.0;Saída;1.0;167
12383;1679;9366.0;Saída;2.0;167
12384;96;9367.0;Saída;1.0;167
12385;95;9368.0;Saída;1.0;167
12386;765;9369.0;Saída;1.0;167
12387;623;9370.0;Saída;1.0;167
12388;634;9371.0;Saída;1.0;167
12389;325;9372.0;Saída;2.0;167
12390;389;9373.0;Saída;1.0;167
12391;2552;9374.0;Saída;1.0;167
12392;2536;9375.0;Saída;2.0;167
12393;2518;9376.0;Saída;2.0;167
12394;2016;9377.0;Saída;1.0;167
12395;2051;9378.0;Saída;2.0;167
12396;2074;9379.0;Saída;2.0;167
12397;2041;9380.0;Saída;1.0;167
12398;2072;9381.0;Saída;2.0;167
12399;2187;9382.0;Saída;1.0;167
12400;1913;9383.0;Saída;2.0;167
12401;2814;9384.0;Saída;2.0;167
12402;2868;9385.0;Saída;2.0;167
12403;2874;9386.0;Saída;2.0;167
12404;2705;9387.0;Saída;2.0;167
12405;2651;9388.0;Saída;2.0;167
12406;2654;9389.0;Saída;1.0;167
12407;2663;9392.0;Saída;2.0;167
12408;2654;9393.0;Saída;2.0;167
12409;2803;9394.0;Saída;1.0;167
12410;2873;9395.0;Saída;2.0;167
12411;3342;9396.0;Saída;1.0;167
12412;3306;9397.0;Saída;1.0;167
12413;3293;9398.0;Saída;1.0;167
12414;3393;9399.0;Saída;1.0;167
12415;3374;9400.0;Saída;1.0;167
12416;3984;9405.0;Saída;2.0;167
12417;563;9406.0;Saída;1.0;168
12418;613;9407.0;Saída;2.0;168
12419;715;9408.0;Saída;1.0;168
12420;382;9409.0;Saída;1.0;168
12421;338;9410.0;Saída;1.0;168
12422;720;9411.0;Saída;1.0;168
12423;651;9412.0;Saída;1.0;168
12424;409;9413.0;Saída;2.0;168
12425;436;9414.0;Saída;2.0;168
12426;1677;9415.0;Saída;2.0;168
12427;180;9416.0;Saída;2.0;168
12428;229;9417.0;Saída;2.0;168
12429;210;9418.0;Saída;2.0;168
12430;161;9419.0;Saída;1.0;168
12431;1055;9420.0;Saída;2.0;168
12432;1117;9421.0;Saída;2.0;168
12433;19;9422.0;Saída;2.0;168
12434;14;9423.0;Saída;1.0;168
12435;331;9424.0;Saída;1.0;168
12436;335;9425.0;Saída;2.0;168
12437;330;9426.0;Saída;1.0;168
12438;1985;9427.0;Saída;2.0;168
12439;1817;9428.0;Saída;2.0;168
12440;1812;9429.0;Saída;1.0;168
12441;1860;9430.0;Saída;1.0;168
12442;1874;9431.0;Saída;1.0;168
12443;2254;9432.0;Saída;1.0;168
12444;3146;9435.0;Saída;1.0;168
12445;3137;9436.0;Saída;1.0;168
12446;3142;9437.0;Saída;1.0;168
12447;2730;9438.0;Saída;2.0;168
12448;2722;9439.0;Saída;2.0;168
12449;2735;9440.0;Saída;1.0;168
12450;3360;9441.0;Saída;2.0;168
12451;2587;9442.0;Saída;2.0;168
12452;2596;9443.0;Saída;2.0;168
12453;2594;9444.0;Saída;1.0;168
12454;3513;9445.0;Saída;1.0;168
12455;3663;9446.0;Saída;1.0;168
12456;3661;9447.0;Saída;1.0;168
12457;3456;9448.0;Saída;1.0;168
12458;3445;9449.0;Saída;2.0;168
12459;3462;9450.0;Saída;2.0;168
12460;3833;9451.0;Saída;2.0;168
12461;3840;9452.0;Saída;1.0;168
12462;3811;9453.0;Saída;1.0;168
12463;4018;9454.0;Saída;2.0;168
12464;4014;9455.0;Saída;1.0;168
12465;4005;9456.0;Saída;1.0;168
12466;349;9457.0;Saída;1.0;169
12467;324;9458.0;Saída;2.0;169
12468;1664;9459.0;Saída;2.0;169
12469;1565;9460.0;Saída;2.0;169
12470;1582;9461.0;Saída;2.0;169
12471;1066;9462.0;Saída;2.0;169
12472;1104;9463.0;Saída;2.0;169
12473;1750;9464.0;Saída;1.0;169
12474;1708;9466.0;Saída;2.0;169
12475;1692;9467.0;Saída;2.0;169
12476;646;9468.0;Saída;2.0;169
12477;703;9469.0;Saída;2.0;169
12478;709;9470.0;Saída;1.0;169
12479;1545;9471.0;Saída;1.0;169
12480;1561;9472.0;Saída;2.0;169
12481;1670;9474.0;Saída;2.0;169
12482;1603;9475.0;Saída;2.0;169
12483;883;9476.0;Saída;2.0;169
12484;957;9477.0;Saída;2.0;169
12485;1025;9478.0;Saída;2.0;169
12486;964;9479.0;Saída;1.0;169
12487;1604;9480.0;Saída;1.0;169
12488;1617;9481.0;Saída;2.0;169
12489;2500;9482.0;Saída;2.0;169
12490;2340;9483.0;Saída;2.0;169
12491;2331;9484.0;Saída;2.0;169
12492;2241;9485.0;Saída;1.0;169
12493;2302;9486.0;Saída;2.0;169
12494;2270;9487.0;Saída;2.0;169
12495;2309;9488.0;Saída;1.0;169
12496;2488;9489.0;Saída;2.0;169
12497;2487;9490.0;Saída;1.0;169
12498;1790;9491.0;Saída;2.0;169
12499;1817;9492.0;Saída;2.0;169
12500;2541;9493.0;Saída;2.0;169
12501;2492;9494.0;Saída;1.0;169
12502;3229;9497.0;Saída;1.0;169
12503;2953;9498.0;Saída;2.0;169
12504;2950;9499.0;Saída;1.0;169
12505;2873;9500.0;Saída;1.0;169
12506;2815;9501.0;Saída;2.0;169
12507;3056;9502.0;Saída;2.0;169
12508;3044;9503.0;Saída;2.0;169
12509;3049;9504.0;Saída;2.0;169
12510;3699;9505.0;Saída;1.0;169
12511;3695;9506.0;Saída;2.0;169
12512;3691;9507.0;Saída;1.0;169
12513;3731;9508.0;Saída;2.0;169
12514;3709;9509.0;Saída;2.0;169
12515;4266;9510.0;Saída;1.0;169
12516;4288;9511.0;Saída;1.0;169
12517;4258;9512.0;Saída;1.0;169
12518;1361;9513.0;Saída;1.0;170
12519;153;9514.0;Saída;2.0;170
12520;85;9515.0;Saída;1.0;170
12521;1497;9516.0;Saída;1.0;170
12522;1239;9517.0;Saída;1.0;170
12523;105;9518.0;Saída;2.0;170
12524;104;9519.0;Saída;2.0;170
12525;895;9520.0;Saída;2.0;170
12526;897;9521.0;Saída;1.0;170
12527;898;9522.0;Saída;1.0;170
12528;1536;9523.0;Saída;2.0;170
12529;658;9524.0;Saída;1.0;170
12530;701;9525.0;Saída;2.0;170
12531;360;9526.0;Saída;2.0;170
12532;327;9527.0;Saída;1.0;170
12533;1894;9528.0;Saída;1.0;170
12534;1855;9529.0;Saída;1.0;170
12535;1878;9530.0;Saída;1.0;170
12536;2054;9531.0;Saída;2.0;170
12537;2410;9532.0;Saída;1.0;170
12538;2408;9533.0;Saída;1.0;170
12539;1856;9534.0;Saída;2.0;170
12540;1910;9535.0;Saída;2.0;170
12541;2857;9536.0;Saída;1.0;170
12542;2844;9537.0;Saída;2.0;170
12543;2838;9538.0;Saída;2.0;170
12544;3067;9539.0;Saída;1.0;170
12545;2903;9540.0;Saída;1.0;170
12546;2931;9541.0;Saída;2.0;170
12547;2958;9542.0;Saída;2.0;170
12548;3066;9543.0;Saída;2.0;170
12549;2877;9545.0;Saída;2.0;170
12550;3682;9547.0;Saída;2.0;170
12551;3698;9548.0;Saída;2.0;170
12552;3687;9549.0;Saída;1.0;170
12553;3855;9551.0;Saída;1.0;170
12554;3885;9552.0;Saída;2.0;170
12555;3770;9553.0;Saída;2.0;170
12556;495;9554.0;Saída;2.0;171
12557;496;9555.0;Saída;1.0;171
12558;556;9556.0;Saída;2.0;171
12559;4;9557.0;Saída;2.0;171
12560;267;9561.0;Saída;2.0;171
12561;242;9562.0;Saída;2.0;171
12562;1300;9565.0;Saída;1.0;171
12563;393;9566.0;Saída;1.0;171
12564;574;9567.0;Saída;1.0;171
12565;629;9568.0;Saída;1.0;171
12566;625;9569.0;Saída;1.0;171
12567;1423;9572.0;Saída;1.0;171
12568;1381;9573.0;Saída;1.0;171
12569;1613;9574.0;Saída;1.0;171
12570;1628;9575.0;Saída;1.0;171
12571;1103;9576.0;Saída;2.0;171
12572;2504;9580.0;Saída;2.0;171
12573;2495;9581.0;Saída;2.0;171
12574;2115;9582.0;Saída;2.0;171
12575;2136;9583.0;Saída;1.0;171
12576;2097;9584.0;Saída;1.0;171
12577;2039;9585.0;Saída;2.0;171
12578;2016;9586.0;Saída;1.0;171
12579;2067;9587.0;Saída;2.0;171
12580;1880;9588.0;Saída;1.0;171
12581;2438;9589.0;Saída;1.0;171
12582;2087;9590.0;Saída;2.0;171
12583;2155;9591.0;Saída;2.0;171
12584;3283;9594.0;Saída;1.0;171
12585;3313;9595.0;Saída;2.0;171
12586;3288;9596.0;Saída;2.0;171
12587;3107;9597.0;Saída;2.0;171
12588;2972;9598.0;Saída;2.0;171
12589;2987;9599.0;Saída;1.0;171
12590;2973;9600.0;Saída;1.0;171
12591;3093;9601.0;Saída;1.0;171
12592;3043;9602.0;Saída;1.0;171
12593;3116;9603.0;Saída;2.0;171
12594;3287;9604.0;Saída;2.0;171
12595;3322;9605.0;Saída;1.0;171
12596;3386;9606.0;Saída;2.0;171
12597;3582;9607.0;Saída;1.0;171
12598;3583;9608.0;Saída;1.0;171
12599;3528;9609.0;Saída;2.0;171
12600;3380;9610.0;Saída;1.0;171
12601;3424;9611.0;Saída;2.0;171
12602;3402;9612.0;Saída;2.0;171
12603;3981;9613.0;Saída;1.0;171
12604;3923;9614.0;Saída;1.0;171
12605;4278;9615.0;Saída;2.0;171
12606;193;9616.0;Saída;2.0;172
12607;221;9617.0;Saída;2.0;172
12608;223;9618.0;Saída;1.0;172
12609;1366;9619.0;Saída;2.0;172
12610;301;9620.0;Saída;2.0;172
12611;346;9621.0;Saída;2.0;172
12612;326;9622.0;Saída;2.0;172
12613;756;9623.0;Saída;1.0;172
12614;786;9624.0;Saída;1.0;172
12615;313;9625.0;Saída;2.0;172
12616;290;9626.0;Saída;2.0;172
12617;1538;9629.0;Saída;2.0;172
12618;1259;9630.0;Saída;1.0;172
12619;1241;9631.0;Saída;2.0;172
12620;2;9635.0;Saída;1.0;172
12621;491;9636.0;Saída;2.0;172
12622;1765;9637.0;Saída;2.0;172
12623;1769;9638.0;Saída;1.0;172
12624;1815;9639.0;Saída;1.0;172
12625;2228;9640.0;Saída;1.0;172
12626;2514;9645.0;Saída;2.0;172
12627;3029;9646.0;Saída;1.0;172
12628;3039;9647.0;Saída;2.0;172
12629;2710;9648.0;Saída;1.0;172
12630;2694;9649.0;Saída;1.0;172
12631;2749;9650.0;Saída;2.0;172
12632;2790;9651.0;Saída;1.0;172
12633;2792;9652.0;Saída;2.0;172
12634;3121;9653.0;Saída;1.0;172
12635;3200;9654.0;Saída;1.0;172
12636;3158;9655.0;Saída;1.0;172
12637;3137;9656.0;Saída;2.0;172
12638;2635;9657.0;Saída;1.0;172
12639;2580;9658.0;Saída;1.0;172
12640;3281;9659.0;Saída;1.0;172
12641;3319;9660.0;Saída;1.0;172
12642;3346;9661.0;Saída;1.0;172
12643;3759;9662.0;Saída;1.0;172
12644;3533;9663.0;Saída;2.0;172
12645;3551;9664.0;Saída;1.0;172
12646;3534;9665.0;Saída;1.0;172
12647;3665;9666.0;Saída;2.0;172
12648;3616;9667.0;Saída;1.0;172
12649;3653;9668.0;Saída;2.0;172
12650;3711;9669.0;Saída;1.0;172
12651;4254;9670.0;Saída;1.0;172
12652;4255;9671.0;Saída;2.0;172
12653;379;9675.0;Saída;1.0;173
12654;364;9676.0;Saída;1.0;173
12655;166;9677.0;Saída;1.0;173
12656;223;9678.0;Saída;2.0;173
12657;174;9679.0;Saída;2.0;173
12658;465;9680.0;Saída;1.0;173
12659;403;9681.0;Saída;2.0;173
12660;475;9682.0;Saída;1.0;173
12661;73;9683.0;Saída;2.0;173
12662;2;9684.0;Saída;2.0;173
12663;349;9685.0;Saída;2.0;173
12664;390;9686.0;Saída;1.0;173
12665;300;9690.0;Saída;1.0;173
12666;292;9691.0;Saída;2.0;173
12667;256;9692.0;Saída;1.0;173
12668;563;9693.0;Saída;1.0;173
12669;638;9694.0;Saída;2.0;173
12670;623;9695.0;Saída;2.0;173
12671;900;9696.0;Saída;2.0;173
12672;896;9697.0;Saída;1.0;173
12673;2221;9698.0;Saída;1.0;173
12674;2229;9699.0;Saída;2.0;173
12675;1857;9700.0;Saída;2.0;173
12676;1849;9701.0;Saída;2.0;173
12677;1913;9702.0;Saída;1.0;173
12678;2180;9703.0;Saída;2.0;173
12679;2261;9707.0;Saída;2.0;173
12680;2306;9708.0;Saída;1.0;173
12681;2295;9709.0;Saída;1.0;173
12682;1769;9710.0;Saída;1.0;173
12683;1827;9711.0;Saída;1.0;173
12684;1764;9712.0;Saída;1.0;173
12685;2683;9714.0;Saída;2.0;173
12686;2720;9715.0;Saída;2.0;173
12687;3126;9716.0;Saída;1.0;173
12688;3308;9717.0;Saída;2.0;173
12689;2639;9718.0;Saída;1.0;173
12690;2581;9719.0;Saída;1.0;173
12691;2757;9720.0;Saída;2.0;173
12692;2798;9721.0;Saída;2.0;173
12693;2750;9722.0;Saída;1.0;173
12694;3585;9723.0;Saída;2.0;173
12695;3524;9724.0;Saída;2.0;173
12696;3595;9725.0;Saída;1.0;173
12697;3382;9726.0;Saída;1.0;173
12698;3392;9727.0;Saída;2.0;173
12699;3410;9728.0;Saída;1.0;173
12700;4104;9730.0;Saída;1.0;173
12701;1550;9731.0;Saída;2.0;174
12702;485;9732.0;Saída;2.0;174
12703;739;9733.0;Saída;2.0;174
12704;766;9734.0;Saída;2.0;174
12705;1606;9735.0;Saída;2.0;174
12706;1621;9736.0;Saída;2.0;174
12707;1000;9737.0;Saída;2.0;174
12708;975;9738.0;Saída;1.0;174
12709;963;9739.0;Saída;1.0;174
12710;894;9740.0;Saída;1.0;174
12711;895;9741.0;Saída;1.0;174
12712;65;9744.0;Saída;1.0;174
12713;77;9745.0;Saída;2.0;174
12714;1317;9746.0;Saída;2.0;174
12715;165;9747.0;Saída;1.0;174
12716;222;9748.0;Saída;2.0;174
12717;164;9749.0;Saída;1.0;174
12718;997;9750.0;Saída;2.0;174
12719;1038;9751.0;Saída;2.0;174
12720;1603;9752.0;Saída;2.0;174
12721;1615;9753.0;Saída;1.0;174
12722;2231;9754.0;Saída;2.0;174
12723;2172;9755.0;Saída;2.0;174
12724;2162;9756.0;Saída;2.0;174
12725;2011;9757.0;Saída;2.0;174
12726;2038;9758.0;Saída;2.0;174
12727;2069;9759.0;Saída;2.0;174
12728;2114;9760.0;Saída;2.0;174
12729;1778;9761.0;Saída;2.0;174
12730;1766;9762.0;Saída;1.0;174
12731;2098;9763.0;Saída;1.0;174
12732;3105;9765.0;Saída;2.0;174
12733;3217;9766.0;Saída;2.0;174
12734;3268;9767.0;Saída;1.0;174
12735;2819;9768.0;Saída;2.0;174
12736;2811;9769.0;Saída;2.0;174
12737;2652;9770.0;Saída;2.0;174
12738;2715;9771.0;Saída;2.0;174
12739;3112;9772.0;Saída;2.0;174
12740;3248;9773.0;Saída;2.0;174
12741;3686;9774.0;Saída;1.0;174
12742;3742;9775.0;Saída;1.0;174
12743;3526;9779.0;Saída;1.0;174
12744;3536;9780.0;Saída;2.0;174
12745;3872;9781.0;Saída;2.0;174
12746;3858;9782.0;Saída;1.0;174
12747;730;9783.0;Saída;2.0;175
12748;463;9784.0;Saída;1.0;175
12749;435;9785.0;Saída;1.0;175
12750;408;9786.0;Saída;1.0;175
12751;151;9787.0;Saída;1.0;175
12752;84;9788.0;Saída;1.0;175
12753;98;9789.0;Saída;1.0;175
12754;666;9790.0;Saída;1.0;175
12755;691;9791.0;Saída;1.0;175
12756;714;9792.0;Saída;2.0;175
12757;374;9793.0;Saída;2.0;175
12758;394;9794.0;Saída;1.0;175
12759;389;9795.0;Saída;2.0;175
12760;433;9796.0;Saída;2.0;175
12761;409;9797.0;Saída;2.0;175
12762;909;9801.0;Saída;1.0;175
12763;945;9802.0;Saída;1.0;175
12764;894;9803.0;Saída;2.0;175
12765;1422;9804.0;Saída;1.0;175
12766;736;9805.0;Saída;1.0;175
12767;164;9806.0;Saída;1.0;175
12768;2092;9807.0;Saída;2.0;175
12769;1822;9809.0;Saída;2.0;175
12770;2408;9810.0;Saída;1.0;175
12771;2427;9811.0;Saída;2.0;175
12772;2479;9812.0;Saída;2.0;175
12773;2314;9813.0;Saída;2.0;175
12774;2304;9814.0;Saída;1.0;175
12775;2276;9815.0;Saída;2.0;175
12776;2134;9816.0;Saída;1.0;175
12777;2151;9817.0;Saída;1.0;175
12778;2791;9820.0;Saída;1.0;175
12779;2719;9821.0;Saída;1.0;175
12780;3281;9822.0;Saída;1.0;175
12781;3294;9823.0;Saída;2.0;175
12782;2658;9825.0;Saída;1.0;175
12783;2654;9826.0;Saída;1.0;175
12784;3600;9828.0;Saída;1.0;175
12785;3382;9829.0;Saída;2.0;175
12786;4192;9830.0;Saída;2.0;175
12787;4225;9831.0;Saída;1.0;175
12788;4147;9832.0;Saída;1.0;175
12789;1216;9833.0;Saída;1.0;176
12790;1203;9834.0;Saída;2.0;176
12791;1711;9835.0;Saída;1.0;176
12792;1730;9836.0;Saída;2.0;176
12793;1695;9837.0;Saída;2.0;176
12794;85;9838.0;Saída;1.0;176
12795;128;9839.0;Saída;1.0;176
12796;155;9840.0;Saída;2.0;176
12797;668;9841.0;Saída;2.0;176
12798;681;9842.0;Saída;2.0;176
12799;687;9843.0;Saída;1.0;176
12800;1741;9844.0;Saída;2.0;176
12801;1695;9845.0;Saída;1.0;176
12802;1697;9846.0;Saída;1.0;176
12803;1118;9847.0;Saída;2.0;176
12804;1218;9848.0;Saída;2.0;176
12805;1265;9849.0;Saída;1.0;176
12806;419;9850.0;Saída;2.0;176
12807;471;9851.0;Saída;1.0;176
12808;1296;9852.0;Saída;2.0;176
12809;65;9853.0;Saída;1.0;176
12810;10;9854.0;Saída;1.0;176
12811;62;9855.0;Saída;1.0;176
12812;1053;9856.0;Saída;1.0;176
12813;1042;9857.0;Saída;2.0;176
12814;1045;9858.0;Saída;2.0;176
12815;990;9859.0;Saída;1.0;176
12816;964;9860.0;Saída;1.0;176
12817;1021;9861.0;Saída;1.0;176
12818;1713;9862.0;Saída;1.0;176
12819;485;9863.0;Saída;2.0;176
12820;525;9864.0;Saída;1.0;176
12821;544;9865.0;Saída;2.0;176
12822;2073;9866.0;Saída;2.0;176
12823;2082;9867.0;Saída;2.0;176
12824;2085;9868.0;Saída;2.0;176
12825;2160;9869.0;Saída;2.0;176
12826;1856;9870.0;Saída;2.0;176
12827;1861;9871.0;Saída;1.0;176
12828;1904;9872.0;Saída;2.0;176
12829;2093;9873.0;Saída;2.0;176
12830;2518;9874.0;Saída;1.0;176
12831;2560;9875.0;Saída;1.0;176
12832;2143;9876.0;Saída;1.0;176
12833;3012;9877.0;Saída;2.0;176
12834;3028;9878.0;Saída;1.0;176
12835;3027;9879.0;Saída;2.0;176
12836;3109;9880.0;Saída;2.0;176
12837;3113;9881.0;Saída;1.0;176
12838;2793;9882.0;Saída;2.0;176
12839;2746;9883.0;Saída;2.0;176
12840;2756;9884.0;Saída;1.0;176
12841;3018;9887.0;Saída;2.0;176
12842;2979;9888.0;Saída;2.0;176
12843;3582;9891.0;Saída;1.0;176
12844;3427;9892.0;Saída;1.0;176
12845;3363;9893.0;Saída;2.0;176
12846;3848;9894.0;Saída;2.0;176
12847;3901;9895.0;Saída;1.0;176
12848;3917;9896.0;Saída;2.0;176
12849;1479;9897.0;Saída;2.0;177
12850;1468;9898.0;Saída;1.0;177
12851;1498;9899.0;Saída;2.0;177
12852;579;9900.0;Saída;2.0;177
12853;602;9901.0;Saída;2.0;177
12854;576;9902.0;Saída;2.0;177
12855;1601;9903.0;Saída;1.0;177
12856;1616;9904.0;Saída;2.0;177
12857;50;9905.0;Saída;2.0;177
12858;72;9906.0;Saída;1.0;177
12859;14;9907.0;Saída;2.0;177
12860;604;9908.0;Saída;1.0;177
12861;621;9909.0;Saída;2.0;177
12862;1725;9911.0;Saída;1.0;177
12863;465;9912.0;Saída;2.0;177
12864;440;9913.0;Saída;1.0;177
12865;1183;9914.0;Saída;2.0;177
12866;1200;9915.0;Saída;1.0;177
12867;561;9916.0;Saída;1.0;177
12868;573;9917.0;Saída;2.0;177
12869;570;9918.0;Saída;1.0;177
12870;1013;9919.0;Saída;1.0;177
12871;978;9920.0;Saída;2.0;177
12872;1005;9921.0;Saída;2.0;177
12873;349;9922.0;Saída;2.0;177
12874;391;9923.0;Saída;1.0;177
12875;330;9924.0;Saída;1.0;177
12876;410;9925.0;Saída;1.0;177
12877;468;9926.0;Saída;2.0;177
12878;466;9927.0;Saída;1.0;177
12879;2053;9928.0;Saída;1.0;177
12880;2066;9929.0;Saída;1.0;177
12881;2072;9930.0;Saída;1.0;177
12882;2274;9931.0;Saída;1.0;177
12883;2289;9932.0;Saída;1.0;177
12884;2251;9933.0;Saída;2.0;177
12885;2250;9934.0;Saída;2.0;177
12886;2140;9935.0;Saída;2.0;177
12887;2112;9936.0;Saída;1.0;177
12888;2508;9937.0;Saída;2.0;177
12889;2084;9938.0;Saída;1.0;177
12890;2095;9939.0;Saída;1.0;177
12891;2091;9940.0;Saída;1.0;177
12892;1779;9941.0;Saída;2.0;177
12893;1828;9942.0;Saída;2.0;177
12894;2761;9943.0;Saída;2.0;177
12895;2798;9944.0;Saída;1.0;177
12896;2787;9945.0;Saída;2.0;177
12897;2743;9946.0;Saída;1.0;177
12898;2617;9947.0;Saída;1.0;177
12899;2568;9948.0;Saída;2.0;177
12900;2613;9949.0;Saída;2.0;177
12901;2936;9950.0;Saída;2.0;177
12902;2895;9951.0;Saída;1.0;177
12903;3440;9954.0;Saída;2.0;177
12904;3366;9955.0;Saída;2.0;177
12905;3427;9956.0;Saída;1.0;177
12906;4092;9957.0;Saída;2.0;177
12907;411;9958.0;Saída;1.0;178
12908;914;9959.0;Saída;2.0;178
12909;252;9960.0;Saída;1.0;178
12910;256;9961.0;Saída;2.0;178
12911;805;9962.0;Saída;1.0;178
12912;171;9963.0;Saída;1.0;178
12913;166;9964.0;Saída;1.0;178
12914;213;9965.0;Saída;1.0;178
12915;1013;9969.0;Saída;1.0;178
12916;1010;9970.0;Saída;1.0;178
12917;539;9971.0;Saída;1.0;178
12918;484;9972.0;Saída;2.0;178
12919;522;9973.0;Saída;1.0;178
12920;1508;9974.0;Saída;1.0;178
12921;1601;9975.0;Saída;1.0;178
12922;1646;9976.0;Saída;2.0;178
12923;1618;9977.0;Saída;1.0;178
12924;1861;9979.0;Saída;1.0;178
12925;1890;9980.0;Saída;2.0;178
12926;2047;9981.0;Saída;1.0;178
12927;2036;9982.0;Saída;2.0;178
12928;2100;9983.0;Saída;2.0;178
12929;2164;9984.0;Saída;1.0;178
12930;2329;9985.0;Saída;1.0;178
12931;2339;9986.0;Saída;2.0;178
12932;2217;9987.0;Saída;2.0;178
12933;3108;9988.0;Saída;2.0;178
12934;2916;9989.0;Saída;1.0;178
12935;2951;9990.0;Saída;2.0;178
12936;2947;9991.0;Saída;2.0;178
12937;2742;9992.0;Saída;1.0;178
12938;2722;9993.0;Saída;1.0;178
12939;2732;9994.0;Saída;1.0;178
12940;2808;9995.0;Saída;2.0;178
12941;2869;9996.0;Saída;2.0;178
12942;2822;9997.0;Saída;2.0;178
12943;3259;9998.0;Saída;1.0;178
12944;3203;9999.0;Saída;2.0;178
12945;3271;10000.0;Saída;2.0;178
12946;3364;10004.0;Saída;1.0;178
12947;3368;10005.0;Saída;2.0;178
12948;4063;10006.0;Saída;1.0;178
12949;4006;10007.0;Saída;2.0;178
12950;4009;10008.0;Saída;2.0;178
12951;49;10009.0;Saída;1.0;179
12952;79;10010.0;Saída;2.0;179
12953;16;10011.0;Saída;2.0;179
12954;340;10012.0;Saída;2.0;179
12955;397;10013.0;Saída;1.0;179
12956;786;10014.0;Saída;1.0;179
12957;713;10015.0;Saída;2.0;179
12958;277;10016.0;Saída;1.0;179
12959;255;10017.0;Saída;2.0;179
12960;313;10018.0;Saída;2.0;179
12961;1285;10019.0;Saída;1.0;179
12962;1359;10020.0;Saída;2.0;179
12963;1287;10021.0;Saída;1.0;179
12964;1330;10022.0;Saída;1.0;179
12965;1597;10023.0;Saída;1.0;179
12966;1601;10024.0;Saída;2.0;179
12967;1620;10025.0;Saída;1.0;179
12968;961;10026.0;Saída;2.0;179
12969;1035;10027.0;Saída;2.0;179
12970;964;10028.0;Saída;1.0;179
12971;1384;10029.0;Saída;1.0;179
12972;669;10030.0;Saída;2.0;179
12973;657;10031.0;Saída;1.0;179
12974;661;10032.0;Saída;1.0;179
12975;1353;10033.0;Saída;2.0;179
12976;1308;10034.0;Saída;2.0;179
12977;2522;10035.0;Saída;1.0;179
12978;1880;10038.0;Saída;1.0;179
12979;1810;10039.0;Saída;2.0;179
12980;1762;10040.0;Saída;2.0;179
12981;1775;10041.0;Saída;1.0;179
12982;2126;10042.0;Saída;2.0;179
12983;2084;10043.0;Saída;1.0;179
12984;2486;10044.0;Saída;2.0;179
12985;2518;10045.0;Saída;1.0;179
12986;3119;10048.0;Saída;1.0;179
12987;3058;10049.0;Saída;1.0;179
12988;3041;10050.0;Saída;1.0;179
12989;2944;10051.0;Saída;2.0;179
12990;3203;10052.0;Saída;2.0;179
12991;3277;10053.0;Saída;2.0;179
12992;2977;10056.0;Saída;2.0;179
12993;2962;10057.0;Saída;2.0;179
12994;3016;10058.0;Saída;2.0;179
12995;3395;10059.0;Saída;2.0;179
12996;3366;10060.0;Saída;1.0;179
12997;3537;10061.0;Saída;1.0;179
12998;3531;10062.0;Saída;2.0;179
12999;3584;10063.0;Saída;2.0;179
13000;3662;10064.0;Saída;2.0;179
13001;3637;10065.0;Saída;2.0;179
13002;3945;10066.0;Saída;1.0;179
13003;4075;10067.0;Saída;2.0;179
13004;841;10068.0;Saída;2.0;180
13005;803;10069.0;Saída;1.0;180
13006;970;10070.0;Saída;2.0;180
13007;979;10071.0;Saída;1.0;180
13008;1110;10072.0;Saída;2.0;180
13009;1052;10073.0;Saída;2.0;180
13010;1043;10074.0;Saída;2.0;180
13011;1760;10075.0;Saída;1.0;180
13012;1696;10076.0;Saída;2.0;180
13013;1758;10077.0;Saída;1.0;180
13014;50;10078.0;Saída;2.0;180
13015;30;10079.0;Saída;2.0;180
13016;78;10080.0;Saída;1.0;180
13017;61;10081.0;Saída;1.0;180
13018;20;10082.0;Saída;2.0;180
13019;115;10083.0;Saída;1.0;180
13020;1522;10084.0;Saída;2.0;180
13021;1585;10085.0;Saída;1.0;180
13022;106;10086.0;Saída;2.0;180
13023;122;10087.0;Saída;2.0;180
13024;1754;10088.0;Saída;1.0;180
13025;1721;10089.0;Saída;1.0;180
13026;1694;10090.0;Saída;2.0;180
13027;1688;10096.0;Saída;2.0;180
13028;1697;10097.0;Saída;1.0;180
13029;1696;10098.0;Saída;2.0;180
13030;1049;10099.0;Saída;1.0;180
13031;1083;10100.0;Saída;1.0;180
13032;1113;10101.0;Saída;1.0;180
13033;1480;10102.0;Saída;2.0;180
13034;1477;10103.0;Saída;2.0;180
13035;820;10104.0;Saída;2.0;180
13036;802;10105.0;Saída;2.0;180
13037;2407;10106.0;Saída;1.0;180
13038;2416;10107.0;Saída;2.0;180
13039;2447;10108.0;Saída;2.0;180
13040;2390;10109.0;Saída;1.0;180
13041;2056;10110.0;Saída;1.0;180
13042;2078;10111.0;Saída;2.0;180
13043;2304;10112.0;Saída;2.0;180
13044;2241;10113.0;Saída;1.0;180
13045;2243;10114.0;Saída;1.0;180
13046;1848;10115.0;Saída;1.0;180
13047;1846;10116.0;Saída;2.0;180
13048;2045;10117.0;Saída;1.0;180
13049;2092;10118.0;Saída;2.0;180
13050;2099;10119.0;Saída;1.0;180
13051;2909;10120.0;Saída;2.0;180
13052;3213;10122.0;Saída;2.0;180
13053;3202;10123.0;Saída;1.0;180
13054;3132;10124.0;Saída;2.0;180
13055;3127;10125.0;Saída;2.0;180
13056;3125;10126.0;Saída;1.0;180
13057;2868;10127.0;Saída;1.0;180
13058;2875;10128.0;Saída;2.0;180
13059;2803;10129.0;Saída;2.0;180
13060;2748;10130.0;Saída;1.0;180
13061;3213;10131.0;Saída;1.0;180
13062;3259;10132.0;Saída;2.0;180
13063;3212;10133.0;Saída;2.0;180
13064;3682;10134.0;Saída;2.0;180
13065;3686;10135.0;Saída;2.0;180
13066;3710;10136.0;Saída;1.0;180
13067;3687;10137.0;Saída;2.0;180
13068;3683;10138.0;Saída;1.0;180
13069;4228;10139.0;Saída;2.0;180
13070;201;10140.0;Saída;2.0;181
13071;215;10141.0;Saída;1.0;181
13072;167;10142.0;Saída;1.0;181
13073;85;10143.0;Saída;1.0;181
13074;81;10144.0;Saída;1.0;181
13075;92;10145.0;Saída;1.0;181
13076;1341;10146.0;Saída;1.0;181
13077;1358;10147.0;Saída;2.0;181
13078;1292;10148.0;Saída;1.0;181
13079;1350;10149.0;Saída;2.0;181
13080;431;10150.0;Saída;2.0;181
13081;418;10151.0;Saída;2.0;181
13082;457;10152.0;Saída;2.0;181
13083;232;10154.0;Saída;2.0;181
13084;821;10157.0;Saída;1.0;181
13085;868;10158.0;Saída;1.0;181
13086;245;10159.0;Saída;1.0;181
13087;1670;10160.0;Saída;1.0;181
13088;624;10161.0;Saída;2.0;181
13089;582;10162.0;Saída;1.0;181
13090;613;10163.0;Saída;1.0;181
13091;2005;10164.0;Saída;2.0;181
13092;1768;10165.0;Saída;1.0;181
13093;2186;10166.0;Saída;2.0;181
13094;1908;10167.0;Saída;1.0;181
13095;1845;10168.0;Saída;2.0;181
13096;1916;10169.0;Saída;2.0;181
13097;1771;10170.0;Saída;2.0;181
13098;1788;10171.0;Saída;2.0;181
13099;1829;10172.0;Saída;2.0;181
13100;2730;10173.0;Saída;1.0;181
13101;2970;10176.0;Saída;2.0;181
13102;2976;10177.0;Saída;1.0;181
13103;2978;10178.0;Saída;1.0;181
13104;2792;10179.0;Saída;2.0;181
13105;2722;10180.0;Saída;1.0;181
13106;2740;10181.0;Saída;2.0;181
13107;3048;10185.0;Saída;1.0;181
13108;3100;10186.0;Saída;2.0;181
13109;3047;10187.0;Saída;2.0;181
13110;3528;10188.0;Saída;2.0;181
13111;3370;10189.0;Saída;2.0;181
13112;3921;10190.0;Saída;1.0;181
13113;3975;10191.0;Saída;1.0;181
13114;804;10195.0;Saída;2.0;182
13115;803;10196.0;Saída;1.0;182
13116;801;10197.0;Saída;1.0;182
13117;1183;10198.0;Saída;1.0;182
13118;1155;10199.0;Saída;1.0;182
13119;1123;10200.0;Saída;1.0;182
13120;166;10201.0;Saída;2.0;182
13121;161;10202.0;Saída;1.0;182
13122;218;10203.0;Saída;1.0;182
13123;484;10204.0;Saída;1.0;182
13124;1057;10208.0;Saída;1.0;182
13125;987;10209.0;Saída;2.0;182
13126;1038;10210.0;Saída;1.0;182
13127;302;10211.0;Saída;1.0;182
13128;313;10212.0;Saída;1.0;182
13129;259;10213.0;Saída;2.0;182
13130;43;10214.0;Saída;2.0;182
13131;1;10215.0;Saída;2.0;182
13132;392;10217.0;Saída;2.0;182
13133;321;10218.0;Saída;1.0;182
13134;1230;10219.0;Saída;2.0;182
13135;1201;10220.0;Saída;2.0;182
13136;1267;10221.0;Saída;2.0;182
13137;1608;10222.0;Saída;1.0;182
13138;1659;10223.0;Saída;2.0;182
13139;2016;10224.0;Saída;2.0;182
13140;2067;10225.0;Saída;2.0;182
13141;2179;10226.0;Saída;1.0;182
13142;2339;10227.0;Saída;1.0;182
13143;2327;10228.0;Saída;1.0;182
13144;2060;10229.0;Saída;1.0;182
13145;2011;10230.0;Saída;1.0;182
13146;2079;10231.0;Saída;2.0;182
13147;2509;10232.0;Saída;2.0;182
13148;2404;10233.0;Saída;2.0;182
13149;2438;10234.0;Saída;2.0;182
13150;2390;10235.0;Saída;2.0;182
13151;2354;10236.0;Saída;2.0;182
13152;3155;10237.0;Saída;1.0;182
13153;3157;10238.0;Saída;2.0;182
13154;3181;10239.0;Saída;2.0;182
13155;2799;10240.0;Saída;1.0;182
13156;2724;10241.0;Saída;2.0;182
13157;2755;10242.0;Saída;1.0;182
13158;2962;10243.0;Saída;1.0;182
13159;2793;10244.0;Saída;1.0;182
13160;2973;10245.0;Saída;2.0;182
13161;2940;10246.0;Saída;1.0;182
13162;2960;10247.0;Saída;2.0;182
13163;3456;10248.0;Saída;2.0;182
13164;3517;10249.0;Saída;1.0;182
13165;3505;10250.0;Saída;2.0;182
13166;3411;10251.0;Saída;1.0;182
13167;3424;10252.0;Saída;2.0;182
13168;3739;10253.0;Saída;2.0;182
13169;3936;10254.0;Saída;2.0;182
13170;3993;10255.0;Saída;1.0;182
13171;3985;10256.0;Saída;1.0;182
13172;4238;10257.0;Saída;2.0;182
13173;4185;10258.0;Saída;1.0;182
13174;62;10259.0;Saída;1.0;183
13175;51;10260.0;Saída;2.0;183
13176;63;10261.0;Saída;1.0;183
13177;998;10262.0;Saída;2.0;183
13178;991;10263.0;Saída;1.0;183
13179;1021;10264.0;Saída;2.0;183
13180;260;10265.0;Saída;2.0;183
13181;263;10266.0;Saída;2.0;183
13182;261;10267.0;Saída;2.0;183
13183;337;10268.0;Saída;1.0;183
13184;388;10269.0;Saída;1.0;183
13185;325;10270.0;Saída;2.0;183
13186;1051;10271.0;Saída;2.0;183
13187;1056;10272.0;Saída;2.0;183
13188;565;10273.0;Saída;1.0;183
13189;610;10274.0;Saída;2.0;183
13190;898;10275.0;Saída;1.0;183
13191;920;10276.0;Saída;1.0;183
13192;257;10277.0;Saída;2.0;183
13193;306;10278.0;Saída;2.0;183
13194;302;10279.0;Saída;1.0;183
13195;1537;10280.0;Saída;2.0;183
13196;1545;10281.0;Saída;1.0;183
13197;1590;10282.0;Saída;2.0;183
13198;1729;10283.0;Saída;1.0;183
13199;1717;10284.0;Saída;1.0;183
13200;848;10285.0;Saída;1.0;183
13201;151;10288.0;Saída;1.0;183
13202;83;10289.0;Saída;2.0;183
13203;69;10290.0;Saída;1.0;183
13204;1192;10291.0;Saída;2.0;183
13205;344;10292.0;Saída;2.0;183
13206;363;10293.0;Saída;1.0;183
13207;381;10294.0;Saída;1.0;183
13208;1925;10295.0;Saída;2.0;183
13209;2068;10296.0;Saída;2.0;183
13210;2322;10300.0;Saída;1.0;183
13211;2325;10301.0;Saída;2.0;183
13212;2329;10302.0;Saída;1.0;183
13213;2273;10303.0;Saída;1.0;183
13214;2309;10304.0;Saída;2.0;183
13215;2275;10305.0;Saída;2.0;183
13216;2660;10306.0;Saída;2.0;183
13217;2718;10307.0;Saída;2.0;183
13218;2655;10308.0;Saída;1.0;183
13219;3103;10312.0;Saída;2.0;183
13220;3545;10315.0;Saída;2.0;183
13221;3600;10316.0;Saída;1.0;183
13222;3540;10317.0;Saída;2.0;183
13223;3468;10318.0;Saída;2.0;183
13224;4012;10319.0;Saída;2.0;183
13225;4038;10320.0;Saída;1.0;183
13226;1633;10321.0;Saída;2.0;184
13227;1603;10322.0;Saída;2.0;184
13228;1606;10323.0;Saída;2.0;184
13229;818;10324.0;Saída;2.0;184
13230;809;10325.0;Saída;1.0;184
13231;807;10326.0;Saída;2.0;184
13232;477;10327.0;Saída;2.0;184
13233;463;10328.0;Saída;1.0;184
13234;1327;10329.0;Saída;2.0;184
13235;629;10333.0;Saída;1.0;184
13236;570;10334.0;Saída;2.0;184
13237;1692;10335.0;Saída;2.0;184
13238;1731;10336.0;Saída;2.0;184
13239;1557;10337.0;Saída;2.0;184
13240;246;10341.0;Saída;2.0;184
13241;1011;10342.0;Saída;1.0;184
13242;998;10343.0;Saída;2.0;184
13243;967;10344.0;Saída;1.0;184
13244;1059;10345.0;Saída;2.0;184
13245;1104;10346.0;Saída;2.0;184
13246;1114;10348.0;Saída;2.0;184
13247;1106;10349.0;Saída;1.0;184
13248;1282;10350.0;Saída;2.0;184
13249;1323;10351.0;Saída;1.0;184
13250;1496;10352.0;Saída;2.0;184
13251;1463;10353.0;Saída;1.0;184
13252;1473;10354.0;Saída;2.0;184
13253;541;10355.0;Saída;2.0;184
13254;2321;10357.0;Saída;1.0;184
13255;2331;10358.0;Saída;2.0;184
13256;2323;10359.0;Saída;1.0;184
13257;1855;10360.0;Saída;1.0;184
13258;1865;10361.0;Saída;2.0;184
13259;2063;10362.0;Saída;1.0;184
13260;2008;10363.0;Saída;1.0;184
13261;2028;10364.0;Saída;1.0;184
13262;2013;10365.0;Saída;1.0;184
13263;2388;10366.0;Saída;1.0;184
13264;2330;10367.0;Saída;2.0;184
13265;2076;10368.0;Saída;1.0;184
13266;2951;10369.0;Saída;2.0;184
13267;2893;10370.0;Saída;1.0;184
13268;2942;10371.0;Saída;1.0;184
13269;3320;10372.0;Saída;2.0;184
13270;3297;10374.0;Saída;1.0;184
13271;3048;10376.0;Saída;1.0;184
13272;3032;10377.0;Saída;2.0;184
13273;3104;10378.0;Saída;2.0;184
13274;3063;10379.0;Saída;2.0;184
13275;3045;10380.0;Saída;1.0;184
13276;3504;10381.0;Saída;2.0;184
13277;3487;10382.0;Saída;2.0;184
13278;3429;10383.0;Saída;2.0;184
13279;3431;10384.0;Saída;1.0;184
13280;3864;10386.0;Saída;1.0;184
13281;424;10388.0;Saída;1.0;185
13282;437;10389.0;Saída;2.0;185
13283;1221;10390.0;Saída;2.0;185
13284;1272;10391.0;Saída;1.0;185
13285;1224;10392.0;Saída;2.0;185
13286;306;10393.0;Saída;2.0;185
13287;244;10394.0;Saída;1.0;185
13288;784;10395.0;Saída;2.0;185
13289;1691;10396.0;Saída;1.0;185
13290;336;10397.0;Saída;1.0;185
13291;397;10398.0;Saída;1.0;185
13292;57;10402.0;Saída;2.0;185
13293;75;10403.0;Saída;2.0;185
13294;67;10404.0;Saída;1.0;185
13295;368;10405.0;Saída;1.0;185
13296;325;10406.0;Saída;2.0;185
13297;332;10407.0;Saída;2.0;185
13298;1355;10411.0;Saída;1.0;185
13299;1284;10412.0;Saída;2.0;185
13300;1330;10413.0;Saída;2.0;185
13301;886;10414.0;Saída;2.0;185
13302;891;10415.0;Saída;2.0;185
13303;698;10416.0;Saída;1.0;185
13304;1039;10417.0;Saída;2.0;185
13305;978;10418.0;Saída;1.0;185
13306;1998;10419.0;Saída;1.0;185
13307;1954;10420.0;Saída;2.0;185
13308;1993;10421.0;Saída;1.0;185
13309;2155;10422.0;Saída;1.0;185
13310;2097;10423.0;Saída;2.0;185
13311;2150;10424.0;Saída;2.0;185
13312;2304;10427.0;Saída;2.0;185
13313;2260;10428.0;Saída;2.0;185
13314;1769;10429.0;Saída;2.0;185
13315;1785;10430.0;Saída;2.0;185
13316;1776;10431.0;Saída;1.0;185
13317;2613;10433.0;Saída;2.0;185
13318;3360;10434.0;Saída;2.0;185
13319;3328;10435.0;Saída;2.0;185
13320;3294;10436.0;Saída;2.0;185
13321;2664;10437.0;Saída;2.0;185
13322;3207;10438.0;Saída;2.0;185
13323;3202;10439.0;Saída;2.0;185
13324;3673;10440.0;Saída;2.0;185
13325;3618;10441.0;Saída;1.0;185
13326;3666;10442.0;Saída;1.0;185
13327;3670;10443.0;Saída;2.0;185
13328;3662;10444.0;Saída;2.0;185
13329;3665;10445.0;Saída;1.0;185
13330;3838;10446.0;Saída;2.0;185
13331;3765;10447.0;Saída;1.0;185
13332;3828;10448.0;Saída;2.0;185
13333;913;10449.0;Saída;1.0;186
13334;904;10450.0;Saída;2.0;186
13335;922;10451.0;Saída;2.0;186
13336;15;10452.0;Saída;2.0;186
13337;3;10453.0;Saída;1.0;186
13338;64;10454.0;Saída;1.0;186
13339;421;10455.0;Saída;1.0;186
13340;419;10456.0;Saída;1.0;186
13341;478;10457.0;Saída;2.0;186
13342;461;10458.0;Saída;2.0;186
13343;460;10459.0;Saída;1.0;186
13344;1610;10460.0;Saída;1.0;186
13345;1644;10461.0;Saída;2.0;186
13346;1609;10462.0;Saída;1.0;186
13347;1105;10463.0;Saída;2.0;186
13348;569;10464.0;Saída;1.0;186
13349;636;10465.0;Saída;1.0;186
13350;598;10466.0;Saída;1.0;186
13351;1115;10467.0;Saída;1.0;186
13352;1066;10468.0;Saída;2.0;186
13353;1063;10469.0;Saída;1.0;186
13354;327;10471.0;Saída;2.0;186
13355;288;10472.0;Saída;2.0;186
13356;299;10473.0;Saída;1.0;186
13357;1756;10474.0;Saída;2.0;186
13358;705;10475.0;Saída;2.0;186
13359;715;10476.0;Saída;1.0;186
13360;2345;10477.0;Saída;2.0;186
13361;2385;10478.0;Saída;2.0;186
13362;2279;10479.0;Saída;1.0;186
13363;2317;10480.0;Saída;2.0;186
13364;2114;10482.0;Saída;1.0;186
13365;2104;10483.0;Saída;2.0;186
13366;2203;10484.0;Saída;1.0;186
13367;1939;10485.0;Saída;2.0;186
13368;2241;10486.0;Saída;1.0;186
13369;2311;10487.0;Saída;1.0;186
13370;2289;10488.0;Saída;2.0;186
13371;1888;10489.0;Saída;1.0;186
13372;1911;10490.0;Saída;2.0;186
13373;2574;10491.0;Saída;1.0;186
13374;2626;10492.0;Saída;1.0;186
13375;2723;10493.0;Saída;2.0;186
13376;3046;10494.0;Saída;1.0;186
13377;3084;10495.0;Saída;2.0;186
13378;3112;10496.0;Saída;2.0;186
13379;2964;10497.0;Saída;2.0;186
13380;3037;10498.0;Saída;1.0;186
13381;2816;10499.0;Saída;1.0;186
13382;2818;10500.0;Saída;2.0;186
13383;3380;10503.0;Saída;2.0;186
13384;3400;10504.0;Saída;1.0;186
13385;3377;10505.0;Saída;1.0;186
13386;3683;10506.0;Saída;1.0;186
13387;3759;10507.0;Saída;1.0;186
13388;4054;10508.0;Saída;2.0;186
13389;4017;10509.0;Saída;2.0;186
13390;648;10510.0;Saída;2.0;187
13391;715;10511.0;Saída;1.0;187
13392;1366;10515.0;Saída;2.0;187
13393;1430;10516.0;Saída;2.0;187
13394;967;10517.0;Saída;2.0;187
13395;961;10518.0;Saída;2.0;187
13396;1037;10519.0;Saída;2.0;187
13397;316;10520.0;Saída;2.0;187
13398;312;10521.0;Saída;2.0;187
13399;295;10522.0;Saída;1.0;187
13400;587;10523.0;Saída;2.0;187
13401;373;10524.0;Saída;1.0;187
13402;390;10525.0;Saída;2.0;187
13403;616;10526.0;Saída;2.0;187
13404;586;10527.0;Saída;2.0;187
13405;730;10528.0;Saída;2.0;187
13406;734;10529.0;Saída;1.0;187
13407;732;10530.0;Saída;2.0;187
13408;1553;10531.0;Saída;2.0;187
13409;1558;10532.0;Saída;1.0;187
13410;557;10534.0;Saída;1.0;187
13411;1077;10535.0;Saída;1.0;187
13412;2433;10538.0;Saída;2.0;187
13413;2476;10542.0;Saída;1.0;187
13414;2408;10543.0;Saída;2.0;187
13415;2454;10544.0;Saída;2.0;187
13416;2197;10545.0;Saída;1.0;187
13417;1867;10546.0;Saída;2.0;187
13418;1866;10547.0;Saída;1.0;187
13419;1910;10548.0;Saída;1.0;187
13420;3087;10549.0;Saída;1.0;187
13421;3104;10550.0;Saída;1.0;187
13422;3115;10551.0;Saída;2.0;187
13423;3110;10552.0;Saída;1.0;187
13424;3172;10553.0;Saída;2.0;187
13425;3123;10554.0;Saída;2.0;187
13426;3181;10555.0;Saída;2.0;187
13427;3194;10556.0;Saída;1.0;187
13428;3207;10557.0;Saída;2.0;187
13429;3722;10558.0;Saída;1.0;187
13430;3685;10559.0;Saída;1.0;187
13431;3694;10560.0;Saída;2.0;187
13432;3663;10561.0;Saída;2.0;187
13433;3616;10562.0;Saída;2.0;187
13434;3407;10563.0;Saída;1.0;187
13435;3375;10564.0;Saída;2.0;187
13436;3938;10565.0;Saída;2.0;187
13437;316;10566.0;Saída;2.0;188
13438;293;10567.0;Saída;2.0;188
13439;251;10568.0;Saída;1.0;188
13440;1022;10569.0;Saída;2.0;188
13441;989;10570.0;Saída;2.0;188
13442;1536;10571.0;Saída;2.0;188
13443;1596;10572.0;Saída;2.0;188
13444;1580;10573.0;Saída;2.0;188
13445;1034;10574.0;Saída;2.0;188
13446;655;10576.0;Saída;1.0;188
13447;647;10577.0;Saída;2.0;188
13448;641;10578.0;Saída;2.0;188
13449;1373;10579.0;Saída;2.0;188
13450;1202;10580.0;Saída;2.0;188
13451;1217;10581.0;Saída;1.0;188
13452;240;10585.0;Saída;2.0;188
13453;190;10586.0;Saída;1.0;188
13454;230;10587.0;Saída;1.0;188
13455;75;10588.0;Saída;2.0;188
13456;57;10589.0;Saída;1.0;188
13457;71;10590.0;Saída;2.0;188
13458;1241;10591.0;Saída;1.0;188
13459;313;10592.0;Saída;2.0;188
13460;311;10593.0;Saída;2.0;188
13461;1107;10594.0;Saída;1.0;188
13462;1051;10595.0;Saída;2.0;188
13463;1077;10596.0;Saída;1.0;188
13464;217;10597.0;Saída;1.0;188
13465;705;10598.0;Saída;2.0;188
13466;659;10599.0;Saída;1.0;188
13467;646;10600.0;Saída;2.0;188
13468;1816;10601.0;Saída;2.0;188
13469;1774;10602.0;Saída;1.0;188
13470;1839;10603.0;Saída;1.0;188
13471;1779;10604.0;Saída;2.0;188
13472;2522;10605.0;Saída;1.0;188
13473;2183;10606.0;Saída;2.0;188
13474;2231;10607.0;Saída;1.0;188
13475;2516;10608.0;Saída;2.0;188
13476;2498;10609.0;Saída;2.0;188
13477;1905;10610.0;Saída;2.0;188
13478;1850;10611.0;Saída;2.0;188
13479;3191;10612.0;Saída;2.0;188
13480;3135;10613.0;Saída;2.0;188
13481;3157;10614.0;Saída;2.0;188
13482;3254;10615.0;Saída;1.0;188
13483;2653;10616.0;Saída;1.0;188
13484;3043;10617.0;Saída;1.0;188
13485;3052;10618.0;Saída;1.0;188
13486;3138;10619.0;Saída;2.0;188
13487;2963;10620.0;Saída;1.0;188
13488;2961;10621.0;Saída;2.0;188
13489;2955;10622.0;Saída;1.0;188
13490;2906;10623.0;Saída;1.0;188
13491;3524;10625.0;Saída;1.0;188
13492;3533;10626.0;Saída;2.0;188
13493;3592;10627.0;Saída;2.0;188
13494;3530;10628.0;Saída;2.0;188
13495;3914;10629.0;Saída;1.0;188
13496;3910;10630.0;Saída;1.0;188
13497;1102;10632.0;Saída;1.0;189
13498;1101;10633.0;Saída;2.0;189
13499;385;10634.0;Saída;2.0;189
13500;327;10635.0;Saída;2.0;189
13501;357;10636.0;Saída;1.0;189
13502;68;10637.0;Saída;2.0;189
13503;39;10638.0;Saída;2.0;189
13504;248;10639.0;Saída;2.0;189
13505;265;10640.0;Saída;2.0;189
13506;1384;10641.0;Saída;1.0;189
13507;1416;10642.0;Saída;1.0;189
13508;1426;10643.0;Saída;2.0;189
13509;1716;10644.0;Saída;1.0;189
13510;1684;10645.0;Saída;2.0;189
13511;1744;10646.0;Saída;1.0;189
13512;397;10647.0;Saída;2.0;189
13513;174;10648.0;Saída;1.0;189
13514;164;10649.0;Saída;2.0;189
13515;234;10650.0;Saída;1.0;189
13516;146;10651.0;Saída;2.0;189
13517;1372;10652.0;Saída;2.0;189
13518;1405;10653.0;Saída;2.0;189
13519;2412;10654.0;Saída;2.0;189
13520;2411;10655.0;Saída;1.0;189
13521;2405;10656.0;Saída;2.0;189
13522;2099;10657.0;Saída;2.0;189
13523;2137;10658.0;Saída;2.0;189
13524;2094;10659.0;Saída;2.0;189
13525;2188;10662.0;Saída;2.0;189
13526;2322;10663.0;Saída;2.0;189
13527;2326;10664.0;Saída;2.0;189
13528;2309;10665.0;Saída;1.0;189
13529;2242;10666.0;Saída;2.0;189
13530;2737;10667.0;Saída;1.0;189
13531;2781;10668.0;Saída;2.0;189
13532;2780;10669.0;Saída;1.0;189
13533;2656;10670.0;Saída;1.0;189
13534;2702;10671.0;Saída;1.0;189
13535;2698;10672.0;Saída;2.0;189
13536;2985;10673.0;Saída;1.0;189
13537;2961;10674.0;Saída;1.0;189
13538;2622;10677.0;Saída;2.0;189
13539;2636;10678.0;Saída;2.0;189
13540;2591;10679.0;Saída;2.0;189
13541;2684;10681.0;Saída;2.0;189
13542;2707;10682.0;Saída;2.0;189
13543;3421;10683.0;Saída;2.0;189
13544;3426;10684.0;Saída;1.0;189
13545;3375;10685.0;Saída;2.0;189
13546;3748;10686.0;Saída;1.0;189
13547;3749;10687.0;Saída;1.0;189
13548;3759;10688.0;Saída;2.0;189
13549;3815;10689.0;Saída;1.0;189
13550;3779;10690.0;Saída;2.0;189
13551;3818;10691.0;Saída;1.0;189
13552;1213;10692.0;Saída;2.0;190
13553;1210;10693.0;Saída;2.0;190
13554;696;10697.0;Saída;1.0;190
13555;657;10698.0;Saída;2.0;190
13556;707;10699.0;Saída;1.0;190
13557;1267;10700.0;Saída;2.0;190
13558;1270;10703.0;Saída;1.0;190
13559;1201;10704.0;Saída;2.0;190
13560;1208;10705.0;Saída;1.0;190
13561;1661;10706.0;Saída;1.0;190
13562;734;10709.0;Saída;1.0;190
13563;776;10710.0;Saída;2.0;190
13564;792;10711.0;Saída;2.0;190
13565;1393;10712.0;Saída;2.0;190
13566;1581;10713.0;Saída;1.0;190
13567;1545;10714.0;Saída;2.0;190
13568;1535;10715.0;Saída;1.0;190
13569;1585;10716.0;Saída;2.0;190
13570;1605;10717.0;Saída;2.0;190
13571;1642;10718.0;Saída;2.0;190
13572;1626;10719.0;Saída;1.0;190
13573;1583;10720.0;Saída;2.0;190
13574;1439;10721.0;Saída;2.0;190
13575;1427;10722.0;Saída;2.0;190
13576;1399;10723.0;Saída;2.0;190
13577;2415;10724.0;Saída;1.0;190
13578;2453;10725.0;Saída;1.0;190
13579;2417;10726.0;Saída;2.0;190
13580;2071;10727.0;Saída;1.0;190
13581;1908;10730.0;Saída;2.0;190
13582;1904;10731.0;Saída;1.0;190
13583;1913;10732.0;Saída;1.0;190
13584;2145;10733.0;Saída;2.0;190
13585;2086;10734.0;Saída;1.0;190
13586;2085;10735.0;Saída;2.0;190
13587;2355;10737.0;Saída;2.0;190
13588;2323;10738.0;Saída;1.0;190
13589;2862;10739.0;Saída;1.0;190
13590;2801;10740.0;Saída;1.0;190
13591;2866;10741.0;Saída;2.0;190
13592;2618;10742.0;Saída;1.0;190
13593;2834;10747.0;Saída;2.0;190
13594;2830;10748.0;Saída;2.0;190
13595;2646;10749.0;Saída;1.0;190
13596;2649;10750.0;Saída;1.0;190
13597;2813;10751.0;Saída;2.0;190
13598;2836;10752.0;Saída;2.0;190
13599;2687;10753.0;Saída;1.0;190
13600;2706;10754.0;Saída;2.0;190
13601;3585;10755.0;Saída;2.0;190
13602;3476;10756.0;Saída;2.0;190
13603;3458;10757.0;Saída;2.0;190
13604;3671;10758.0;Saída;2.0;190
13605;3811;10759.0;Saída;1.0;190
13606;3787;10760.0;Saída;1.0;190
13607;800;10761.0;Saída;2.0;191
13608;758;10762.0;Saída;2.0;191
13609;1288;10763.0;Saída;2.0;191
13610;1311;10764.0;Saída;2.0;191
13611;496;10765.0;Saída;2.0;191
13612;557;10766.0;Saída;1.0;191
13613;515;10767.0;Saída;2.0;191
13614;1055;10771.0;Saída;1.0;191
13615;1113;10772.0;Saída;1.0;191
13616;1213;10773.0;Saída;1.0;191
13617;1219;10774.0;Saída;1.0;191
13618;643;10775.0;Saída;2.0;191
13619;696;10776.0;Saída;1.0;191
13620;648;10777.0;Saída;2.0;191
13621;663;10778.0;Saída;2.0;191
13622;1076;10779.0;Saída;2.0;191
13623;1044;10780.0;Saída;2.0;191
13624;860;10782.0;Saída;1.0;191
13625;19;10783.0;Saída;2.0;191
13626;8;10784.0;Saída;2.0;191
13627;565;10785.0;Saída;2.0;191
13628;1118;10786.0;Saída;2.0;191
13629;1106;10787.0;Saída;1.0;191
13630;485;10788.0;Saída;1.0;191
13631;979;10789.0;Saída;2.0;191
13632;1030;10790.0;Saída;2.0;191
13633;637;10791.0;Saída;2.0;191
13634;635;10792.0;Saída;1.0;191
13635;603;10793.0;Saída;1.0;191
13636;161;10794.0;Saída;1.0;191
13637;171;10795.0;Saída;2.0;191
13638;2500;10796.0;Saída;2.0;191
13639;2524;10797.0;Saída;2.0;191
13640;2406;10800.0;Saída;1.0;191
13641;2478;10801.0;Saída;1.0;191
13642;2433;10802.0;Saída;2.0;191
13643;2153;10803.0;Saída;1.0;191
13644;2152;10804.0;Saída;1.0;191
13645;2213;10805.0;Saída;2.0;191
13646;2234;10806.0;Saída;1.0;191
13647;3294;10807.0;Saída;2.0;191
13648;3348;10808.0;Saída;2.0;191
13649;3027;10809.0;Saída;2.0;191
13650;2968;10810.0;Saída;1.0;191
13651;2969;10811.0;Saída;2.0;191
13652;3029;10812.0;Saída;1.0;191
13653;3199;10813.0;Saída;2.0;191
13654;3149;10814.0;Saída;2.0;191
13655;3188;10815.0;Saída;2.0;191
13656;2696;10816.0;Saída;1.0;191
13657;2711;10817.0;Saída;2.0;191
13658;3723;10818.0;Saída;1.0;191
13659;3703;10819.0;Saída;1.0;191
13660;3696;10820.0;Saída;1.0;191
13661;3654;10821.0;Saída;1.0;191
13662;3693;10822.0;Saída;2.0;191
13663;3694;10823.0;Saída;1.0;191
13664;3688;10824.0;Saída;2.0;191
13665;3748;10825.0;Saída;1.0;191
13666;3847;10826.0;Saída;2.0;191
13667;3879;10827.0;Saída;1.0;191
13668;1286;10828.0;Saída;2.0;192
13669;1024;10829.0;Saída;1.0;192
13670;1030;10830.0;Saída;1.0;192
13671;1026;10831.0;Saída;1.0;192
13672;490;10834.0;Saída;2.0;192
13673;519;10835.0;Saída;2.0;192
13674;1685;10836.0;Saída;2.0;192
13675;1686;10837.0;Saída;1.0;192
13676;1695;10838.0;Saída;2.0;192
13677;639;10839.0;Saída;1.0;192
13678;626;10840.0;Saída;1.0;192
13679;571;10841.0;Saída;2.0;192
13680;790;10842.0;Saída;2.0;192
13681;749;10843.0;Saída;1.0;192
13682;780;10844.0;Saída;1.0;192
13683;25;10845.0;Saída;2.0;192
13684;17;10846.0;Saída;1.0;192
13685;14;10847.0;Saída;1.0;192
13686;402;10848.0;Saída;1.0;192
13687;440;10849.0;Saída;2.0;192
13688;1607;10850.0;Saída;1.0;192
13689;1706;10851.0;Saída;2.0;192
13690;2086;10855.0;Saída;2.0;192
13691;2092;10856.0;Saída;1.0;192
13692;2141;10857.0;Saída;2.0;192
13693;2243;10858.0;Saída;2.0;192
13694;2257;10859.0;Saída;1.0;192
13695;2290;10860.0;Saída;2.0;192
13696;2530;10861.0;Saída;1.0;192
13697;2157;10865.0;Saída;1.0;192
13698;2146;10866.0;Saída;1.0;192
13699;2683;10868.0;Saída;2.0;192
13700;3131;10870.0;Saída;2.0;192
13701;2998;10871.0;Saída;1.0;192
13702;2910;10874.0;Saída;2.0;192
13703;3536;10878.0;Saída;1.0;192
13704;3538;10879.0;Saída;2.0;192
13705;3574;10880.0;Saída;1.0;192
13706;4308;10881.0;Saída;1.0;192
13707;4278;10882.0;Saída;2.0;192
13708;4254;10883.0;Saída;1.0;192
13709;1571;10887.0;Saída;2.0;193
13710;1564;10888.0;Saída;1.0;193
13711;1589;10889.0;Saída;1.0;193
13712;1090;10893.0;Saída;2.0;193
13713;1047;10894.0;Saída;2.0;193
13714;1049;10895.0;Saída;1.0;193
13715;516;10896.0;Saída;1.0;193
13716;384;10897.0;Saída;2.0;193
13717;335;10898.0;Saída;2.0;193
13718;1072;10899.0;Saída;1.0;193
13719;1698;10900.0;Saída;2.0;193
13720;1754;10901.0;Saída;2.0;193
13721;99;10902.0;Saída;2.0;193
13722;84;10903.0;Saída;1.0;193
13723;563;10904.0;Saída;1.0;193
13724;628;10905.0;Saída;2.0;193
13725;203;10906.0;Saída;2.0;193
13726;171;10907.0;Saída;2.0;193
13727;303;10911.0;Saída;2.0;193
13728;259;10912.0;Saída;1.0;193
13729;265;10913.0;Saída;2.0;193
13730;740;10914.0;Saída;1.0;193
13731;1397;10915.0;Saída;2.0;193
13732;1369;10916.0;Saída;2.0;193
13733;240;10917.0;Saída;1.0;193
13734;188;10918.0;Saída;1.0;193
13735;2509;10919.0;Saída;1.0;193
13736;2522;10920.0;Saída;2.0;193
13737;1836;10921.0;Saída;1.0;193
13738;1773;10922.0;Saída;2.0;193
13739;2065;10923.0;Saída;2.0;193
13740;2137;10924.0;Saída;1.0;193
13741;2133;10925.0;Saída;2.0;193
13742;2150;10926.0;Saída;2.0;193
13743;1791;10931.0;Saída;2.0;193
13744;2348;10932.0;Saída;2.0;193
13745;3109;10933.0;Saída;1.0;193
13746;3047;10934.0;Saída;1.0;193
13747;3104;10935.0;Saída;1.0;193
13748;3284;10936.0;Saída;2.0;193
13749;3288;10937.0;Saída;1.0;193
13750;3342;10938.0;Saída;1.0;193
13751;2814;10939.0;Saída;2.0;193
13752;2836;10940.0;Saída;1.0;193
13753;2870;10941.0;Saída;2.0;193
13754;2946;10942.0;Saída;2.0;193
13755;3348;10943.0;Saída;2.0;193
13756;3305;10944.0;Saída;1.0;193
13757;3113;10946.0;Saída;2.0;193
13758;3079;10947.0;Saída;1.0;193
13759;3191;10948.0;Saída;2.0;193
13760;3190;10949.0;Saída;1.0;193
13761;3646;10950.0;Saída;2.0;193
13762;3675;10951.0;Saída;1.0;193
13763;3660;10952.0;Saída;2.0;193
13764;3440;10953.0;Saída;1.0;193
13765;3413;10954.0;Saída;2.0;193
13766;3600;10955.0;Saída;2.0;193
13767;3593;10956.0;Saída;2.0;193
13768;3985;10958.0;Saída;2.0;193
13769;1273;10959.0;Saída;1.0;194
13770;732;10960.0;Saída;1.0;194
13771;752;10961.0;Saída;2.0;194
13772;735;10962.0;Saída;1.0;194
13773;677;10963.0;Saída;1.0;194
13774;710;10964.0;Saída;2.0;194
13775;1182;10965.0;Saída;2.0;194
13776;473;10969.0;Saída;2.0;194
13777;419;10970.0;Saída;1.0;194
13778;3;10973.0;Saída;1.0;194
13779;28;10974.0;Saída;2.0;194
13780;1490;10975.0;Saída;2.0;194
13781;1548;10976.0;Saída;1.0;194
13782;1995;10977.0;Saída;1.0;194
13783;1937;10978.0;Saída;2.0;194
13784;1925;10979.0;Saída;2.0;194
13785;1923;10980.0;Saída;2.0;194
13786;2389;10981.0;Saída;1.0;194
13787;2399;10982.0;Saída;2.0;194
13788;2341;10983.0;Saída;1.0;194
13789;2479;10984.0;Saída;1.0;194
13790;2445;10985.0;Saída;1.0;194
13791;2464;10986.0;Saída;2.0;194
13792;2364;10987.0;Saída;1.0;194
13793;2328;10988.0;Saída;1.0;194
13794;2872;10989.0;Saída;2.0;194
13795;2809;10990.0;Saída;1.0;194
13796;2895;10991.0;Saída;2.0;194
13797;2947;10992.0;Saída;2.0;194
13798;3265;10993.0;Saída;2.0;194
13799;2899;10994.0;Saída;1.0;194
13800;2886;10995.0;Saída;2.0;194
13801;3187;10996.0;Saída;1.0;194
13802;3118;10997.0;Saída;1.0;194
13803;3107;10998.0;Saída;2.0;194
13804;3064;10999.0;Saída;1.0;194
13805;3023;11000.0;Saída;2.0;194
13806;3022;11001.0;Saída;2.0;194
13807;3372;11004.0;Saída;2.0;194
13808;3394;11005.0;Saída;1.0;194
13809;4314;11006.0;Saída;2.0;194
13810;308;11007.0;Saída;1.0;195
13811;1181;11011.0;Saída;1.0;195
13812;1193;11012.0;Saída;1.0;195
13813;1127;11013.0;Saída;1.0;195
13814;1343;11015.0;Saída;2.0;195
13815;1302;11016.0;Saída;1.0;195
13816;1138;11017.0;Saída;2.0;195
13817;955;11020.0;Saída;1.0;195
13818;935;11021.0;Saída;1.0;195
13819;882;11022.0;Saída;2.0;195
13820;188;11023.0;Saída;1.0;195
13821;162;11024.0;Saída;2.0;195
13822;231;11025.0;Saída;2.0;195
13823;498;11026.0;Saída;2.0;195
13824;547;11027.0;Saída;2.0;195
13825;207;11031.0;Saída;1.0;195
13826;498;11032.0;Saída;2.0;195
13827;492;11033.0;Saída;2.0;195
13828;551;11034.0;Saída;2.0;195
13829;160;11035.0;Saída;2.0;195
13830;106;11036.0;Saída;2.0;195
13831;782;11040.0;Saída;1.0;195
13832;736;11041.0;Saída;2.0;195
13833;1212;11042.0;Saída;2.0;195
13834;1216;11043.0;Saída;1.0;195
13835;1278;11044.0;Saída;2.0;195
13836;249;11045.0;Saída;2.0;195
13837;309;11046.0;Saída;2.0;195
13838;2407;11047.0;Saída;2.0;195
13839;2413;11048.0;Saída;2.0;195
13840;2408;11049.0;Saída;1.0;195
13841;2418;11050.0;Saída;1.0;195
13842;2179;11051.0;Saída;2.0;195
13843;2309;11052.0;Saída;1.0;195
13844;2360;11053.0;Saída;2.0;195
13845;3342;11054.0;Saída;2.0;195
13846;3347;11055.0;Saída;2.0;195
13847;3318;11056.0;Saída;1.0;195
13848;3032;11058.0;Saída;2.0;195
13849;2903;11059.0;Saída;2.0;195
13850;2886;11060.0;Saída;2.0;195
13851;2643;11061.0;Saída;1.0;195
13852;2667;11062.0;Saída;1.0;195
13853;2666;11063.0;Saída;1.0;195
13854;3184;11064.0;Saída;2.0;195
13855;3133;11065.0;Saída;2.0;195
13856;3157;11066.0;Saída;1.0;195
13857;2599;11067.0;Saída;2.0;195
13858;2622;11068.0;Saída;1.0;195
13859;3693;11069.0;Saída;1.0;195
13860;3753;11070.0;Saída;2.0;195
13861;3626;11071.0;Saída;1.0;195
13862;3656;11072.0;Saída;2.0;195
13863;3620;11073.0;Saída;1.0;195
13864;3612;11074.0;Saída;2.0;195
13865;3698;11075.0;Saída;2.0;195
13866;3708;11076.0;Saída;1.0;195
13867;3733;11077.0;Saída;2.0;195
13868;3766;11078.0;Saída;2.0;195
13869;3776;11079.0;Saída;1.0;195
13870;4089;11080.0;Saída;2.0;195
13871;4149;11081.0;Saída;2.0;195
13872;708;11082.0;Saída;2.0;196
13873;651;11083.0;Saída;1.0;196
13874;660;11084.0;Saída;2.0;196
13875;736;11085.0;Saída;2.0;196
13876;795;11086.0;Saída;1.0;196
13877;793;11087.0;Saída;2.0;196
13878;1016;11088.0;Saída;1.0;196
13879;1035;11089.0;Saída;1.0;196
13880;978;11090.0;Saída;2.0;196
13881;294;11091.0;Saída;1.0;196
13882;1349;11093.0;Saída;2.0;196
13883;1299;11094.0;Saída;1.0;196
13884;1303;11095.0;Saída;1.0;196
13885;1594;11096.0;Saída;1.0;196
13886;652;11097.0;Saída;2.0;196
13887;702;11098.0;Saída;1.0;196
13888;711;11099.0;Saída;1.0;196
13889;675;11100.0;Saída;2.0;196
13890;1323;11101.0;Saída;2.0;196
13891;410;11102.0;Saída;1.0;196
13892;412;11103.0;Saída;1.0;196
13893;440;11104.0;Saída;2.0;196
13894;1036;11105.0;Saída;1.0;196
13895;961;11106.0;Saída;1.0;196
13896;993;11107.0;Saída;1.0;196
13897;1117;11108.0;Saída;1.0;196
13898;1098;11109.0;Saída;1.0;196
13899;355;11110.0;Saída;2.0;196
13900;1593;11111.0;Saída;1.0;196
13901;169;11112.0;Saída;1.0;196
13902;238;11113.0;Saída;1.0;196
13903;196;11114.0;Saída;2.0;196
13904;1461;11115.0;Saída;2.0;196
13905;2090;11116.0;Saída;2.0;196
13906;2081;11117.0;Saída;2.0;196
13907;2542;11118.0;Saída;2.0;196
13908;1855;11119.0;Saída;1.0;196
13909;1847;11120.0;Saída;2.0;196
13910;2033;11121.0;Saída;1.0;196
13911;2057;11122.0;Saída;2.0;196
13912;2725;11125.0;Saída;2.0;196
13913;3035;11126.0;Saída;2.0;196
13914;2965;11127.0;Saída;1.0;196
13915;2703;11128.0;Saída;2.0;196
13916;2657;11129.0;Saída;2.0;196
13917;2715;11130.0;Saída;2.0;196
13918;2659;11131.0;Saída;2.0;196
13919;3280;11132.0;Saída;2.0;196
13920;3379;11133.0;Saída;1.0;196
13921;3406;11134.0;Saída;2.0;196
13922;3737;11135.0;Saída;1.0;196
13923;3617;11136.0;Saída;1.0;196
13924;3615;11137.0;Saída;1.0;196
13925;3670;11138.0;Saída;2.0;196
13926;4224;11139.0;Saída;2.0;196
13927;4175;11140.0;Saída;1.0;196
13928;4179;11141.0;Saída;2.0;196
13929;4111;11142.0;Saída;2.0;196
13930;4141;11143.0;Saída;1.0;196
13931;4086;11144.0;Saída;1.0;196
13932;1273;11145.0;Saída;1.0;197
13933;1279;11146.0;Saída;1.0;197
13934;1217;11147.0;Saída;2.0;197
13935;1363;11148.0;Saída;2.0;197
13936;1349;11149.0;Saída;2.0;197
13937;1296;11150.0;Saída;2.0;197
13938;521;11154.0;Saída;1.0;197
13939;493;11155.0;Saída;1.0;197
13940;504;11156.0;Saída;2.0;197
13941;408;11157.0;Saída;2.0;197
13942;415;11158.0;Saída;2.0;197
13943;467;11159.0;Saída;1.0;197
13944;143;11163.0;Saída;1.0;197
13945;130;11164.0;Saída;1.0;197
13946;1183;11165.0;Saída;1.0;197
13947;1193;11166.0;Saída;2.0;197
13948;1142;11167.0;Saída;1.0;197
13949;85;11168.0;Saída;1.0;197
13950;147;11169.0;Saída;2.0;197
13951;82;11170.0;Saída;1.0;197
13952;557;11171.0;Saída;2.0;197
13953;495;11172.0;Saída;1.0;197
13954;484;11173.0;Saída;2.0;197
13955;2254;11174.0;Saída;1.0;197
13956;2309;11175.0;Saída;1.0;197
13957;2287;11176.0;Saída;1.0;197
13958;2257;11177.0;Saída;2.0;197
13959;2280;11178.0;Saída;2.0;197
13960;2253;11179.0;Saída;1.0;197
13961;1929;11182.0;Saída;2.0;197
13962;1971;11183.0;Saída;1.0;197
13963;1858;11184.0;Saída;1.0;197
13964;1903;11185.0;Saída;1.0;197
13965;2573;11186.0;Saída;1.0;197
13966;2631;11187.0;Saída;2.0;197
13967;2578;11188.0;Saída;1.0;197
13968;3045;11191.0;Saída;2.0;197
13969;3111;11192.0;Saída;1.0;197
13970;3046;11193.0;Saída;2.0;197
13971;2583;11197.0;Saída;2.0;197
13972;2635;11198.0;Saída;2.0;197
13973;3202;11199.0;Saída;2.0;197
13974;3451;11203.0;Saída;2.0;197
13975;3455;11204.0;Saída;2.0;197
13976;3577;11205.0;Saída;1.0;197
13977;3590;11206.0;Saída;1.0;197
13978;4122;11207.0;Saída;1.0;197
13979;4130;11208.0;Saída;2.0;197
13980;1234;11209.0;Saída;2.0;198
13981;1698;11210.0;Saída;1.0;198
13982;1705;11211.0;Saída;2.0;198
13983;1507;11212.0;Saída;1.0;198
13984;1518;11213.0;Saída;1.0;198
13985;740;11214.0;Saída;2.0;198
13986;1609;11215.0;Saída;1.0;198
13987;515;11216.0;Saída;1.0;198
13988;527;11217.0;Saída;1.0;198
13989;838;11218.0;Saída;1.0;198
13990;820;11219.0;Saída;1.0;198
13991;1459;11220.0;Saída;2.0;198
13992;1512;11221.0;Saída;2.0;198
13993;1458;11222.0;Saída;2.0;198
13994;1049;11223.0;Saída;2.0;198
13995;7;11224.0;Saída;1.0;198
13996;101;11225.0;Saída;2.0;198
13997;98;11226.0;Saída;2.0;198
13998;147;11227.0;Saída;2.0;198
13999;1265;11228.0;Saída;1.0;198
14000;562;11229.0;Saída;1.0;198
14001;2069;11232.0;Saída;1.0;198
14002;2055;11233.0;Saída;1.0;198
14003;2342;11234.0;Saída;1.0;198
14004;2339;11235.0;Saída;2.0;198
14005;1968;11236.0;Saída;2.0;198
14006;2269;11237.0;Saída;2.0;198
14007;2251;11238.0;Saída;2.0;198
14008;2280;11239.0;Saída;1.0;198
14009;2444;11240.0;Saída;1.0;198
14010;2468;11241.0;Saída;1.0;198
14011;2434;11242.0;Saída;1.0;198
14012;2978;11243.0;Saída;2.0;198
14013;2996;11244.0;Saída;1.0;198
14014;2779;11245.0;Saída;1.0;198
14015;3125;11246.0;Saída;1.0;198
14016;3185;11247.0;Saída;1.0;198
14017;3194;11248.0;Saída;2.0;198
14018;2720;11249.0;Saída;2.0;198
14019;2642;11250.0;Saída;1.0;198
14020;2699;11251.0;Saída;1.0;198
14021;2569;11252.0;Saída;2.0;198
14022;2573;11253.0;Saída;2.0;198
14023;2583;11254.0;Saída;2.0;198
14024;2703;11255.0;Saída;2.0;198
14025;2707;11256.0;Saída;2.0;198
14026;3674;11257.0;Saída;1.0;198
14027;3464;11258.0;Saída;2.0;198
14028;3612;11259.0;Saída;2.0;198
14029;3647;11260.0;Saída;1.0;198
14030;4172;11261.0;Saída;1.0;198
14031;4235;11262.0;Saída;2.0;198
14032;1591;11266.0;Saída;1.0;199
14033;1592;11267.0;Saída;1.0;199
14034;1524;11268.0;Saída;2.0;199
14035;1012;11269.0;Saída;1.0;199
14036;969;11270.0;Saída;2.0;199
14037;1015;11271.0;Saída;2.0;199
14038;1546;11272.0;Saída;2.0;199
14039;1595;11273.0;Saída;1.0;199
14040;1539;11274.0;Saída;2.0;199
14041;302;11279.0;Saída;2.0;199
14042;922;11280.0;Saída;1.0;199
14043;882;11281.0;Saída;1.0;199
14044;898;11282.0;Saída;1.0;199
14045;885;11283.0;Saída;1.0;199
14046;1106;11284.0;Saída;2.0;199
14047;1101;11285.0;Saída;2.0;199
14048;2183;11287.0;Saída;1.0;199
14049;2231;11288.0;Saída;1.0;199
14050;2201;11289.0;Saída;1.0;199
14051;2168;11290.0;Saída;1.0;199
14052;2171;11291.0;Saída;2.0;199
14053;1952;11292.0;Saída;1.0;199
14054;1983;11293.0;Saída;1.0;199
14055;3228;11295.0;Saída;1.0;199
14056;3203;11296.0;Saída;1.0;199
14057;3208;11297.0;Saída;2.0;199
14058;2879;11298.0;Saída;1.0;199
14059;2863;11299.0;Saída;1.0;199
14060;2803;11300.0;Saída;2.0;199
14061;2907;11301.0;Saída;1.0;199
14062;2962;11302.0;Saída;1.0;199
14063;2735;11303.0;Saída;2.0;199
14064;2727;11304.0;Saída;2.0;199
14065;3609;11305.0;Saída;1.0;199
14066;3574;11306.0;Saída;2.0;199
14067;3524;11307.0;Saída;1.0;199
14068;3558;11308.0;Saída;1.0;199
14069;4313;11309.0;Saída;2.0;199
14070;4254;11310.0;Saída;2.0;199
14071;1613;11311.0;Saída;1.0;200
14072;1655;11312.0;Saída;2.0;200
14073;1606;11313.0;Saída;1.0;200
14074;1485;11314.0;Saída;1.0;200
14075;1451;11315.0;Saída;1.0;200
14076;1502;11316.0;Saída;2.0;200
14077;498;11317.0;Saída;1.0;200
14078;1319;11318.0;Saída;1.0;200
14079;1296;11319.0;Saída;1.0;200
14080;1316;11320.0;Saída;2.0;200
14081;1751;11321.0;Saída;1.0;200
14082;1015;11322.0;Saída;2.0;200
14083;1010;11323.0;Saída;1.0;200
14084;1025;11324.0;Saída;2.0;200
14085;320;11326.0;Saída;2.0;200
14086;255;11327.0;Saída;1.0;200
14087;279;11328.0;Saída;1.0;200
14088;1534;11329.0;Saída;2.0;200
14089;1526;11330.0;Saída;1.0;200
14090;1590;11331.0;Saída;1.0;200
14091;1135;11332.0;Saída;2.0;200
14092;1199;11333.0;Saída;1.0;200
14093;1185;11334.0;Saída;2.0;200
14094;523;11335.0;Saída;1.0;200
14095;2011;11336.0;Saída;1.0;200
14096;2548;11340.0;Saída;1.0;200
14097;2501;11341.0;Saída;1.0;200
14098;1808;11342.0;Saída;2.0;200
14099;1799;11343.0;Saída;1.0;200
14100;1773;11344.0;Saída;1.0;200
14101;1835;11345.0;Saída;2.0;200
14102;2891;11346.0;Saída;1.0;200
14103;2911;11347.0;Saída;2.0;200
14104;2960;11348.0;Saída;1.0;200
14105;2889;11349.0;Saída;1.0;200
14106;3355;11350.0;Saída;1.0;200
14107;2564;11351.0;Saída;2.0;200
14108;2626;11352.0;Saída;2.0;200
14109;2627;11353.0;Saída;2.0;200
14110;3742;11354.0;Saída;1.0;200
14111;3599;11355.0;Saída;1.0;200
14112;3595;11356.0;Saída;2.0;200
14113;3593;11357.0;Saída;2.0;200
14114;3603;11358.0;Saída;2.0;200
14115;3767;11359.0;Saída;2.0;200
14116;4061;11360.0;Saída;1.0;200
14117;4019;11361.0;Saída;2.0;200
14118;1544;11364.0;Saída;2.0;201
14119;1584;11365.0;Saída;2.0;201
14120;1547;11366.0;Saída;1.0;201
14121;554;11367.0;Saída;2.0;201
14122;1141;11368.0;Saída;1.0;201
14123;1193;11369.0;Saída;1.0;201
14124;892;11370.0;Saída;2.0;201
14125;951;11371.0;Saída;2.0;201
14126;897;11372.0;Saída;2.0;201
14127;256;11376.0;Saída;2.0;201
14128;311;11377.0;Saída;1.0;201
14129;309;11378.0;Saída;1.0;201
14130;560;11379.0;Saída;1.0;201
14131;548;11380.0;Saída;1.0;201
14132;481;11381.0;Saída;1.0;201
14133;520;11382.0;Saída;1.0;201
14134;1094;11383.0;Saída;1.0;201
14135;1060;11384.0;Saída;1.0;201
14136;1734;11385.0;Saída;2.0;201
14137;1751;11386.0;Saída;2.0;201
14138;1744;11387.0;Saída;2.0;201
14139;1644;11388.0;Saída;1.0;201
14140;1605;11389.0;Saída;2.0;201
14141;2412;11390.0;Saída;1.0;201
14142;2023;11391.0;Saída;1.0;201
14143;2050;11392.0;Saída;1.0;201
14144;2460;11393.0;Saída;2.0;201
14145;1886;11394.0;Saída;2.0;201
14146;1877;11395.0;Saída;2.0;201
14147;2678;11396.0;Saída;1.0;201
14148;2674;11397.0;Saída;2.0;201
14149;2715;11398.0;Saída;1.0;201
14150;2925;11399.0;Saída;1.0;201
14151;2949;11400.0;Saída;1.0;201
14152;2896;11401.0;Saída;1.0;201
14153;3025;11402.0;Saída;1.0;201
14154;3024;11403.0;Saída;1.0;201
14155;2928;11404.0;Saída;1.0;201
14156;2933;11405.0;Saída;1.0;201
14157;2881;11406.0;Saída;1.0;201
14158;2852;11412.0;Saída;1.0;201
14159;2807;11413.0;Saída;1.0;201
14160;2824;11414.0;Saída;2.0;201
14161;3441;11415.0;Saída;1.0;201
14162;3401;11416.0;Saída;1.0;201
14163;3434;11417.0;Saída;1.0;201
14164;3372;11418.0;Saída;1.0;201
14165;3654;11419.0;Saída;2.0;201
14166;3610;11420.0;Saída;1.0;201
14167;3657;11421.0;Saída;1.0;201
14168;3953;11422.0;Saída;1.0;201
14169;16;11423.0;Saída;1.0;202
14170;11;11424.0;Saída;1.0;202
14171;305;11425.0;Saída;2.0;202
14172;1625;11426.0;Saída;1.0;202
14173;1602;11427.0;Saída;1.0;202
14174;1637;11428.0;Saída;1.0;202
14175;412;11429.0;Saída;2.0;202
14176;423;11430.0;Saída;2.0;202
14177;221;11434.0;Saída;2.0;202
14178;174;11435.0;Saída;1.0;202
14179;1122;11436.0;Saída;2.0;202
14180;1181;11437.0;Saída;1.0;202
14181;1174;11438.0;Saída;1.0;202
14182;1133;11439.0;Saída;2.0;202
14183;1486;11440.0;Saída;1.0;202
14184;1455;11441.0;Saída;1.0;202
14185;1480;11442.0;Saída;1.0;202
14186;563;11443.0;Saída;2.0;202
14187;1220;11444.0;Saída;2.0;202
14188;1203;11445.0;Saída;2.0;202
14189;1214;11446.0;Saída;2.0;202
14190;1661;11450.0;Saída;2.0;202
14191;415;11453.0;Saída;2.0;202
14192;442;11454.0;Saída;1.0;202
14193;2384;11460.0;Saída;1.0;202
14194;2322;11461.0;Saída;2.0;202
14195;2325;11462.0;Saída;2.0;202
14196;2274;11463.0;Saída;1.0;202
14197;2269;11464.0;Saída;2.0;202
14198;2358;11465.0;Saída;1.0;202
14199;2340;11466.0;Saída;1.0;202
14200;2384;11467.0;Saída;2.0;202
14201;2102;11468.0;Saída;1.0;202
14202;1948;11469.0;Saída;1.0;202
14203;1973;11470.0;Saída;2.0;202
14204;2176;11471.0;Saída;2.0;202
14205;3144;11473.0;Saída;1.0;202
14206;3264;11474.0;Saída;1.0;202
14207;3273;11475.0;Saída;2.0;202
14208;2902;11476.0;Saída;1.0;202
14209;2917;11477.0;Saída;2.0;202
14210;2881;11478.0;Saída;2.0;202
14211;3032;11479.0;Saída;1.0;202
14212;2987;11480.0;Saída;1.0;202
14213;3661;11481.0;Saída;2.0;202
14214;3612;11482.0;Saída;2.0;202
14215;3642;11483.0;Saída;1.0;202
14216;3681;11484.0;Saída;2.0;202
14217;3691;11485.0;Saída;2.0;202
14218;3734;11486.0;Saída;1.0;202
14219;3756;11487.0;Saída;1.0;202
14220;3692;11488.0;Saída;1.0;202
14221;3753;11489.0;Saída;2.0;202
14222;3589;11490.0;Saída;1.0;202
14223;3537;11491.0;Saída;1.0;202
14224;3533;11492.0;Saída;1.0;202
14225;3990;11493.0;Saída;2.0;202
14226;3940;11494.0;Saída;2.0;202
14227;4268;11495.0;Saída;2.0;202
14228;4285;11496.0;Saída;1.0;202
14229;417;11497.0;Saída;2.0;203
14230;393;11498.0;Saída;2.0;203
14231;353;11499.0;Saída;2.0;203
14232;430;11500.0;Saída;1.0;203
14233;412;11501.0;Saída;1.0;203
14234;568;11502.0;Saída;1.0;203
14235;624;11503.0;Saída;2.0;203
14236;314;11504.0;Saída;2.0;203
14237;1610;11508.0;Saída;2.0;203
14238;1618;11509.0;Saída;2.0;203
14239;350;11512.0;Saída;1.0;203
14240;725;11513.0;Saída;2.0;203
14241;781;11514.0;Saída;2.0;203
14242;735;11515.0;Saída;1.0;203
14243;2180;11516.0;Saída;1.0;203
14244;2546;11517.0;Saída;2.0;203
14245;2271;11518.0;Saída;2.0;203
14246;2288;11519.0;Saída;2.0;203
14247;2249;11520.0;Saída;1.0;203
14248;1777;11521.0;Saída;1.0;203
14249;3153;11522.0;Saída;1.0;203
14250;3149;11523.0;Saída;1.0;203
14251;3138;11524.0;Saída;1.0;203
14252;2950;11527.0;Saída;1.0;203
14253;2938;11528.0;Saída;1.0;203
14254;2900;11529.0;Saída;1.0;203
14255;3528;11533.0;Saída;1.0;203
14256;3535;11534.0;Saída;1.0;203
14257;3696;11535.0;Saída;1.0;203
14258;3699;11536.0;Saída;2.0;203
14259;3717;11537.0;Saída;1.0;203
14260;4248;11538.0;Saída;1.0;203
14261;4258;11539.0;Saída;1.0;203
14262;87;11542.0;Saída;2.0;204
14263;140;11543.0;Saída;1.0;204
14264;88;11544.0;Saída;1.0;204
14265;973;11545.0;Saída;1.0;204
14266;1000;11546.0;Saída;2.0;204
14267;998;11547.0;Saída;2.0;204
14268;468;11548.0;Saída;1.0;204
14269;407;11549.0;Saída;1.0;204
14270;389;11550.0;Saída;2.0;204
14271;1557;11551.0;Saída;2.0;204
14272;1538;11552.0;Saída;1.0;204
14273;1522;11553.0;Saída;2.0;204
14274;634;11554.0;Saída;1.0;204
14275;744;11555.0;Saída;1.0;204
14276;730;11556.0;Saída;1.0;204
14277;241;11557.0;Saída;2.0;204
14278;313;11558.0;Saída;2.0;204
14279;1673;11559.0;Saída;1.0;204
14280;1855;11560.0;Saída;1.0;204
14281;1878;11561.0;Saída;2.0;204
14282;2079;11562.0;Saída;1.0;204
14283;2011;11563.0;Saída;1.0;204
14284;2008;11564.0;Saída;1.0;204
14285;2070;11565.0;Saída;2.0;204
14286;2213;11566.0;Saída;2.0;204
14287;2163;11567.0;Saída;2.0;204
14288;2184;11568.0;Saída;1.0;204
14289;1858;11569.0;Saída;2.0;204
14290;1855;11570.0;Saída;1.0;204
14291;1846;11571.0;Saída;1.0;204
14292;2500;11572.0;Saída;2.0;204
14293;2228;11573.0;Saída;1.0;204
14294;2220;11574.0;Saída;1.0;204
14295;2230;11575.0;Saída;2.0;204
14296;3086;11576.0;Saída;1.0;204
14297;3054;11577.0;Saída;1.0;204
14298;3060;11578.0;Saída;1.0;204
14299;3075;11579.0;Saída;2.0;204
14300;3116;11580.0;Saída;2.0;204
14301;3064;11581.0;Saída;1.0;204
14302;2664;11582.0;Saída;1.0;204
14303;2663;11583.0;Saída;1.0;204
14304;3272;11584.0;Saída;2.0;204
14305;3220;11585.0;Saída;1.0;204
14306;3515;11589.0;Saída;1.0;204
14307;3706;11590.0;Saída;2.0;204
14308;3755;11591.0;Saída;1.0;204
14309;4036;11592.0;Saída;1.0;204
14310;78;11593.0;Saída;2.0;205
14311;19;11594.0;Saída;1.0;205
14312;9;11595.0;Saída;1.0;205
14313;889;11596.0;Saída;2.0;205
14314;942;11597.0;Saída;2.0;205
14315;1195;11598.0;Saída;1.0;205
14316;640;11599.0;Saída;1.0;205
14317;583;11600.0;Saída;2.0;205
14318;794;11601.0;Saída;2.0;205
14319;781;11602.0;Saída;1.0;205
14320;783;11603.0;Saída;1.0;205
14321;1461;11604.0;Saída;1.0;205
14322;1503;11605.0;Saída;1.0;205
14323;753;11606.0;Saída;1.0;205
14324;726;11607.0;Saída;1.0;205
14325;735;11608.0;Saída;2.0;205
14326;1626;11609.0;Saída;2.0;205
14327;1667;11610.0;Saída;1.0;205
14328;429;11612.0;Saída;1.0;205
14329;69;11613.0;Saída;1.0;205
14330;16;11614.0;Saída;2.0;205
14331;1447;11615.0;Saída;2.0;205
14332;1507;11616.0;Saída;2.0;205
14333;1442;11617.0;Saída;1.0;205
14334;897;11618.0;Saída;1.0;205
14335;906;11619.0;Saída;2.0;205
14336;947;11620.0;Saída;1.0;205
14337;563;11621.0;Saída;1.0;205
14338;567;11622.0;Saída;2.0;205
14339;628;11623.0;Saída;2.0;205
14340;1927;11628.0;Saída;1.0;205
14341;2306;11629.0;Saída;2.0;205
14342;3051;11634.0;Saída;1.0;205
14343;3060;11635.0;Saída;1.0;205
14344;3105;11636.0;Saída;2.0;205
14345;2756;11637.0;Saída;1.0;205
14346;2755;11638.0;Saída;2.0;205
14347;2624;11639.0;Saída;2.0;205
14348;2630;11640.0;Saída;2.0;205
14349;2730;11641.0;Saída;1.0;205
14350;3130;11644.0;Saída;2.0;205
14351;3143;11645.0;Saída;1.0;205
14352;3536;11649.0;Saída;1.0;205
14353;3595;11650.0;Saída;1.0;205
14354;3535;11651.0;Saída;2.0;205
14355;3408;11652.0;Saída;2.0;205
14356;3380;11653.0;Saída;2.0;205
14357;3368;11654.0;Saída;1.0;205
14358;3711;11655.0;Saída;2.0;205
14359;3760;11656.0;Saída;1.0;205
14360;3939;11657.0;Saída;2.0;205
14361;4230;11658.0;Saída;1.0;205
14362;4224;11659.0;Saída;1.0;205
14363;4220;11660.0;Saída;2.0;205
14364;1058;11661.0;Saída;2.0;206
14365;1064;11662.0;Saída;1.0;206
14366;1077;11663.0;Saída;2.0;206
14367;461;11664.0;Saída;2.0;206
14368;401;11665.0;Saída;1.0;206
14369;476;11666.0;Saída;2.0;206
14370;1209;11667.0;Saída;2.0;206
14371;1215;11668.0;Saída;1.0;206
14372;1242;11669.0;Saída;2.0;206
14373;904;11670.0;Saída;2.0;206
14374;948;11671.0;Saída;2.0;206
14375;918;11672.0;Saída;2.0;206
14376;1681;11673.0;Saída;2.0;206
14377;910;11674.0;Saída;1.0;206
14378;927;11675.0;Saída;2.0;206
14379;953;11676.0;Saída;1.0;206
14380;392;11677.0;Saída;2.0;206
14381;394;11678.0;Saída;2.0;206
14382;325;11679.0;Saída;1.0;206
14383;1040;11680.0;Saída;2.0;206
14384;989;11681.0;Saída;2.0;206
14385;1000;11682.0;Saída;1.0;206
14386;1361;11683.0;Saída;1.0;206
14387;1438;11684.0;Saída;2.0;206
14388;1388;11685.0;Saída;1.0;206
14389;171;11686.0;Saída;1.0;206
14390;1120;11687.0;Saída;2.0;206
14391;1116;11688.0;Saída;1.0;206
14392;1058;11689.0;Saída;2.0;206
14393;1041;11690.0;Saída;1.0;206
14394;820;11691.0;Saída;1.0;206
14395;1229;11692.0;Saída;2.0;206
14396;1228;11693.0;Saída;1.0;206
14397;1685;11694.0;Saída;2.0;206
14398;1751;11695.0;Saída;2.0;206
14399;2438;11698.0;Saída;2.0;206
14400;2499;11699.0;Saída;2.0;206
14401;2322;11702.0;Saída;2.0;206
14402;1923;11703.0;Saída;1.0;206
14403;1965;11704.0;Saída;1.0;206
14404;1999;11705.0;Saída;2.0;206
14405;1852;11706.0;Saída;1.0;206
14406;1856;11707.0;Saída;1.0;206
14407;2019;11708.0;Saída;2.0;206
14408;2046;11709.0;Saída;2.0;206
14409;2015;11710.0;Saída;1.0;206
14410;3206;11711.0;Saída;2.0;206
14411;3269;11712.0;Saída;1.0;206
14412;3204;11713.0;Saída;2.0;206
14413;3124;11714.0;Saída;1.0;206
14414;3134;11715.0;Saída;2.0;206
14415;2805;11716.0;Saída;2.0;206
14416;2829;11717.0;Saída;2.0;206
14417;2814;11718.0;Saída;2.0;206
14418;3271;11719.0;Saída;2.0;206
14419;3240;11720.0;Saída;1.0;206
14420;3228;11721.0;Saída;1.0;206
14421;2882;11722.0;Saída;1.0;206
14422;2897;11723.0;Saída;1.0;206
14423;2957;11724.0;Saída;1.0;206
14424;2731;11725.0;Saída;2.0;206
14425;2739;11726.0;Saída;2.0;206
14426;2800;11727.0;Saída;1.0;206
14427;3673;11731.0;Saída;1.0;206
14428;3633;11732.0;Saída;2.0;206
14429;3374;11733.0;Saída;2.0;206
14430;3733;11734.0;Saída;2.0;206
14431;4147;11735.0;Saída;1.0;206
14432;1456;11736.0;Saída;2.0;207
14433;1508;11737.0;Saída;2.0;207
14434;1429;11738.0;Saída;2.0;207
14435;1362;11739.0;Saída;1.0;207
14436;1380;11740.0;Saída;1.0;207
14437;800;11741.0;Saída;1.0;207
14438;727;11742.0;Saída;1.0;207
14439;394;11743.0;Saída;2.0;207
14440;376;11744.0;Saída;1.0;207
14441;338;11745.0;Saída;2.0;207
14442;1138;11746.0;Saída;1.0;207
14443;1152;11747.0;Saída;2.0;207
14444;1151;11748.0;Saída;1.0;207
14445;1536;11749.0;Saída;2.0;207
14446;1549;11750.0;Saída;1.0;207
14447;1598;11751.0;Saída;2.0;207
14448;1557;11752.0;Saída;2.0;207
14449;1617;11753.0;Saída;1.0;207
14450;1633;11754.0;Saída;1.0;207
14451;1614;11755.0;Saída;1.0;207
14452;579;11756.0;Saída;1.0;207
14453;569;11757.0;Saída;1.0;207
14454;634;11758.0;Saída;2.0;207
14455;1667;11759.0;Saída;2.0;207
14456;1626;11760.0;Saída;1.0;207
14457;503;11761.0;Saída;1.0;207
14458;525;11762.0;Saída;2.0;207
14459;476;11764.0;Saída;1.0;207
14460;405;11765.0;Saída;2.0;207
14461;474;11766.0;Saída;1.0;207
14462;1193;11767.0;Saída;1.0;207
14463;1137;11768.0;Saída;1.0;207
14464;1121;11769.0;Saída;2.0;207
14465;884;11770.0;Saída;1.0;207
14466;893;11771.0;Saída;2.0;207
14467;883;11772.0;Saída;1.0;207
14468;318;11773.0;Saída;1.0;207
14469;302;11774.0;Saída;2.0;207
14470;1366;11775.0;Saída;2.0;207
14471;1427;11776.0;Saída;1.0;207
14472;1430;11777.0;Saída;2.0;207
14473;2411;11778.0;Saída;1.0;207
14474;2419;11779.0;Saída;2.0;207
14475;2083;11780.0;Saída;2.0;207
14476;2098;11781.0;Saída;2.0;207
14477;1944;11782.0;Saída;1.0;207
14478;1940;11783.0;Saída;2.0;207
14479;2470;11784.0;Saída;2.0;207
14480;2416;11785.0;Saída;1.0;207
14481;2471;11786.0;Saída;2.0;207
14482;2338;11787.0;Saída;2.0;207
14483;2368;11788.0;Saída;2.0;207
14484;2380;11789.0;Saída;1.0;207
14485;2003;11790.0;Saída;1.0;207
14486;2039;11791.0;Saída;1.0;207
14487;2908;11792.0;Saída;2.0;207
14488;2937;11793.0;Saída;1.0;207
14489;2897;11794.0;Saída;2.0;207
14490;3035;11795.0;Saída;1.0;207
14491;3236;11796.0;Saída;2.0;207
14492;3201;11797.0;Saída;1.0;207
14493;2666;11798.0;Saída;1.0;207
14494;3546;11799.0;Saída;1.0;207
14495;3552;11800.0;Saída;1.0;207
14496;3559;11801.0;Saída;1.0;207
14497;3537;11802.0;Saída;2.0;207
14498;4270;11803.0;Saída;1.0;207
14499;4075;11804.0;Saída;2.0;207
14500;1533;11805.0;Saída;2.0;208
14501;1448;11806.0;Saída;2.0;208
14502;1450;11807.0;Saída;2.0;208
14503;1661;11808.0;Saída;1.0;208
14504;1655;11809.0;Saída;2.0;208
14505;1616;11810.0;Saída;2.0;208
14506;1122;11811.0;Saída;2.0;208
14507;219;11815.0;Saída;2.0;208
14508;193;11816.0;Saída;1.0;208
14509;195;11817.0;Saída;1.0;208
14510;665;11818.0;Saída;1.0;208
14511;710;11819.0;Saída;1.0;208
14512;680;11820.0;Saída;1.0;208
14513;86;11821.0;Saída;2.0;208
14514;115;11822.0;Saída;1.0;208
14515;135;11823.0;Saída;2.0;208
14516;2532;11825.0;Saída;1.0;208
14517;2493;11826.0;Saída;1.0;208
14518;1868;11827.0;Saída;1.0;208
14519;2317;11828.0;Saída;1.0;208
14520;1844;11829.0;Saída;2.0;208
14521;1818;11830.0;Saída;2.0;208
14522;1829;11831.0;Saída;2.0;208
14523;1788;11832.0;Saída;2.0;208
14524;1827;11833.0;Saída;2.0;208
14525;2162;11834.0;Saída;1.0;208
14526;2871;11835.0;Saída;1.0;208
14527;2806;11836.0;Saída;1.0;208
14528;2631;11837.0;Saída;1.0;208
14529;2634;11838.0;Saída;1.0;208
14530;2632;11839.0;Saída;2.0;208
14531;3348;11841.0;Saída;2.0;208
14532;3299;11842.0;Saída;2.0;208
14533;3338;11843.0;Saída;1.0;208
14534;3298;11844.0;Saída;2.0;208
14535;3446;11845.0;Saída;2.0;208
14536;3391;11846.0;Saída;2.0;208
14537;3372;11847.0;Saída;1.0;208
14538;4198;11849.0;Saída;2.0;208
14539;1053;11850.0;Saída;1.0;209
14540;1164;11851.0;Saída;1.0;209
14541;1129;11852.0;Saída;1.0;209
14542;1742;11853.0;Saída;2.0;209
14543;1705;11854.0;Saída;1.0;209
14544;545;11855.0;Saída;1.0;209
14545;546;11856.0;Saída;2.0;209
14546;1258;11857.0;Saída;1.0;209
14547;1209;11858.0;Saída;2.0;209
14548;639;11859.0;Saída;2.0;209
14549;773;11860.0;Saída;2.0;209
14550;723;11861.0;Saída;1.0;209
14551;180;11862.0;Saída;1.0;209
14552;239;11863.0;Saída;1.0;209
14553;178;11864.0;Saída;2.0;209
14554;1521;11865.0;Saída;2.0;209
14555;1592;11866.0;Saída;1.0;209
14556;2119;11867.0;Saída;2.0;209
14557;2087;11868.0;Saída;1.0;209
14558;2155;11869.0;Saída;2.0;209
14559;2018;11870.0;Saída;2.0;209
14560;2075;11871.0;Saída;1.0;209
14561;2036;11872.0;Saída;1.0;209
14562;2657;11877.0;Saída;1.0;209
14563;3048;11878.0;Saída;1.0;209
14564;3108;11879.0;Saída;1.0;209
14565;3111;11880.0;Saída;2.0;209
14566;2744;11881.0;Saída;2.0;209
14567;2781;11882.0;Saída;2.0;209
14568;3188;11883.0;Saída;2.0;209
14569;3161;11884.0;Saída;2.0;209
14570;3520;11885.0;Saída;1.0;209
14571;3454;11886.0;Saída;2.0;209
14572;3690;11887.0;Saída;1.0;209
14573;3681;11888.0;Saída;1.0;209
14574;3696;11889.0;Saída;1.0;209
14575;3412;11890.0;Saída;2.0;209
14576;3428;11891.0;Saída;1.0;209
14577;3371;11892.0;Saída;1.0;209
14578;4235;11893.0;Saída;1.0;209
14579;4238;11894.0;Saída;1.0;209
14580;4040;11895.0;Saída;2.0;209
14581;4020;11896.0;Saída;1.0;209
14582;4013;11897.0;Saída;1.0;209
14583;879;11898.0;Saída;2.0;210
14584;850;11899.0;Saída;1.0;210
14585;588;11902.0;Saída;2.0;210
14586;19;11903.0;Saída;1.0;210
14587;20;11904.0;Saída;2.0;210
14588;76;11905.0;Saída;1.0;210
14589;530;11908.0;Saída;1.0;210
14590;490;11909.0;Saída;2.0;210
14591;498;11910.0;Saída;1.0;210
14592;979;11911.0;Saída;2.0;210
14593;1028;11912.0;Saída;2.0;210
14594;563;11913.0;Saída;2.0;210
14595;590;11914.0;Saída;2.0;210
14596;864;11915.0;Saída;2.0;210
14597;830;11916.0;Saída;2.0;210
14598;868;11917.0;Saída;2.0;210
14599;356;11918.0;Saída;1.0;210
14600;351;11919.0;Saída;2.0;210
14601;1597;11920.0;Saída;2.0;210
14602;1595;11921.0;Saída;1.0;210
14603;1093;11922.0;Saída;2.0;210
14604;1619;11923.0;Saída;1.0;210
14605;1668;11924.0;Saída;1.0;210
14606;2304;11925.0;Saída;1.0;210
14607;2319;11926.0;Saída;1.0;210
14608;2286;11927.0;Saída;1.0;210
14609;1790;11928.0;Saída;2.0;210
14610;1802;11929.0;Saída;2.0;210
14611;1822;11930.0;Saída;1.0;210
14612;2410;11933.0;Saída;1.0;210
14613;2433;11934.0;Saída;1.0;210
14614;1989;11935.0;Saída;2.0;210
14615;2869;11936.0;Saída;1.0;210
14616;2873;11937.0;Saída;1.0;210
14617;2847;11938.0;Saída;2.0;210
14618;2953;11939.0;Saída;2.0;210
14619;2918;11940.0;Saída;1.0;210
14620;2928;11941.0;Saída;1.0;210
14621;3047;11942.0;Saída;2.0;210
14622;3118;11943.0;Saída;1.0;210
14623;3049;11944.0;Saída;1.0;210
14624;2936;11945.0;Saída;1.0;210
14625;2897;11946.0;Saída;1.0;210
14626;3511;11950.0;Saída;2.0;210
14627;3451;11951.0;Saída;2.0;210
14628;3681;11955.0;Saída;1.0;210
14629;4196;11956.0;Saída;1.0;210
14630;4209;11957.0;Saída;1.0;210
14631;4185;11958.0;Saída;2.0;210
14632;4254;11959.0;Saída;2.0;210
14633;4258;11960.0;Saída;1.0;210
14634;904;11961.0;Saída;1.0;211
14635;941;11962.0;Saída;1.0;211
14636;949;11963.0;Saída;2.0;211
14637;1588;11967.0;Saída;1.0;211
14638;385;11968.0;Saída;1.0;211
14639;977;11969.0;Saída;1.0;211
14640;1205;11970.0;Saída;2.0;211
14641;648;11971.0;Saída;1.0;211
14642;701;11972.0;Saída;1.0;211
14643;1570;11973.0;Saída;1.0;211
14644;1296;11974.0;Saída;2.0;211
14645;1336;11975.0;Saída;2.0;211
14646;1289;11976.0;Saída;2.0;211
14647;671;11977.0;Saída;1.0;211
14648;715;11978.0;Saída;1.0;211
14649;1768;11982.0;Saída;1.0;211
14650;1827;11983.0;Saída;2.0;211
14651;2255;11984.0;Saída;1.0;211
14652;2466;11985.0;Saída;1.0;211
14653;2413;11986.0;Saída;2.0;211
14654;2411;11987.0;Saída;2.0;211
14655;1975;11988.0;Saída;1.0;211
14656;1944;11989.0;Saída;2.0;211
14657;1925;11990.0;Saída;2.0;211
14658;2736;11991.0;Saída;1.0;211
14659;2754;11992.0;Saída;1.0;211
14660;2743;11993.0;Saída;1.0;211
14661;2748;11994.0;Saída;2.0;211
14662;2962;11995.0;Saída;2.0;211
14663;2989;11996.0;Saída;2.0;211
14664;2887;11997.0;Saída;2.0;211
14665;2932;11998.0;Saída;1.0;211
14666;2896;11999.0;Saída;2.0;211
14667;3284;12000.0;Saída;2.0;211
14668;2888;12001.0;Saída;1.0;211
14669;3216;12002.0;Saída;1.0;211
14670;3275;12003.0;Saída;2.0;211
14671;3376;12004.0;Saída;2.0;211
14672;3438;12005.0;Saída;2.0;211
14673;3378;12006.0;Saída;1.0;211
14674;3365;12007.0;Saída;1.0;211
14675;3438;12008.0;Saída;2.0;211
14676;3361;12009.0;Saída;2.0;211
14677;3372;12010.0;Saída;2.0;211
14678;4306;12011.0;Saída;1.0;211
14679;4272;12012.0;Saída;1.0;211
14680;136;12013.0;Saída;2.0;212
14681;496;12016.0;Saída;2.0;212
14682;538;12017.0;Saída;2.0;212
14683;507;12018.0;Saída;1.0;212
14684;1447;12022.0;Saída;2.0;212
14685;910;12023.0;Saída;1.0;212
14686;102;12024.0;Saída;1.0;212
14687;148;12025.0;Saída;1.0;212
14688;1189;12026.0;Saída;1.0;212
14689;1137;12027.0;Saída;1.0;212
14690;1121;12028.0;Saída;2.0;212
14691;1445;12029.0;Saída;1.0;212
14692;1517;12030.0;Saída;2.0;212
14693;1480;12031.0;Saída;1.0;212
14694;753;12032.0;Saída;2.0;212
14695;795;12033.0;Saída;1.0;212
14696;778;12034.0;Saída;1.0;212
14697;1689;12035.0;Saída;2.0;212
14698;1696;12036.0;Saída;1.0;212
14699;1693;12037.0;Saída;1.0;212
14700;365;12038.0;Saída;2.0;212
14701;1670;12039.0;Saída;2.0;212
14702;1630;12040.0;Saída;2.0;212
14703;1679;12041.0;Saída;2.0;212
14704;337;12042.0;Saída;1.0;212
14705;1853;12043.0;Saída;1.0;212
14706;1845;12044.0;Saída;1.0;212
14707;1871;12045.0;Saída;2.0;212
14708;1879;12046.0;Saída;1.0;212
14709;2066;12047.0;Saída;2.0;212
14710;1814;12048.0;Saída;1.0;212
14711;1828;12049.0;Saída;1.0;212
14712;2335;12050.0;Saída;1.0;212
14713;2340;12051.0;Saída;1.0;212
14714;2381;12052.0;Saída;1.0;212
14715;3332;12053.0;Saída;1.0;212
14716;3360;12054.0;Saída;1.0;212
14717;3302;12055.0;Saída;2.0;212
14718;3357;12056.0;Saída;1.0;212
14719;2810;12060.0;Saída;2.0;212
14720;2828;12061.0;Saída;2.0;212
14721;2873;12062.0;Saída;2.0;212
14722;3368;12063.0;Saída;2.0;212
14723;3393;12064.0;Saída;1.0;212
14724;3600;12065.0;Saída;1.0;212
14725;4180;12066.0;Saída;2.0;212
14726;4236;12067.0;Saída;1.0;212
14727;4307;12068.0;Saída;1.0;212
14728;1541;12071.0;Saída;2.0;213
14729;596;12072.0;Saída;2.0;213
14730;1460;12073.0;Saída;2.0;213
14731;1449;12074.0;Saída;1.0;213
14732;1492;12075.0;Saída;1.0;213
14733;800;12076.0;Saída;1.0;213
14734;724;12077.0;Saída;2.0;213
14735;732;12078.0;Saída;2.0;213
14736;1672;12079.0;Saída;1.0;213
14737;1614;12080.0;Saída;1.0;213
14738;82;12081.0;Saída;2.0;213
14739;125;12082.0;Saída;2.0;213
14740;407;12083.0;Saída;2.0;213
14741;1683;12084.0;Saída;1.0;213
14742;1697;12085.0;Saída;2.0;213
14743;1720;12086.0;Saída;1.0;213
14744;1713;12087.0;Saída;1.0;213
14745;1718;12088.0;Saída;1.0;213
14746;1686;12089.0;Saída;1.0;213
14747;1684;12090.0;Saída;2.0;213
14748;474;12091.0;Saída;1.0;213
14749;467;12092.0;Saída;1.0;213
14750;468;12093.0;Saída;1.0;213
14751;163;12094.0;Saída;2.0;213
14752;190;12095.0;Saída;2.0;213
14753;1539;12097.0;Saída;1.0;213
14754;1526;12098.0;Saída;1.0;213
14755;1560;12099.0;Saída;1.0;213
14756;2248;12100.0;Saída;1.0;213
14757;2301;12101.0;Saída;2.0;213
14758;2421;12102.0;Saída;1.0;213
14759;2405;12103.0;Saída;1.0;213
14760;2434;12104.0;Saída;1.0;213
14761;2473;12105.0;Saída;2.0;213
14762;2320;12106.0;Saída;1.0;213
14763;2164;12107.0;Saída;1.0;213
14764;2175;12108.0;Saída;1.0;213
14765;2187;12109.0;Saída;2.0;213
14766;1968;12110.0;Saída;2.0;213
14767;1933;12111.0;Saída;2.0;213
14768;2972;12112.0;Saída;1.0;213
14769;3298;12113.0;Saída;1.0;213
14770;3330;12114.0;Saída;2.0;213
14771;2667;12115.0;Saída;2.0;213
14772;2884;12116.0;Saída;2.0;213
14773;2737;12117.0;Saída;2.0;213
14774;2794;12118.0;Saída;2.0;213
14775;2728;12119.0;Saída;2.0;213
14776;2728;12120.0;Saída;2.0;213
14777;2756;12121.0;Saída;1.0;213
14778;2727;12122.0;Saída;2.0;213
14779;3718;12123.0;Saída;2.0;213
14780;3379;12124.0;Saída;1.0;213
14781;3378;12125.0;Saída;1.0;213
14782;3397;12126.0;Saída;2.0;213
14783;3716;12127.0;Saída;2.0;213
14784;3691;12128.0;Saída;1.0;213
14785;3750;12129.0;Saída;1.0;213
14786;4313;12130.0;Saída;2.0;213
14787;4244;12131.0;Saída;1.0;213
14788;4316;12132.0;Saída;1.0;213
14789;1220;12133.0;Saída;2.0;214
14790;1231;12134.0;Saída;2.0;214
14791;1268;12135.0;Saída;2.0;214
14792;1351;12136.0;Saída;2.0;214
14793;1289;12137.0;Saída;1.0;214
14794;150;12138.0;Saída;1.0;214
14795;83;12139.0;Saída;1.0;214
14796;652;12140.0;Saída;2.0;214
14797;720;12141.0;Saída;2.0;214
14798;657;12142.0;Saída;2.0;214
14799;920;12143.0;Saída;1.0;214
14800;948;12144.0;Saída;1.0;214
14801;953;12145.0;Saída;1.0;214
14802;1300;12146.0;Saída;2.0;214
14803;1344;12147.0;Saída;1.0;214
14804;1463;12152.0;Saída;2.0;214
14805;1047;12153.0;Saída;1.0;214
14806;1110;12154.0;Saída;1.0;214
14807;3;12155.0;Saída;1.0;214
14808;56;12156.0;Saída;1.0;214
14809;77;12157.0;Saída;1.0;214
14810;1467;12158.0;Saída;2.0;214
14811;956;12159.0;Saída;1.0;214
14812;885;12160.0;Saída;2.0;214
14813;891;12161.0;Saída;2.0;214
14814;564;12162.0;Saída;1.0;214
14815;1827;12163.0;Saída;1.0;214
14816;2543;12165.0;Saída;2.0;214
14817;2509;12166.0;Saída;1.0;214
14818;2133;12167.0;Saída;2.0;214
14819;2122;12168.0;Saída;1.0;214
14820;3043;12169.0;Saída;2.0;214
14821;3107;12170.0;Saída;1.0;214
14822;3048;12171.0;Saída;2.0;214
14823;3051;12172.0;Saída;2.0;214
14824;3044;12173.0;Saída;2.0;214
14825;3120;12174.0;Saída;1.0;214
14826;3275;12175.0;Saída;2.0;214
14827;3223;12176.0;Saída;2.0;214
14828;3240;12177.0;Saída;2.0;214
14829;2972;12178.0;Saída;2.0;214
14830;2966;12179.0;Saída;2.0;214
14831;2694;12180.0;Saída;2.0;214
14832;2654;12181.0;Saída;2.0;214
14833;2965;12182.0;Saída;2.0;214
14834;3038;12183.0;Saída;2.0;214
14835;2973;12184.0;Saída;1.0;214
14836;3606;12185.0;Saída;2.0;214
14837;3661;12186.0;Saída;1.0;214
14838;3564;12187.0;Saída;1.0;214
14839;4229;12188.0;Saída;1.0;214
14840;4220;12189.0;Saída;1.0;214
14841;4186;12190.0;Saída;2.0;214
14842;1652;12191.0;Saída;2.0;215
14843;1611;12192.0;Saída;1.0;215
14844;570;12193.0;Saída;1.0;215
14845;629;12194.0;Saída;2.0;215
14846;419;12195.0;Saída;2.0;215
14847;439;12196.0;Saída;1.0;215
14848;66;12197.0;Saída;2.0;215
14849;33;12198.0;Saída;1.0;215
14850;955;12199.0;Saída;1.0;215
14851;269;12200.0;Saída;1.0;215
14852;257;12201.0;Saída;1.0;215
14853;1454;12202.0;Saída;2.0;215
14854;1491;12203.0;Saída;2.0;215
14855;898;12204.0;Saída;2.0;215
14856;231;12205.0;Saída;1.0;215
14857;183;12206.0;Saída;2.0;215
14858;208;12207.0;Saída;1.0;215
14859;412;12210.0;Saída;2.0;215
14860;463;12211.0;Saída;2.0;215
14861;488;12215.0;Saída;1.0;215
14862;482;12216.0;Saída;2.0;215
14863;2333;12217.0;Saída;2.0;215
14864;2412;12218.0;Saída;1.0;215
14865;2469;12219.0;Saída;1.0;215
14866;2429;12220.0;Saída;1.0;215
14867;2482;12221.0;Saída;2.0;215
14868;2555;12222.0;Saída;2.0;215
14869;2494;12223.0;Saída;2.0;215
14870;3063;12226.0;Saída;2.0;215
14871;3102;12227.0;Saída;1.0;215
14872;3199;12228.0;Saída;2.0;215
14873;3125;12229.0;Saída;2.0;215
14874;3127;12230.0;Saída;2.0;215
14875;2652;12231.0;Saída;1.0;215
14876;2654;12232.0;Saída;1.0;215
14877;2688;12233.0;Saída;1.0;215
14878;3102;12234.0;Saída;1.0;215
14879;2577;12235.0;Saída;2.0;215
14880;3701;12236.0;Saída;2.0;215
14881;3472;12237.0;Saída;2.0;215
14882;3510;12238.0;Saída;1.0;215
14883;3503;12239.0;Saída;2.0;215
14884;3535;12240.0;Saída;2.0;215
14885;3598;12241.0;Saída;1.0;215
14886;3553;12242.0;Saída;1.0;215
14887;4017;12243.0;Saída;2.0;215
14888;4075;12244.0;Saída;1.0;215
14889;4060;12245.0;Saída;2.0;215
14890;3895;12246.0;Saída;1.0;215
14891;3916;12247.0;Saída;2.0;215
14892;1203;12248.0;Saída;2.0;216
14893;1224;12249.0;Saída;2.0;216
14894;1201;12250.0;Saída;2.0;216
14895;33;12251.0;Saída;1.0;216
14896;41;12252.0;Saída;1.0;216
14897;1186;12253.0;Saída;1.0;216
14898;837;12254.0;Saída;1.0;216
14899;1059;12258.0;Saída;1.0;216
14900;293;12259.0;Saída;1.0;216
14901;310;12260.0;Saída;2.0;216
14902;248;12261.0;Saída;1.0;216
14903;303;12262.0;Saída;1.0;216
14904;256;12263.0;Saída;2.0;216
14905;276;12264.0;Saída;1.0;216
14906;1363;12265.0;Saída;2.0;216
14907;1436;12266.0;Saída;1.0;216
14908;1862;12267.0;Saída;2.0;216
14909;1911;12268.0;Saída;2.0;216
14910;1920;12269.0;Saída;2.0;216
14911;2323;12270.0;Saída;1.0;216
14912;2356;12271.0;Saída;1.0;216
14913;2388;12272.0;Saída;2.0;216
14914;1952;12273.0;Saída;2.0;216
14915;1778;12274.0;Saída;2.0;216
14916;1806;12275.0;Saída;1.0;216
14917;1769;12276.0;Saída;1.0;216
14918;2797;12277.0;Saída;2.0;216
14919;3135;12278.0;Saída;2.0;216
14920;3186;12279.0;Saída;2.0;216
14921;3154;12280.0;Saída;2.0;216
14922;2718;12281.0;Saída;2.0;216
14923;2957;12282.0;Saída;1.0;216
14924;2881;12283.0;Saída;2.0;216
14925;2735;12284.0;Saída;2.0;216
14926;2783;12285.0;Saída;1.0;216
14927;2780;12286.0;Saída;2.0;216
14928;3473;12287.0;Saída;1.0;216
14929;3523;12288.0;Saída;2.0;216
14930;3548;12289.0;Saída;2.0;216
14931;4005;12291.0;Saída;2.0;216
14932;4034;12292.0;Saída;1.0;216
14933;4064;12293.0;Saída;1.0;216
14934;3768;12294.0;Saída;2.0;216
14935;3823;12295.0;Saída;2.0;216
14936;3824;12296.0;Saída;1.0;216
14937;1750;12297.0;Saída;1.0;217
14938;734;12298.0;Saída;2.0;217
14939;732;12299.0;Saída;2.0;217
14940;781;12300.0;Saída;2.0;217
14941;968;12304.0;Saída;1.0;217
14942;1604;12305.0;Saída;2.0;217
14943;1679;12306.0;Saída;2.0;217
14944;1616;12307.0;Saída;1.0;217
14945;1103;12308.0;Saída;1.0;217
14946;860;12309.0;Saída;2.0;217
14947;45;12310.0;Saída;1.0;217
14948;53;12311.0;Saída;2.0;217
14949;58;12312.0;Saída;2.0;217
14950;500;12313.0;Saída;2.0;217
14951;1755;12314.0;Saída;1.0;217
14952;1709;12315.0;Saída;1.0;217
14953;644;12317.0;Saída;2.0;217
14954;658;12318.0;Saída;2.0;217
14955;1784;12319.0;Saída;1.0;217
14956;1779;12320.0;Saída;2.0;217
14957;1830;12321.0;Saída;2.0;217
14958;1932;12322.0;Saída;1.0;217
14959;1982;12323.0;Saída;2.0;217
14960;1925;12324.0;Saída;2.0;217
14961;3354;12328.0;Saída;1.0;217
14962;3295;12329.0;Saída;2.0;217
14963;2864;12330.0;Saída;2.0;217
14964;2865;12331.0;Saída;1.0;217
14965;2809;12332.0;Saída;1.0;217
14966;3215;12333.0;Saída;1.0;217
14967;3204;12334.0;Saída;1.0;217
14968;3220;12335.0;Saída;1.0;217
14969;3016;12336.0;Saída;2.0;217
14970;3009;12337.0;Saída;1.0;217
14971;2974;12338.0;Saída;2.0;217
14972;2837;12339.0;Saída;2.0;217
14973;3367;12342.0;Saída;2.0;217
14974;3413;12343.0;Saída;1.0;217
14975;3418;12344.0;Saída;2.0;217
14976;3856;12347.0;Saída;1.0;217
14977;13;12348.0;Saída;2.0;218
14978;26;12349.0;Saída;2.0;218
14979;8;12350.0;Saída;1.0;218
14980;1053;12351.0;Saída;1.0;218
14981;1048;12352.0;Saída;1.0;218
14982;733;12353.0;Saída;2.0;218
14983;245;12354.0;Saída;1.0;218
14984;1313;12355.0;Saída;1.0;218
14985;1287;12356.0;Saída;2.0;218
14986;1296;12357.0;Saída;1.0;218
14987;1078;12358.0;Saída;1.0;218
14988;1044;12359.0;Saída;1.0;218
14989;1049;12360.0;Saída;1.0;218
14990;353;12361.0;Saída;2.0;218
14991;361;12362.0;Saída;2.0;218
14992;1529;12365.0;Saída;2.0;218
14993;1539;12366.0;Saída;2.0;218
14994;1591;12367.0;Saída;2.0;218
14995;1015;12368.0;Saída;2.0;218
14996;1038;12369.0;Saída;1.0;218
14997;1037;12370.0;Saída;2.0;218
14998;1911;12371.0;Saída;1.0;218
14999;2142;12372.0;Saída;1.0;218
15000;2203;12373.0;Saída;2.0;218
15001;2411;12374.0;Saída;1.0;218
15002;3039;12379.0;Saída;1.0;218
15003;2946;12380.0;Saída;2.0;218
15004;2897;12381.0;Saída;1.0;218
15005;2956;12382.0;Saída;1.0;218
15006;2943;12383.0;Saída;1.0;218
15007;3452;12384.0;Saída;2.0;218
15008;3471;12385.0;Saída;2.0;218
15009;3504;12386.0;Saída;2.0;218
15010;3475;12387.0;Saída;2.0;218
15011;4226;12388.0;Saída;1.0;218
15012;4204;12389.0;Saída;1.0;218
15013;4203;12390.0;Saída;1.0;218
15014;4162;12391.0;Saída;2.0;218
15015;1290;12392.0;Saída;1.0;219
15016;335;12393.0;Saída;1.0;219
15017;327;12394.0;Saída;1.0;219
15018;340;12395.0;Saída;1.0;219
15019;336;12396.0;Saída;2.0;219
15020;360;12397.0;Saída;2.0;219
15021;17;12398.0;Saída;2.0;219
15022;80;12399.0;Saída;2.0;219
15023;29;12400.0;Saída;2.0;219
15024;379;12401.0;Saída;1.0;219
15025;324;12402.0;Saída;1.0;219
15026;350;12403.0;Saída;2.0;219
15027;1583;12406.0;Saída;1.0;219
15028;869;12407.0;Saída;1.0;219
15029;815;12408.0;Saída;2.0;219
15030;1365;12409.0;Saída;2.0;219
15031;1426;12410.0;Saída;2.0;219
15032;1439;12411.0;Saída;1.0;219
15033;1741;12412.0;Saída;1.0;219
15034;1700;12413.0;Saída;1.0;219
15035;1714;12414.0;Saída;2.0;219
15036;449;12417.0;Saída;1.0;219
15037;2491;12420.0;Saída;2.0;219
15038;2401;12421.0;Saída;2.0;219
15039;2402;12422.0;Saída;1.0;219
15040;2408;12423.0;Saída;2.0;219
15041;2406;12426.0;Saída;1.0;219
15042;2091;12427.0;Saída;2.0;219
15043;2130;12428.0;Saída;2.0;219
15044;1983;12429.0;Saída;1.0;219
15045;2688;12430.0;Saída;1.0;219
15046;2951;12431.0;Saída;2.0;219
15047;2814;12432.0;Saída;1.0;219
15048;2875;12433.0;Saída;2.0;219
15049;2812;12434.0;Saída;1.0;219
15050;2993;12435.0;Saída;1.0;219
15051;2983;12436.0;Saída;2.0;219
15052;2967;12437.0;Saída;2.0;219
15053;3009;12438.0;Saída;2.0;219
15054;2969;12439.0;Saída;1.0;219
15055;2990;12440.0;Saída;1.0;219
15056;2969;12441.0;Saída;1.0;219
15057;2976;12442.0;Saída;1.0;219
15058;3369;12443.0;Saída;1.0;219
15059;3377;12444.0;Saída;2.0;219
15060;3438;12445.0;Saída;2.0;219
15061;3374;12446.0;Saída;1.0;219
15062;3681;12447.0;Saída;2.0;219
15063;4307;12448.0;Saída;1.0;219
15064;4289;12449.0;Saída;1.0;219
15065;4242;12450.0;Saída;2.0;219
15066;727;12451.0;Saída;1.0;220
15067;788;12452.0;Saída;1.0;220
15068;736;12453.0;Saída;1.0;220
15069;1560;12454.0;Saída;2.0;220
15070;248;12455.0;Saída;1.0;220
15071;944;12459.0;Saída;2.0;220
15072;946;12460.0;Saída;1.0;220
15073;941;12461.0;Saída;2.0;220
15074;1054;12462.0;Saída;2.0;220
15075;1103;12463.0;Saída;1.0;220
15076;1120;12464.0;Saída;2.0;220
15077;1297;12465.0;Saída;1.0;220
15078;1309;12466.0;Saída;1.0;220
15079;1310;12467.0;Saída;1.0;220
15080;413;12468.0;Saída;2.0;220
15081;1126;12469.0;Saída;1.0;220
15082;959;12470.0;Saída;2.0;220
15083;1858;12471.0;Saída;1.0;220
15084;1764;12472.0;Saída;1.0;220
15085;1832;12473.0;Saída;2.0;220
15086;1807;12474.0;Saída;1.0;220
15087;2209;12475.0;Saída;2.0;220
15088;2642;12478.0;Saída;1.0;220
15089;2692;12479.0;Saída;2.0;220
15090;2641;12480.0;Saída;2.0;220
15091;3202;12481.0;Saída;2.0;220
15092;3270;12482.0;Saída;1.0;220
15093;3201;12483.0;Saída;1.0;220
15094;3302;12484.0;Saída;2.0;220
15095;3300;12485.0;Saída;1.0;220
15096;3332;12486.0;Saída;1.0;220
15097;2683;12487.0;Saída;1.0;220
15098;2654;12488.0;Saída;2.0;220
15099;3341;12489.0;Saída;1.0;220
15100;3294;12490.0;Saída;1.0;220
15101;2631;12491.0;Saída;1.0;220
15102;2601;12492.0;Saída;2.0;220
15103;2563;12493.0;Saída;2.0;220
15104;2628;12494.0;Saída;2.0;220
15105;3518;12495.0;Saída;1.0;220
15106;3718;12496.0;Saída;1.0;220
15107;3713;12497.0;Saída;2.0;220
15108;3382;12498.0;Saída;1.0;220
15109;3425;12499.0;Saída;1.0;220
15110;3368;12500.0;Saída;1.0;220
15111;4154;12501.0;Saída;2.0;220
15112;3934;12502.0;Saída;1.0;220
15113;491;12503.0;Saída;2.0;221
15114;520;12504.0;Saída;2.0;221
15115;507;12505.0;Saída;2.0;221
15116;530;12506.0;Saída;2.0;221
15117;827;12507.0;Saída;2.0;221
15118;807;12508.0;Saída;1.0;221
15119;387;12509.0;Saída;1.0;221
15120;1268;12510.0;Saída;2.0;221
15121;1211;12511.0;Saída;1.0;221
15122;1277;12512.0;Saída;1.0;221
15123;896;12514.0;Saída;2.0;221
15124;911;12515.0;Saída;1.0;221
15125;1163;12516.0;Saída;2.0;221
15126;1136;12517.0;Saída;1.0;221
15127;1172;12518.0;Saída;1.0;221
15128;1682;12519.0;Saída;1.0;221
15129;1689;12520.0;Saída;1.0;221
15130;24;12521.0;Saída;1.0;221
15131;63;12522.0;Saída;2.0;221
15132;1431;12523.0;Saída;1.0;221
15133;1417;12524.0;Saída;1.0;221
15134;2327;12528.0;Saída;2.0;221
15135;2376;12529.0;Saída;1.0;221
15136;2386;12530.0;Saída;2.0;221
15137;2309;12531.0;Saída;1.0;221
15138;2253;12532.0;Saída;1.0;221
15139;2246;12533.0;Saída;1.0;221
15140;2229;12534.0;Saída;2.0;221
15141;2645;12535.0;Saída;1.0;221
15142;2715;12536.0;Saída;1.0;221
15143;2716;12537.0;Saída;1.0;221
15144;2839;12539.0;Saída;2.0;221
15145;2811;12540.0;Saída;1.0;221
15146;2595;12541.0;Saída;1.0;221
15147;2892;12542.0;Saída;1.0;221
15148;3613;12544.0;Saída;2.0;221
15149;4086;12545.0;Saída;2.0;221
15150;4087;12546.0;Saída;1.0;221
15151;4116;12547.0;Saída;2.0;221
15152;3764;12548.0;Saída;1.0;221
15153;577;12549.0;Saída;1.0;222
15154;602;12550.0;Saída;1.0;222
15155;570;12551.0;Saída;2.0;222
15156;1025;12552.0;Saída;2.0;222
15157;1030;12553.0;Saída;1.0;222
15158;1023;12554.0;Saída;1.0;222
15159;1667;12555.0;Saída;1.0;222
15160;1607;12556.0;Saída;1.0;222
15161;1231;12557.0;Saída;1.0;222
15162;1216;12558.0;Saída;2.0;222
15163;1237;12559.0;Saída;2.0;222
15164;1036;12564.0;Saída;2.0;222
15165;986;12565.0;Saída;1.0;222
15166;967;12566.0;Saída;2.0;222
15167;1603;12567.0;Saída;2.0;222
15168;1271;12568.0;Saída;1.0;222
15169;1280;12569.0;Saída;1.0;222
15170;2420;12570.0;Saída;2.0;222
15171;2408;12571.0;Saída;2.0;222
15172;2410;12572.0;Saída;1.0;222
15173;2409;12573.0;Saída;2.0;222
15174;2417;12574.0;Saída;1.0;222
15175;1856;12575.0;Saída;1.0;222
15176;2245;12578.0;Saída;1.0;222
15177;2286;12579.0;Saída;1.0;222
15178;2791;12582.0;Saída;1.0;222
15179;2945;12583.0;Saída;2.0;222
15180;3132;12589.0;Saída;1.0;222
15181;3565;12592.0;Saída;1.0;222
15182;3574;12593.0;Saída;1.0;222
15183;4304;12594.0;Saída;1.0;222
15184;4256;12595.0;Saída;2.0;222
15185;1359;12596.0;Saída;1.0;223
15186;1352;12597.0;Saída;1.0;223
15187;1326;12598.0;Saída;2.0;223
15188;630;12599.0;Saída;2.0;223
15189;576;12600.0;Saída;1.0;223
15190;1173;12601.0;Saída;1.0;223
15191;721;12602.0;Saída;1.0;223
15192;1299;12606.0;Saída;1.0;223
15193;497;12607.0;Saída;2.0;223
15194;541;12608.0;Saída;2.0;223
15195;1644;12609.0;Saída;2.0;223
15196;1603;12610.0;Saída;2.0;223
15197;1444;12611.0;Saída;1.0;223
15198;1499;12612.0;Saída;2.0;223
15199;1489;12613.0;Saída;2.0;223
15200;1742;12614.0;Saída;2.0;223
15201;1686;12615.0;Saída;2.0;223
15202;1759;12616.0;Saída;2.0;223
15203;1378;12617.0;Saída;1.0;223
15204;249;12618.0;Saída;2.0;223
15205;269;12619.0;Saída;2.0;223
15206;2019;12620.0;Saída;1.0;223
15207;2071;12621.0;Saída;1.0;223
15208;1890;12623.0;Saída;2.0;223
15209;2071;12624.0;Saída;1.0;223
15210;2010;12625.0;Saída;2.0;223
15211;3342;12629.0;Saída;2.0;223
15212;3107;12630.0;Saída;1.0;223
15213;3065;12631.0;Saída;2.0;223
15214;3245;12632.0;Saída;2.0;223
15215;2656;12633.0;Saída;2.0;223
15216;2706;12634.0;Saída;2.0;223
15217;2649;12635.0;Saída;2.0;223
15218;3370;12636.0;Saída;1.0;223
15219;3492;12637.0;Saída;1.0;223
15220;4264;12638.0;Saída;1.0;223
15221;87;12643.0;Saída;2.0;224
15222;1453;12644.0;Saída;1.0;224
15223;641;12645.0;Saída;2.0;224
15224;650;12646.0;Saída;2.0;224
15225;465;12649.0;Saída;1.0;224
15226;411;12650.0;Saída;2.0;224
15227;420;12651.0;Saída;1.0;224
15228;526;12652.0;Saída;2.0;224
15229;629;12653.0;Saída;2.0;224
15230;1544;12656.0;Saída;2.0;224
15231;1591;12657.0;Saída;1.0;224
15232;179;12661.0;Saída;2.0;224
15233;240;12662.0;Saída;1.0;224
15234;208;12663.0;Saída;1.0;224
15235;1847;12667.0;Saída;1.0;224
15236;1879;12668.0;Saída;1.0;224
15237;1846;12669.0;Saída;2.0;224
15238;2087;12670.0;Saída;1.0;224
15239;1931;12671.0;Saída;2.0;224
15240;1789;12672.0;Saída;1.0;224
15241;1784;12673.0;Saída;1.0;224
15242;1775;12674.0;Saída;2.0;224
15243;1827;12675.0;Saída;2.0;224
15244;3054;12676.0;Saída;1.0;224
15245;2644;12677.0;Saída;1.0;224
15246;2674;12678.0;Saída;2.0;224
15247;3118;12679.0;Saída;2.0;224
15248;3044;12680.0;Saída;1.0;224
15249;3043;12681.0;Saída;1.0;224
15250;2849;12682.0;Saída;2.0;224
15251;2810;12683.0;Saída;2.0;224
15252;3378;12685.0;Saída;2.0;224
15253;3425;12686.0;Saída;1.0;224
15254;3430;12687.0;Saída;1.0;224
15255;3685;12688.0;Saída;2.0;224
15256;3705;12689.0;Saída;2.0;224
15257;3846;12690.0;Saída;2.0;224
15258;408;12691.0;Saída;2.0;225
15259;447;12692.0;Saída;2.0;225
15260;461;12693.0;Saída;2.0;225
15261;1314;12694.0;Saída;1.0;225
15262;1332;12695.0;Saída;1.0;225
15263;1312;12696.0;Saída;2.0;225
15264;79;12697.0;Saída;1.0;225
15265;1710;12698.0;Saída;2.0;225
15266;1716;12699.0;Saída;2.0;225
15267;1693;12700.0;Saída;2.0;225
15268;963;12704.0;Saída;1.0;225
15269;961;12705.0;Saída;1.0;225
15270;1016;12706.0;Saída;2.0;225
15271;1370;12707.0;Saída;1.0;225
15272;1397;12708.0;Saída;1.0;225
15273;1522;12709.0;Saída;2.0;225
15274;561;12710.0;Saída;1.0;225
15275;1440;12711.0;Saída;2.0;225
15276;1428;12712.0;Saída;1.0;225
15277;1399;12713.0;Saída;2.0;225
15278;1523;12714.0;Saída;2.0;225
15279;2245;12715.0;Saída;1.0;225
15280;2242;12716.0;Saída;1.0;225
15281;2097;12720.0;Saída;2.0;225
15282;1761;12721.0;Saída;2.0;225
15283;1836;12722.0;Saída;1.0;225
15284;1833;12723.0;Saída;1.0;225
15285;2560;12724.0;Saída;1.0;225
15286;2501;12725.0;Saída;2.0;225
15287;3290;12726.0;Saída;1.0;225
15288;3320;12727.0;Saída;2.0;225
15289;3102;12730.0;Saída;2.0;225
15290;3088;12731.0;Saída;2.0;225
15291;2976;12732.0;Saída;2.0;225
15292;2972;12733.0;Saída;2.0;225
15293;3669;12734.0;Saída;2.0;225
15294;3662;12735.0;Saída;2.0;225
15295;3606;12736.0;Saída;1.0;225
15296;3362;12737.0;Saída;2.0;225
15297;4156;12740.0;Saída;2.0;225
15298;4113;12741.0;Saída;1.0;225
15299;4108;12742.0;Saída;1.0;225
15300;354;12743.0;Saída;2.0;226
15301;392;12744.0;Saída;2.0;226
15302;20;12745.0;Saída;2.0;226
15303;33;12746.0;Saída;2.0;226
15304;1457;12747.0;Saída;2.0;226
15305;1477;12748.0;Saída;1.0;226
15306;1078;12752.0;Saída;1.0;226
15307;547;12758.0;Saída;1.0;226
15308;495;12759.0;Saída;2.0;226
15309;556;12760.0;Saída;1.0;226
15310;1761;12763.0;Saída;2.0;226
15311;1828;12764.0;Saída;2.0;226
15312;1776;12765.0;Saída;1.0;226
15313;2329;12769.0;Saída;2.0;226
15314;2353;12770.0;Saída;1.0;226
15315;2376;12771.0;Saída;2.0;226
15316;2344;12772.0;Saída;2.0;226
15317;2361;12773.0;Saída;2.0;226
15318;2660;12777.0;Saída;2.0;226
15319;2698;12778.0;Saída;2.0;226
15320;2715;12779.0;Saída;1.0;226
15321;3249;12780.0;Saída;1.0;226
15322;2969;12784.0;Saída;2.0;226
15323;3040;12785.0;Saída;1.0;226
15324;2990;12786.0;Saída;1.0;226
15325;2772;12787.0;Saída;2.0;226
15326;2737;12788.0;Saída;2.0;226
15327;2763;12789.0;Saída;2.0;226
15328;2785;12790.0;Saída;1.0;226
15329;2757;12791.0;Saída;1.0;226
15330;3649;12793.0;Saída;1.0;226
15331;3643;12794.0;Saída;2.0;226
15332;3614;12795.0;Saída;2.0;226
15333;3607;12796.0;Saída;1.0;226
15334;3623;12797.0;Saída;1.0;226
15335;3810;12798.0;Saída;1.0;226
15336;3821;12799.0;Saída;2.0;226
15337;1669;12803.0;Saída;1.0;227
15338;1607;12804.0;Saída;1.0;227
15339;943;12805.0;Saída;1.0;227
15340;663;12806.0;Saída;1.0;227
15341;652;12807.0;Saída;1.0;227
15342;761;12811.0;Saída;1.0;227
15343;779;12812.0;Saída;1.0;227
15344;722;12813.0;Saída;2.0;227
15345;336;12814.0;Saída;1.0;227
15346;399;12815.0;Saída;2.0;227
15347;340;12816.0;Saída;2.0;227
15348;1674;12817.0;Saída;2.0;227
15349;1422;12818.0;Saída;2.0;227
15350;1361;12819.0;Saída;1.0;227
15351;126;12820.0;Saída;2.0;227
15352;81;12821.0;Saída;1.0;227
15353;108;12822.0;Saída;1.0;227
15354;1524;12823.0;Saída;2.0;227
15355;766;12824.0;Saída;1.0;227
15356;553;12825.0;Saída;1.0;227
15357;498;12826.0;Saída;1.0;227
15358;2409;12827.0;Saída;1.0;227
15359;2466;12828.0;Saída;2.0;227
15360;2327;12829.0;Saída;1.0;227
15361;2271;12830.0;Saída;1.0;227
15362;2291;12831.0;Saída;1.0;227
15363;2309;12832.0;Saída;2.0;227
15364;1858;12833.0;Saída;2.0;227
15365;1867;12834.0;Saída;1.0;227
15366;1850;12835.0;Saída;1.0;227
15367;2385;12836.0;Saída;1.0;227
15368;1768;12837.0;Saída;1.0;227
15369;1835;12838.0;Saída;1.0;227
15370;1824;12839.0;Saída;2.0;227
15371;3036;12843.0;Saída;2.0;227
15372;2970;12844.0;Saída;1.0;227
15373;2732;12848.0;Saída;2.0;227
15374;2789;12849.0;Saída;2.0;227
15375;3262;12850.0;Saída;1.0;227
15376;3266;12851.0;Saída;1.0;227
15377;3222;12852.0;Saída;2.0;227
15378;2954;12853.0;Saída;1.0;227
15379;3459;12854.0;Saída;2.0;227
15380;3512;12855.0;Saída;1.0;227
15381;3458;12856.0;Saída;1.0;227
15382;3665;12860.0;Saída;2.0;227
15383;4233;12861.0;Saída;1.0;227
15384;23;12862.0;Saída;1.0;228
15385;1035;12863.0;Saída;2.0;228
15386;594;12864.0;Saída;2.0;228
15387;579;12865.0;Saída;2.0;228
15388;711;12867.0;Saída;1.0;228
15389;728;12868.0;Saída;2.0;228
15390;63;12869.0;Saída;1.0;228
15391;77;12870.0;Saída;2.0;228
15392;68;12871.0;Saída;2.0;228
15393;1606;12872.0;Saída;1.0;228
15394;1605;12873.0;Saída;1.0;228
15395;281;12874.0;Saída;2.0;228
15396;289;12875.0;Saída;2.0;228
15397;1295;12878.0;Saída;1.0;228
15398;1284;12879.0;Saída;1.0;228
15399;1236;12880.0;Saída;2.0;228
15400;1270;12881.0;Saída;1.0;228
15401;1273;12882.0;Saída;1.0;228
15402;2503;12883.0;Saída;2.0;228
15403;2547;12884.0;Saída;2.0;228
15404;2511;12885.0;Saída;1.0;228
15405;2244;12886.0;Saída;1.0;228
15406;2510;12887.0;Saída;1.0;228
15407;2279;12888.0;Saída;1.0;228
15408;2303;12889.0;Saída;1.0;228
15409;2252;12890.0;Saída;2.0;228
15410;2072;12891.0;Saída;2.0;228
15411;3152;12894.0;Saída;2.0;228
15412;3133;12895.0;Saída;2.0;228
15413;3147;12896.0;Saída;1.0;228
15414;3137;12897.0;Saída;1.0;228
15415;3185;12898.0;Saída;2.0;228
15416;3189;12899.0;Saída;2.0;228
15417;3053;12900.0;Saída;1.0;228
15418;3323;12901.0;Saída;1.0;228
15419;3702;12902.0;Saída;1.0;228
15420;3539;12903.0;Saída;1.0;228
15421;4300;12906.0;Saída;2.0;228
15422;4274;12907.0;Saída;1.0;228
15423;3982;12908.0;Saída;1.0;228
15424;303;12909.0;Saída;1.0;229
15425;304;12910.0;Saída;2.0;229
15426;545;12914.0;Saída;2.0;229
15427;1531;12915.0;Saída;2.0;229
15428;1539;12916.0;Saída;2.0;229
15429;1268;12917.0;Saída;1.0;229
15430;1234;12918.0;Saída;2.0;229
15431;36;12919.0;Saída;1.0;229
15432;75;12920.0;Saída;1.0;229
15433;723;12921.0;Saída;2.0;229
15434;727;12922.0;Saída;1.0;229
15435;782;12923.0;Saída;1.0;229
15436;87;12924.0;Saída;2.0;229
15437;149;12925.0;Saída;2.0;229
15438;999;12926.0;Saída;2.0;229
15439;712;12927.0;Saída;2.0;229
15440;485;12928.0;Saída;1.0;229
15441;504;12929.0;Saída;2.0;229
15442;2044;12930.0;Saída;1.0;229
15443;2012;12931.0;Saída;1.0;229
15444;2025;12932.0;Saída;1.0;229
15445;2278;12933.0;Saída;2.0;229
15446;2255;12934.0;Saída;2.0;229
15447;2264;12935.0;Saída;1.0;229
15448;1914;12936.0;Saída;2.0;229
15449;1919;12937.0;Saída;2.0;229
15450;1916;12938.0;Saída;1.0;229
15451;2327;12939.0;Saída;2.0;229
15452;2359;12940.0;Saída;2.0;229
15453;2397;12941.0;Saída;1.0;229
15454;3117;12942.0;Saída;1.0;229
15455;3057;12943.0;Saída;2.0;229
15456;2910;12944.0;Saída;1.0;229
15457;2943;12945.0;Saída;2.0;229
15458;2951;12946.0;Saída;2.0;229
15459;2723;12947.0;Saída;1.0;229
15460;2771;12948.0;Saída;2.0;229
15461;2742;12949.0;Saída;2.0;229
15462;3337;12950.0;Saída;2.0;229
15463;3289;12951.0;Saída;2.0;229
15464;3345;12952.0;Saída;1.0;229
15465;2569;12953.0;Saída;1.0;229
15466;2639;12954.0;Saída;1.0;229
15467;2562;12955.0;Saída;2.0;229
15468;3629;12956.0;Saída;2.0;229
15469;3603;12957.0;Saída;2.0;229
15470;3663;12958.0;Saída;2.0;229
15471;3614;12959.0;Saída;1.0;229
15472;3602;12960.0;Saída;1.0;229
15473;3627;12961.0;Saída;2.0;229
15474;3611;12962.0;Saída;2.0;229
15475;4202;12963.0;Saída;2.0;229
15476;4194;12964.0;Saída;1.0;229
15477;14;12965.0;Saída;2.0;230
15478;76;12966.0;Saída;2.0;230
15479;62;12967.0;Saída;2.0;230
15480;1444;12968.0;Saída;1.0;230
15481;1479;12969.0;Saída;2.0;230
15482;1501;12970.0;Saída;2.0;230
15483;1594;12974.0;Saída;2.0;230
15484;1746;12975.0;Saída;1.0;230
15485;24;12978.0;Saída;2.0;230
15486;6;12979.0;Saída;2.0;230
15487;37;12980.0;Saída;1.0;230
15488;1449;12981.0;Saída;1.0;230
15489;1496;12982.0;Saída;2.0;230
15490;1488;12983.0;Saída;1.0;230
15491;739;12984.0;Saída;2.0;230
15492;2248;12985.0;Saída;2.0;230
15493;2279;12986.0;Saída;2.0;230
15494;2267;12987.0;Saída;1.0;230
15495;2069;12990.0;Saída;2.0;230
15496;2012;12991.0;Saída;1.0;230
15497;2068;12992.0;Saída;1.0;230
15498;2460;12993.0;Saída;1.0;230
15499;2419;12994.0;Saída;2.0;230
15500;2407;12995.0;Saída;1.0;230
15501;2069;12996.0;Saída;1.0;230
15502;2813;12997.0;Saída;2.0;230
15503;2877;12998.0;Saída;1.0;230
15504;2867;12999.0;Saída;2.0;230
15505;3054;13000.0;Saída;1.0;230
15506;3089;13001.0;Saída;1.0;230
15507;3113;13002.0;Saída;1.0;230
15508;2885;13003.0;Saída;2.0;230
15509;2659;13004.0;Saída;2.0;230
15510;2812;13005.0;Saída;1.0;230
15511;3372;13006.0;Saída;2.0;230
15512;3432;13007.0;Saída;1.0;230
15513;3423;13008.0;Saída;1.0;230
15514;3990;13009.0;Saída;2.0;230
15515;3989;13010.0;Saída;2.0;230
15516;3937;13011.0;Saída;2.0;230
15517;1169;13012.0;Saída;2.0;231
15518;1121;13013.0;Saída;1.0;231
15519;1191;13014.0;Saída;2.0;231
15520;1446;13018.0;Saída;1.0;231
15521;1498;13019.0;Saída;2.0;231
15522;788;13020.0;Saída;2.0;231
15523;761;13021.0;Saída;1.0;231
15524;1311;13022.0;Saída;1.0;231
15525;1295;13023.0;Saída;2.0;231
15526;1322;13024.0;Saída;2.0;231
15527;1509;13025.0;Saída;2.0;231
15528;1446;13026.0;Saída;1.0;231
15529;1444;13027.0;Saída;1.0;231
15530;350;13028.0;Saída;1.0;231
15531;336;13029.0;Saída;2.0;231
15532;731;13030.0;Saída;2.0;231
15533;722;13031.0;Saída;2.0;231
15534;251;13032.0;Saída;1.0;231
15535;402;13033.0;Saída;1.0;231
15536;1768;13034.0;Saída;1.0;231
15537;1767;13035.0;Saída;2.0;231
15538;1772;13036.0;Saída;2.0;231
15539;2349;13037.0;Saída;1.0;231
15540;2331;13038.0;Saída;2.0;231
15541;2247;13041.0;Saída;2.0;231
15542;2303;13042.0;Saída;1.0;231
15543;2063;13043.0;Saída;2.0;231
15544;2014;13044.0;Saída;1.0;231
15545;2051;13045.0;Saída;1.0;231
15546;2245;13046.0;Saída;2.0;231
15547;2298;13047.0;Saída;2.0;231
15548;2895;13050.0;Saída;1.0;231
15549;2945;13051.0;Saída;2.0;231
15550;2950;13052.0;Saída;2.0;231
15551;3242;13053.0;Saída;2.0;231
15552;3223;13054.0;Saída;2.0;231
15553;3203;13055.0;Saída;1.0;231
15554;2996;13056.0;Saída;2.0;231
15555;2613;13057.0;Saída;2.0;231
15556;2896;13058.0;Saída;1.0;231
15557;2960;13059.0;Saída;2.0;231
15558;2935;13060.0;Saída;1.0;231
15559;3734;13062.0;Saída;1.0;231
15560;3745;13063.0;Saída;2.0;231
15561;3682;13064.0;Saída;1.0;231
15562;3759;13065.0;Saída;1.0;231
15563;3923;13066.0;Saída;1.0;231
15564;3954;13067.0;Saída;1.0;231
15565;324;13068.0;Saída;1.0;232
15566;755;13072.0;Saída;1.0;232
15567;785;13073.0;Saída;1.0;232
15568;722;13074.0;Saída;2.0;232
15569;875;13075.0;Saída;2.0;232
15570;807;13076.0;Saída;1.0;232
15571;816;13077.0;Saída;2.0;232
15572;763;13079.0;Saída;1.0;232
15573;800;13080.0;Saída;1.0;232
15574;1045;13081.0;Saída;1.0;232
15575;1081;13082.0;Saída;2.0;232
15576;1055;13083.0;Saída;2.0;232
15577;82;13084.0;Saída;1.0;232
15578;156;13085.0;Saída;1.0;232
15579;911;13086.0;Saída;2.0;232
15580;926;13087.0;Saída;1.0;232
15581;905;13088.0;Saída;1.0;232
15582;137;13089.0;Saída;1.0;232
15583;90;13090.0;Saída;2.0;232
15584;100;13091.0;Saída;2.0;232
15585;835;13092.0;Saída;1.0;232
15586;1050;13093.0;Saída;2.0;232
15587;1115;13094.0;Saída;2.0;232
15588;513;13095.0;Saída;2.0;232
15589;545;13096.0;Saída;1.0;232
15590;1540;13097.0;Saída;2.0;232
15591;2490;13098.0;Saída;1.0;232
15592;1856;13099.0;Saída;2.0;232
15593;1878;13100.0;Saída;2.0;232
15594;2289;13101.0;Saída;2.0;232
15595;2318;13102.0;Saída;1.0;232
15596;2224;13103.0;Saída;1.0;232
15597;2167;13104.0;Saída;2.0;232
15598;1792;13105.0;Saída;2.0;232
15599;1777;13106.0;Saída;1.0;232
15600;1828;13107.0;Saída;1.0;232
15601;2969;13108.0;Saída;2.0;232
15602;2962;13109.0;Saída;2.0;232
15603;2639;13110.0;Saída;1.0;232
15604;2562;13111.0;Saída;1.0;232
15605;2578;13112.0;Saída;1.0;232
15606;2650;13113.0;Saída;2.0;232
15607;2564;13114.0;Saída;2.0;232
15608;2636;13115.0;Saída;1.0;232
15609;2629;13116.0;Saída;2.0;232
15610;2787;13117.0;Saída;1.0;232
15611;2750;13118.0;Saída;1.0;232
15612;2783;13119.0;Saída;1.0;232
15613;3054;13120.0;Saída;2.0;232
15614;3118;13121.0;Saída;1.0;232
15615;3539;13125.0;Saída;1.0;232
15616;3522;13126.0;Saída;1.0;232
15617;3543;13127.0;Saída;1.0;232
15618;3797;13128.0;Saída;1.0;232
15619;3834;13129.0;Saída;1.0;232
15620;410;13130.0;Saída;2.0;233
15621;408;13131.0;Saída;2.0;233
15622;72;13132.0;Saída;2.0;233
15623;1181;13133.0;Saída;1.0;233
15624;1191;13134.0;Saída;2.0;233
15625;470;13135.0;Saída;2.0;233
15626;419;13136.0;Saída;2.0;233
15627;1269;13137.0;Saída;1.0;233
15628;1243;13138.0;Saída;2.0;233
15629;1545;13139.0;Saída;2.0;233
15630;1589;13140.0;Saída;1.0;233
15631;1296;13141.0;Saída;2.0;233
15632;1290;13142.0;Saída;2.0;233
15633;1328;13143.0;Saída;2.0;233
15634;965;13144.0;Saída;1.0;233
15635;1006;13145.0;Saída;1.0;233
15636;484;13146.0;Saída;1.0;233
15637;489;13147.0;Saída;1.0;233
15638;528;13148.0;Saída;2.0;233
15639;1629;13149.0;Saída;2.0;233
15640;987;13150.0;Saída;1.0;233
15641;1687;13151.0;Saída;1.0;233
15642;1744;13152.0;Saída;1.0;233
15643;1908;13153.0;Saída;1.0;233
15644;1851;13155.0;Saída;1.0;233
15645;1913;13156.0;Saída;2.0;233
15646;2249;13157.0;Saída;1.0;233
15647;2327;13158.0;Saída;1.0;233
15648;2373;13159.0;Saída;2.0;233
15649;2740;13160.0;Saída;2.0;233
15650;3197;13161.0;Saída;2.0;233
15651;3137;13162.0;Saída;1.0;233
15652;2680;13163.0;Saída;1.0;233
15653;2664;13164.0;Saída;2.0;233
15654;2678;13165.0;Saída;1.0;233
15655;3262;13168.0;Saída;2.0;233
15656;3266;13172.0;Saída;2.0;233
15657;3219;13173.0;Saída;2.0;233
15658;3539;13174.0;Saída;1.0;233
15659;3698;13175.0;Saída;1.0;233
15660;3694;13176.0;Saída;2.0;233
15661;3976;13177.0;Saída;2.0;233
15662;1283;13181.0;Saída;1.0;234
15663;1327;13182.0;Saída;2.0;234
15664;1404;13183.0;Saída;2.0;234
15665;466;13184.0;Saída;1.0;234
15666;447;13185.0;Saída;2.0;234
15667;1181;13186.0;Saída;2.0;234
15668;1512;13187.0;Saída;1.0;234
15669;1482;13188.0;Saída;1.0;234
15670;331;13189.0;Saída;2.0;234
15671;325;13190.0;Saída;1.0;234
15672;381;13191.0;Saída;1.0;234
15673;600;13192.0;Saída;2.0;234
15674;1468;13193.0;Saída;2.0;234
15675;1380;13194.0;Saída;1.0;234
15676;1437;13195.0;Saída;2.0;234
15677;422;13196.0;Saída;2.0;234
15678;337;13197.0;Saída;2.0;234
15679;148;13198.0;Saída;2.0;234
15680;106;13199.0;Saída;1.0;234
15681;2418;13200.0;Saída;1.0;234
15682;2401;13201.0;Saída;1.0;234
15683;2290;13202.0;Saída;2.0;234
15684;2242;13203.0;Saída;2.0;234
15685;2309;13204.0;Saída;1.0;234
15686;1923;13205.0;Saída;1.0;234
15687;1958;13206.0;Saída;2.0;234
15688;2357;13207.0;Saída;2.0;234
15689;2354;13208.0;Saída;1.0;234
15690;2332;13209.0;Saída;1.0;234
15691;1856;13210.0;Saída;2.0;234
15692;1878;13211.0;Saída;2.0;234
15693;2738;13212.0;Saída;2.0;234
15694;2798;13213.0;Saída;1.0;234
15695;3355;13214.0;Saída;2.0;234
15696;3312;13215.0;Saída;2.0;234
15697;2955;13216.0;Saída;1.0;234
15698;2923;13217.0;Saída;1.0;234
15699;2724;13218.0;Saída;1.0;234
15700;2758;13219.0;Saída;2.0;234
15701;2562;13220.0;Saída;2.0;234
15702;2582;13221.0;Saída;1.0;234
15703;2759;13222.0;Saída;1.0;234
15704;3126;13223.0;Saída;2.0;234
15705;3590;13224.0;Saída;2.0;234
15706;3740;13228.0;Saída;1.0;234
15707;3746;13229.0;Saída;1.0;234
15708;4236;13230.0;Saída;2.0;234
15709;4228;13231.0;Saída;2.0;234
15710;634;13232.0;Saída;1.0;235
15711;601;13233.0;Saída;1.0;235
15712;595;13234.0;Saída;1.0;235
15713;411;13235.0;Saída;2.0;235
15714;425;13236.0;Saída;1.0;235
15715;413;13237.0;Saída;2.0;235
15716;632;13238.0;Saída;2.0;235
15717;606;13239.0;Saída;1.0;235
15718;412;13240.0;Saída;2.0;235
15719;409;13241.0;Saída;1.0;235
15720;1555;13242.0;Saída;1.0;235
15721;1557;13243.0;Saída;2.0;235
15722;1130;13244.0;Saída;1.0;235
15723;1186;13245.0;Saída;1.0;235
15724;1167;13246.0;Saída;1.0;235
15725;95;13247.0;Saída;1.0;235
15726;112;13248.0;Saída;1.0;235
15727;94;13249.0;Saída;2.0;235
15728;1059;13250.0;Saída;2.0;235
15729;1050;13251.0;Saída;2.0;235
15730;1215;13252.0;Saída;2.0;235
15731;1230;13253.0;Saída;1.0;235
15732;1274;13254.0;Saída;2.0;235
15733;1361;13255.0;Saída;1.0;235
15734;1422;13256.0;Saída;2.0;235
15735;1382;13257.0;Saída;2.0;235
15736;435;13258.0;Saída;2.0;235
15737;443;13259.0;Saída;2.0;235
15738;100;13260.0;Saída;2.0;235
15739;1034;13261.0;Saída;1.0;235
15740;820;13262.0;Saída;2.0;235
15741;1350;13263.0;Saída;2.0;235
15742;1286;13264.0;Saída;2.0;235
15743;1296;13265.0;Saída;2.0;235
15744;2075;13266.0;Saída;1.0;235
15745;2064;13267.0;Saída;1.0;235
15746;2070;13268.0;Saída;1.0;235
15747;2311;13274.0;Saída;1.0;235
15748;2249;13275.0;Saída;1.0;235
15749;2253;13276.0;Saída;2.0;235
15750;2177;13277.0;Saída;2.0;235
15751;2161;13278.0;Saída;1.0;235
15752;2199;13279.0;Saída;2.0;235
15753;2810;13280.0;Saída;2.0;235
15754;2805;13281.0;Saída;2.0;235
15755;2661;13282.0;Saída;1.0;235
15756;2720;13283.0;Saída;1.0;235
15757;3087;13284.0;Saída;2.0;235
15758;3057;13285.0;Saída;1.0;235
15759;3102;13286.0;Saída;2.0;235
15760;3000;13287.0;Saída;2.0;235
15761;3039;13288.0;Saída;2.0;235
15762;3677;13292.0;Saída;2.0;235
15763;3610;13293.0;Saída;1.0;235
15764;3607;13294.0;Saída;1.0;235
15765;3479;13295.0;Saída;2.0;235
15766;3519;13296.0;Saída;1.0;235
15767;3467;13297.0;Saída;1.0;235
15768;4061;13298.0;Saída;2.0;235
15769;4023;13299.0;Saída;1.0;235
15770;546;13300.0;Saída;2.0;236
15771;545;13301.0;Saída;2.0;236
15772;320;13302.0;Saída;1.0;236
15773;289;13303.0;Saída;1.0;236
15774;280;13304.0;Saída;2.0;236
15775;1522;13305.0;Saída;1.0;236
15776;728;13306.0;Saída;1.0;236
15777;775;13307.0;Saída;1.0;236
15778;228;13309.0;Saída;1.0;236
15779;180;13310.0;Saída;2.0;236
15780;885;13311.0;Saída;2.0;236
15781;523;13312.0;Saída;2.0;236
15782;514;13313.0;Saída;2.0;236
15783;493;13314.0;Saída;2.0;236
15784;462;13315.0;Saída;1.0;236
15785;409;13316.0;Saída;2.0;236
15786;1258;13317.0;Saída;2.0;236
15787;306;13318.0;Saída;2.0;236
15788;1096;13319.0;Saída;1.0;236
15789;1112;13320.0;Saída;2.0;236
15790;1097;13321.0;Saída;1.0;236
15791;74;13322.0;Saída;2.0;236
15792;1829;13323.0;Saída;1.0;236
15793;1784;13324.0;Saída;2.0;236
15794;1793;13325.0;Saída;1.0;236
15795;2414;13326.0;Saída;2.0;236
15796;1902;13327.0;Saída;2.0;236
15797;1874;13328.0;Saída;1.0;236
15798;1768;13331.0;Saída;2.0;236
15799;1773;13332.0;Saída;2.0;236
15800;3350;13336.0;Saída;2.0;236
15801;3286;13337.0;Saída;1.0;236
15802;2797;13338.0;Saída;2.0;236
15803;2730;13339.0;Saída;2.0;236
15804;3281;13340.0;Saída;2.0;236
15805;3300;13341.0;Saída;1.0;236
15806;2673;13342.0;Saída;2.0;236
15807;2695;13343.0;Saída;2.0;236
15808;3014;13344.0;Saída;2.0;236
15809;3727;13345.0;Saída;1.0;236
15810;3682;13346.0;Saída;2.0;236
15811;3496;13347.0;Saída;1.0;236
15812;3519;13348.0;Saída;1.0;236
15813;3441;13349.0;Saída;1.0;236
15814;4260;13350.0;Saída;2.0;236
15815;4253;13351.0;Saída;1.0;236
15816;516;13352.0;Saída;1.0;237
15817;552;13353.0;Saída;2.0;237
15818;542;13354.0;Saída;2.0;237
15819;497;13355.0;Saída;1.0;237
15820;559;13356.0;Saída;2.0;237
15821;482;13357.0;Saída;1.0;237
15822;1215;13358.0;Saída;1.0;237
15823;95;13359.0;Saída;1.0;237
15824;637;13363.0;Saída;1.0;237
15825;593;13364.0;Saída;2.0;237
15826;961;13365.0;Saída;2.0;237
15827;988;13366.0;Saída;2.0;237
15828;1054;13367.0;Saída;1.0;237
15829;1771;13369.0;Saída;2.0;237
15830;1785;13370.0;Saída;1.0;237
15831;2086;13371.0;Saída;1.0;237
15832;2088;13372.0;Saída;2.0;237
15833;2150;13373.0;Saída;2.0;237
15834;2056;13374.0;Saída;2.0;237
15835;2005;13375.0;Saída;1.0;237
15836;2062;13376.0;Saída;1.0;237
15837;2098;13377.0;Saída;1.0;237
15838;2147;13378.0;Saída;2.0;237
15839;2122;13379.0;Saída;2.0;237
15840;1911;13380.0;Saída;1.0;237
15841;1868;13381.0;Saída;1.0;237
15842;2204;13382.0;Saída;1.0;237
15843;2217;13383.0;Saída;1.0;237
15844;2170;13384.0;Saída;2.0;237
15845;2716;13385.0;Saída;2.0;237
15846;2657;13386.0;Saída;1.0;237
15847;2660;13387.0;Saída;1.0;237
15848;2572;13388.0;Saída;1.0;237
15849;3063;13389.0;Saída;1.0;237
15850;3106;13390.0;Saída;1.0;237
15851;3111;13391.0;Saída;1.0;237
15852;3518;13394.0;Saída;1.0;237
15853;3482;13395.0;Saída;2.0;237
15854;3498;13396.0;Saída;1.0;237
15855;3449;13397.0;Saída;1.0;237
15856;3501;13398.0;Saída;2.0;237
15857;3516;13399.0;Saída;1.0;237
15858;3457;13400.0;Saída;1.0;237
15859;3495;13401.0;Saída;1.0;237
15860;3472;13402.0;Saída;2.0;237
15861;4063;13403.0;Saída;2.0;237
15862;482;13404.0;Saída;1.0;238
15863;1507;13405.0;Saída;2.0;238
15864;1447;13406.0;Saída;2.0;238
15865;1717;13407.0;Saída;1.0;238
15866;1302;13408.0;Saída;2.0;238
15867;83;13409.0;Saída;1.0;238
15868;359;13410.0;Saída;1.0;238
15869;378;13411.0;Saída;1.0;238
15870;1585;13412.0;Saída;2.0;238
15871;1550;13413.0;Saída;1.0;238
15872;1560;13414.0;Saída;1.0;238
15873;636;13415.0;Saída;1.0;238
15874;608;13416.0;Saída;2.0;238
15875;1219;13418.0;Saída;1.0;238
15876;1216;13419.0;Saída;2.0;238
15877;1206;13420.0;Saída;1.0;238
15878;1399;13421.0;Saída;1.0;238
15879;1366;13422.0;Saída;1.0;238
15880;2503;13426.0;Saída;1.0;238
15881;2546;13427.0;Saída;1.0;238
15882;2247;13428.0;Saída;2.0;238
15883;2251;13429.0;Saída;1.0;238
15884;3122;13432.0;Saída;2.0;238
15885;3186;13433.0;Saída;2.0;238
15886;3069;13434.0;Saída;1.0;238
15887;3099;13435.0;Saída;2.0;238
15888;2730;13440.0;Saída;1.0;238
15889;2792;13441.0;Saída;1.0;238
15890;2741;13442.0;Saída;2.0;238
15891;2637;13443.0;Saída;2.0;238
15892;3470;13444.0;Saída;1.0;238
15893;3520;13445.0;Saída;1.0;238
15894;3510;13446.0;Saída;1.0;238
15895;3716;13447.0;Saída;1.0;238
15896;3913;13448.0;Saída;2.0;238
15897;3904;13449.0;Saída;2.0;238
15898;1280;13450.0;Saída;1.0;239
15899;1264;13451.0;Saída;1.0;239
15900;493;13452.0;Saída;2.0;239
15901;1183;13455.0;Saída;1.0;239
15902;1538;13456.0;Saída;2.0;239
15903;634;13457.0;Saída;2.0;239
15904;576;13458.0;Saída;2.0;239
15905;1269;13463.0;Saída;2.0;239
15906;1274;13464.0;Saída;2.0;239
15907;1422;13465.0;Saída;1.0;239
15908;1400;13466.0;Saída;1.0;239
15909;10;13467.0;Saída;1.0;239
15910;13;13468.0;Saída;1.0;239
15911;58;13469.0;Saída;2.0;239
15912;592;13471.0;Saída;1.0;239
15913;583;13472.0;Saída;2.0;239
15914;900;13473.0;Saída;1.0;239
15915;947;13474.0;Saída;2.0;239
15916;1835;13475.0;Saída;2.0;239
15917;1787;13476.0;Saída;1.0;239
15918;1819;13477.0;Saída;2.0;239
15919;1870;13483.0;Saída;2.0;239
15920;2385;13484.0;Saída;1.0;239
15921;2394;13485.0;Saída;1.0;239
15922;2316;13486.0;Saída;2.0;239
15923;2730;13487.0;Saída;1.0;239
15924;3021;13488.0;Saída;1.0;239
15925;3026;13489.0;Saída;1.0;239
15926;2973;13490.0;Saída;2.0;239
15927;2946;13491.0;Saída;1.0;239
15928;2883;13492.0;Saída;1.0;239
15929;2886;13493.0;Saída;1.0;239
15930;3148;13495.0;Saída;1.0;239
15931;3128;13496.0;Saída;2.0;239
15932;3054;13497.0;Saída;1.0;239
15933;3055;13498.0;Saída;1.0;239
15934;3597;13499.0;Saída;1.0;239
15935;3595;13500.0;Saída;1.0;239
15936;3532;13501.0;Saída;1.0;239
15937;3614;13502.0;Saída;1.0;239
15938;3607;13503.0;Saída;2.0;239
15939;3859;13504.0;Saída;1.0;239
15940;392;13505.0;Saída;1.0;240
15941;332;13506.0;Saída;2.0;240
15942;414;13507.0;Saída;1.0;240
15943;477;13508.0;Saída;2.0;240
15944;461;13509.0;Saída;1.0;240
15945;757;13510.0;Saída;2.0;240
15946;1363;13514.0;Saída;2.0;240
15947;1379;13515.0;Saída;2.0;240
15948;1409;13516.0;Saída;2.0;240
15949;718;13517.0;Saída;2.0;240
15950;707;13518.0;Saída;1.0;240
15951;1626;13519.0;Saída;2.0;240
15952;1629;13520.0;Saída;1.0;240
15953;1655;13521.0;Saída;1.0;240
15954;717;13522.0;Saída;1.0;240
15955;658;13523.0;Saída;2.0;240
15956;413;13524.0;Saída;1.0;240
15957;2055;13525.0;Saída;1.0;240
15958;2062;13526.0;Saída;2.0;240
15959;2036;13527.0;Saída;1.0;240
15960;1777;13528.0;Saída;1.0;240
15961;2403;13530.0;Saída;2.0;240
15962;2461;13531.0;Saída;2.0;240
15963;2419;13532.0;Saída;2.0;240
15964;3146;13533.0;Saída;2.0;240
15965;3144;13534.0;Saída;1.0;240
15966;3187;13535.0;Saída;2.0;240
15967;3278;13536.0;Saída;2.0;240
15968;2569;13537.0;Saída;1.0;240
15969;3190;13538.0;Saída;2.0;240
15970;3122;13539.0;Saída;1.0;240
15971;3161;13540.0;Saída;1.0;240
15972;3167;13541.0;Saída;2.0;240
15973;3135;13542.0;Saída;1.0;240
15974;3121;13543.0;Saída;2.0;240
15975;3160;13544.0;Saída;2.0;240
15976;3197;13545.0;Saída;1.0;240
15977;3131;13546.0;Saída;2.0;240
15978;3153;13547.0;Saída;2.0;240
15979;3151;13548.0;Saída;2.0;240
15980;3127;13549.0;Saída;1.0;240
15981;3691;13550.0;Saída;1.0;240
15982;3460;13551.0;Saída;2.0;240
15983;3512;13552.0;Saída;2.0;240
15984;3516;13553.0;Saída;2.0;240
15985;3507;13554.0;Saída;1.0;240
15986;4060;13555.0;Saída;1.0;240
15987;4228;13556.0;Saída;2.0;240
15988;4173;13557.0;Saída;1.0;240
15989;1527;13558.0;Saída;2.0;241
15990;1531;13559.0;Saída;2.0;241
15991;1590;13560.0;Saída;1.0;241
15992;1136;13564.0;Saída;2.0;241
15993;480;13565.0;Saída;2.0;241
15994;463;13566.0;Saída;1.0;241
15995;425;13567.0;Saída;2.0;241
15996;334;13568.0;Saída;2.0;241
15997;361;13569.0;Saída;2.0;241
15998;395;13570.0;Saída;2.0;241
15999;831;13571.0;Saída;1.0;241
16000;844;13572.0;Saída;1.0;241
16001;248;13573.0;Saída;1.0;241
16002;259;13574.0;Saída;1.0;241
16003;585;13575.0;Saída;1.0;241
16004;632;13576.0;Saída;2.0;241
16005;790;13577.0;Saída;2.0;241
16006;157;13578.0;Saída;1.0;241
16007;108;13579.0;Saída;2.0;241
16008;115;13580.0;Saída;1.0;241
16009;1603;13581.0;Saída;2.0;241
16010;1615;13582.0;Saída;2.0;241
16011;790;13583.0;Saída;2.0;241
16012;755;13584.0;Saída;1.0;241
16013;740;13585.0;Saída;2.0;241
16014;790;13586.0;Saída;1.0;241
16015;411;13587.0;Saída;2.0;241
16016;410;13588.0;Saída;1.0;241
16017;768;13589.0;Saída;2.0;241
16018;729;13590.0;Saída;1.0;241
16019;739;13591.0;Saída;1.0;241
16020;1862;13592.0;Saída;1.0;241
16021;1857;13593.0;Saída;2.0;241
16022;1906;13594.0;Saída;2.0;241
16023;1926;13595.0;Saída;1.0;241
16024;1778;13596.0;Saída;1.0;241
16025;1796;13597.0;Saída;2.0;241
16026;1774;13598.0;Saída;1.0;241
16027;1821;13599.0;Saída;2.0;241
16028;1782;13600.0;Saída;2.0;241
16029;3315;13601.0;Saída;2.0;241
16030;3284;13602.0;Saída;1.0;241
16031;2566;13603.0;Saída;1.0;241
16032;2601;13604.0;Saída;1.0;241
16033;2574;13605.0;Saída;1.0;241
16034;3313;13609.0;Saída;1.0;241
16035;3356;13610.0;Saída;2.0;241
16036;3297;13611.0;Saída;2.0;241
16037;3393;13615.0;Saída;2.0;241
16038;3368;13616.0;Saída;2.0;241
16039;3374;13617.0;Saída;1.0;241
16040;3553;13618.0;Saída;2.0;241
16041;3570;13619.0;Saída;2.0;241
16042;3390;13620.0;Saída;2.0;241
16043;3778;13621.0;Saída;2.0;241
16044;3779;13622.0;Saída;2.0;241
16045;1325;13623.0;Saída;1.0;242
16046;1114;13626.0;Saída;2.0;242
16047;1060;13627.0;Saída;2.0;242
16048;332;13628.0;Saída;1.0;242
16049;1590;13629.0;Saída;1.0;242
16050;1189;13630.0;Saída;1.0;242
16051;1134;13631.0;Saída;1.0;242
16052;1443;13632.0;Saída;2.0;242
16053;1510;13633.0;Saída;2.0;242
16054;1458;13634.0;Saída;1.0;242
16055;965;13637.0;Saída;1.0;242
16056;1037;13638.0;Saída;1.0;242
16057;1016;13639.0;Saída;1.0;242
16058;822;13640.0;Saída;1.0;242
16059;2172;13641.0;Saída;1.0;242
16060;1922;13642.0;Saída;2.0;242
16061;1956;13643.0;Saída;2.0;242
16062;2291;13644.0;Saída;2.0;242
16063;2244;13645.0;Saída;1.0;242
16064;1777;13646.0;Saída;1.0;242
16065;1781;13647.0;Saída;1.0;242
16066;1765;13648.0;Saída;2.0;242
16067;2087;13649.0;Saída;1.0;242
16068;2667;13651.0;Saída;2.0;242
16069;2652;13652.0;Saída;1.0;242
16070;2654;13653.0;Saída;1.0;242
16071;2820;13657.0;Saída;1.0;242
16072;3549;13664.0;Saída;2.0;242
16073;3531;13665.0;Saída;2.0;242
16074;3422;13666.0;Saída;2.0;242
16075;3401;13667.0;Saída;2.0;242
16076;3361;13668.0;Saída;1.0;242
16077;4009;13669.0;Saída;2.0;242
16078;4024;13670.0;Saída;2.0;242
16079;4065;13671.0;Saída;2.0;242
16080;3944;13672.0;Saída;2.0;242
16081;3922;13673.0;Saída;2.0;242
16082;3925;13674.0;Saída;2.0;242
16083;653;13675.0;Saída;2.0;243
16084;701;13676.0;Saída;2.0;243
16085;1476;13677.0;Saída;1.0;243
16086;1517;13678.0;Saída;1.0;243
16087;1454;13679.0;Saída;1.0;243
16088;71;13681.0;Saída;1.0;243
16089;55;13682.0;Saída;1.0;243
16090;951;13683.0;Saída;1.0;243
16091;820;13684.0;Saída;1.0;243
16092;822;13685.0;Saída;2.0;243
16093;867;13686.0;Saída;2.0;243
16094;639;13687.0;Saída;1.0;243
16095;767;13688.0;Saída;1.0;243
16096;725;13689.0;Saída;2.0;243
16097;1176;13692.0;Saída;2.0;243
16098;1196;13693.0;Saída;1.0;243
16099;1141;13694.0;Saída;2.0;243
16100;732;13695.0;Saída;2.0;243
16101;793;13696.0;Saída;1.0;243
16102;1406;13697.0;Saída;2.0;243
16103;1034;13698.0;Saída;1.0;243
16104;1023;13699.0;Saída;1.0;243
16105;1440;13700.0;Saída;2.0;243
16106;783;13701.0;Saída;1.0;243
16107;2486;13702.0;Saída;2.0;243
16108;2021;13704.0;Saída;1.0;243
16109;2009;13705.0;Saída;2.0;243
16110;2059;13706.0;Saída;2.0;243
16111;1995;13707.0;Saída;2.0;243
16112;1765;13708.0;Saída;2.0;243
16113;1810;13709.0;Saída;2.0;243
16114;1785;13710.0;Saída;1.0;243
16115;2574;13711.0;Saída;2.0;243
16116;2576;13712.0;Saída;1.0;243
16117;2619;13713.0;Saída;1.0;243
16118;2940;13714.0;Saída;2.0;243
16119;2653;13715.0;Saída;1.0;243
16120;2717;13716.0;Saída;2.0;243
16121;2645;13717.0;Saída;2.0;243
16122;2660;13718.0;Saída;1.0;243
16123;3321;13719.0;Saída;1.0;243
16124;3360;13720.0;Saída;1.0;243
16125;3576;13721.0;Saída;1.0;243
16126;3427;13722.0;Saída;1.0;243
16127;3375;13723.0;Saída;2.0;243
16128;4025;13724.0;Saída;1.0;243
16129;4063;13725.0;Saída;2.0;243
16130;440;13726.0;Saída;1.0;244
16131;409;13727.0;Saída;1.0;244
16132;442;13728.0;Saída;2.0;244
16133;1755;13729.0;Saída;2.0;244
16134;289;13730.0;Saída;1.0;244
16135;295;13731.0;Saída;1.0;244
16136;471;13736.0;Saída;1.0;244
16137;1165;13737.0;Saída;1.0;244
16138;1160;13738.0;Saída;1.0;244
16139;1167;13739.0;Saída;1.0;244
16140;787;13740.0;Saída;1.0;244
16141;735;13741.0;Saída;1.0;244
16142;790;13742.0;Saída;2.0;244
16143;1522;13743.0;Saída;1.0;244
16144;1547;13744.0;Saída;1.0;244
16145;1239;13745.0;Saída;1.0;244
16146;1210;13746.0;Saída;1.0;244
16147;1369;13747.0;Saída;1.0;244
16148;1126;13748.0;Saída;1.0;244
16149;1178;13749.0;Saída;2.0;244
16150;1145;13750.0;Saída;2.0;244
16151;833;13751.0;Saída;2.0;244
16152;1568;13752.0;Saída;2.0;244
16153;1546;13753.0;Saída;2.0;244
16154;315;13754.0;Saída;2.0;244
16155;257;13755.0;Saída;2.0;244
16156;292;13756.0;Saída;1.0;244
16157;1894;13757.0;Saída;2.0;244
16158;2312;13758.0;Saída;1.0;244
16159;2245;13759.0;Saída;1.0;244
16160;2551;13760.0;Saída;2.0;244
16161;2488;13761.0;Saída;2.0;244
16162;1836;13762.0;Saída;1.0;244
16163;2492;13763.0;Saída;2.0;244
16164;2555;13764.0;Saída;2.0;244
16165;2018;13765.0;Saída;1.0;244
16166;2055;13766.0;Saída;1.0;244
16167;2883;13767.0;Saída;1.0;244
16168;2801;13768.0;Saída;1.0;244
16169;3204;13769.0;Saída;2.0;244
16170;3236;13770.0;Saída;1.0;244
16171;3274;13771.0;Saída;2.0;244
16172;2973;13772.0;Saída;1.0;244
16173;3189;13773.0;Saída;2.0;244
16174;3706;13774.0;Saída;2.0;244
16175;3695;13775.0;Saída;1.0;244
16176;3605;13776.0;Saída;1.0;244
16177;3571;13777.0;Saída;1.0;244
16178;3533;13778.0;Saída;1.0;244
16179;4013;13779.0;Saída;2.0;244
16180;4064;13780.0;Saída;1.0;244
16181;4036;13781.0;Saída;1.0;244
16182;4308;13782.0;Saída;2.0;244
16183;4317;13783.0;Saída;1.0;244
16184;4289;13784.0;Saída;1.0;244
16185;1204;13785.0;Saída;2.0;245
16186;1271;13786.0;Saída;2.0;245
16187;1241;13787.0;Saída;2.0;245
16188;326;13788.0;Saída;1.0;245
16189;1158;13789.0;Saída;1.0;245
16190;1136;13790.0;Saída;2.0;245
16191;1263;13792.0;Saída;1.0;245
16192;1236;13793.0;Saída;2.0;245
16193;27;13794.0;Saída;2.0;245
16194;8;13795.0;Saída;1.0;245
16195;594;13797.0;Saída;1.0;245
16196;561;13798.0;Saída;2.0;245
16197;1398;13799.0;Saída;1.0;245
16198;1399;13800.0;Saída;1.0;245
16199;1367;13801.0;Saída;1.0;245
16200;340;13802.0;Saída;2.0;245
16201;393;13803.0;Saída;2.0;245
16202;1212;13804.0;Saída;1.0;245
16203;1208;13805.0;Saída;1.0;245
16204;793;13806.0;Saída;2.0;245
16205;2474;13807.0;Saída;2.0;245
16206;1989;13808.0;Saída;1.0;245
16207;1954;13809.0;Saída;2.0;245
16208;1925;13810.0;Saída;2.0;245
16209;2333;13811.0;Saída;1.0;245
16210;1996;13812.0;Saída;2.0;245
16211;1994;13813.0;Saída;1.0;245
16212;1937;13814.0;Saída;1.0;245
16213;2103;13815.0;Saída;2.0;245
16214;2085;13816.0;Saída;2.0;245
16215;2116;13817.0;Saída;1.0;245
16216;2320;13818.0;Saída;1.0;245
16217;2712;13820.0;Saída;1.0;245
16218;2710;13821.0;Saída;2.0;245
16219;3211;13822.0;Saída;1.0;245
16220;2659;13826.0;Saída;2.0;245
16221;2870;13827.0;Saída;1.0;245
16222;2862;13828.0;Saída;2.0;245
16223;3358;13829.0;Saída;2.0;245
16224;3356;13830.0;Saída;2.0;245
16225;3314;13831.0;Saída;2.0;245
16226;3606;13832.0;Saída;2.0;245
16227;3648;13833.0;Saída;1.0;245
16228;3760;13834.0;Saída;1.0;245
16229;3683;13835.0;Saída;2.0;245
16230;3931;13839.0;Saída;1.0;245
16231;3990;13840.0;Saída;1.0;245
16232;539;13841.0;Saída;2.0;246
16233;716;13842.0;Saída;2.0;246
16234;677;13843.0;Saída;1.0;246
16235;381;13844.0;Saída;2.0;246
16236;332;13845.0;Saída;2.0;246
16237;347;13846.0;Saída;2.0;246
16238;1609;13847.0;Saída;2.0;246
16239;1612;13848.0;Saída;1.0;246
16240;1614;13849.0;Saída;2.0;246
16241;1286;13850.0;Saída;1.0;246
16242;1284;13851.0;Saída;1.0;246
16243;259;13852.0;Saída;1.0;246
16244;304;13853.0;Saída;1.0;246
16245;255;13854.0;Saída;1.0;246
16246;434;13855.0;Saída;1.0;246
16247;422;13856.0;Saída;2.0;246
16248;405;13857.0;Saída;1.0;246
16249;1719;13858.0;Saída;2.0;246
16250;1733;13859.0;Saída;2.0;246
16251;813;13860.0;Saída;2.0;246
16252;826;13861.0;Saída;2.0;246
16253;875;13862.0;Saída;1.0;246
16254;973;13863.0;Saída;1.0;246
16255;995;13864.0;Saída;2.0;246
16256;1365;13865.0;Saída;1.0;246
16257;1364;13866.0;Saída;2.0;246
16258;432;13867.0;Saída;1.0;246
16259;454;13868.0;Saída;2.0;246
16260;1538;13869.0;Saída;2.0;246
16261;1516;13870.0;Saída;1.0;246
16262;1468;13871.0;Saída;1.0;246
16263;1460;13872.0;Saída;2.0;246
16264;2327;13876.0;Saída;2.0;246
16265;2391;13877.0;Saída;1.0;246
16266;2339;13878.0;Saída;1.0;246
16267;2292;13879.0;Saída;1.0;246
16268;2263;13880.0;Saída;1.0;246
16269;2530;13881.0;Saída;2.0;246
16270;2498;13882.0;Saída;1.0;246
16271;2342;13883.0;Saída;2.0;246
16272;2455;13884.0;Saída;1.0;246
16273;2403;13885.0;Saída;2.0;246
16274;2413;13886.0;Saída;2.0;246
16275;2752;13887.0;Saída;1.0;246
16276;2714;13888.0;Saída;2.0;246
16277;2826;13889.0;Saída;1.0;246
16278;2856;13890.0;Saída;1.0;246
16279;2870;13891.0;Saída;2.0;246
16280;2879;13892.0;Saída;2.0;246
16281;3204;13893.0;Saída;1.0;246
16282;3216;13894.0;Saída;2.0;246
16283;3261;13895.0;Saída;2.0;246
16284;3325;13896.0;Saída;2.0;246
16285;3046;13897.0;Saída;1.0;246
16286;3056;13898.0;Saída;1.0;246
16287;3679;13899.0;Saída;1.0;246
16288;3621;13900.0;Saída;1.0;246
16289;3427;13901.0;Saída;2.0;246
16290;3506;13902.0;Saída;2.0;246
16291;3501;13903.0;Saída;2.0;246
16292;3478;13904.0;Saída;1.0;246
16293;3910;13908.0;Saída;2.0;246
16294;3890;13909.0;Saída;1.0;246
16295;3858;13910.0;Saída;1.0;246
16296;83;13911.0;Saída;1.0;247
16297;88;13912.0;Saída;2.0;247
16298;579;13916.0;Saída;2.0;247
16299;574;13917.0;Saída;1.0;247
16300;600;13918.0;Saída;2.0;247
16301;97;13922.0;Saída;1.0;247
16302;1214;13923.0;Saída;1.0;247
16303;1278;13924.0;Saída;1.0;247
16304;495;13925.0;Saída;2.0;247
16305;488;13926.0;Saída;1.0;247
16306;154;13927.0;Saída;2.0;247
16307;88;13928.0;Saída;2.0;247
16308;133;13929.0;Saída;2.0;247
16309;1727;13930.0;Saída;2.0;247
16310;1720;13931.0;Saída;1.0;247
16311;1709;13932.0;Saída;1.0;247
16312;1608;13933.0;Saída;2.0;247
16313;1656;13934.0;Saída;1.0;247
16314;1633;13935.0;Saída;2.0;247
16315;901;13936.0;Saída;1.0;247
16316;885;13937.0;Saída;2.0;247
16317;953;13938.0;Saída;1.0;247
16318;1595;13939.0;Saída;2.0;247
16319;145;13940.0;Saída;2.0;247
16320;2081;13941.0;Saída;1.0;247
16321;2104;13942.0;Saída;1.0;247
16322;2159;13943.0;Saída;1.0;247
16323;2161;13944.0;Saída;2.0;247
16324;2221;13945.0;Saída;2.0;247
16325;2420;13946.0;Saída;2.0;247
16326;2478;13947.0;Saída;1.0;247
16327;2327;13948.0;Saída;1.0;247
16328;2387;13949.0;Saída;1.0;247
16329;2518;13950.0;Saída;2.0;247
16330;2801;13951.0;Saída;1.0;247
16331;2816;13952.0;Saída;2.0;247
16332;2840;13953.0;Saída;1.0;247
16333;3131;13954.0;Saída;1.0;247
16334;3190;13955.0;Saída;2.0;247
16335;2791;13956.0;Saída;1.0;247
16336;3301;13957.0;Saída;1.0;247
16337;2737;13958.0;Saída;2.0;247
16338;2757;13959.0;Saída;2.0;247
16339;2785;13960.0;Saída;1.0;247
16340;2765;13961.0;Saída;1.0;247
16341;3711;13962.0;Saída;1.0;247
16342;3695;13963.0;Saída;1.0;247
16343;3706;13964.0;Saída;1.0;247
16344;3721;13965.0;Saída;2.0;247
16345;3696;13966.0;Saída;1.0;247
16346;3749;13967.0;Saída;1.0;247
16347;4319;13968.0;Saída;1.0;247
16348;941;13971.0;Saída;1.0;248
16349;895;13972.0;Saída;2.0;248
16350;955;13973.0;Saída;1.0;248
16351;1312;13974.0;Saída;2.0;248
16352;6;13975.0;Saída;1.0;248
16353;308;13976.0;Saída;1.0;248
16354;313;13977.0;Saída;2.0;248
16355;305;13978.0;Saída;2.0;248
16356;201;13981.0;Saída;1.0;248
16357;623;13982.0;Saída;1.0;248
16358;604;13983.0;Saída;2.0;248
16359;883;13986.0;Saída;1.0;248
16360;1207;13987.0;Saída;2.0;248
16361;1269;13988.0;Saída;2.0;248
16362;1205;13989.0;Saída;2.0;248
16363;583;13990.0;Saída;2.0;248
16364;580;13991.0;Saída;2.0;248
16365;573;13992.0;Saída;2.0;248
16366;1048;13993.0;Saída;2.0;248
16367;1099;13994.0;Saída;2.0;248
16368;1045;13995.0;Saída;2.0;248
16369;1747;13996.0;Saída;1.0;248
16370;1755;13997.0;Saída;2.0;248
16371;1751;13998.0;Saída;2.0;248
16372;355;14000.0;Saída;2.0;248
16373;385;14001.0;Saída;2.0;248
16374;377;14002.0;Saída;1.0;248
16375;2322;14004.0;Saída;2.0;248
16376;1978;14005.0;Saída;2.0;248
16377;1955;14006.0;Saída;2.0;248
16378;1925;14007.0;Saída;1.0;248
16379;1927;14008.0;Saída;2.0;248
16380;1849;14009.0;Saída;1.0;248
16381;1916;14010.0;Saída;2.0;248
16382;1761;14011.0;Saída;1.0;248
16383;1808;14012.0;Saída;1.0;248
16384;1782;14013.0;Saída;1.0;248
16385;3025;14014.0;Saída;1.0;248
16386;3020;14015.0;Saída;2.0;248
16387;2996;14016.0;Saída;1.0;248
16388;3010;14017.0;Saída;2.0;248
16389;2973;14018.0;Saída;1.0;248
16390;2999;14019.0;Saída;1.0;248
16391;2729;14020.0;Saída;2.0;248
16392;2783;14021.0;Saída;1.0;248
16393;2917;14022.0;Saída;1.0;248
16394;2958;14023.0;Saída;1.0;248
16395;2882;14024.0;Saída;1.0;248
16396;2993;14026.0;Saída;1.0;248
16397;2975;14027.0;Saída;2.0;248
16398;3385;14028.0;Saída;1.0;248
16399;3579;14029.0;Saída;2.0;248
16400;3588;14030.0;Saída;2.0;248
16401;3582;14031.0;Saída;2.0;248
16402;3698;14032.0;Saída;2.0;248
16403;4000;14033.0;Saída;2.0;248
16404;3954;14034.0;Saída;2.0;248
16405;3934;14035.0;Saída;2.0;248
16406;4153;14036.0;Saída;2.0;248
16407;4154;14037.0;Saída;2.0;248
16408;4104;14038.0;Saída;2.0;248
16409;260;14039.0;Saída;1.0;249
16410;566;14041.0;Saída;1.0;249
16411;573;14042.0;Saída;1.0;249
16412;598;14043.0;Saída;1.0;249
16413;67;14044.0;Saída;1.0;249
16414;38;14045.0;Saída;2.0;249
16415;477;14047.0;Saída;1.0;249
16416;338;14048.0;Saída;1.0;249
16417;332;14049.0;Saída;1.0;249
16418;398;14050.0;Saída;2.0;249
16419;802;14051.0;Saída;2.0;249
16420;820;14052.0;Saída;2.0;249
16421;823;14053.0;Saída;1.0;249
16422;163;14054.0;Saída;2.0;249
16423;1281;14055.0;Saída;1.0;249
16424;1284;14056.0;Saída;2.0;249
16425;1692;14057.0;Saída;1.0;249
16426;1702;14058.0;Saída;1.0;249
16427;447;14060.0;Saída;2.0;249
16428;415;14061.0;Saída;2.0;249
16429;1500;14062.0;Saída;2.0;249
16430;1445;14063.0;Saída;1.0;249
16431;1364;14064.0;Saída;2.0;249
16432;1370;14065.0;Saída;1.0;249
16433;1379;14066.0;Saída;1.0;249
16434;2445;14068.0;Saída;1.0;249
16435;2002;14070.0;Saída;2.0;249
16436;2443;14071.0;Saída;2.0;249
16437;2094;14072.0;Saída;1.0;249
16438;2151;14073.0;Saída;2.0;249
16439;2113;14074.0;Saída;2.0;249
16440;1830;14075.0;Saída;2.0;249
16441;1765;14076.0;Saída;1.0;249
16442;2409;14077.0;Saída;2.0;249
16443;2419;14078.0;Saída;1.0;249
16444;2797;14079.0;Saída;1.0;249
16445;2731;14080.0;Saída;2.0;249
16446;2789;14081.0;Saída;1.0;249
16447;3261;14082.0;Saída;2.0;249
16448;3275;14083.0;Saída;2.0;249
16449;3209;14084.0;Saída;1.0;249
16450;3145;14085.0;Saída;2.0;249
16451;3187;14086.0;Saída;2.0;249
16452;2976;14087.0;Saída;1.0;249
16453;2713;14088.0;Saída;1.0;249
16454;2657;14089.0;Saída;1.0;249
16455;2646;14090.0;Saída;2.0;249
16456;3127;14091.0;Saída;2.0;249
16457;2720;14092.0;Saída;2.0;249
16458;2705;14093.0;Saída;2.0;249
16459;3664;14094.0;Saída;1.0;249
16460;3612;14095.0;Saída;2.0;249
16461;3533;14096.0;Saída;2.0;249
16462;3670;14097.0;Saída;1.0;249
16463;3665;14098.0;Saída;1.0;249
16464;3625;14099.0;Saída;1.0;249
16465;4244;14100.0;Saída;2.0;249
16466;4040;14101.0;Saída;1.0;249
16467;4006;14102.0;Saída;1.0;249
16468;801;14103.0;Saída;2.0;250
16469;805;14104.0;Saída;1.0;250
16470;841;14105.0;Saída;1.0;250
16471;1675;14106.0;Saída;1.0;250
16472;1661;14107.0;Saída;2.0;250
16473;145;14108.0;Saída;2.0;250
16474;155;14109.0;Saída;2.0;250
16475;126;14110.0;Saída;2.0;250
16476;1531;14111.0;Saída;1.0;250
16477;566;14112.0;Saída;1.0;250
16478;619;14113.0;Saída;1.0;250
16479;638;14114.0;Saída;2.0;250
16480;568;14115.0;Saída;1.0;250
16481;622;14116.0;Saída;2.0;250
16482;638;14117.0;Saída;1.0;250
16483;382;14118.0;Saída;2.0;250
16484;1750;14119.0;Saída;2.0;250
16485;78;14120.0;Saída;1.0;250
16486;65;14121.0;Saída;2.0;250
16487;34;14122.0;Saída;1.0;250
16488;710;14124.0;Saída;2.0;250
16489;664;14125.0;Saída;2.0;250
16490;1359;14128.0;Saída;1.0;250
16491;1355;14129.0;Saída;2.0;250
16492;954;14130.0;Saída;1.0;250
16493;897;14131.0;Saída;2.0;250
16494;901;14132.0;Saída;2.0;250
16495;1984;14133.0;Saída;1.0;250
16496;2276;14134.0;Saída;1.0;250
16497;2002;14135.0;Saída;2.0;250
16498;2078;14136.0;Saída;1.0;250
16499;2069;14137.0;Saída;2.0;250
16500;1858;14138.0;Saída;2.0;250
16501;2309;14139.0;Saída;2.0;250
16502;2274;14140.0;Saída;1.0;250
16503;2311;14141.0;Saída;1.0;250
16504;2540;14142.0;Saída;1.0;250
16505;2551;14143.0;Saída;2.0;250
16506;2518;14144.0;Saída;2.0;250
16507;2790;14145.0;Saída;2.0;250
16508;2793;14146.0;Saída;2.0;250
16509;3329;14147.0;Saída;1.0;250
16510;3286;14148.0;Saída;1.0;250
16511;3060;14149.0;Saída;2.0;250
16512;3089;14150.0;Saída;2.0;250
16513;2789;14151.0;Saída;1.0;250
16514;2794;14152.0;Saída;2.0;250
16515;2793;14153.0;Saída;1.0;250
16516;3599;14154.0;Saída;1.0;250
16517;3655;14155.0;Saída;2.0;250
16518;3610;14156.0;Saída;1.0;250
16519;3375;14157.0;Saída;1.0;250
16520;4113;14158.0;Saída;2.0;250
16521;1440;14161.0;Saída;2.0;251
16522;1424;14162.0;Saída;1.0;251
16523;980;14166.0;Saída;1.0;251
16524;1531;14167.0;Saída;2.0;251
16525;1544;14168.0;Saída;1.0;251
16526;1526;14169.0;Saída;2.0;251
16527;515;14170.0;Saída;2.0;251
16528;528;14171.0;Saída;2.0;251
16529;490;14172.0;Saída;1.0;251
16530;815;14176.0;Saída;1.0;251
16531;319;14177.0;Saída;2.0;251
16532;247;14178.0;Saída;2.0;251
16533;647;14179.0;Saída;1.0;251
16534;673;14180.0;Saída;1.0;251
16535;718;14181.0;Saída;2.0;251
16536;1654;14182.0;Saída;1.0;251
16537;1749;14183.0;Saída;2.0;251
16538;1718;14184.0;Saída;1.0;251
16539;2352;14185.0;Saída;1.0;251
16540;2326;14186.0;Saída;2.0;251
16541;2330;14187.0;Saída;2.0;251
16542;2364;14188.0;Saída;2.0;251
16543;2383;14189.0;Saída;2.0;251
16544;2125;14190.0;Saída;1.0;251
16545;2103;14191.0;Saída;2.0;251
16546;2262;14192.0;Saída;2.0;251
16547;2319;14193.0;Saída;1.0;251
16548;3110;14196.0;Saída;1.0;251
16549;3052;14197.0;Saída;2.0;251
16550;3074;14198.0;Saída;1.0;251
16551;3293;14199.0;Saída;2.0;251
16552;3289;14200.0;Saída;1.0;251
16553;3282;14201.0;Saída;1.0;251
16554;3317;14202.0;Saída;1.0;251
16555;2757;14205.0;Saída;1.0;251
16556;2793;14206.0;Saída;1.0;251
16557;3459;14207.0;Saída;2.0;251
16558;3457;14208.0;Saída;2.0;251
16559;3701;14209.0;Saída;2.0;251
16560;3690;14210.0;Saída;1.0;251
16561;3842;14211.0;Saída;2.0;251
16562;3874;14212.0;Saída;2.0;251
16563;4259;14213.0;Saída;2.0;251
16564;4275;14214.0;Saída;1.0;251
16565;4319;14215.0;Saída;2.0;251
16566;1566;14216.0;Saída;2.0;252
16567;786;14217.0;Saída;2.0;252
16568;744;14218.0;Saída;1.0;252
16569;1506;14219.0;Saída;1.0;252
16570;308;14220.0;Saída;1.0;252
16571;252;14221.0;Saída;2.0;252
16572;594;14222.0;Saída;1.0;252
16573;1134;14225.0;Saída;2.0;252
16574;1181;14226.0;Saída;1.0;252
16575;1192;14227.0;Saída;1.0;252
16576;1064;14228.0;Saída;2.0;252
16577;1092;14229.0;Saída;2.0;252
16578;1044;14230.0;Saída;2.0;252
16579;1438;14231.0;Saída;2.0;252
16580;910;14232.0;Saída;2.0;252
16581;866;14233.0;Saída;2.0;252
16582;839;14234.0;Saída;1.0;252
16583;877;14235.0;Saída;1.0;252
16584;857;14236.0;Saída;1.0;252
16585;495;14237.0;Saída;2.0;252
16586;554;14238.0;Saída;2.0;252
16587;482;14239.0;Saída;1.0;252
16588;1664;14243.0;Saída;2.0;252
16589;2170;14247.0;Saída;1.0;252
16590;2172;14248.0;Saída;1.0;252
16591;2093;14249.0;Saída;1.0;252
16592;2515;14252.0;Saída;1.0;252
16593;2482;14253.0;Saída;2.0;252
16594;2538;14254.0;Saída;1.0;252
16595;3211;14255.0;Saída;2.0;252
16596;2809;14256.0;Saída;2.0;252
16597;2827;14257.0;Saída;1.0;252
16598;2863;14258.0;Saída;1.0;252
16599;2783;14259.0;Saída;1.0;252
16600;2743;14260.0;Saída;1.0;252
16601;2740;14261.0;Saída;2.0;252
16602;3469;14262.0;Saída;1.0;252
16603;3471;14263.0;Saída;2.0;252
16604;3477;14264.0;Saída;2.0;252
16605;3521;14265.0;Saída;1.0;252
16606;3583;14266.0;Saída;2.0;252
16607;3993;14269.0;Saída;1.0;252
16608;3982;14270.0;Saída;2.0;252
16609;1026;14271.0;Saída;1.0;253
16610;756;14274.0;Saída;2.0;253
16611;499;14275.0;Saída;2.0;253
16612;555;14276.0;Saída;2.0;253
16613;507;14277.0;Saída;2.0;253
16614;692;14278.0;Saída;2.0;253
16615;1459;14279.0;Saída;2.0;253
16616;1457;14280.0;Saída;2.0;253
16617;582;14281.0;Saída;1.0;253
16618;563;14282.0;Saída;1.0;253
16619;623;14283.0;Saída;2.0;253
16620;1042;14284.0;Saída;1.0;253
16621;1056;14285.0;Saída;1.0;253
16622;1315;14286.0;Saída;1.0;253
16623;972;14287.0;Saída;2.0;253
16624;977;14288.0;Saída;2.0;253
16625;1428;14289.0;Saída;1.0;253
16626;1990;14293.0;Saída;2.0;253
16627;1945;14294.0;Saída;2.0;253
16628;1954;14295.0;Saída;2.0;253
16629;2142;14296.0;Saída;2.0;253
16630;2086;14297.0;Saída;1.0;253
16631;2088;14298.0;Saída;2.0;253
16632;2499;14300.0;Saída;1.0;253
16633;2536;14301.0;Saída;1.0;253
16634;2462;14302.0;Saída;2.0;253
16635;1765;14303.0;Saída;1.0;253
16636;1828;14304.0;Saída;1.0;253
16637;2178;14305.0;Saída;1.0;253
16638;3194;14308.0;Saída;1.0;253
16639;3139;14309.0;Saída;2.0;253
16640;3157;14310.0;Saída;2.0;253
16641;3057;14311.0;Saída;2.0;253
16642;2841;14312.0;Saída;1.0;253
16643;2869;14313.0;Saída;1.0;253
16644;2819;14314.0;Saída;1.0;253
16645;2978;14315.0;Saída;1.0;253
16646;3031;14316.0;Saída;2.0;253
16647;2984;14317.0;Saída;1.0;253
16648;2652;14318.0;Saída;2.0;253
16649;3509;14319.0;Saída;1.0;253
16650;3456;14320.0;Saída;2.0;253
16651;3620;14321.0;Saída;2.0;253
16652;3636;14322.0;Saída;1.0;253
16653;3659;14323.0;Saída;2.0;253
16654;3370;14324.0;Saída;1.0;253
16655;3419;14325.0;Saída;2.0;253
16656;4201;14326.0;Saída;1.0;253
16657;4181;14327.0;Saída;2.0;253
16658;552;14328.0;Saída;2.0;254
16659;541;14329.0;Saída;1.0;254
16660;1248;14330.0;Saída;1.0;254
16661;1445;14331.0;Saída;1.0;254
16662;1507;14332.0;Saída;2.0;254
16663;1453;14333.0;Saída;1.0;254
16664;1241;14334.0;Saída;1.0;254
16665;1204;14335.0;Saída;1.0;254
16666;1084;14337.0;Saída;2.0;254
16667;1108;14338.0;Saída;2.0;254
16668;1104;14339.0;Saída;1.0;254
16669;863;14340.0;Saída;1.0;254
16670;837;14341.0;Saída;2.0;254
16671;320;14342.0;Saída;1.0;254
16672;319;14343.0;Saída;1.0;254
16673;301;14344.0;Saída;1.0;254
16674;177;14345.0;Saída;2.0;254
16675;207;14346.0;Saída;1.0;254
16676;227;14347.0;Saída;1.0;254
16677;319;14348.0;Saída;2.0;254
16678;6;14351.0;Saída;1.0;254
16679;63;14352.0;Saída;1.0;254
16680;331;14353.0;Saída;2.0;254
16681;551;14354.0;Saída;1.0;254
16682;528;14355.0;Saída;1.0;254
16683;499;14356.0;Saída;1.0;254
16684;1220;14357.0;Saída;2.0;254
16685;2090;14358.0;Saída;1.0;254
16686;2498;14359.0;Saída;1.0;254
16687;2500;14360.0;Saída;2.0;254
16688;2308;14361.0;Saída;2.0;254
16689;2257;14362.0;Saída;1.0;254
16690;2311;14363.0;Saída;2.0;254
16691;2227;14364.0;Saída;2.0;254
16692;2232;14365.0;Saída;2.0;254
16693;1769;14367.0;Saída;2.0;254
16694;1825;14368.0;Saída;1.0;254
16695;1776;14369.0;Saída;1.0;254
16696;2142;14370.0;Saída;2.0;254
16697;2105;14371.0;Saída;1.0;254
16698;3131;14372.0;Saída;2.0;254
16699;2970;14373.0;Saída;2.0;254
16700;3005;14374.0;Saída;2.0;254
16701;3136;14375.0;Saída;1.0;254
16702;3156;14376.0;Saída;2.0;254
16703;3291;14377.0;Saída;1.0;254
16704;3298;14378.0;Saída;2.0;254
16705;2872;14379.0;Saída;1.0;254
16706;3642;14380.0;Saída;1.0;254
16707;3628;14381.0;Saída;1.0;254
16708;3586;14382.0;Saída;1.0;254
16709;3565;14383.0;Saída;2.0;254
16710;3525;14384.0;Saída;1.0;254
16711;3762;14385.0;Saída;2.0;254
16712;326;14387.0;Saída;1.0;255
16713;385;14388.0;Saída;2.0;255
16714;1685;14389.0;Saída;2.0;255
16715;1065;14390.0;Saída;2.0;255
16716;1055;14391.0;Saída;1.0;255
16717;1092;14392.0;Saída;1.0;255
16718;823;14393.0;Saída;2.0;255
16719;815;14394.0;Saída;1.0;255
16720;863;14395.0;Saída;2.0;255
16721;563;14397.0;Saída;2.0;255
16722;862;14398.0;Saída;1.0;255
16723;820;14399.0;Saída;2.0;255
16724;1194;14400.0;Saída;2.0;255
16725;1230;14406.0;Saída;2.0;255
16726;1275;14407.0;Saída;1.0;255
16727;1745;14408.0;Saída;1.0;255
16728;1440;14409.0;Saída;2.0;255
16729;487;14410.0;Saída;2.0;255
16730;546;14411.0;Saída;1.0;255
16731;560;14412.0;Saída;1.0;255
16732;2303;14413.0;Saída;1.0;255
16733;1935;14414.0;Saída;2.0;255
16734;1983;14415.0;Saída;2.0;255
16735;1948;14416.0;Saída;1.0;255
16736;1956;14417.0;Saída;1.0;255
16737;2161;14418.0;Saída;1.0;255
16738;2239;14419.0;Saída;2.0;255
16739;2172;14420.0;Saída;2.0;255
16740;1902;14421.0;Saída;1.0;255
16741;2048;14422.0;Saída;1.0;255
16742;2003;14423.0;Saída;2.0;255
16743;2782;14424.0;Saída;1.0;255
16744;2784;14425.0;Saída;2.0;255
16745;2738;14426.0;Saída;2.0;255
16746;2721;14427.0;Saída;1.0;255
16747;2736;14428.0;Saída;1.0;255
16748;2724;14429.0;Saída;1.0;255
16749;3209;14430.0;Saída;2.0;255
16750;3208;14431.0;Saída;1.0;255
16751;2969;14432.0;Saída;1.0;255
16752;2973;14433.0;Saída;1.0;255
16753;3005;14435.0;Saída;1.0;255
16754;2991;14436.0;Saída;2.0;255
16755;3034;14437.0;Saída;1.0;255
16756;2978;14438.0;Saída;1.0;255
16757;3594;14439.0;Saída;1.0;255
16758;3398;14440.0;Saída;1.0;255
16759;3427;14441.0;Saída;2.0;255
16760;3365;14442.0;Saída;2.0;255
16761;3608;14443.0;Saída;1.0;255
16762;4284;14444.0;Saída;1.0;255
16763;4243;14445.0;Saída;2.0;255
16764;4319;14446.0;Saída;2.0;255
16765;4219;14447.0;Saída;1.0;255
16766;941;14448.0;Saída;1.0;256
16767;937;14449.0;Saída;2.0;256
16768;804;14450.0;Saída;1.0;256
16769;816;14451.0;Saída;2.0;256
16770;1518;14452.0;Saída;1.0;256
16771;1453;14453.0;Saída;1.0;256
16772;1519;14454.0;Saída;1.0;256
16773;1525;14455.0;Saída;1.0;256
16774;1551;14456.0;Saída;1.0;256
16775;726;14457.0;Saída;2.0;256
16776;721;14458.0;Saída;2.0;256
16777;84;14460.0;Saída;1.0;256
16778;1429;14461.0;Saída;2.0;256
16779;1364;14462.0;Saída;2.0;256
16780;803;14463.0;Saída;2.0;256
16781;810;14464.0;Saída;1.0;256
16782;859;14465.0;Saída;2.0;256
16783;1204;14466.0;Saída;2.0;256
16784;1228;14467.0;Saída;2.0;256
16785;1604;14468.0;Saída;1.0;256
16786;1610;14469.0;Saída;2.0;256
16787;1677;14470.0;Saída;1.0;256
16788;333;14473.0;Saída;1.0;256
16789;451;14474.0;Saída;1.0;256
16790;476;14475.0;Saída;1.0;256
16791;479;14476.0;Saída;1.0;256
16792;1726;14477.0;Saída;1.0;256
16793;2052;14478.0;Saída;2.0;256
16794;2016;14479.0;Saída;2.0;256
16795;2011;14480.0;Saída;2.0;256
16796;2084;14481.0;Saída;1.0;256
16797;2079;14482.0;Saída;2.0;256
16798;2327;14483.0;Saída;2.0;256
16799;2383;14484.0;Saída;2.0;256
16800;2224;14485.0;Saída;1.0;256
16801;2205;14486.0;Saída;1.0;256
16802;2171;14487.0;Saída;1.0;256
16803;2144;14488.0;Saída;2.0;256
16804;2117;14489.0;Saída;1.0;256
16805;3111;14490.0;Saída;1.0;256
16806;3101;14491.0;Saída;1.0;256
16807;2659;14492.0;Saída;2.0;256
16808;2665;14493.0;Saída;2.0;256
16809;3135;14494.0;Saída;1.0;256
16810;3267;14495.0;Saída;1.0;256
16811;3277;14496.0;Saída;2.0;256
16812;3210;14497.0;Saída;1.0;256
16813;2611;14498.0;Saída;1.0;256
16814;2694;14499.0;Saída;1.0;256
16815;2700;14500.0;Saída;2.0;256
16816;3525;14503.0;Saída;1.0;256
16817;3596;14504.0;Saída;1.0;256
16818;3597;14505.0;Saída;2.0;256
16819;3640;14506.0;Saída;1.0;256
16820;3496;14507.0;Saída;1.0;256
16821;3847;14508.0;Saída;1.0;256
16822;1063;14509.0;Saída;1.0;257
16823;1120;14510.0;Saída;1.0;257
16824;1195;14511.0;Saída;2.0;257
16825;1181;14512.0;Saída;2.0;257
16826;1178;14513.0;Saída;1.0;257
16827;1354;14514.0;Saída;1.0;257
16828;1330;14515.0;Saída;1.0;257
16829;414;14516.0;Saída;1.0;257
16830;1002;14517.0;Saída;1.0;257
16831;972;14518.0;Saída;1.0;257
16832;50;14519.0;Saída;1.0;257
16833;46;14520.0;Saída;1.0;257
16834;1026;14522.0;Saída;1.0;257
16835;975;14523.0;Saída;2.0;257
16836;1501;14524.0;Saída;1.0;257
16837;1441;14525.0;Saída;2.0;257
16838;1473;14526.0;Saída;2.0;257
16839;255;14527.0;Saída;1.0;257
16840;259;14528.0;Saída;1.0;257
16841;1663;14529.0;Saída;1.0;257
16842;1637;14530.0;Saída;2.0;257
16843;1652;14531.0;Saída;1.0;257
16844;1668;14532.0;Saída;2.0;257
16845;1151;14533.0;Saída;1.0;257
16846;1131;14534.0;Saída;1.0;257
16847;1903;14535.0;Saída;2.0;257
16848;2396;14536.0;Saída;1.0;257
16849;2400;14537.0;Saída;1.0;257
16850;2360;14540.0;Saída;1.0;257
16851;2392;14541.0;Saída;2.0;257
16852;1996;14542.0;Saída;1.0;257
16853;1930;14543.0;Saída;1.0;257
16854;1942;14544.0;Saída;1.0;257
16855;1769;14545.0;Saída;2.0;257
16856;1809;14546.0;Saída;2.0;257
16857;2082;14547.0;Saída;2.0;257
16858;3262;14551.0;Saída;1.0;257
16859;3208;14552.0;Saída;2.0;257
16860;3271;14553.0;Saída;2.0;257
16861;2669;14554.0;Saída;1.0;257
16862;2711;14555.0;Saída;1.0;257
16863;3219;14556.0;Saída;2.0;257
16864;3233;14557.0;Saída;1.0;257
16865;2686;14558.0;Saída;1.0;257
16866;2669;14559.0;Saída;2.0;257
16867;2671;14560.0;Saída;1.0;257
16868;3445;14561.0;Saída;1.0;257
16869;3696;14562.0;Saída;2.0;257
16870;3733;14563.0;Saída;1.0;257
16871;3698;14564.0;Saída;2.0;257
16872;3501;14565.0;Saída;1.0;257
16873;3861;14566.0;Saída;2.0;257
16874;3846;14567.0;Saída;2.0;257
16875;4191;14568.0;Saída;2.0;257
16876;4162;14569.0;Saída;1.0;257
16877;493;14570.0;Saída;2.0;258
16878;541;14571.0;Saída;1.0;258
16879;522;14572.0;Saída;2.0;258
16880;1331;14573.0;Saída;1.0;258
16881;1287;14574.0;Saída;1.0;258
16882;1560;14575.0;Saída;1.0;258
16883;1565;14576.0;Saída;2.0;258
16884;1583;14577.0;Saída;2.0;258
16885;450;14578.0;Saída;1.0;258
16886;438;14579.0;Saída;2.0;258
16887;1129;14580.0;Saída;2.0;258
16888;1148;14581.0;Saída;2.0;258
16889;1130;14582.0;Saída;1.0;258
16890;1707;14585.0;Saída;2.0;258
16891;519;14586.0;Saída;1.0;258
16892;198;14590.0;Saída;1.0;258
16893;1358;14593.0;Saída;1.0;258
16894;1178;14594.0;Saída;1.0;258
16895;166;14595.0;Saída;2.0;258
16896;217;14596.0;Saída;1.0;258
16897;162;14597.0;Saída;1.0;258
16898;2459;14598.0;Saída;1.0;258
16899;2427;14599.0;Saída;2.0;258
16900;2405;14600.0;Saída;2.0;258
16901;2222;14604.0;Saída;1.0;258
16902;2200;14605.0;Saída;2.0;258
16903;2225;14606.0;Saída;1.0;258
16904;1943;14607.0;Saída;2.0;258
16905;1956;14608.0;Saída;2.0;258
16906;1994;14609.0;Saída;2.0;258
16907;2375;14610.0;Saída;2.0;258
16908;2182;14611.0;Saída;1.0;258
16909;2161;14612.0;Saída;1.0;258
16910;2532;14613.0;Saída;1.0;258
16911;2487;14614.0;Saída;1.0;258
16912;3347;14615.0;Saída;1.0;258
16913;3295;14616.0;Saída;2.0;258
16914;3313;14617.0;Saída;1.0;258
16915;3279;14618.0;Saída;2.0;258
16916;3278;14619.0;Saída;2.0;258
16917;3272;14620.0;Saída;2.0;258
16918;3349;14622.0;Saída;1.0;258
16919;3300;14623.0;Saída;2.0;258
16920;3053;14624.0;Saída;2.0;258
16921;3060;14625.0;Saída;2.0;258
16922;3054;14626.0;Saída;1.0;258
16923;3718;14628.0;Saída;2.0;258
16924;3681;14629.0;Saída;1.0;258
16925;3685;14630.0;Saída;2.0;258
16926;3748;14631.0;Saída;2.0;258
16927;3563;14632.0;Saída;1.0;258
16928;4303;14633.0;Saída;1.0;258
16929;4302;14634.0;Saída;1.0;258
16930;4286;14635.0;Saída;2.0;258
16931;298;14636.0;Saída;2.0;259
16932;1218;14637.0;Saída;2.0;259
16933;1227;14638.0;Saída;1.0;259
16934;821;14639.0;Saída;2.0;259
16935;853;14640.0;Saída;1.0;259
16936;847;14641.0;Saída;2.0;259
16937;1045;14642.0;Saída;1.0;259
16938;1114;14643.0;Saída;2.0;259
16939;304;14644.0;Saída;2.0;259
16940;278;14645.0;Saída;1.0;259
16941;276;14646.0;Saída;1.0;259
16942;443;14647.0;Saída;1.0;259
16943;468;14648.0;Saída;2.0;259
16944;473;14649.0;Saída;1.0;259
16945;1444;14650.0;Saída;2.0;259
16946;1454;14651.0;Saída;1.0;259
16947;1027;14652.0;Saída;2.0;259
16948;978;14653.0;Saída;1.0;259
16949;1065;14654.0;Saída;2.0;259
16950;1115;14655.0;Saída;1.0;259
16951;1078;14656.0;Saída;2.0;259
16952;1045;14657.0;Saída;1.0;259
16953;1094;14658.0;Saída;2.0;259
16954;1943;14659.0;Saída;2.0;259
16955;1955;14660.0;Saída;2.0;259
16956;2590;14668.0;Saída;2.0;259
16957;2563;14669.0;Saída;2.0;259
16958;2621;14670.0;Saída;2.0;259
16959;2566;14671.0;Saída;1.0;259
16960;2598;14672.0;Saída;1.0;259
16961;2570;14673.0;Saída;1.0;259
16962;2596;14674.0;Saída;1.0;259
16963;3217;14675.0;Saída;2.0;259
16964;2862;14679.0;Saída;2.0;259
16965;2839;14680.0;Saída;2.0;259
16966;2859;14681.0;Saída;1.0;259
16967;3600;14682.0;Saída;1.0;259
16968;3458;14683.0;Saída;2.0;259
16969;3461;14684.0;Saída;1.0;259
16970;3447;14685.0;Saída;2.0;259
16971;4164;14686.0;Saída;2.0;259
16972;4179;14687.0;Saída;2.0;259
16973;4205;14688.0;Saída;2.0;259
16974;4130;14689.0;Saída;2.0;259
16975;4125;14690.0;Saída;1.0;259
16976;246;14691.0;Saída;2.0;260
16977;255;14692.0;Saída;1.0;260
16978;946;14693.0;Saída;2.0;260
16979;883;14694.0;Saída;1.0;260
16980;889;14695.0;Saída;2.0;260
16981;226;14699.0;Saída;2.0;260
16982;166;14700.0;Saída;1.0;260
16983;1140;14702.0;Saída;2.0;260
16984;1607;14703.0;Saída;2.0;260
16985;1666;14704.0;Saída;2.0;260
16986;1631;14705.0;Saída;1.0;260
16987;1026;14706.0;Saída;2.0;260
16988;976;14707.0;Saída;2.0;260
16989;1034;14708.0;Saída;2.0;260
16990;1258;14709.0;Saída;1.0;260
16991;631;14710.0;Saída;1.0;260
16992;622;14711.0;Saída;1.0;260
16993;386;14712.0;Saída;2.0;260
16994;465;14713.0;Saída;2.0;260
16995;433;14714.0;Saída;1.0;260
16996;444;14715.0;Saída;1.0;260
16997;389;14716.0;Saída;1.0;260
16998;377;14717.0;Saída;2.0;260
16999;200;14718.0;Saída;2.0;260
17000;199;14719.0;Saída;1.0;260
17001;83;14720.0;Saída;1.0;260
17002;142;14721.0;Saída;1.0;260
17003;95;14722.0;Saída;2.0;260
17004;2281;14723.0;Saída;2.0;260
17005;2254;14724.0;Saída;2.0;260
17006;2241;14725.0;Saída;1.0;260
17007;2543;14726.0;Saída;2.0;260
17008;2488;14727.0;Saída;1.0;260
17009;2403;14731.0;Saída;2.0;260
17010;2432;14732.0;Saída;1.0;260
17011;2419;14733.0;Saída;1.0;260
17012;1923;14734.0;Saída;2.0;260
17013;1938;14735.0;Saída;2.0;260
17014;2117;14736.0;Saída;2.0;260
17015;2095;14737.0;Saída;2.0;260
17016;2644;14738.0;Saída;2.0;260
17017;3120;14742.0;Saída;1.0;260
17018;3052;14743.0;Saída;1.0;260
17019;3114;14744.0;Saída;1.0;260
17020;2850;14748.0;Saída;1.0;260
17021;2862;14749.0;Saída;2.0;260
17022;2841;14750.0;Saída;1.0;260
17023;3749;14751.0;Saída;2.0;260
17024;3751;14752.0;Saída;2.0;260
17025;3744;14753.0;Saída;2.0;260
17026;3377;14754.0;Saída;1.0;260
17027;3393;14755.0;Saída;1.0;260
17028;3399;14756.0;Saída;2.0;260
17029;3924;14757.0;Saída;2.0;260
17030;242;14761.0;Saída;2.0;261
17031;253;14762.0;Saída;1.0;261
17032;1187;14763.0;Saída;1.0;261
17033;941;14764.0;Saída;1.0;261
17034;794;14765.0;Saída;2.0;261
17035;791;14766.0;Saída;2.0;261
17036;1155;14767.0;Saída;1.0;261
17037;1506;14768.0;Saída;2.0;261
17038;1519;14769.0;Saída;2.0;261
17039;1509;14770.0;Saída;1.0;261
17040;1455;14771.0;Saída;1.0;261
17041;1715;14772.0;Saída;1.0;261
17042;1754;14773.0;Saída;1.0;261
17043;1266;14774.0;Saída;1.0;261
17044;1219;14775.0;Saída;1.0;261
17045;1210;14776.0;Saída;2.0;261
17046;55;14777.0;Saída;2.0;261
17047;8;14778.0;Saída;1.0;261
17048;37;14779.0;Saída;2.0;261
17049;2038;14780.0;Saída;1.0;261
17050;2431;14781.0;Saída;2.0;261
17051;2477;14782.0;Saída;1.0;261
17052;2426;14783.0;Saída;2.0;261
17053;2252;14784.0;Saída;2.0;261
17054;2157;14787.0;Saída;2.0;261
17055;2147;14788.0;Saída;2.0;261
17056;2137;14789.0;Saída;2.0;261
17057;2718;14790.0;Saída;2.0;261
17058;2653;14791.0;Saída;1.0;261
17059;3298;14792.0;Saída;2.0;261
17060;3354;14793.0;Saída;1.0;261
17061;3285;14794.0;Saída;1.0;261
17062;2890;14795.0;Saída;2.0;261
17063;2895;14796.0;Saída;1.0;261
17064;2801;14797.0;Saída;2.0;261
17065;2806;14798.0;Saída;1.0;261
17066;3217;14799.0;Saída;1.0;261
17067;2583;14800.0;Saída;1.0;261
17068;2610;14801.0;Saída;1.0;261
17069;3425;14802.0;Saída;1.0;261
17070;3439;14803.0;Saída;2.0;261
17071;3550;14804.0;Saída;1.0;261
17072;3507;14805.0;Saída;2.0;261
17073;3505;14806.0;Saída;2.0;261
17074;3482;14807.0;Saída;1.0;261
17075;3870;14808.0;Saída;1.0;261
17076;4244;14809.0;Saída;2.0;261
17077;4318;14810.0;Saída;2.0;261
17078;4320;14811.0;Saída;2.0;261
17079;1278;14812.0;Saída;2.0;262
17080;1226;14813.0;Saída;1.0;262
17081;1446;14814.0;Saída;1.0;262
17082;1443;14815.0;Saída;2.0;262
17083;1519;14816.0;Saída;1.0;262
17084;65;14817.0;Saída;2.0;262
17085;662;14818.0;Saída;1.0;262
17086;700;14819.0;Saída;1.0;262
17087;4;14824.0;Saída;2.0;262
17088;316;14825.0;Saída;1.0;262
17089;495;14826.0;Saída;2.0;262
17090;1086;14827.0;Saída;1.0;262
17091;1069;14828.0;Saída;1.0;262
17092;1427;14829.0;Saída;2.0;262
17093;2349;14831.0;Saída;1.0;262
17094;2331;14832.0;Saída;2.0;262
17095;1901;14833.0;Saída;1.0;262
17096;2242;14834.0;Saída;1.0;262
17097;2491;14835.0;Saída;2.0;262
17098;2068;14836.0;Saída;1.0;262
17099;2399;14837.0;Saída;2.0;262
17100;2323;14838.0;Saída;2.0;262
17101;2881;14839.0;Saída;1.0;262
17102;2887;14840.0;Saída;1.0;262
17103;2637;14841.0;Saída;2.0;262
17104;2638;14842.0;Saída;1.0;262
17105;2570;14843.0;Saída;2.0;262
17106;3029;14844.0;Saída;1.0;262
17107;3027;14845.0;Saída;2.0;262
17108;3035;14846.0;Saída;2.0;262
17109;3024;14847.0;Saída;1.0;262
17110;2966;14848.0;Saída;1.0;262
17111;2999;14849.0;Saída;1.0;262
17112;3189;14850.0;Saída;1.0;262
17113;2882;14851.0;Saída;1.0;262
17114;3583;14852.0;Saída;1.0;262
17115;3575;14853.0;Saída;2.0;262
17116;3479;14854.0;Saída;2.0;262
17117;3475;14855.0;Saída;1.0;262
17118;4272;14856.0;Saída;2.0;262
17119;4254;14857.0;Saída;1.0;262
17120;4259;14858.0;Saída;2.0;262
17121;3841;14859.0;Saída;2.0;262
17122;3884;14860.0;Saída;2.0;262
17123;3859;14861.0;Saída;1.0;262
17124;1450;14862.0;Saída;2.0;263
17125;478;14863.0;Saída;2.0;263
17126;475;14864.0;Saída;1.0;263
17127;468;14865.0;Saída;2.0;263
17128;479;14866.0;Saída;1.0;263
17129;437;14867.0;Saída;2.0;263
17130;439;14868.0;Saída;2.0;263
17131;178;14869.0;Saída;2.0;263
17132;229;14870.0;Saída;1.0;263
17133;391;14871.0;Saída;1.0;263
17134;740;14872.0;Saída;1.0;263
17135;727;14873.0;Saída;2.0;263
17136;1349;14879.0;Saída;1.0;263
17137;1291;14880.0;Saída;1.0;263
17138;961;14881.0;Saída;2.0;263
17139;479;14882.0;Saída;1.0;263
17140;2167;14883.0;Saída;1.0;263
17141;2201;14884.0;Saída;1.0;263
17142;2162;14885.0;Saída;1.0;263
17143;1821;14886.0;Saída;1.0;263
17144;1774;14887.0;Saída;1.0;263
17145;1813;14888.0;Saída;1.0;263
17146;1966;14889.0;Saída;1.0;263
17147;2506;14890.0;Saída;1.0;263
17148;3264;14891.0;Saída;1.0;263
17149;3273;14892.0;Saída;1.0;263
17150;2635;14893.0;Saída;1.0;263
17151;2757;14894.0;Saída;1.0;263
17152;2746;14895.0;Saída;1.0;263
17153;2744;14896.0;Saída;1.0;263
17154;2862;14897.0;Saída;1.0;263
17155;2867;14898.0;Saída;1.0;263
17156;2817;14899.0;Saída;2.0;263
17157;3111;14904.0;Saída;1.0;263
17158;3045;14905.0;Saída;2.0;263
17159;3120;14906.0;Saída;1.0;263
17160;3694;14907.0;Saída;1.0;263
17161;3584;14908.0;Saída;1.0;263
17162;3778;14909.0;Saída;2.0;263
17163;549;14910.0;Saída;2.0;264
17164;465;14911.0;Saída;2.0;264
17165;1042;14912.0;Saída;2.0;264
17166;1618;14913.0;Saída;2.0;264
17167;1602;14914.0;Saída;2.0;264
17168;1660;14915.0;Saída;2.0;264
17169;1263;14916.0;Saída;1.0;264
17170;1218;14917.0;Saída;1.0;264
17171;1269;14918.0;Saída;2.0;264
17172;1744;14919.0;Saída;2.0;264
17173;1754;14920.0;Saída;1.0;264
17174;777;14921.0;Saída;1.0;264
17175;725;14922.0;Saída;2.0;264
17176;382;14923.0;Saída;1.0;264
17177;715;14924.0;Saída;1.0;264
17178;649;14925.0;Saída;2.0;264
17179;707;14926.0;Saída;1.0;264
17180;974;14929.0;Saída;2.0;264
17181;978;14930.0;Saída;1.0;264
17182;1039;14931.0;Saída;2.0;264
17183;2300;14932.0;Saída;1.0;264
17184;2254;14933.0;Saída;1.0;264
17185;2318;14934.0;Saída;2.0;264
17186;2030;14935.0;Saída;1.0;264
17187;2070;14936.0;Saída;2.0;264
17188;1873;14937.0;Saída;2.0;264
17189;1851;14938.0;Saída;2.0;264
17190;3180;14939.0;Saída;1.0;264
17191;3166;14940.0;Saída;2.0;264
17192;2731;14941.0;Saída;1.0;264
17193;2725;14942.0;Saída;1.0;264
17194;2794;14943.0;Saída;1.0;264
17195;3042;14944.0;Saída;2.0;264
17196;3338;14945.0;Saída;1.0;264
17197;3297;14946.0;Saída;1.0;264
17198;2917;14947.0;Saída;2.0;264
17199;3268;14948.0;Saída;2.0;264
17200;3220;14949.0;Saída;1.0;264
17201;3204;14950.0;Saída;2.0;264
17202;3611;14951.0;Saída;2.0;264
17203;3674;14952.0;Saída;2.0;264
17204;3475;14953.0;Saída;1.0;264
17205;4312;14954.0;Saída;2.0;264
17206;4270;14955.0;Saída;1.0;264
17207;3983;14956.0;Saída;2.0;264
17208;3929;14957.0;Saída;1.0;264
17209;3934;14958.0;Saída;2.0;264
17210;1606;14959.0;Saída;1.0;265
17211;1616;14960.0;Saída;2.0;265
17212;166;14961.0;Saída;2.0;265
17213;238;14962.0;Saída;1.0;265
17214;167;14963.0;Saída;2.0;265
17215;879;14964.0;Saída;2.0;265
17216;878;14965.0;Saída;2.0;265
17217;728;14966.0;Saída;1.0;265
17218;332;14967.0;Saída;1.0;265
17219;980;14970.0;Saída;2.0;265
17220;1455;14972.0;Saída;1.0;265
17221;1444;14973.0;Saída;1.0;265
17222;1135;14974.0;Saída;1.0;265
17223;315;14975.0;Saída;2.0;265
17224;1543;14976.0;Saída;2.0;265
17225;1541;14977.0;Saída;2.0;265
17226;1532;14978.0;Saída;1.0;265
17227;568;14979.0;Saída;2.0;265
17228;633;14980.0;Saída;1.0;265
17229;628;14981.0;Saída;1.0;265
17230;2445;14982.0;Saída;2.0;265
17231;2480;14983.0;Saída;2.0;265
17232;2466;14984.0;Saída;2.0;265
17233;2309;14991.0;Saída;2.0;265
17234;2256;14992.0;Saída;2.0;265
17235;2297;14993.0;Saída;2.0;265
17236;2070;14994.0;Saída;2.0;265
17237;2005;14995.0;Saída;2.0;265
17238;2076;14996.0;Saída;2.0;265
17239;2259;14997.0;Saída;1.0;265
17240;2297;14998.0;Saída;1.0;265
17241;3285;15001.0;Saída;1.0;265
17242;3037;15002.0;Saída;1.0;265
17243;2964;15003.0;Saída;2.0;265
17244;3209;15004.0;Saída;1.0;265
17245;3201;15005.0;Saída;1.0;265
17246;2582;15006.0;Saída;1.0;265
17247;2595;15007.0;Saída;2.0;265
17248;2631;15008.0;Saída;1.0;265
17249;2835;15010.0;Saída;2.0;265
17250;3491;15011.0;Saída;2.0;265
17251;3458;15012.0;Saída;2.0;265
17252;3492;15013.0;Saída;2.0;265
17253;3755;15014.0;Saída;1.0;265
17254;3687;15015.0;Saída;2.0;265
17255;3850;15016.0;Saída;1.0;265
17256;3846;15017.0;Saída;1.0;265
17257;456;15018.0;Saída;2.0;266
17258;407;15019.0;Saída;2.0;266
17259;476;15020.0;Saída;2.0;266
17260;687;15022.0;Saída;1.0;266
17261;1444;15023.0;Saída;2.0;266
17262;1482;15024.0;Saída;1.0;266
17263;1447;15025.0;Saída;2.0;266
17264;1490;15026.0;Saída;1.0;266
17265;1619;15027.0;Saída;1.0;266
17266;162;15028.0;Saída;1.0;266
17267;200;15029.0;Saída;1.0;266
17268;71;15030.0;Saída;2.0;266
17269;17;15031.0;Saída;2.0;266
17270;267;15035.0;Saída;1.0;266
17271;245;15036.0;Saída;2.0;266
17272;980;15037.0;Saída;2.0;266
17273;962;15038.0;Saída;1.0;266
17274;1034;15039.0;Saída;2.0;266
17275;149;15042.0;Saída;1.0;266
17276;55;15045.0;Saída;2.0;266
17277;2492;15046.0;Saída;1.0;266
17278;2553;15047.0;Saída;2.0;266
17279;2489;15048.0;Saída;1.0;266
17280;2276;15052.0;Saída;1.0;266
17281;2241;15053.0;Saída;1.0;266
17282;2279;15054.0;Saída;1.0;266
17283;1787;15055.0;Saída;2.0;266
17284;1777;15056.0;Saída;2.0;266
17285;1830;15057.0;Saída;2.0;266
17286;1994;15058.0;Saída;1.0;266
17287;2783;15060.0;Saída;2.0;266
17288;2770;15061.0;Saída;1.0;266
17289;2864;15062.0;Saída;1.0;266
17290;2810;15063.0;Saída;2.0;266
17291;2802;15064.0;Saída;2.0;266
17292;3288;15065.0;Saída;2.0;266
17293;3299;15066.0;Saída;2.0;266
17294;3153;15067.0;Saída;1.0;266
17295;3283;15068.0;Saída;1.0;266
17296;3299;15069.0;Saída;1.0;266
17297;2801;15070.0;Saída;1.0;266
17298;2832;15071.0;Saída;1.0;266
17299;2809;15072.0;Saída;2.0;266
17300;3447;15074.0;Saída;2.0;266
17301;3488;15075.0;Saída;2.0;266
17302;3523;15076.0;Saída;2.0;266
17303;3592;15077.0;Saída;1.0;266
17304;3515;15078.0;Saída;2.0;266
17305;3506;15079.0;Saída;2.0;266
17306;3496;15080.0;Saída;1.0;266
17307;3774;15081.0;Saída;2.0;266
17308;1273;15082.0;Saída;1.0;267
17309;1242;15083.0;Saída;1.0;267
17310;1425;15084.0;Saída;2.0;267
17311;1364;15085.0;Saída;2.0;267
17312;1435;15086.0;Saída;1.0;267
17313;561;15087.0;Saída;2.0;267
17314;617;15088.0;Saída;2.0;267
17315;1114;15089.0;Saída;2.0;267
17316;886;15090.0;Saída;2.0;267
17317;600;15091.0;Saída;1.0;267
17318;636;15092.0;Saída;1.0;267
17319;114;15093.0;Saída;2.0;267
17320;102;15094.0;Saída;2.0;267
17321;84;15095.0;Saída;1.0;267
17322;1060;15096.0;Saída;2.0;267
17323;1090;15097.0;Saída;2.0;267
17324;787;15098.0;Saída;2.0;267
17325;786;15099.0;Saída;2.0;267
17326;781;15100.0;Saída;1.0;267
17327;178;15101.0;Saída;1.0;267
17328;641;15102.0;Saída;1.0;267
17329;666;15103.0;Saída;1.0;267
17330;67;15104.0;Saída;2.0;267
17331;74;15105.0;Saída;1.0;267
17332;356;15106.0;Saída;2.0;267
17333;338;15107.0;Saída;1.0;267
17334;348;15108.0;Saída;1.0;267
17335;25;15109.0;Saída;1.0;267
17336;80;15110.0;Saída;1.0;267
17337;315;15111.0;Saída;1.0;267
17338;2426;15113.0;Saída;2.0;267
17339;2462;15114.0;Saída;1.0;267
17340;2402;15115.0;Saída;2.0;267
17341;1836;15116.0;Saída;2.0;267
17342;1828;15117.0;Saída;2.0;267
17343;2228;15118.0;Saída;2.0;267
17344;2177;15119.0;Saída;1.0;267
17345;2208;15120.0;Saída;2.0;267
17346;1992;15121.0;Saída;2.0;267
17347;2402;15122.0;Saída;2.0;267
17348;2389;15123.0;Saída;2.0;267
17349;2813;15124.0;Saída;2.0;267
17350;2862;15125.0;Saída;2.0;267
17351;2868;15126.0;Saída;2.0;267
17352;3170;15132.0;Saída;2.0;267
17353;3181;15133.0;Saída;1.0;267
17354;3169;15134.0;Saída;2.0;267
17355;3539;15138.0;Saída;1.0;267
17356;3551;15139.0;Saída;1.0;267
17357;3753;15140.0;Saída;2.0;267
17358;3494;15141.0;Saída;1.0;267
17359;3480;15142.0;Saída;2.0;267
17360;4003;15143.0;Saída;1.0;267
17361;1524;15144.0;Saída;2.0;268
17362;889;15145.0;Saída;2.0;268
17363;893;15146.0;Saída;1.0;268
17364;707;15147.0;Saída;2.0;268
17365;655;15148.0;Saída;1.0;268
17366;1443;15149.0;Saída;1.0;268
17367;1471;15150.0;Saída;2.0;268
17368;978;15151.0;Saída;1.0;268
17369;1006;15152.0;Saída;2.0;268
17370;35;15153.0;Saída;2.0;268
17371;3;15154.0;Saída;2.0;268
17372;953;15155.0;Saída;2.0;268
17373;510;15156.0;Saída;2.0;268
17374;511;15157.0;Saída;2.0;268
17375;1288;15158.0;Saída;2.0;268
17376;1923;15159.0;Saída;1.0;268
17377;1921;15160.0;Saída;1.0;268
17378;1968;15161.0;Saída;2.0;268
17379;1995;15162.0;Saída;1.0;268
17380;1990;15163.0;Saída;1.0;268
17381;2217;15164.0;Saída;1.0;268
17382;2089;15168.0;Saída;2.0;268
17383;2093;15169.0;Saída;2.0;268
17384;2157;15170.0;Saída;1.0;268
17385;1994;15171.0;Saída;2.0;268
17386;3297;15172.0;Saída;1.0;268
17387;3311;15173.0;Saída;1.0;268
17388;3290;15174.0;Saída;1.0;268
17389;3263;15175.0;Saída;1.0;268
17390;3186;15176.0;Saída;2.0;268
17391;3128;15177.0;Saída;2.0;268
17392;3111;15178.0;Saída;2.0;268
17393;2633;15179.0;Saída;1.0;268
17394;2619;15180.0;Saída;1.0;268
17395;3748;15181.0;Saída;1.0;268
17396;3503;15182.0;Saída;1.0;268
17397;3446;15183.0;Saída;2.0;268
17398;3441;15184.0;Saída;1.0;268
17399;4303;15185.0;Saída;2.0;268
17400;4262;15186.0;Saída;1.0;268
17401;4286;15187.0;Saída;2.0;268
17402;1386;15191.0;Saída;2.0;269
17403;1399;15192.0;Saída;1.0;269
17404;733;15193.0;Saída;2.0;269
17405;763;15194.0;Saída;1.0;269
17406;509;15195.0;Saída;1.0;269
17407;941;15196.0;Saída;1.0;269
17408;737;15197.0;Saída;1.0;269
17409;788;15198.0;Saída;2.0;269
17410;1636;15199.0;Saída;1.0;269
17411;1676;15200.0;Saída;1.0;269
17412;1601;15201.0;Saída;2.0;269
17413;632;15202.0;Saída;1.0;269
17414;580;15203.0;Saída;2.0;269
17415;1408;15204.0;Saída;2.0;269
17416;633;15205.0;Saída;2.0;269
17417;616;15206.0;Saída;2.0;269
17418;732;15207.0;Saída;1.0;269
17419;984;15208.0;Saída;2.0;269
17420;962;15209.0;Saída;1.0;269
17421;873;15210.0;Saída;2.0;269
17422;2168;15212.0;Saída;2.0;269
17423;2232;15213.0;Saída;1.0;269
17424;2225;15218.0;Saída;2.0;269
17425;2171;15219.0;Saída;1.0;269
17426;2172;15220.0;Saída;1.0;269
17427;2561;15221.0;Saída;1.0;269
17428;2591;15222.0;Saída;1.0;269
17429;3208;15223.0;Saída;2.0;269
17430;3262;15224.0;Saída;2.0;269
17431;3040;15225.0;Saída;1.0;269
17432;2994;15226.0;Saída;2.0;269
17433;2894;15227.0;Saída;1.0;269
17434;2882;15228.0;Saída;2.0;269
17435;2957;15229.0;Saída;1.0;269
17436;3342;15230.0;Saída;1.0;269
17437;3344;15231.0;Saída;1.0;269
17438;3287;15232.0;Saída;2.0;269
17439;2804;15233.0;Saída;2.0;269
17440;3678;15234.0;Saída;2.0;269
17441;3635;15235.0;Saída;2.0;269
17442;3601;15236.0;Saída;1.0;269
17443;3426;15237.0;Saída;1.0;269
17444;3370;15238.0;Saída;1.0;269
17445;3369;15239.0;Saída;2.0;269
17446;3864;15240.0;Saída;1.0;269
17447;4161;15241.0;Saída;2.0;269
17448;4239;15242.0;Saída;1.0;269
17449;4213;15243.0;Saída;2.0;269
17450;163;15244.0;Saída;1.0;270
17451;169;15245.0;Saída;1.0;270
17452;852;15246.0;Saída;2.0;270
17453;802;15247.0;Saída;1.0;270
17454;866;15248.0;Saída;1.0;270
17455;1291;15249.0;Saída;2.0;270
17456;1336;15250.0;Saída;1.0;270
17457;1320;15251.0;Saída;2.0;270
17458;1341;15252.0;Saída;2.0;270
17459;1070;15253.0;Saída;1.0;270
17460;1110;15254.0;Saída;2.0;270
17461;948;15258.0;Saída;2.0;270
17462;889;15259.0;Saída;1.0;270
17463;917;15260.0;Saída;1.0;270
17464;1216;15261.0;Saída;1.0;270
17465;1262;15262.0;Saída;1.0;270
17466;1208;15263.0;Saída;2.0;270
17467;735;15264.0;Saída;2.0;270
17468;728;15265.0;Saída;2.0;270
17469;229;15266.0;Saída;1.0;270
17470;161;15267.0;Saída;1.0;270
17471;201;15268.0;Saída;1.0;270
17472;1496;15269.0;Saída;1.0;270
17473;702;15270.0;Saída;1.0;270
17474;2195;15271.0;Saída;2.0;270
17475;1988;15272.0;Saída;1.0;270
17476;2067;15273.0;Saída;2.0;270
17477;2060;15274.0;Saída;1.0;270
17478;2006;15275.0;Saída;2.0;270
17479;1910;15276.0;Saída;2.0;270
17480;1842;15277.0;Saída;2.0;270
17481;1866;15278.0;Saída;1.0;270
17482;2165;15279.0;Saída;2.0;270
17483;2194;15280.0;Saída;1.0;270
17484;2180;15281.0;Saída;2.0;270
17485;3216;15282.0;Saída;1.0;270
17486;3320;15283.0;Saída;1.0;270
17487;3011;15284.0;Saída;1.0;270
17488;2709;15285.0;Saída;1.0;270
17489;2650;15286.0;Saída;1.0;270
17490;2702;15287.0;Saída;1.0;270
17491;3322;15288.0;Saída;1.0;270
17492;3003;15289.0;Saída;1.0;270
17493;3555;15290.0;Saída;2.0;270
17494;3591;15291.0;Saída;1.0;270
17495;3490;15292.0;Saída;2.0;270
17496;4115;15293.0;Saída;2.0;270
17497;4130;15294.0;Saída;2.0;270
17498;4140;15295.0;Saída;2.0;270
17499;4246;15296.0;Saída;1.0;270
17500;4275;15297.0;Saída;1.0;270
17501;4273;15298.0;Saída;1.0;270
17502;38;15299.0;Saída;2.0;271
17503;11;15300.0;Saída;2.0;271
17504;394;15304.0;Saída;1.0;271
17505;322;15305.0;Saída;2.0;271
17506;400;15306.0;Saída;2.0;271
17507;1457;15307.0;Saída;1.0;271
17508;1449;15308.0;Saída;2.0;271
17509;1477;15309.0;Saída;2.0;271
17510;1713;15310.0;Saída;2.0;271
17511;12;15311.0;Saída;1.0;271
17512;28;15312.0;Saída;1.0;271
17513;1;15313.0;Saída;2.0;271
17514;888;15314.0;Saída;1.0;271
17515;886;15315.0;Saída;1.0;271
17516;857;15316.0;Saída;2.0;271
17517;819;15317.0;Saída;2.0;271
17518;806;15318.0;Saída;1.0;271
17519;344;15319.0;Saída;1.0;271
17520;335;15320.0;Saída;1.0;271
17521;1212;15321.0;Saída;1.0;271
17522;1248;15322.0;Saída;1.0;271
17523;1519;15323.0;Saída;1.0;271
17524;1463;15324.0;Saída;1.0;271
17525;1872;15325.0;Saída;1.0;271
17526;1893;15326.0;Saída;2.0;271
17527;2394;15327.0;Saída;1.0;271
17528;2382;15328.0;Saída;1.0;271
17529;2330;15329.0;Saída;1.0;271
17530;2224;15330.0;Saída;2.0;271
17531;1894;15334.0;Saída;2.0;271
17532;1846;15335.0;Saída;2.0;271
17533;1906;15336.0;Saída;1.0;271
17534;1785;15337.0;Saída;2.0;271
17535;1772;15338.0;Saída;2.0;271
17536;3283;15342.0;Saída;1.0;271
17537;3354;15343.0;Saída;2.0;271
17538;3353;15344.0;Saída;2.0;271
17539;3346;15345.0;Saída;2.0;271
17540;3296;15346.0;Saída;2.0;271
17541;3348;15347.0;Saída;2.0;271
17542;2789;15350.0;Saída;2.0;271
17543;2800;15351.0;Saída;1.0;271
17544;2570;15352.0;Saída;1.0;271
17545;3043;15353.0;Saída;1.0;271
17546;3076;15354.0;Saída;1.0;271
17547;3115;15355.0;Saída;2.0;271
17548;3684;15359.0;Saída;1.0;271
17549;4079;15360.0;Saída;2.0;271
17550;3981;15361.0;Saída;1.0;271
17551;1522;15362.0;Saída;2.0;272
17552;1551;15363.0;Saída;2.0;272
17553;323;15364.0;Saída;1.0;272
17554;353;15365.0;Saída;1.0;272
17555;1507;15366.0;Saída;1.0;272
17556;1506;15367.0;Saída;1.0;272
17557;1509;15368.0;Saída;2.0;272
17558;62;15370.0;Saída;1.0;272
17559;197;15373.0;Saída;2.0;272
17560;168;15374.0;Saída;2.0;272
17561;171;15375.0;Saída;2.0;272
17562;811;15376.0;Saída;2.0;272
17563;878;15377.0;Saída;2.0;272
17564;840;15378.0;Saída;1.0;272
17565;1379;15379.0;Saída;2.0;272
17566;1420;15380.0;Saída;1.0;272
17567;1375;15381.0;Saída;1.0;272
17568;969;15385.0;Saída;2.0;272
17569;737;15386.0;Saída;1.0;272
17570;784;15387.0;Saída;2.0;272
17571;724;15388.0;Saída;1.0;272
17572;94;15389.0;Saída;1.0;272
17573;143;15390.0;Saída;2.0;272
17574;491;15391.0;Saída;2.0;272
17575;9;15392.0;Saída;1.0;272
17576;66;15393.0;Saída;2.0;272
17577;949;15394.0;Saída;1.0;272
17578;942;15395.0;Saída;2.0;272
17579;2322;15396.0;Saída;1.0;272
17580;2384;15397.0;Saída;1.0;272
17581;2531;15401.0;Saída;2.0;272
17582;2494;15402.0;Saída;2.0;272
17583;1862;15403.0;Saída;2.0;272
17584;1861;15404.0;Saída;2.0;272
17585;1915;15405.0;Saída;1.0;272
17586;2122;15406.0;Saída;1.0;272
17587;2305;15407.0;Saída;1.0;272
17588;2254;15408.0;Saída;1.0;272
17589;2287;15409.0;Saída;2.0;272
17590;2880;15410.0;Saída;2.0;272
17591;2856;15411.0;Saída;2.0;272
17592;2872;15412.0;Saída;2.0;272
17593;3138;15413.0;Saída;1.0;272
17594;3168;15414.0;Saída;2.0;272
17595;3196;15415.0;Saída;1.0;272
17596;2762;15417.0;Saída;2.0;272
17597;2737;15418.0;Saída;2.0;272
17598;2786;15419.0;Saída;2.0;272
17599;3042;15423.0;Saída;1.0;272
17600;3090;15424.0;Saída;1.0;272
17601;3079;15425.0;Saída;2.0;272
17602;3694;15428.0;Saída;1.0;272
17603;3688;15429.0;Saída;2.0;272
17604;3744;15430.0;Saída;1.0;272
17605;3505;15431.0;Saída;2.0;272
17606;3378;15432.0;Saída;2.0;272
17607;3438;15433.0;Saída;2.0;272
17608;921;15436.0;Saída;1.0;273
17609;885;15437.0;Saída;2.0;273
17610;949;15438.0;Saída;1.0;273
17611;898;15439.0;Saída;1.0;273
17612;1504;15440.0;Saída;1.0;273
17613;1144;15441.0;Saída;2.0;273
17614;1200;15442.0;Saída;1.0;273
17615;4;15443.0;Saída;2.0;273
17616;99;15447.0;Saída;1.0;273
17617;5;15448.0;Saída;1.0;273
17618;12;15449.0;Saída;2.0;273
17619;1;15450.0;Saída;1.0;273
17620;342;15452.0;Saída;2.0;273
17621;364;15453.0;Saída;1.0;273
17622;333;15454.0;Saída;1.0;273
17623;1267;15455.0;Saída;1.0;273
17624;1231;15456.0;Saída;1.0;273
17625;2334;15457.0;Saída;2.0;273
17626;2322;15458.0;Saída;1.0;273
17627;2392;15459.0;Saída;1.0;273
17628;2075;15460.0;Saída;1.0;273
17629;2019;15461.0;Saída;1.0;273
17630;2005;15462.0;Saída;2.0;273
17631;2005;15463.0;Saída;2.0;273
17632;2062;15464.0;Saída;1.0;273
17633;2256;15465.0;Saída;2.0;273
17634;2295;15466.0;Saída;2.0;273
17635;2260;15467.0;Saída;2.0;273
17636;2078;15468.0;Saída;1.0;273
17637;2580;15469.0;Saída;1.0;273
17638;3186;15470.0;Saída;2.0;273
17639;3131;15471.0;Saída;2.0;273
17640;2873;15472.0;Saída;2.0;273
17641;2819;15473.0;Saída;1.0;273
17642;2817;15474.0;Saída;2.0;273
17643;2813;15475.0;Saída;2.0;273
17644;2806;15476.0;Saída;1.0;273
17645;2803;15477.0;Saída;2.0;273
17646;2701;15481.0;Saída;2.0;273
17647;2670;15482.0;Saída;2.0;273
17648;2711;15483.0;Saída;2.0;273
17649;3453;15484.0;Saída;2.0;273
17650;3460;15485.0;Saída;2.0;273
17651;3750;15486.0;Saída;1.0;273
17652;3708;15487.0;Saída;2.0;273
17653;3605;15488.0;Saída;2.0;273
17654;3619;15489.0;Saída;1.0;273
17655;3986;15490.0;Saída;2.0;273
17656;1212;15491.0;Saída;1.0;274
17657;1172;15492.0;Saída;1.0;274
17658;1199;15493.0;Saída;2.0;274
17659;1124;15494.0;Saída;2.0;274
17660;1716;15498.0;Saída;2.0;274
17661;1748;15499.0;Saída;2.0;274
17662;1451;15500.0;Saída;1.0;274
17663;1754;15503.0;Saída;2.0;274
17664;1704;15504.0;Saída;1.0;274
17665;1748;15505.0;Saída;1.0;274
17666;1205;15508.0;Saída;2.0;274
17667;1008;15509.0;Saída;1.0;274
17668;541;15510.0;Saída;2.0;274
17669;642;15511.0;Saída;2.0;274
17670;711;15512.0;Saída;1.0;274
17671;2420;15516.0;Saída;1.0;274
17672;2281;15517.0;Saída;1.0;274
17673;2255;15518.0;Saída;1.0;274
17674;2244;15519.0;Saída;2.0;274
17675;2109;15520.0;Saída;1.0;274
17676;2155;15521.0;Saída;2.0;274
17677;2144;15522.0;Saída;2.0;274
17678;1821;15523.0;Saída;2.0;274
17679;1808;15524.0;Saída;1.0;274
17680;1830;15525.0;Saída;2.0;274
17681;2070;15526.0;Saída;2.0;274
17682;3126;15527.0;Saída;2.0;274
17683;3181;15528.0;Saída;2.0;274
17684;3193;15529.0;Saída;1.0;274
17685;2814;15530.0;Saída;2.0;274
17686;3088;15531.0;Saída;2.0;274
17687;2612;15532.0;Saída;2.0;274
17688;2635;15533.0;Saída;1.0;274
17689;3668;15534.0;Saída;2.0;274
17690;3669;15535.0;Saída;1.0;274
17691;3449;15536.0;Saída;2.0;274
17692;3499;15537.0;Saída;1.0;274
17693;3785;15538.0;Saída;1.0;274
17694;3768;15539.0;Saída;1.0;274
17695;1626;15540.0;Saída;2.0;275
17696;827;15541.0;Saída;2.0;275
17697;1425;15542.0;Saída;2.0;275
17698;1370;15543.0;Saída;1.0;275
17699;1166;15544.0;Saída;2.0;275
17700;1122;15545.0;Saída;2.0;275
17701;266;15546.0;Saída;2.0;275
17702;246;15547.0;Saída;1.0;275
17703;1411;15548.0;Saída;1.0;275
17704;1476;15549.0;Saída;1.0;275
17705;1456;15550.0;Saída;1.0;275
17706;118;15551.0;Saída;1.0;275
17707;72;15552.0;Saída;2.0;275
17708;22;15553.0;Saída;2.0;275
17709;150;15554.0;Saída;1.0;275
17710;349;15555.0;Saída;2.0;275
17711;338;15556.0;Saída;2.0;275
17712;334;15557.0;Saída;1.0;275
17713;899;15558.0;Saída;1.0;275
17714;967;15559.0;Saída;2.0;275
17715;983;15560.0;Saída;2.0;275
17716;963;15561.0;Saída;2.0;275
17717;1201;15562.0;Saída;1.0;275
17718;1222;15563.0;Saída;2.0;275
17719;1277;15564.0;Saída;1.0;275
17720;1829;15565.0;Saída;1.0;275
17721;1775;15566.0;Saída;1.0;275
17722;1768;15567.0;Saída;2.0;275
17723;2545;15568.0;Saída;2.0;275
17724;2554;15569.0;Saída;2.0;275
17725;2320;15570.0;Saída;1.0;275
17726;2247;15571.0;Saída;2.0;275
17727;2097;15572.0;Saída;2.0;275
17728;2099;15573.0;Saída;1.0;275
17729;2143;15574.0;Saída;2.0;275
17730;2031;15575.0;Saída;1.0;275
17731;2047;15576.0;Saída;1.0;275
17732;3290;15577.0;Saída;1.0;275
17733;3281;15578.0;Saída;2.0;275
17734;2702;15581.0;Saída;1.0;275
17735;2661;15582.0;Saída;2.0;275
17736;2779;15583.0;Saída;2.0;275
17737;2748;15584.0;Saída;1.0;275
17738;2787;15585.0;Saída;2.0;275
17739;3131;15586.0;Saída;1.0;275
17740;3126;15587.0;Saída;2.0;275
17741;3129;15588.0;Saída;1.0;275
17742;3173;15589.0;Saída;1.0;275
17743;3193;15590.0;Saída;1.0;275
17744;3555;15593.0;Saída;2.0;275
17745;3618;15594.0;Saída;1.0;275
17746;3629;15595.0;Saída;2.0;275
17747;3630;15596.0;Saída;1.0;275
17748;3673;15597.0;Saída;2.0;275
17749;3965;15598.0;Saída;1.0;275
17750;1212;15599.0;Saída;1.0;276
17751;1238;15600.0;Saída;2.0;276
17752;1247;15601.0;Saída;2.0;276
17753;872;15602.0;Saída;1.0;276
17754;864;15603.0;Saída;2.0;276
17755;830;15604.0;Saída;1.0;276
17756;666;15608.0;Saída;2.0;276
17757;665;15609.0;Saída;2.0;276
17758;683;15610.0;Saída;1.0;276
17759;557;15612.0;Saída;1.0;276
17760;513;15613.0;Saída;1.0;276
17761;497;15614.0;Saída;2.0;276
17762;476;15615.0;Saída;2.0;276
17763;409;15616.0;Saída;1.0;276
17764;175;15621.0;Saída;1.0;276
17765;169;15622.0;Saída;1.0;276
17766;241;15623.0;Saída;1.0;276
17767;293;15624.0;Saída;2.0;276
17768;1874;15625.0;Saída;1.0;276
17769;1908;15626.0;Saída;1.0;276
17770;2157;15627.0;Saída;1.0;276
17771;2087;15628.0;Saída;1.0;276
17772;2164;15629.0;Saída;2.0;276
17773;2186;15630.0;Saída;2.0;276
17774;2176;15631.0;Saída;1.0;276
17775;1904;15635.0;Saída;1.0;276
17776;1858;15636.0;Saída;1.0;276
17777;1859;15637.0;Saída;1.0;276
17778;2789;15638.0;Saída;1.0;276
17779;3218;15639.0;Saída;1.0;276
17780;3104;15640.0;Saída;1.0;276
17781;3078;15641.0;Saída;1.0;276
17782;2663;15642.0;Saída;1.0;276
17783;2641;15643.0;Saída;2.0;276
17784;2643;15647.0;Saída;1.0;276
17785;2646;15648.0;Saída;1.0;276
17786;2715;15649.0;Saída;1.0;276
17787;3489;15650.0;Saída;1.0;276
17788;3616;15651.0;Saída;1.0;276
17789;3645;15652.0;Saída;2.0;276
17790;3649;15653.0;Saída;2.0;276
17791;4020;15654.0;Saída;1.0;276
17792;4043;15655.0;Saída;2.0;276
17793;4015;15656.0;Saída;2.0;276
17794;4081;15657.0;Saída;2.0;276
17795;4089;15658.0;Saída;1.0;276
17796;1614;15659.0;Saída;2.0;277
17797;1604;15660.0;Saída;1.0;277
17798;954;15661.0;Saída;2.0;277
17799;904;15662.0;Saída;1.0;277
17800;945;15663.0;Saída;2.0;277
17801;19;15664.0;Saída;1.0;277
17802;67;15665.0;Saída;1.0;277
17803;77;15666.0;Saída;2.0;277
17804;861;15667.0;Saída;1.0;277
17805;879;15668.0;Saída;1.0;277
17806;1427;15671.0;Saída;2.0;277
17807;1361;15672.0;Saída;1.0;277
17808;1387;15673.0;Saída;1.0;277
17809;793;15675.0;Saída;2.0;277
17810;537;15676.0;Saída;1.0;277
17811;522;15677.0;Saída;1.0;277
17812;1290;15678.0;Saída;1.0;277
17813;1322;15679.0;Saída;2.0;277
17814;1295;15680.0;Saída;2.0;277
17815;1349;15681.0;Saída;2.0;277
17816;1055;15682.0;Saída;2.0;277
17817;1119;15683.0;Saída;1.0;277
17818;489;15684.0;Saída;2.0;277
17819;548;15685.0;Saída;2.0;277
17820;483;15686.0;Saída;2.0;277
17821;941;15687.0;Saída;2.0;277
17822;467;15688.0;Saída;1.0;277
17823;412;15689.0;Saída;1.0;277
17824;1870;15690.0;Saída;2.0;277
17825;1880;15691.0;Saída;1.0;277
17826;1842;15692.0;Saída;2.0;277
17827;2375;15693.0;Saída;2.0;277
17828;2383;15694.0;Saída;2.0;277
17829;1790;15695.0;Saída;1.0;277
17830;1778;15696.0;Saída;1.0;277
17831;2336;15697.0;Saída;1.0;277
17832;2329;15698.0;Saída;1.0;277
17833;2227;15699.0;Saída;1.0;277
17834;2393;15700.0;Saída;1.0;277
17835;2384;15701.0;Saída;2.0;277
17836;3136;15702.0;Saída;2.0;277
17837;3147;15703.0;Saída;2.0;277
17838;3133;15704.0;Saída;1.0;277
17839;3198;15705.0;Saída;2.0;277
17840;3136;15706.0;Saída;2.0;277
17841;2675;15707.0;Saída;1.0;277
17842;2645;15708.0;Saída;2.0;277
17843;2678;15709.0;Saída;2.0;277
17844;2573;15710.0;Saída;1.0;277
17845;2599;15711.0;Saída;2.0;277
17846;2607;15712.0;Saída;2.0;277
17847;3409;15713.0;Saída;2.0;277
17848;3462;15715.0;Saída;1.0;277
17849;3804;15716.0;Saída;1.0;277
17850;4079;15717.0;Saída;1.0;277
17851;4009;15718.0;Saída;2.0;277
17852;1369;15720.0;Saída;2.0;278
17853;1371;15721.0;Saída;1.0;278
17854;1376;15722.0;Saída;1.0;278
17855;1372;15723.0;Saída;2.0;278
17856;1421;15724.0;Saída;1.0;278
17857;1437;15725.0;Saída;2.0;278
17858;314;15726.0;Saída;1.0;278
17859;313;15727.0;Saída;2.0;278
17860;302;15728.0;Saída;2.0;278
17861;908;15729.0;Saída;1.0;278
17862;1026;15730.0;Saída;2.0;278
17863;969;15731.0;Saída;2.0;278
17864;252;15732.0;Saída;1.0;278
17865;306;15733.0;Saída;2.0;278
17866;1305;15734.0;Saída;2.0;278
17867;1350;15735.0;Saída;1.0;278
17868;989;15736.0;Saída;2.0;278
17869;991;15737.0;Saída;2.0;278
17870;966;15738.0;Saída;2.0;278
17871;334;15739.0;Saída;2.0;278
17872;338;15740.0;Saída;2.0;278
17873;841;15741.0;Saída;2.0;278
17874;807;15742.0;Saída;2.0;278
17875;864;15743.0;Saída;1.0;278
17876;20;15744.0;Saída;1.0;278
17877;9;15745.0;Saída;1.0;278
17878;16;15746.0;Saída;2.0;278
17879;71;15747.0;Saída;1.0;278
17880;11;15748.0;Saída;2.0;278
17881;53;15749.0;Saída;2.0;278
17882;1744;15750.0;Saída;2.0;278
17883;1751;15751.0;Saída;2.0;278
17884;2480;15753.0;Saída;1.0;278
17885;2424;15754.0;Saída;2.0;278
17886;2447;15755.0;Saída;2.0;278
17887;2467;15756.0;Saída;1.0;278
17888;2407;15757.0;Saída;2.0;278
17889;2324;15758.0;Saída;2.0;278
17890;2392;15759.0;Saída;2.0;278
17891;2561;15760.0;Saída;2.0;278
17892;2623;15761.0;Saída;1.0;278
17893;2576;15762.0;Saída;2.0;278
17894;3268;15763.0;Saída;1.0;278
17895;3279;15764.0;Saída;1.0;278
17896;2575;15765.0;Saída;1.0;278
17897;2640;15766.0;Saída;1.0;278
17898;2636;15767.0;Saída;2.0;278
17899;3084;15771.0;Saída;2.0;278
17900;3215;15772.0;Saída;2.0;278
17901;3259;15773.0;Saída;2.0;278
17902;3208;15774.0;Saída;2.0;278
17903;3452;15775.0;Saída;2.0;278
17904;3519;15776.0;Saída;1.0;278
17905;3510;15777.0;Saída;2.0;278
17906;3674;15778.0;Saída;2.0;278
17907;3665;15779.0;Saída;2.0;278
17908;4094;15782.0;Saída;1.0;278
17909;50;15783.0;Saída;2.0;279
17910;414;15784.0;Saída;1.0;279
17911;453;15785.0;Saída;1.0;279
17912;421;15786.0;Saída;2.0;279
17913;1144;15789.0;Saída;2.0;279
17914;686;15790.0;Saída;1.0;279
17915;717;15791.0;Saída;2.0;279
17916;1525;15792.0;Saída;1.0;279
17917;1120;15793.0;Saída;2.0;279
17918;20;15794.0;Saída;2.0;279
17919;76;15795.0;Saída;2.0;279
17920;65;15796.0;Saída;1.0;279
17921;2503;15803.0;Saída;2.0;279
17922;2560;15804.0;Saída;1.0;279
17923;1928;15806.0;Saída;1.0;279
17924;1965;15807.0;Saída;2.0;279
17925;1971;15808.0;Saída;2.0;279
17926;2030;15809.0;Saída;2.0;279
17927;2059;15810.0;Saída;1.0;279
17928;2027;15811.0;Saída;2.0;279
17929;2247;15812.0;Saída;1.0;279
17930;3041;15813.0;Saída;1.0;279
17931;2804;15814.0;Saída;1.0;279
17932;2583;15815.0;Saída;2.0;279
17933;2635;15816.0;Saída;2.0;279
17934;2807;15817.0;Saída;2.0;279
17935;2804;15818.0;Saída;1.0;279
17936;2851;15819.0;Saída;2.0;279
17937;2965;15820.0;Saída;1.0;279
17938;2964;15821.0;Saída;1.0;279
17939;2974;15822.0;Saída;2.0;279
17940;3231;15823.0;Saída;1.0;279
17941;2827;15824.0;Saída;1.0;279
17942;2861;15825.0;Saída;1.0;279
17943;3678;15827.0;Saída;2.0;279
17944;3601;15828.0;Saída;1.0;279
17945;4137;15829.0;Saída;1.0;279
17946;1516;15830.0;Saída;2.0;280
17947;1512;15831.0;Saída;2.0;280
17948;1515;15832.0;Saída;2.0;280
17949;830;15833.0;Saída;1.0;280
17950;802;15834.0;Saída;1.0;280
17951;833;15835.0;Saída;1.0;280
17952;641;15836.0;Saída;2.0;280
17953;1110;15837.0;Saída;2.0;280
17954;1108;15838.0;Saída;1.0;280
17955;1084;15839.0;Saída;2.0;280
17956;1446;15840.0;Saída;2.0;280
17957;1509;15841.0;Saída;2.0;280
17958;790;15842.0;Saída;2.0;280
17959;749;15843.0;Saída;2.0;280
17960;64;15844.0;Saída;2.0;280
17961;6;15845.0;Saída;2.0;280
17962;254;15846.0;Saída;2.0;280
17963;278;15847.0;Saída;2.0;280
17964;260;15848.0;Saída;2.0;280
17965;724;15849.0;Saída;2.0;280
17966;732;15850.0;Saída;1.0;280
17967;2330;15851.0;Saída;2.0;280
17968;2324;15852.0;Saída;1.0;280
17969;2378;15853.0;Saída;2.0;280
17970;1894;15854.0;Saída;1.0;280
17971;2444;15855.0;Saída;1.0;280
17972;1845;15856.0;Saída;1.0;280
17973;1911;15857.0;Saída;1.0;280
17974;1877;15858.0;Saída;2.0;280
17975;1985;15859.0;Saída;1.0;280
17976;1926;15860.0;Saída;2.0;280
17977;1957;15861.0;Saída;1.0;280
17978;3044;15862.0;Saída;2.0;280
17979;3064;15863.0;Saída;2.0;280
17980;3085;15864.0;Saída;1.0;280
17981;2702;15865.0;Saída;1.0;280
17982;3192;15866.0;Saída;1.0;280
17983;3126;15867.0;Saída;1.0;280
17984;2580;15868.0;Saída;2.0;280
17985;2593;15869.0;Saída;2.0;280
17986;2620;15870.0;Saída;2.0;280
17987;3213;15871.0;Saída;2.0;280
17988;3618;15872.0;Saída;2.0;280
17989;3520;15873.0;Saída;2.0;280
17990;3533;15874.0;Saída;1.0;280
17991;4197;15875.0;Saída;2.0;280
17992;466;15876.0;Saída;2.0;281
17993;444;15877.0;Saída;1.0;281
17994;402;15878.0;Saída;2.0;281
17995;513;15879.0;Saída;1.0;281
17996;487;15880.0;Saída;2.0;281
17997;509;15881.0;Saída;1.0;281
17998;1732;15882.0;Saída;2.0;281
17999;1690;15883.0;Saída;2.0;281
18000;113;15884.0;Saída;2.0;281
18001;146;15885.0;Saída;2.0;281
18002;157;15886.0;Saída;1.0;281
18003;1261;15887.0;Saída;2.0;281
18004;1266;15888.0;Saída;1.0;281
18005;1278;15889.0;Saída;1.0;281
18006;420;15890.0;Saída;1.0;281
18007;1325;15891.0;Saída;1.0;281
18008;182;15892.0;Saída;1.0;281
18009;171;15893.0;Saída;1.0;281
18010;1279;15896.0;Saída;2.0;281
18011;1755;15897.0;Saída;2.0;281
18012;1681;15898.0;Saída;1.0;281
18013;1116;15899.0;Saída;1.0;281
18014;384;15900.0;Saída;2.0;281
18015;375;15901.0;Saída;2.0;281
18016;1747;15902.0;Saída;2.0;281
18017;1751;15903.0;Saída;2.0;281
18018;258;15904.0;Saída;2.0;281
18019;1917;15905.0;Saída;1.0;281
18020;1875;15906.0;Saída;2.0;281
18021;1858;15907.0;Saída;2.0;281
18022;2074;15908.0;Saída;2.0;281
18023;2407;15909.0;Saída;1.0;281
18024;2451;15910.0;Saída;2.0;281
18025;2446;15911.0;Saída;1.0;281
18026;2579;15915.0;Saída;2.0;281
18027;2735;15916.0;Saída;1.0;281
18028;2798;15917.0;Saída;1.0;281
18029;2751;15918.0;Saída;1.0;281
18030;2750;15921.0;Saída;2.0;281
18031;2799;15922.0;Saída;2.0;281
18032;3671;15924.0;Saída;2.0;281
18033;3614;15925.0;Saída;2.0;281
18034;3953;15926.0;Saída;2.0;281
18035;3943;15927.0;Saída;2.0;281
18036;3961;15928.0;Saída;2.0;281
18037;604;15933.0;Saída;1.0;282
18038;580;15934.0;Saída;2.0;282
18039;566;15935.0;Saída;1.0;282
18040;727;15936.0;Saída;2.0;282
18041;650;15937.0;Saída;1.0;282
18042;658;15938.0;Saída;1.0;282
18043;683;15939.0;Saída;2.0;282
18044;1534;15940.0;Saída;2.0;282
18045;1563;15941.0;Saída;2.0;282
18046;719;15942.0;Saída;2.0;282
18047;574;15943.0;Saída;2.0;282
18048;984;15944.0;Saída;2.0;282
18049;1430;15945.0;Saída;1.0;282
18050;2416;15947.0;Saída;1.0;282
18051;2171;15948.0;Saída;1.0;282
18052;2164;15949.0;Saída;2.0;282
18053;2368;15950.0;Saída;2.0;282
18054;2323;15951.0;Saída;2.0;282
18055;1925;15952.0;Saída;1.0;282
18056;1929;15953.0;Saída;1.0;282
18057;1971;15954.0;Saída;1.0;282
18058;1931;15955.0;Saída;1.0;282
18059;3029;15956.0;Saída;2.0;282
18060;3283;15957.0;Saída;2.0;282
18061;2670;15958.0;Saída;2.0;282
18062;2838;15961.0;Saída;2.0;282
18063;2851;15962.0;Saída;1.0;282
18064;2801;15963.0;Saída;2.0;282
18065;3065;15964.0;Saída;1.0;282
18066;3583;15965.0;Saída;1.0;282
18067;3498;15966.0;Saída;1.0;282
18068;4001;15967.0;Saída;2.0;282
18069;1299;15968.0;Saída;1.0;283
18070;636;15969.0;Saída;1.0;283
18071;623;15970.0;Saída;2.0;283
18072;105;15971.0;Saída;1.0;283
18073;156;15972.0;Saída;2.0;283
18074;238;15975.0;Saída;1.0;283
18075;178;15976.0;Saída;2.0;283
18076;187;15977.0;Saída;2.0;283
18077;180;15978.0;Saída;1.0;283
18078;1295;15979.0;Saída;2.0;283
18079;1357;15980.0;Saída;1.0;283
18080;1358;15981.0;Saída;1.0;283
18081;196;15982.0;Saída;2.0;283
18082;207;15983.0;Saída;2.0;283
18083;177;15984.0;Saída;2.0;283
18084;646;15985.0;Saída;1.0;283
18085;591;15986.0;Saída;2.0;283
18086;631;15987.0;Saída;2.0;283
18087;628;15988.0;Saída;2.0;283
18088;1692;15989.0;Saída;2.0;283
18089;1756;15990.0;Saída;2.0;283
18090;2193;15991.0;Saída;2.0;283
18091;2167;15992.0;Saída;2.0;283
18092;2198;15993.0;Saída;2.0;283
18093;1939;15994.0;Saída;1.0;283
18094;2000;15995.0;Saída;1.0;283
18095;1927;15996.0;Saída;2.0;283
18096;1822;15997.0;Saída;1.0;283
18097;2400;15998.0;Saída;2.0;283
18098;2158;15999.0;Saída;1.0;283
18099;2095;16000.0;Saída;2.0;283
18100;2156;16001.0;Saída;1.0;283
18101;2091;16002.0;Saída;2.0;283
18102;2129;16003.0;Saída;2.0;283
18103;3055;16004.0;Saída;2.0;283
18104;3266;16005.0;Saída;1.0;283
18105;3203;16006.0;Saída;1.0;283
18106;2640;16007.0;Saída;1.0;283
18107;2631;16008.0;Saída;1.0;283
18108;2623;16009.0;Saída;2.0;283
18109;3291;16010.0;Saída;2.0;283
18110;2703;16011.0;Saída;1.0;283
18111;3598;16016.0;Saída;2.0;283
18112;3527;16017.0;Saída;2.0;283
18113;3595;16018.0;Saída;1.0;283
18114;3645;16022.0;Saída;1.0;283
18115;3664;16023.0;Saída;2.0;283
18116;3642;16024.0;Saída;1.0;283
18117;4061;16025.0;Saída;2.0;283
18118;4077;16026.0;Saída;1.0;283
18119;4080;16027.0;Saída;1.0;283
18120;1130;16028.0;Saída;2.0;284
18121;1125;16029.0;Saída;1.0;284
18122;1375;16030.0;Saída;2.0;284
18123;1198;16031.0;Saída;1.0;284
18124;1175;16032.0;Saída;2.0;284
18125;810;16033.0;Saída;1.0;284
18126;832;16034.0;Saída;1.0;284
18127;848;16035.0;Saída;2.0;284
18128;788;16036.0;Saída;1.0;284
18129;1480;16037.0;Saída;1.0;284
18130;1061;16041.0;Saída;2.0;284
18131;1059;16042.0;Saída;1.0;284
18132;1074;16043.0;Saída;2.0;284
18133;1657;16044.0;Saída;2.0;284
18134;1602;16045.0;Saída;1.0;284
18135;1616;16046.0;Saída;2.0;284
18136;59;16049.0;Saída;1.0;284
18137;74;16050.0;Saída;2.0;284
18138;23;16051.0;Saída;2.0;284
18139;1760;16052.0;Saída;2.0;284
18140;1867;16053.0;Saída;1.0;284
18141;1852;16054.0;Saída;1.0;284
18142;2226;16055.0;Saída;2.0;284
18143;2173;16056.0;Saída;2.0;284
18144;2471;16057.0;Saída;1.0;284
18145;2478;16058.0;Saída;2.0;284
18146;2544;16059.0;Saída;2.0;284
18147;2526;16060.0;Saída;2.0;284
18148;2485;16061.0;Saída;2.0;284
18149;3198;16064.0;Saída;2.0;284
18150;3194;16065.0;Saída;1.0;284
18151;3139;16066.0;Saída;1.0;284
18152;3045;16067.0;Saída;1.0;284
18153;3099;16068.0;Saída;2.0;284
18154;3053;16069.0;Saída;2.0;284
18155;2569;16070.0;Saída;2.0;284
18156;3230;16071.0;Saída;1.0;284
18157;3074;16072.0;Saída;2.0;284
18158;3115;16073.0;Saída;1.0;284
18159;3055;16074.0;Saída;1.0;284
18160;3533;16075.0;Saída;2.0;284
18161;3525;16076.0;Saída;1.0;284
18162;3705;16077.0;Saída;1.0;284
18163;3694;16078.0;Saída;1.0;284
18164;3744;16079.0;Saída;1.0;284
18165;3383;16080.0;Saída;2.0;284
18166;4230;16081.0;Saída;1.0;284
18167;409;16082.0;Saída;2.0;285
18168;134;16083.0;Saída;2.0;285
18169;91;16084.0;Saída;1.0;285
18170;701;16085.0;Saída;2.0;285
18171;716;16086.0;Saída;1.0;285
18172;658;16087.0;Saída;2.0;285
18173;1682;16090.0;Saída;1.0;285
18174;440;16091.0;Saída;2.0;285
18175;555;16092.0;Saída;1.0;285
18176;520;16093.0;Saída;1.0;285
18177;610;16094.0;Saída;2.0;285
18178;1279;16096.0;Saída;2.0;285
18179;1277;16097.0;Saída;1.0;285
18180;1264;16098.0;Saída;2.0;285
18181;791;16101.0;Saída;2.0;285
18182;800;16102.0;Saída;1.0;285
18183;102;16105.0;Saída;1.0;285
18184;89;16106.0;Saída;1.0;285
18185;91;16107.0;Saída;1.0;285
18186;754;16110.0;Saída;2.0;285
18187;781;16111.0;Saída;2.0;285
18188;791;16112.0;Saída;2.0;285
18189;2464;16114.0;Saída;2.0;285
18190;2467;16115.0;Saída;2.0;285
18191;2433;16116.0;Saída;2.0;285
18192;1849;16117.0;Saída;2.0;285
18193;2077;16118.0;Saída;1.0;285
18194;2067;16119.0;Saída;1.0;285
18195;2817;16120.0;Saída;2.0;285
18196;2961;16121.0;Saída;1.0;285
18197;2993;16122.0;Saída;1.0;285
18198;3032;16123.0;Saída;2.0;285
18199;2970;16124.0;Saída;2.0;285
18200;3036;16125.0;Saída;2.0;285
18201;2936;16126.0;Saída;2.0;285
18202;2914;16127.0;Saída;2.0;285
18203;2928;16128.0;Saída;1.0;285
18204;3283;16129.0;Saída;1.0;285
18205;3649;16132.0;Saída;2.0;285
18206;3608;16133.0;Saída;1.0;285
18207;3617;16134.0;Saída;2.0;285
18208;4013;16135.0;Saída;1.0;285
18209;3768;16136.0;Saída;2.0;285
18210;1597;16137.0;Saída;1.0;286
18211;339;16138.0;Saída;2.0;286
18212;376;16139.0;Saída;2.0;286
18213;388;16140.0;Saída;1.0;286
18214;186;16141.0;Saída;1.0;286
18215;218;16142.0;Saída;1.0;286
18216;1234;16143.0;Saída;2.0;286
18217;1700;16144.0;Saída;1.0;286
18218;1706;16145.0;Saída;2.0;286
18219;1701;16146.0;Saída;1.0;286
18220;1740;16147.0;Saída;2.0;286
18221;1702;16148.0;Saída;1.0;286
18222;1389;16151.0;Saída;2.0;286
18223;1381;16152.0;Saída;2.0;286
18224;498;16153.0;Saída;1.0;286
18225;493;16156.0;Saída;1.0;286
18226;513;16157.0;Saída;2.0;286
18227;660;16158.0;Saída;1.0;286
18228;274;16159.0;Saída;1.0;286
18229;309;16160.0;Saída;2.0;286
18230;1253;16161.0;Saída;2.0;286
18231;1261;16162.0;Saída;1.0;286
18232;1273;16163.0;Saída;1.0;286
18233;2306;16164.0;Saída;2.0;286
18234;2241;16165.0;Saída;1.0;286
18235;1937;16166.0;Saída;2.0;286
18236;2263;16167.0;Saída;2.0;286
18237;2253;16168.0;Saída;1.0;286
18238;2301;16169.0;Saída;2.0;286
18239;2420;16170.0;Saída;2.0;286
18240;2427;16171.0;Saída;1.0;286
18241;2455;16172.0;Saída;1.0;286
18242;2190;16173.0;Saída;2.0;286
18243;2166;16174.0;Saída;1.0;286
18244;2231;16175.0;Saída;2.0;286
18245;3205;16179.0;Saída;1.0;286
18246;3187;16181.0;Saída;1.0;286
18247;3020;16182.0;Saída;2.0;286
18248;3445;16183.0;Saída;2.0;286
18249;3719;16184.0;Saída;1.0;286
18250;3694;16185.0;Saída;1.0;286
18251;3715;16186.0;Saída;1.0;286
18252;3828;16189.0;Saída;2.0;286
18253;3765;16190.0;Saída;2.0;286
18254;3796;16191.0;Saída;1.0;286
18255;4064;16192.0;Saída;1.0;286
18256;1709;16193.0;Saída;1.0;287
18257;1681;16194.0;Saída;1.0;287
18258;1717;16195.0;Saída;2.0;287
18259;1630;16196.0;Saída;2.0;287
18260;1171;16197.0;Saída;2.0;287
18261;1125;16198.0;Saída;2.0;287
18262;955;16199.0;Saída;2.0;287
18263;889;16200.0;Saída;1.0;287
18264;886;16201.0;Saída;2.0;287
18265;415;16204.0;Saída;1.0;287
18266;422;16205.0;Saída;1.0;287
18267;479;16206.0;Saída;2.0;287
18268;1611;16208.0;Saída;1.0;287
18269;1613;16209.0;Saída;1.0;287
18270;1642;16210.0;Saída;1.0;287
18271;570;16211.0;Saída;2.0;287
18272;565;16212.0;Saída;2.0;287
18273;574;16213.0;Saída;1.0;287
18274;725;16214.0;Saída;1.0;287
18275;1125;16215.0;Saída;2.0;287
18276;889;16216.0;Saída;1.0;287
18277;252;16217.0;Saída;2.0;287
18278;251;16218.0;Saída;1.0;287
18279;305;16219.0;Saída;1.0;287
18280;2330;16220.0;Saída;1.0;287
18281;2399;16221.0;Saída;1.0;287
18282;2227;16222.0;Saída;2.0;287
18283;2500;16223.0;Saída;1.0;287
18284;2553;16224.0;Saída;2.0;287
18285;2519;16225.0;Saída;2.0;287
18286;2384;16226.0;Saída;2.0;287
18287;2388;16227.0;Saída;2.0;287
18288;1934;16228.0;Saída;1.0;287
18289;3107;16229.0;Saída;1.0;287
18290;2720;16233.0;Saída;2.0;287
18291;2789;16234.0;Saída;1.0;287
18292;2736;16235.0;Saída;2.0;287
18293;2959;16236.0;Saída;2.0;287
18294;2888;16237.0;Saída;1.0;287
18295;3124;16238.0;Saída;1.0;287
18296;3195;16239.0;Saída;1.0;287
18297;3162;16240.0;Saída;1.0;287
18298;3449;16241.0;Saída;2.0;287
18299;3468;16242.0;Saída;1.0;287
18300;3511;16243.0;Saída;2.0;287
18301;3594;16244.0;Saída;1.0;287
18302;3538;16245.0;Saída;1.0;287
18303;3629;16246.0;Saída;2.0;287
18304;3627;16247.0;Saída;1.0;287
18305;4178;16248.0;Saída;1.0;287
18306;4173;16249.0;Saída;2.0;287
18307;3876;16250.0;Saída;2.0;287
18308;339;16251.0;Saída;2.0;288
18309;35;16252.0;Saída;1.0;288
18310;62;16253.0;Saída;2.0;288
18311;2;16254.0;Saída;2.0;288
18312;719;16255.0;Saída;2.0;288
18313;1214;16256.0;Saída;2.0;288
18314;1264;16257.0;Saída;2.0;288
18315;1211;16258.0;Saída;1.0;288
18316;1068;16259.0;Saída;2.0;288
18317;1052;16260.0;Saída;2.0;288
18318;658;16261.0;Saída;2.0;288
18319;704;16262.0;Saída;1.0;288
18320;1458;16263.0;Saída;2.0;288
18321;1473;16264.0;Saída;1.0;288
18322;1443;16265.0;Saída;2.0;288
18323;1715;16266.0;Saída;1.0;288
18324;1745;16267.0;Saída;1.0;288
18325;1682;16268.0;Saída;2.0;288
18326;1201;16269.0;Saída;2.0;288
18327;1218;16270.0;Saída;2.0;288
18328;1236;16271.0;Saída;2.0;288
18329;1515;16272.0;Saída;1.0;288
18330;1459;16273.0;Saída;2.0;288
18331;1083;16274.0;Saída;2.0;288
18332;1077;16275.0;Saída;2.0;288
18333;1350;16279.0;Saída;2.0;288
18334;1288;16280.0;Saída;1.0;288
18335;1825;16281.0;Saída;2.0;288
18336;1837;16282.0;Saída;1.0;288
18337;1821;16283.0;Saída;2.0;288
18338;2433;16289.0;Saída;2.0;288
18339;2432;16290.0;Saída;2.0;288
18340;2440;16291.0;Saída;2.0;288
18341;2297;16292.0;Saída;2.0;288
18342;2292;16293.0;Saída;2.0;288
18343;2118;16294.0;Saída;1.0;288
18344;2099;16295.0;Saída;1.0;288
18345;2571;16298.0;Saída;2.0;288
18346;2567;16299.0;Saída;1.0;288
18347;2577;16300.0;Saída;2.0;288
18348;3337;16301.0;Saída;1.0;288
18349;3358;16302.0;Saída;2.0;288
18350;3267;16303.0;Saída;1.0;288
18351;3218;16304.0;Saída;1.0;288
18352;3207;16305.0;Saída;1.0;288
18353;3188;16306.0;Saída;1.0;288
18354;3192;16307.0;Saída;2.0;288
18355;3451;16308.0;Saída;1.0;288
18356;3445;16309.0;Saída;2.0;288
18357;3540;16310.0;Saída;1.0;288
18358;3544;16311.0;Saída;2.0;288
18359;3587;16312.0;Saída;2.0;288
18360;3708;16313.0;Saída;2.0;288
18361;3711;16314.0;Saída;1.0;288
18362;3682;16315.0;Saída;1.0;288
18363;3873;16316.0;Saída;1.0;288
18364;3845;16317.0;Saída;1.0;288
18365;3855;16318.0;Saída;2.0;288
18366;4075;16319.0;Saída;2.0;288
18367;4006;16320.0;Saída;2.0;288
18368;852;16321.0;Saída;1.0;289
18369;804;16322.0;Saída;2.0;289
18370;1587;16329.0;Saída;1.0;289
18371;615;16330.0;Saída;2.0;289
18372;1328;16333.0;Saída;1.0;289
18373;572;16334.0;Saída;2.0;289
18374;623;16335.0;Saída;1.0;289
18375;805;16336.0;Saída;1.0;289
18376;215;16337.0;Saída;2.0;289
18377;660;16338.0;Saída;1.0;289
18378;646;16339.0;Saída;1.0;289
18379;453;16340.0;Saída;1.0;289
18380;2384;16342.0;Saída;1.0;289
18381;2355;16343.0;Saída;1.0;289
18382;2317;16344.0;Saída;2.0;289
18383;2260;16345.0;Saída;2.0;289
18384;2244;16346.0;Saída;1.0;289
18385;1908;16347.0;Saída;1.0;289
18386;1843;16348.0;Saída;1.0;289
18387;1849;16349.0;Saída;2.0;289
18388;2163;16350.0;Saída;1.0;289
18389;2338;16351.0;Saída;1.0;289
18390;2083;16352.0;Saída;1.0;289
18391;2104;16353.0;Saída;1.0;289
18392;2118;16354.0;Saída;1.0;289
18393;2866;16355.0;Saída;2.0;289
18394;3145;16356.0;Saída;1.0;289
18395;3191;16357.0;Saída;1.0;289
18396;3195;16358.0;Saída;2.0;289
18397;2566;16359.0;Saída;1.0;289
18398;2608;16360.0;Saída;2.0;289
18399;3183;16361.0;Saída;2.0;289
18400;3221;16362.0;Saída;2.0;289
18401;3253;16363.0;Saída;2.0;289
18402;3062;16364.0;Saída;2.0;289
18403;2652;16365.0;Saída;2.0;289
18404;2650;16366.0;Saída;1.0;289
18405;2679;16367.0;Saída;1.0;289
18406;3468;16368.0;Saída;1.0;289
18407;3625;16369.0;Saída;2.0;289
18408;3673;16370.0;Saída;1.0;289
18409;3428;16371.0;Saída;2.0;289
18410;4252;16372.0;Saída;1.0;289
18411;4316;16373.0;Saída;2.0;289
18412;4244;16374.0;Saída;1.0;289
18413;1125;16375.0;Saída;1.0;290
18414;1129;16376.0;Saída;1.0;290
18415;1435;16380.0;Saída;2.0;290
18416;1390;16381.0;Saída;1.0;290
18417;1395;16382.0;Saída;1.0;290
18418;711;16383.0;Saída;2.0;290
18419;668;16384.0;Saída;2.0;290
18420;714;16385.0;Saída;2.0;290
18421;900;16388.0;Saída;1.0;290
18422;92;16389.0;Saída;2.0;290
18423;119;16390.0;Saída;2.0;290
18424;23;16391.0;Saída;2.0;290
18425;55;16392.0;Saída;1.0;290
18426;1185;16393.0;Saída;2.0;290
18427;1130;16394.0;Saída;2.0;290
18428;1179;16395.0;Saída;1.0;290
18429;1220;16396.0;Saída;2.0;290
18430;1269;16397.0;Saída;1.0;290
18431;1245;16398.0;Saída;1.0;290
18432;16;16400.0;Saída;2.0;290
18433;674;16401.0;Saída;1.0;290
18434;670;16402.0;Saída;1.0;290
18435;703;16403.0;Saída;2.0;290
18436;1221;16405.0;Saída;1.0;290
18437;1203;16406.0;Saída;1.0;290
18438;1214;16407.0;Saída;1.0;290
18439;2280;16408.0;Saída;1.0;290
18440;2289;16409.0;Saída;2.0;290
18441;2267;16410.0;Saída;2.0;290
18442;1910;16411.0;Saída;1.0;290
18443;1884;16412.0;Saída;1.0;290
18444;2540;16413.0;Saída;1.0;290
18445;2482;16414.0;Saída;1.0;290
18446;1769;16415.0;Saída;2.0;290
18447;2498;16416.0;Saída;2.0;290
18448;2488;16417.0;Saída;2.0;290
18449;2556;16418.0;Saída;1.0;290
18450;2767;16419.0;Saída;1.0;290
18451;2726;16420.0;Saída;1.0;290
18452;3124;16421.0;Saída;1.0;290
18453;2889;16422.0;Saída;1.0;290
18454;2940;16425.0;Saída;2.0;290
18455;3713;16426.0;Saída;2.0;290
18456;3738;16427.0;Saída;2.0;290
18457;3735;16428.0;Saída;2.0;290
18458;3760;16429.0;Saída;2.0;290
18459;4010;16430.0;Saída;2.0;290
18460;4005;16431.0;Saída;1.0;290
18461;673;16432.0;Saída;2.0;291
18462;651;16433.0;Saída;2.0;291
18463;668;16434.0;Saída;2.0;291
18464;1456;16435.0;Saída;2.0;291
18465;706;16436.0;Saída;2.0;291
18466;717;16437.0;Saída;2.0;291
18467;661;16438.0;Saída;1.0;291
18468;1043;16439.0;Saída;2.0;291
18469;1104;16440.0;Saída;1.0;291
18470;1060;16441.0;Saída;2.0;291
18471;1292;16442.0;Saída;2.0;291
18472;1353;16443.0;Saída;2.0;291
18473;1286;16444.0;Saída;2.0;291
18474;174;16445.0;Saída;2.0;291
18475;179;16446.0;Saída;1.0;291
18476;1267;16447.0;Saída;1.0;291
18477;1201;16448.0;Saída;1.0;291
18478;1470;16449.0;Saída;1.0;291
18479;1505;16450.0;Saída;1.0;291
18480;1466;16451.0;Saída;2.0;291
18481;1846;16454.0;Saída;2.0;291
18482;1832;16455.0;Saída;2.0;291
18483;1823;16456.0;Saída;1.0;291
18484;2132;16457.0;Saída;2.0;291
18485;1826;16458.0;Saída;2.0;291
18486;1801;16459.0;Saída;2.0;291
18487;2733;16460.0;Saída;2.0;291
18488;3191;16461.0;Saída;2.0;291
18489;3192;16462.0;Saída;1.0;291
18490;3124;16463.0;Saída;2.0;291
18491;2573;16464.0;Saída;1.0;291
18492;2569;16465.0;Saída;2.0;291
18493;2570;16466.0;Saída;2.0;291
18494;2791;16467.0;Saída;1.0;291
18495;2695;16468.0;Saída;2.0;291
18496;2717;16469.0;Saída;1.0;291
18497;3540;16470.0;Saída;1.0;291
18498;3605;16471.0;Saída;2.0;291
18499;3663;16472.0;Saída;1.0;291
18500;4217;16473.0;Saída;1.0;291
18501;4235;16474.0;Saída;2.0;291
18502;4178;16475.0;Saída;1.0;291
18503;438;16476.0;Saída;1.0;292
18504;405;16477.0;Saída;2.0;292
18505;470;16478.0;Saída;1.0;292
18506;762;16479.0;Saída;1.0;292
18507;789;16480.0;Saída;2.0;292
18508;1533;16481.0;Saída;2.0;292
18509;235;16482.0;Saída;2.0;292
18510;189;16483.0;Saída;1.0;292
18511;170;16484.0;Saída;2.0;292
18512;1032;16485.0;Saída;2.0;292
18513;993;16486.0;Saída;2.0;292
18514;1029;16487.0;Saída;2.0;292
18515;986;16488.0;Saída;2.0;292
18516;973;16489.0;Saída;1.0;292
18517;1028;16490.0;Saída;2.0;292
18518;1448;16491.0;Saída;2.0;292
18519;1449;16492.0;Saída;2.0;292
18520;1447;16493.0;Saída;2.0;292
18521;656;16494.0;Saída;1.0;292
18522;715;16495.0;Saída;1.0;292
18523;659;16496.0;Saída;1.0;292
18524;1064;16497.0;Saída;2.0;292
18525;1101;16498.0;Saída;1.0;292
18526;1518;16499.0;Saída;2.0;292
18527;240;16500.0;Saída;2.0;292
18528;189;16501.0;Saída;2.0;292
18529;180;16502.0;Saída;2.0;292
18530;191;16505.0;Saída;2.0;292
18531;2307;16506.0;Saída;2.0;292
18532;2126;16507.0;Saída;2.0;292
18533;2260;16510.0;Saída;2.0;292
18534;2310;16511.0;Saída;1.0;292
18535;2417;16515.0;Saída;1.0;292
18536;3317;16516.0;Saída;1.0;292
18537;3313;16517.0;Saída;1.0;292
18538;3315;16518.0;Saída;2.0;292
18539;3283;16519.0;Saída;2.0;292
18540;3347;16520.0;Saída;1.0;292
18541;3290;16521.0;Saída;1.0;292
18542;3346;16522.0;Saída;1.0;292
18543;3136;16523.0;Saída;2.0;292
18544;3296;16524.0;Saída;1.0;292
18545;3363;16526.0;Saída;1.0;292
18546;3631;16529.0;Saída;1.0;292
18547;3639;16530.0;Saída;2.0;292
18548;3948;16531.0;Saída;1.0;292
18549;3992;16532.0;Saída;1.0;292
18550;444;16533.0;Saída;2.0;293
18551;437;16534.0;Saída;2.0;293
18552;465;16535.0;Saída;2.0;293
18553;1752;16536.0;Saída;2.0;293
18554;1739;16537.0;Saída;2.0;293
18555;1681;16538.0;Saída;1.0;293
18556;415;16539.0;Saída;1.0;293
18557;403;16540.0;Saída;1.0;293
18558;429;16541.0;Saída;2.0;293
18559;1372;16542.0;Saída;2.0;293
18560;1420;16543.0;Saída;1.0;293
18561;1379;16544.0;Saída;2.0;293
18562;284;16545.0;Saída;2.0;293
18563;255;16546.0;Saída;2.0;293
18564;246;16547.0;Saída;2.0;293
18565;81;16550.0;Saída;2.0;293
18566;142;16551.0;Saída;1.0;293
18567;84;16552.0;Saída;1.0;293
18568;321;16553.0;Saída;1.0;293
18569;344;16554.0;Saída;2.0;293
18570;1341;16555.0;Saída;2.0;293
18571;1302;16556.0;Saída;2.0;293
18572;1596;16559.0;Saída;1.0;293
18573;1533;16560.0;Saída;1.0;293
18574;1551;16561.0;Saída;1.0;293
18575;868;16562.0;Saída;2.0;293
18576;1708;16563.0;Saída;1.0;293
18577;1718;16564.0;Saída;2.0;293
18578;1688;16565.0;Saída;2.0;293
18579;1543;16566.0;Saída;1.0;293
18580;1989;16568.0;Saída;2.0;293
18581;2416;16569.0;Saída;2.0;293
18582;2186;16570.0;Saída;2.0;293
18583;2749;16571.0;Saída;1.0;293
18584;2732;16572.0;Saída;2.0;293
18585;2723;16573.0;Saída;2.0;293
18586;2718;16574.0;Saída;1.0;293
18587;2952;16575.0;Saída;1.0;293
18588;2892;16576.0;Saída;1.0;293
18589;2888;16577.0;Saída;2.0;293
18590;2804;16578.0;Saída;1.0;293
18591;2861;16579.0;Saída;2.0;293
18592;3287;16580.0;Saída;2.0;293
18593;3358;16581.0;Saída;1.0;293
18594;3458;16582.0;Saída;1.0;293
18595;3490;16583.0;Saída;1.0;293
18596;3389;16584.0;Saída;2.0;293
18597;3366;16585.0;Saída;1.0;293
18598;3434;16586.0;Saída;2.0;293
18599;4023;16587.0;Saída;1.0;293
18600;4158;16588.0;Saída;2.0;293
18601;1366;16589.0;Saída;1.0;294
18602;1378;16590.0;Saída;1.0;294
18603;1485;16591.0;Saída;1.0;294
18604;1520;16592.0;Saída;2.0;294
18605;1393;16593.0;Saída;1.0;294
18606;1396;16594.0;Saída;1.0;294
18607;420;16595.0;Saída;2.0;294
18608;438;16596.0;Saída;2.0;294
18609;1361;16597.0;Saída;1.0;294
18610;1364;16598.0;Saída;1.0;294
18611;312;16599.0;Saída;2.0;294
18612;459;16600.0;Saída;1.0;294
18613;678;16601.0;Saída;1.0;294
18614;720;16602.0;Saída;2.0;294
18615;671;16603.0;Saída;1.0;294
18616;1635;16604.0;Saída;2.0;294
18617;1022;16605.0;Saída;2.0;294
18618;962;16606.0;Saída;2.0;294
18619;1029;16607.0;Saída;2.0;294
18620;200;16608.0;Saída;1.0;294
18621;199;16609.0;Saída;2.0;294
18622;1204;16610.0;Saída;1.0;294
18623;1207;16611.0;Saída;1.0;294
18624;1269;16612.0;Saída;1.0;294
18625;1231;16613.0;Saída;2.0;294
18626;1645;16614.0;Saída;1.0;294
18627;1652;16615.0;Saída;1.0;294
18628;1674;16616.0;Saída;2.0;294
18629;736;16617.0;Saída;1.0;294
18630;797;16618.0;Saída;1.0;294
18631;757;16619.0;Saída;2.0;294
18632;1263;16620.0;Saída;2.0;294
18633;1277;16621.0;Saída;1.0;294
18634;1227;16622.0;Saída;1.0;294
18635;1943;16623.0;Saída;1.0;294
18636;1978;16624.0;Saída;2.0;294
18637;1842;16625.0;Saída;2.0;294
18638;2076;16626.0;Saída;2.0;294
18639;2006;16627.0;Saída;2.0;294
18640;2040;16628.0;Saída;2.0;294
18641;2405;16629.0;Saída;2.0;294
18642;2434;16630.0;Saída;1.0;294
18643;2429;16631.0;Saída;1.0;294
18644;1826;16632.0;Saída;1.0;294
18645;2186;16633.0;Saída;1.0;294
18646;2227;16634.0;Saída;1.0;294
18647;2861;16637.0;Saída;2.0;294
18648;2715;16638.0;Saída;2.0;294
18649;3135;16639.0;Saída;2.0;294
18650;3046;16640.0;Saída;2.0;294
18651;3117;16641.0;Saída;2.0;294
18652;2730;16642.0;Saída;2.0;294
18653;2800;16643.0;Saída;1.0;294
18654;2754;16644.0;Saída;2.0;294
18655;2950;16645.0;Saída;1.0;294
18656;2952;16646.0;Saída;1.0;294
18657;2657;16647.0;Saída;1.0;294
18658;2670;16648.0;Saída;1.0;294
18659;3422;16649.0;Saída;2.0;294
18660;3719;16650.0;Saída;1.0;294
18661;3694;16651.0;Saída;2.0;294
18662;3675;16652.0;Saída;1.0;294
18663;3613;16653.0;Saída;2.0;294
18664;3922;16654.0;Saída;2.0;294
18665;410;16655.0;Saída;1.0;295
18666;411;16656.0;Saída;1.0;295
18667;462;16657.0;Saída;2.0;295
18668;805;16658.0;Saída;2.0;295
18669;862;16659.0;Saída;1.0;295
18670;820;16660.0;Saída;1.0;295
18671;484;16661.0;Saída;1.0;295
18672;541;16662.0;Saída;2.0;295
18673;868;16665.0;Saída;2.0;295
18674;1185;16666.0;Saída;2.0;295
18675;816;16667.0;Saída;2.0;295
18676;837;16668.0;Saída;2.0;295
18677;213;16669.0;Saída;1.0;295
18678;225;16670.0;Saída;2.0;295
18679;232;16671.0;Saída;2.0;295
18680;1452;16672.0;Saída;1.0;295
18681;1459;16673.0;Saída;2.0;295
18682;1520;16674.0;Saída;1.0;295
18683;979;16675.0;Saída;1.0;295
18684;1018;16676.0;Saída;1.0;295
18685;1529;16679.0;Saída;1.0;295
18686;1556;16680.0;Saída;1.0;295
18687;505;16681.0;Saída;1.0;295
18688;537;16682.0;Saída;1.0;295
18689;2398;16683.0;Saída;1.0;295
18690;2339;16684.0;Saída;1.0;295
18691;2279;16685.0;Saída;2.0;295
18692;2281;16686.0;Saída;2.0;295
18693;2256;16687.0;Saída;2.0;295
18694;1767;16688.0;Saída;2.0;295
18695;1800;16689.0;Saída;2.0;295
18696;2353;16690.0;Saída;1.0;295
18697;2321;16691.0;Saída;2.0;295
18698;2324;16692.0;Saída;1.0;295
18699;1932;16693.0;Saída;1.0;295
18700;2898;16694.0;Saída;1.0;295
18701;2945;16695.0;Saída;1.0;295
18702;3069;16696.0;Saída;1.0;295
18703;3044;16700.0;Saída;2.0;295
18704;3050;16701.0;Saída;2.0;295
18705;3112;16702.0;Saída;1.0;295
18706;3134;16703.0;Saída;2.0;295
18707;3140;16704.0;Saída;2.0;295
18708;3192;16705.0;Saída;2.0;295
18709;2986;16706.0;Saída;1.0;295
18710;2996;16707.0;Saída;2.0;295
18711;3022;16708.0;Saída;1.0;295
18712;3595;16709.0;Saída;2.0;295
18713;3536;16710.0;Saída;1.0;295
18714;3594;16711.0;Saída;2.0;295
18715;3603;16712.0;Saída;2.0;295
18716;3604;16713.0;Saída;2.0;295
18717;4229;16714.0;Saída;1.0;295
18718;907;16715.0;Saída;2.0;296
18719;888;16716.0;Saída;1.0;296
18720;707;16720.0;Saída;2.0;296
18721;656;16721.0;Saída;2.0;296
18722;1433;16722.0;Saída;1.0;296
18723;1385;16723.0;Saída;2.0;296
18724;1437;16724.0;Saída;1.0;296
18725;170;16725.0;Saída;2.0;296
18726;210;16726.0;Saída;1.0;296
18727;508;16727.0;Saída;1.0;296
18728;507;16728.0;Saída;2.0;296
18729;482;16729.0;Saída;2.0;296
18730;730;16730.0;Saída;2.0;296
18731;571;16731.0;Saída;1.0;296
18732;597;16732.0;Saída;2.0;296
18733;630;16733.0;Saída;2.0;296
18734;1426;16734.0;Saída;2.0;296
18735;1428;16735.0;Saída;1.0;296
18736;1203;16737.0;Saída;1.0;296
18737;1256;16738.0;Saída;2.0;296
18738;1057;16741.0;Saída;1.0;296
18739;1104;16742.0;Saída;1.0;296
18740;1049;16743.0;Saída;2.0;296
18741;1931;16744.0;Saída;2.0;296
18742;1796;16745.0;Saída;1.0;296
18743;1774;16746.0;Saída;2.0;296
18744;1772;16747.0;Saída;1.0;296
18745;2194;16748.0;Saída;2.0;296
18746;2238;16749.0;Saída;2.0;296
18747;2198;16750.0;Saída;2.0;296
18748;2233;16751.0;Saída;2.0;296
18749;3344;16752.0;Saída;1.0;296
18750;3341;16753.0;Saída;1.0;296
18751;3262;16757.0;Saída;1.0;296
18752;3217;16758.0;Saída;2.0;296
18753;2852;16759.0;Saída;2.0;296
18754;2805;16760.0;Saída;1.0;296
18755;2739;16761.0;Saída;2.0;296
18756;2723;16762.0;Saída;1.0;296
18757;2728;16763.0;Saída;1.0;296
18758;3348;16764.0;Saída;1.0;296
18759;3211;16765.0;Saída;1.0;296
18760;3237;16766.0;Saída;2.0;296
18761;3232;16767.0;Saída;1.0;296
18762;3680;16768.0;Saída;2.0;296
18763;3397;16769.0;Saída;1.0;296
18764;3370;16770.0;Saída;1.0;296
18765;3862;16771.0;Saída;2.0;296
18766;3957;16772.0;Saída;1.0;296
18767;3989;16773.0;Saída;1.0;296
18768;3944;16774.0;Saída;1.0;296
18769;881;16775.0;Saída;2.0;297
18770;936;16776.0;Saída;2.0;297
18771;1619;16777.0;Saída;1.0;297
18772;1608;16778.0;Saída;1.0;297
18773;1690;16781.0;Saída;1.0;297
18774;1742;16782.0;Saída;2.0;297
18775;1755;16783.0;Saída;1.0;297
18776;635;16784.0;Saída;2.0;297
18777;588;16785.0;Saída;2.0;297
18778;1597;16786.0;Saída;1.0;297
18779;1538;16787.0;Saída;1.0;297
18780;1582;16788.0;Saída;2.0;297
18781;656;16789.0;Saída;2.0;297
18782;711;16790.0;Saída;1.0;297
18783;677;16791.0;Saída;1.0;297
18784;67;16792.0;Saída;1.0;297
18785;530;16793.0;Saída;1.0;297
18786;1715;16794.0;Saída;1.0;297
18787;472;16798.0;Saída;2.0;297
18788;413;16799.0;Saída;2.0;297
18789;410;16800.0;Saída;1.0;297
18790;1999;16801.0;Saída;1.0;297
18791;1829;16802.0;Saída;2.0;297
18792;1784;16803.0;Saída;1.0;297
18793;1982;16804.0;Saída;1.0;297
18794;1983;16805.0;Saída;1.0;297
18795;1842;16806.0;Saída;1.0;297
18796;2469;16807.0;Saída;1.0;297
18797;2268;16808.0;Saída;2.0;297
18798;2988;16809.0;Saída;2.0;297
18799;2980;16810.0;Saída;1.0;297
18800;3038;16811.0;Saída;1.0;297
18801;2828;16812.0;Saída;1.0;297
18802;3037;16813.0;Saída;1.0;297
18803;3038;16814.0;Saída;1.0;297
18804;3036;16815.0;Saída;1.0;297
18805;3202;16816.0;Saída;2.0;297
18806;3234;16817.0;Saída;2.0;297
18807;3248;16818.0;Saída;1.0;297
18808;2972;16819.0;Saída;1.0;297
18809;3685;16820.0;Saída;1.0;297
18810;3716;16821.0;Saída;2.0;297
18811;3756;16822.0;Saída;2.0;297
18812;3386;16823.0;Saída;2.0;297
18813;3777;16824.0;Saída;1.0;297
18814;3784;16825.0;Saída;1.0;297
18815;1227;16826.0;Saída;2.0;298
18816;806;16827.0;Saída;1.0;298
18817;742;16828.0;Saída;2.0;298
18818;772;16829.0;Saída;1.0;298
18819;794;16830.0;Saída;1.0;298
18820;264;16831.0;Saída;1.0;298
18821;308;16832.0;Saída;1.0;298
18822;3;16833.0;Saída;1.0;298
18823;10;16834.0;Saída;2.0;298
18824;1068;16835.0;Saída;1.0;298
18825;1117;16836.0;Saída;1.0;298
18826;1053;16837.0;Saída;2.0;298
18827;200;16838.0;Saída;1.0;298
18828;181;16839.0;Saída;1.0;298
18829;1165;16840.0;Saída;1.0;298
18830;1532;16841.0;Saída;1.0;298
18831;465;16842.0;Saída;1.0;298
18832;1540;16843.0;Saída;1.0;298
18833;1529;16844.0;Saída;2.0;298
18834;985;16845.0;Saída;2.0;298
18835;502;16846.0;Saída;2.0;298
18836;490;16847.0;Saída;1.0;298
18837;560;16848.0;Saída;1.0;298
18838;607;16849.0;Saída;2.0;298
18839;568;16850.0;Saída;2.0;298
18840;1087;16851.0;Saída;1.0;298
18841;1058;16852.0;Saída;2.0;298
18842;1061;16853.0;Saída;2.0;298
18843;2408;16854.0;Saída;1.0;298
18844;2449;16855.0;Saída;1.0;298
18845;2469;16856.0;Saída;2.0;298
18846;2335;16857.0;Saída;1.0;298
18847;2354;16858.0;Saída;2.0;298
18848;3234;16865.0;Saída;2.0;298
18849;3273;16866.0;Saída;2.0;298
18850;2767;16867.0;Saída;1.0;298
18851;2795;16868.0;Saída;2.0;298
18852;2731;16869.0;Saída;1.0;298
18853;2978;16876.0;Saída;1.0;298
18854;3017;16877.0;Saída;1.0;298
18855;3038;16878.0;Saída;1.0;298
18856;3120;16879.0;Saída;1.0;298
18857;3447;16882.0;Saída;1.0;298
18858;3466;16883.0;Saída;2.0;298
18859;3507;16884.0;Saída;1.0;298
18860;3772;16885.0;Saída;2.0;298
18861;3771;16886.0;Saída;2.0;298
18862;3805;16887.0;Saída;2.0;298
18863;1370;16888.0;Saída;2.0;299
18864;1416;16889.0;Saída;2.0;299
18865;156;16890.0;Saída;2.0;299
18866;248;16891.0;Saída;1.0;299
18867;304;16892.0;Saída;1.0;299
18868;272;16893.0;Saída;1.0;299
18869;1406;16895.0;Saída;2.0;299
18870;1374;16896.0;Saída;2.0;299
18871;1358;16897.0;Saída;2.0;299
18872;1348;16898.0;Saída;2.0;299
18873;1328;16899.0;Saída;1.0;299
18874;792;16903.0;Saída;2.0;299
18875;948;16904.0;Saída;2.0;299
18876;888;16905.0;Saída;2.0;299
18877;1563;16906.0;Saída;2.0;299
18878;1595;16907.0;Saída;2.0;299
18879;393;16908.0;Saída;2.0;299
18880;332;16909.0;Saída;2.0;299
18881;391;16910.0;Saída;2.0;299
18882;1449;16911.0;Saída;2.0;299
18883;1495;16912.0;Saída;2.0;299
18884;1476;16913.0;Saída;1.0;299
18885;833;16914.0;Saída;2.0;299
18886;534;16915.0;Saída;2.0;299
18887;498;16916.0;Saída;2.0;299
18888;709;16917.0;Saída;2.0;299
18889;1691;16918.0;Saída;1.0;299
18890;2056;16920.0;Saída;1.0;299
18891;2127;16921.0;Saída;1.0;299
18892;2151;16922.0;Saída;2.0;299
18893;1998;16923.0;Saída;1.0;299
18894;1986;16924.0;Saída;1.0;299
18895;2254;16926.0;Saída;1.0;299
18896;2968;16927.0;Saída;2.0;299
18897;3025;16928.0;Saída;2.0;299
18898;3342;16932.0;Saída;2.0;299
18899;3358;16933.0;Saída;1.0;299
18900;3282;16934.0;Saída;1.0;299
18901;2716;16935.0;Saída;2.0;299
18902;2710;16936.0;Saída;1.0;299
18903;3116;16937.0;Saída;2.0;299
18904;3346;16938.0;Saída;2.0;299
18905;3298;16939.0;Saída;2.0;299
18906;3105;16940.0;Saída;2.0;299
18907;3495;16941.0;Saída;1.0;299
18908;3738;16942.0;Saída;1.0;299
18909;3421;16943.0;Saída;1.0;299
18910;3381;16944.0;Saída;1.0;299
18911;4077;16945.0;Saída;1.0;299
18912;4017;16946.0;Saída;1.0;299
18913;4020;16947.0;Saída;2.0;299
18914;1535;16948.0;Saída;1.0;300
18915;1755;16951.0;Saída;2.0;300
18916;1707;16952.0;Saída;2.0;300
18917;1760;16953.0;Saída;1.0;300
18918;967;16955.0;Saída;1.0;300
18919;970;16956.0;Saída;2.0;300
18920;974;16957.0;Saída;2.0;300
18921;969;16958.0;Saída;2.0;300
18922;1026;16959.0;Saída;1.0;300
18923;992;16960.0;Saída;2.0;300
18924;1451;16961.0;Saída;2.0;300
18925;1498;16962.0;Saída;2.0;300
18926;1;16965.0;Saída;2.0;300
18927;56;16966.0;Saída;1.0;300
18928;57;16967.0;Saída;2.0;300
18929;1039;16968.0;Saída;2.0;300
18930;977;16969.0;Saída;1.0;300
18931;974;16970.0;Saída;2.0;300
18932;1675;16971.0;Saída;1.0;300
18933;893;16972.0;Saída;1.0;300
18934;952;16973.0;Saída;1.0;300
18935;884;16974.0;Saída;2.0;300
18936;458;16975.0;Saída;1.0;300
18937;960;16976.0;Saída;2.0;300
18938;1861;16978.0;Saída;1.0;300
18939;2003;16979.0;Saída;1.0;300
18940;2002;16980.0;Saída;2.0;300
18941;2075;16981.0;Saída;1.0;300
18942;3051;16985.0;Saída;2.0;300
18943;3040;16986.0;Saída;1.0;300
18944;2970;16987.0;Saída;2.0;300
18945;2807;16988.0;Saída;2.0;300
18946;2862;16989.0;Saída;2.0;300
18947;2811;16990.0;Saída;1.0;300
18948;2821;16991.0;Saída;1.0;300
18949;2831;16992.0;Saída;2.0;300
18950;2811;16993.0;Saída;2.0;300
18951;3553;16996.0;Saída;2.0;300
18952;3565;16997.0;Saída;1.0;300
18953;3594;16998.0;Saída;2.0;300
18954;3752;16999.0;Saída;2.0;300
18955;3687;17000.0;Saída;2.0;300
18956;3732;17001.0;Saída;1.0;300
18957;3780;17002.0;Saída;2.0;300
18958;3762;17003.0;Saída;1.0;300
18959;1121;17004.0;Saída;2.0;301
18960;1189;17005.0;Saída;2.0;301
18961;1126;17006.0;Saída;2.0;301
18962;1216;17007.0;Saída;2.0;301
18963;1208;17008.0;Saída;2.0;301
18964;1125;17009.0;Saída;1.0;301
18965;1270;17010.0;Saída;2.0;301
18966;18;17011.0;Saída;1.0;301
18967;15;17012.0;Saída;2.0;301
18968;239;17013.0;Saída;2.0;301
18969;189;17014.0;Saída;2.0;301
18970;207;17015.0;Saída;2.0;301
18971;740;17016.0;Saída;1.0;301
18972;772;17017.0;Saída;1.0;301
18973;1246;17018.0;Saída;2.0;301
18974;115;17019.0;Saída;1.0;301
18975;120;17020.0;Saída;2.0;301
18976;93;17021.0;Saída;2.0;301
18977;251;17022.0;Saída;2.0;301
18978;1041;17023.0;Saída;2.0;301
18979;1118;17024.0;Saída;2.0;301
18980;1106;17025.0;Saída;1.0;301
18981;1857;17026.0;Saída;2.0;301
18982;2414;17027.0;Saída;1.0;301
18983;2430;17028.0;Saída;2.0;301
18984;2462;17029.0;Saída;1.0;301
18985;2077;17030.0;Saída;1.0;301
18986;2067;17031.0;Saída;1.0;301
18987;2405;17032.0;Saída;2.0;301
18988;2435;17033.0;Saída;1.0;301
18989;2456;17034.0;Saída;1.0;301
18990;2103;17035.0;Saída;2.0;301
18991;2150;17036.0;Saída;2.0;301
18992;3277;17037.0;Saída;2.0;301
18993;3204;17038.0;Saída;1.0;301
18994;3202;17039.0;Saída;2.0;301
18995;2949;17040.0;Saída;2.0;301
18996;2889;17041.0;Saída;1.0;301
18997;3309;17042.0;Saída;1.0;301
18998;2751;17043.0;Saída;1.0;301
18999;2738;17044.0;Saída;1.0;301
19000;2798;17045.0;Saída;1.0;301
19001;3203;17047.0;Saída;1.0;301
19002;3682;17048.0;Saída;1.0;301
19003;3364;17049.0;Saída;2.0;301
19004;3709;17050.0;Saída;2.0;301
19005;4052;17051.0;Saída;2.0;301
19006;4070;17052.0;Saída;2.0;301
19007;4041;17053.0;Saída;2.0;301
19008;4215;17054.0;Saída;2.0;301
19009;173;17055.0;Saída;1.0;302
19010;161;17056.0;Saída;1.0;302
19011;204;17057.0;Saída;1.0;302
19012;866;17058.0;Saída;2.0;302
19013;1353;17059.0;Saída;2.0;302
19014;1293;17060.0;Saída;1.0;302
19015;563;17061.0;Saída;2.0;302
19016;587;17062.0;Saída;1.0;302
19017;1127;17063.0;Saída;2.0;302
19018;1187;17064.0;Saída;2.0;302
19019;1750;17065.0;Saída;1.0;302
19020;1747;17066.0;Saída;1.0;302
19021;1437;17067.0;Saída;1.0;302
19022;1375;17068.0;Saída;2.0;302
19023;1073;17069.0;Saída;2.0;302
19024;1592;17070.0;Saída;1.0;302
19025;1599;17071.0;Saída;1.0;302
19026;416;17072.0;Saída;2.0;302
19027;450;17073.0;Saída;2.0;302
19028;797;17074.0;Saída;1.0;302
19029;733;17075.0;Saída;1.0;302
19030;646;17076.0;Saída;1.0;302
19031;713;17077.0;Saída;1.0;302
19032;641;17078.0;Saída;2.0;302
19033;1055;17079.0;Saída;2.0;302
19034;658;17080.0;Saída;2.0;302
19035;690;17081.0;Saída;2.0;302
19036;668;17082.0;Saída;2.0;302
19037;1710;17083.0;Saída;2.0;302
19038;1749;17084.0;Saída;2.0;302
19039;1694;17085.0;Saída;2.0;302
19040;2348;17089.0;Saída;2.0;302
19041;1762;17090.0;Saída;1.0;302
19042;1784;17091.0;Saída;2.0;302
19043;1780;17092.0;Saída;1.0;302
19044;2409;17093.0;Saída;1.0;302
19045;2014;17094.0;Saída;2.0;302
19046;2031;17095.0;Saída;2.0;302
19047;3158;17096.0;Saída;1.0;302
19048;3139;17097.0;Saída;1.0;302
19049;3091;17098.0;Saída;2.0;302
19050;3034;17099.0;Saída;2.0;302
19051;3021;17100.0;Saída;2.0;302
19052;2710;17101.0;Saída;2.0;302
19053;2713;17102.0;Saída;1.0;302
19054;2653;17103.0;Saída;1.0;302
19055;2676;17104.0;Saída;1.0;302
19056;3363;17105.0;Saída;1.0;302
19057;3390;17106.0;Saída;1.0;302
19058;3656;17107.0;Saída;1.0;302
19059;3678;17108.0;Saída;1.0;302
19060;3601;17109.0;Saída;1.0;302
19061;3687;17110.0;Saída;2.0;302
19062;3727;17111.0;Saída;1.0;302
19063;3706;17112.0;Saída;1.0;302
19064;3783;17113.0;Saída;2.0;302
19065;3777;17114.0;Saída;2.0;302
19066;3851;17115.0;Saída;1.0;302
19067;3845;17116.0;Saída;2.0;302
19068;3913;17117.0;Saída;2.0;302
19069;1050;17118.0;Saída;1.0;303
19070;1102;17119.0;Saída;1.0;303
19071;1118;17120.0;Saída;1.0;303
19072;1094;17121.0;Saída;1.0;303
19073;827;17122.0;Saída;2.0;303
19074;875;17125.0;Saída;1.0;303
19075;827;17126.0;Saída;1.0;303
19076;499;17127.0;Saída;1.0;303
19077;416;17128.0;Saída;2.0;303
19078;419;17129.0;Saída;2.0;303
19079;1429;17133.0;Saída;1.0;303
19080;1376;17134.0;Saída;1.0;303
19081;1397;17135.0;Saída;1.0;303
19082;2466;17140.0;Saída;1.0;303
19083;1928;17141.0;Saída;2.0;303
19084;1926;17142.0;Saída;2.0;303
19085;2134;17143.0;Saída;1.0;303
19086;2091;17144.0;Saída;2.0;303
19087;2086;17145.0;Saída;1.0;303
19088;1941;17146.0;Saída;1.0;303
19089;2889;17148.0;Saída;1.0;303
19090;3034;17149.0;Saída;1.0;303
19091;3238;17150.0;Saída;1.0;303
19092;3265;17151.0;Saída;1.0;303
19093;3198;17154.0;Saída;1.0;303
19094;3156;17155.0;Saída;2.0;303
19095;2747;17156.0;Saída;1.0;303
19096;3605;17159.0;Saída;2.0;303
19097;3855;17160.0;Saída;2.0;303
19098;3903;17161.0;Saída;1.0;303
19099;3894;17162.0;Saída;1.0;303
19100;1590;17166.0;Saída;2.0;304
19101;1528;17167.0;Saída;1.0;304
19102;1544;17168.0;Saída;1.0;304
19103;544;17169.0;Saída;2.0;304
19104;1091;17170.0;Saída;1.0;304
19105;284;17172.0;Saída;2.0;304
19106;297;17173.0;Saída;2.0;304
19107;316;17174.0;Saída;1.0;304
19108;1534;17175.0;Saída;1.0;304
19109;1528;17176.0;Saída;1.0;304
19110;1521;17177.0;Saída;2.0;304
19111;180;17178.0;Saída;2.0;304
19112;1154;17179.0;Saída;2.0;304
19113;1143;17180.0;Saída;1.0;304
19114;1149;17181.0;Saída;1.0;304
19115;2362;17184.0;Saída;2.0;304
19116;2001;17185.0;Saída;2.0;304
19117;2305;17186.0;Saída;1.0;304
19118;2280;17187.0;Saída;1.0;304
19119;2102;17188.0;Saída;2.0;304
19120;2806;17189.0;Saída;1.0;304
19121;2829;17190.0;Saída;1.0;304
19122;2877;17191.0;Saída;1.0;304
19123;2895;17192.0;Saída;1.0;304
19124;2721;17193.0;Saída;1.0;304
19125;3525;17194.0;Saída;1.0;304
19126;3558;17195.0;Saída;1.0;304
19127;3525;17196.0;Saída;2.0;304
19128;3529;17197.0;Saída;2.0;304
19129;704;17201.0;Saída;1.0;305
19130;82;17202.0;Saída;2.0;305
19131;98;17203.0;Saída;2.0;305
19132;915;17204.0;Saída;2.0;305
19133;900;17205.0;Saída;1.0;305
19134;944;17206.0;Saída;1.0;305
19135;1607;17207.0;Saída;1.0;305
19136;879;17208.0;Saída;1.0;305
19137;1311;17209.0;Saída;2.0;305
19138;1334;17210.0;Saída;2.0;305
19139;1358;17211.0;Saída;1.0;305
19140;1351;17212.0;Saída;1.0;305
19141;1525;17213.0;Saída;2.0;305
19142;1119;17214.0;Saída;2.0;305
19143;1110;17215.0;Saída;2.0;305
19144;1742;17216.0;Saída;1.0;305
19145;1695;17217.0;Saída;1.0;305
19146;1703;17218.0;Saída;1.0;305
19147;827;17219.0;Saída;1.0;305
19148;866;17220.0;Saída;1.0;305
19149;821;17221.0;Saída;1.0;305
19150;1464;17222.0;Saída;2.0;305
19151;1482;17223.0;Saída;1.0;305
19152;759;17224.0;Saída;1.0;305
19153;2479;17228.0;Saída;1.0;305
19154;2245;17232.0;Saída;1.0;305
19155;2289;17233.0;Saída;2.0;305
19156;2489;17234.0;Saída;2.0;305
19157;2558;17235.0;Saída;1.0;305
19158;2393;17239.0;Saída;2.0;305
19159;2646;17240.0;Saída;1.0;305
19160;2655;17241.0;Saída;1.0;305
19161;3097;17242.0;Saída;2.0;305
19162;3056;17243.0;Saída;2.0;305
19163;3110;17244.0;Saída;1.0;305
19164;2758;17245.0;Saída;2.0;305
19165;2739;17246.0;Saída;1.0;305
19166;2789;17247.0;Saída;1.0;305
19167;2772;17248.0;Saída;2.0;305
19168;2764;17249.0;Saída;2.0;305
19169;3626;17250.0;Saída;2.0;305
19170;3679;17251.0;Saída;1.0;305
19171;3429;17252.0;Saída;1.0;305
19172;3387;17253.0;Saída;2.0;305
19173;3532;17254.0;Saída;1.0;305
19174;3527;17255.0;Saída;2.0;305
19175;3586;17256.0;Saída;2.0;305
19176;3866;17257.0;Saída;1.0;305
19177;3859;17258.0;Saída;2.0;305
19178;571;17259.0;Saída;1.0;306
19179;573;17260.0;Saída;1.0;306
19180;627;17261.0;Saída;1.0;306
19181;914;17262.0;Saída;2.0;306
19182;921;17263.0;Saída;1.0;306
19183;497;17265.0;Saída;1.0;306
19184;560;17266.0;Saída;2.0;306
19185;1105;17267.0;Saída;2.0;306
19186;1025;17268.0;Saída;2.0;306
19187;390;17269.0;Saída;2.0;306
19188;334;17270.0;Saída;2.0;306
19189;130;17271.0;Saída;2.0;306
19190;146;17272.0;Saída;2.0;306
19191;1640;17273.0;Saída;1.0;306
19192;252;17274.0;Saída;1.0;306
19193;301;17275.0;Saída;1.0;306
19194;293;17276.0;Saída;2.0;306
19195;1248;17277.0;Saída;2.0;306
19196;925;17278.0;Saída;2.0;306
19197;1768;17279.0;Saída;2.0;306
19198;1777;17280.0;Saída;2.0;306
19199;1792;17281.0;Saída;1.0;306
19200;2431;17282.0;Saída;2.0;306
19201;2152;17284.0;Saída;2.0;306
19202;2159;17285.0;Saída;1.0;306
19203;2088;17286.0;Saída;1.0;306
19204;3295;17287.0;Saída;2.0;306
19205;3358;17288.0;Saída;2.0;306
19206;3360;17289.0;Saída;1.0;306
19207;3199;17290.0;Saída;1.0;306
19208;2639;17291.0;Saída;2.0;306
19209;2596;17292.0;Saída;2.0;306
19210;2568;17293.0;Saída;2.0;306
19211;3129;17294.0;Saída;1.0;306
19212;2676;17295.0;Saída;2.0;306
19213;2704;17296.0;Saída;2.0;306
19214;2653;17297.0;Saída;2.0;306
19215;3322;17298.0;Saída;1.0;306
19216;3342;17299.0;Saída;1.0;306
19217;3402;17303.0;Saída;2.0;306
19218;4152;17305.0;Saída;1.0;306
19219;173;17306.0;Saída;2.0;307
19220;306;17307.0;Saída;2.0;307
19221;245;17308.0;Saída;1.0;307
19222;804;17309.0;Saída;2.0;307
19223;809;17310.0;Saída;2.0;307
19224;1744;17311.0;Saída;1.0;307
19225;1754;17312.0;Saída;2.0;307
19226;1290;17313.0;Saída;2.0;307
19227;1282;17314.0;Saída;1.0;307
19228;1135;17315.0;Saída;1.0;307
19229;1125;17316.0;Saída;2.0;307
19230;1559;17318.0;Saída;2.0;307
19231;1537;17319.0;Saída;2.0;307
19232;1576;17320.0;Saída;1.0;307
19233;161;17322.0;Saída;2.0;307
19234;225;17323.0;Saída;1.0;307
19235;801;17324.0;Saída;1.0;307
19236;818;17325.0;Saída;2.0;307
19237;1652;17326.0;Saída;2.0;307
19238;333;17327.0;Saída;2.0;307
19239;325;17328.0;Saída;1.0;307
19240;1306;17329.0;Saída;2.0;307
19241;1334;17330.0;Saída;1.0;307
19242;354;17331.0;Saída;2.0;307
19243;359;17332.0;Saída;1.0;307
19244;2107;17333.0;Saída;2.0;307
19245;2099;17334.0;Saída;2.0;307
19246;1910;17335.0;Saída;1.0;307
19247;1841;17336.0;Saída;1.0;307
19248;1918;17337.0;Saída;2.0;307
19249;1872;17338.0;Saída;2.0;307
19250;2275;17340.0;Saída;1.0;307
19251;2315;17341.0;Saída;2.0;307
19252;2005;17342.0;Saída;2.0;307
19253;2353;17343.0;Saída;2.0;307
19254;2356;17344.0;Saída;2.0;307
19255;2922;17345.0;Saída;2.0;307
19256;2900;17346.0;Saída;2.0;307
19257;2770;17348.0;Saída;1.0;307
19258;2722;17349.0;Saída;2.0;307
19259;2773;17350.0;Saída;2.0;307
19260;3245;17351.0;Saída;2.0;307
19261;2799;17352.0;Saída;2.0;307
19262;2792;17353.0;Saída;1.0;307
19263;2732;17354.0;Saída;2.0;307
19264;2590;17355.0;Saída;1.0;307
19265;2622;17356.0;Saída;1.0;307
19266;2637;17357.0;Saída;1.0;307
19267;2649;17358.0;Saída;1.0;307
19268;2655;17359.0;Saída;2.0;307
19269;3759;17360.0;Saída;2.0;307
19270;3671;17361.0;Saída;1.0;307
19271;3639;17362.0;Saída;1.0;307
19272;3618;17363.0;Saída;1.0;307
19273;3986;17364.0;Saída;2.0;307
19274;3936;17365.0;Saída;1.0;307
19275;882;17371.0;Saída;2.0;308
19276;955;17372.0;Saída;1.0;308
19277;1623;17373.0;Saída;2.0;308
19278;1628;17374.0;Saída;2.0;308
19279;1510;17375.0;Saída;1.0;308
19280;1477;17376.0;Saída;2.0;308
19281;554;17377.0;Saída;2.0;308
19282;1682;17378.0;Saída;2.0;308
19283;1744;17379.0;Saída;2.0;308
19284;961;17380.0;Saída;2.0;308
19285;963;17381.0;Saída;1.0;308
19286;473;17382.0;Saída;1.0;308
19287;448;17383.0;Saída;1.0;308
19288;472;17384.0;Saída;1.0;308
19289;1037;17385.0;Saída;2.0;308
19290;637;17386.0;Saída;1.0;308
19291;593;17387.0;Saída;1.0;308
19292;1676;17388.0;Saída;1.0;308
19293;741;17389.0;Saída;1.0;308
19294;782;17390.0;Saída;1.0;308
19295;767;17391.0;Saída;2.0;308
19296;98;17392.0;Saída;1.0;308
19297;146;17393.0;Saída;2.0;308
19298;759;17394.0;Saída;2.0;308
19299;307;17395.0;Saída;2.0;308
19300;1683;17396.0;Saída;1.0;308
19301;1693;17397.0;Saída;2.0;308
19302;1924;17398.0;Saída;1.0;308
19303;1929;17399.0;Saída;2.0;308
19304;1928;17400.0;Saída;2.0;308
19305;1761;17401.0;Saída;1.0;308
19306;2229;17402.0;Saída;2.0;308
19307;2177;17403.0;Saída;2.0;308
19308;2008;17404.0;Saída;2.0;308
19309;2073;17405.0;Saída;2.0;308
19310;2056;17406.0;Saída;2.0;308
19311;1998;17407.0;Saída;2.0;308
19312;1967;17408.0;Saída;2.0;308
19313;1976;17409.0;Saída;2.0;308
19314;2902;17410.0;Saída;2.0;308
19315;2889;17411.0;Saída;1.0;308
19316;2947;17412.0;Saída;2.0;308
19317;2720;17413.0;Saída;1.0;308
19318;2651;17414.0;Saída;1.0;308
19319;2959;17415.0;Saída;2.0;308
19320;2735;17416.0;Saída;2.0;308
19321;2738;17417.0;Saída;2.0;308
19322;2645;17418.0;Saída;1.0;308
19323;2591;17419.0;Saída;2.0;308
19324;2624;17420.0;Saída;2.0;308
19325;2606;17421.0;Saída;1.0;308
19326;3744;17425.0;Saída;2.0;308
19327;3600;17429.0;Saída;2.0;308
19328;3557;17430.0;Saída;1.0;308
19329;4276;17431.0;Saída;1.0;308
19330;4275;17432.0;Saída;1.0;308
19331;1142;17433.0;Saída;2.0;309
19332;1131;17434.0;Saída;1.0;309
19333;640;17435.0;Saída;2.0;309
19334;567;17436.0;Saída;1.0;309
19335;573;17437.0;Saída;2.0;309
19336;721;17438.0;Saída;2.0;309
19337;726;17439.0;Saída;1.0;309
19338;18;17440.0;Saída;1.0;309
19339;248;17441.0;Saída;2.0;309
19340;258;17442.0;Saída;1.0;309
19341;244;17443.0;Saída;2.0;309
19342;5;17444.0;Saída;1.0;309
19343;59;17445.0;Saída;1.0;309
19344;1601;17446.0;Saída;1.0;309
19345;418;17447.0;Saída;2.0;309
19346;448;17448.0;Saída;2.0;309
19347;1001;17449.0;Saída;1.0;309
19348;1039;17450.0;Saída;2.0;309
19349;974;17451.0;Saída;1.0;309
19350;1233;17452.0;Saída;1.0;309
19351;1225;17453.0;Saída;2.0;309
19352;1276;17454.0;Saída;1.0;309
19353;645;17455.0;Saída;2.0;309
19354;643;17456.0;Saída;1.0;309
19355;660;17457.0;Saída;2.0;309
19356;108;17460.0;Saída;2.0;309
19357;81;17461.0;Saída;1.0;309
19358;152;17462.0;Saída;1.0;309
19359;880;17463.0;Saída;2.0;309
19360;900;17464.0;Saída;1.0;309
19361;895;17465.0;Saída;2.0;309
19362;942;17466.0;Saída;1.0;309
19363;1791;17467.0;Saída;2.0;309
19364;1819;17468.0;Saída;1.0;309
19365;1808;17469.0;Saída;2.0;309
19366;1779;17470.0;Saída;1.0;309
19367;1827;17474.0;Saída;2.0;309
19368;3284;17477.0;Saída;1.0;309
19369;2636;17479.0;Saída;1.0;309
19370;2624;17480.0;Saída;1.0;309
19371;3215;17481.0;Saída;2.0;309
19372;3277;17482.0;Saída;1.0;309
19373;2821;17483.0;Saída;2.0;309
19374;2826;17484.0;Saída;1.0;309
19375;2827;17485.0;Saída;2.0;309
19376;3044;17486.0;Saída;2.0;309
19377;3058;17487.0;Saída;1.0;309
19378;2982;17488.0;Saída;2.0;309
19379;2980;17489.0;Saída;2.0;309
19380;3601;17492.0;Saída;2.0;309
19381;3606;17493.0;Saída;1.0;309
19382;3903;17494.0;Saída;2.0;309
19383;3779;17495.0;Saída;1.0;309
19384;3799;17496.0;Saída;1.0;309
19385;332;17497.0;Saída;1.0;310
19386;392;17498.0;Saída;2.0;310
19387;391;17499.0;Saída;2.0;310
19388;1133;17500.0;Saída;2.0;310
19389;1194;17501.0;Saída;2.0;310
19390;681;17502.0;Saída;2.0;310
19391;718;17503.0;Saída;1.0;310
19392;679;17504.0;Saída;1.0;310
19393;649;17505.0;Saída;2.0;310
19394;645;17506.0;Saída;1.0;310
19395;801;17507.0;Saída;1.0;310
19396;605;17508.0;Saída;2.0;310
19397;1633;17509.0;Saída;2.0;310
19398;1631;17510.0;Saída;1.0;310
19399;158;17511.0;Saída;1.0;310
19400;143;17512.0;Saída;1.0;310
19401;571;17513.0;Saída;1.0;310
19402;624;17514.0;Saída;1.0;310
19403;603;17515.0;Saída;1.0;310
19404;1143;17516.0;Saída;2.0;310
19405;1276;17517.0;Saída;1.0;310
19406;1263;17518.0;Saída;2.0;310
19407;484;17519.0;Saída;2.0;310
19408;79;17520.0;Saída;1.0;310
19409;397;17521.0;Saída;1.0;310
19410;115;17522.0;Saída;1.0;310
19411;117;17523.0;Saída;2.0;310
19412;120;17524.0;Saída;1.0;310
19413;1838;17525.0;Saída;2.0;310
19414;1829;17526.0;Saída;1.0;310
19415;2225;17527.0;Saída;2.0;310
19416;2185;17528.0;Saída;2.0;310
19417;2275;17529.0;Saída;1.0;310
19418;2268;17530.0;Saída;2.0;310
19419;2302;17531.0;Saída;1.0;310
19420;2020;17532.0;Saída;1.0;310
19421;2027;17533.0;Saída;1.0;310
19422;2397;17534.0;Saída;1.0;310
19423;2324;17535.0;Saída;1.0;310
19424;2426;17536.0;Saída;2.0;310
19425;2229;17537.0;Saída;2.0;310
19426;2224;17538.0;Saída;1.0;310
19427;2236;17539.0;Saída;2.0;310
19428;2873;17540.0;Saída;1.0;310
19429;2832;17541.0;Saída;1.0;310
19430;3023;17542.0;Saída;2.0;310
19431;3039;17543.0;Saída;1.0;310
19432;2968;17544.0;Saída;1.0;310
19433;3004;17545.0;Saída;1.0;310
19434;2962;17546.0;Saída;1.0;310
19435;3296;17547.0;Saída;2.0;310
19436;3360;17548.0;Saída;2.0;310
19437;3335;17549.0;Saída;1.0;310
19438;3288;17550.0;Saída;1.0;310
19439;3315;17551.0;Saída;1.0;310
19440;3590;17554.0;Saída;1.0;310
19441;3365;17555.0;Saída;2.0;310
19442;3366;17556.0;Saída;2.0;310
19443;3399;17557.0;Saída;2.0;310
19444;3416;17558.0;Saída;2.0;310
19445;3774;17561.0;Saída;2.0;310
19446;3800;17562.0;Saída;1.0;310
19447;98;17563.0;Saída;2.0;311
19448;595;17564.0;Saída;1.0;311
19449;1299;17565.0;Saída;1.0;311
19450;1350;17566.0;Saída;2.0;311
19451;1050;17567.0;Saída;2.0;311
19452;1096;17568.0;Saída;1.0;311
19453;1116;17569.0;Saída;2.0;311
19454;1442;17570.0;Saída;1.0;311
19455;1450;17571.0;Saída;2.0;311
19456;107;17572.0;Saída;1.0;311
19457;1097;17573.0;Saída;1.0;311
19458;1059;17574.0;Saída;2.0;311
19459;1069;17575.0;Saída;2.0;311
19460;82;17576.0;Saída;2.0;311
19461;92;17577.0;Saída;2.0;311
19462;142;17578.0;Saída;1.0;311
19463;1038;17579.0;Saída;1.0;311
19464;979;17580.0;Saída;2.0;311
19465;1034;17581.0;Saída;2.0;311
19466;7;17582.0;Saída;1.0;311
19467;44;17583.0;Saída;2.0;311
19468;17;17584.0;Saída;2.0;311
19469;385;17585.0;Saída;1.0;311
19470;326;17586.0;Saída;2.0;311
19471;1046;17587.0;Saída;1.0;311
19472;1102;17588.0;Saída;1.0;311
19473;404;17591.0;Saída;1.0;311
19474;578;17592.0;Saída;2.0;311
19475;588;17593.0;Saída;2.0;311
19476;563;17594.0;Saída;2.0;311
19477;1483;17598.0;Saída;1.0;311
19478;1851;17599.0;Saída;1.0;311
19479;1914;17600.0;Saída;1.0;311
19480;1848;17601.0;Saída;2.0;311
19481;2512;17602.0;Saída;1.0;311
19482;2501;17603.0;Saída;2.0;311
19483;2559;17604.0;Saída;1.0;311
19484;2306;17607.0;Saída;1.0;311
19485;2308;17608.0;Saída;2.0;311
19486;2275;17609.0;Saída;2.0;311
19487;2474;17610.0;Saída;2.0;311
19488;2420;17611.0;Saída;1.0;311
19489;2305;17612.0;Saída;2.0;311
19490;2260;17613.0;Saída;1.0;311
19491;2309;17614.0;Saída;2.0;311
19492;2657;17616.0;Saída;1.0;311
19493;3264;17617.0;Saída;2.0;311
19494;3193;17618.0;Saída;2.0;311
19495;3139;17619.0;Saída;1.0;311
19496;2659;17620.0;Saída;1.0;311
19497;2716;17621.0;Saída;1.0;311
19498;3240;17622.0;Saída;1.0;311
19499;3204;17623.0;Saída;1.0;311
19500;3727;17625.0;Saída;1.0;311
19501;3689;17626.0;Saída;2.0;311
19502;3704;17627.0;Saída;2.0;311
19503;3591;17628.0;Saída;2.0;311
19504;3568;17629.0;Saída;2.0;311
19505;4038;17630.0;Saída;2.0;311
19506;4036;17631.0;Saída;1.0;311
19507;822;17632.0;Saída;2.0;312
19508;808;17633.0;Saída;2.0;312
19509;1043;17634.0;Saída;1.0;312
19510;1108;17635.0;Saída;1.0;312
19511;1706;17636.0;Saída;2.0;312
19512;1129;17640.0;Saída;1.0;312
19513;1122;17641.0;Saída;2.0;312
19514;1135;17642.0;Saída;2.0;312
19515;50;17643.0;Saída;2.0;312
19516;22;17644.0;Saída;1.0;312
19517;70;17645.0;Saída;1.0;312
19518;1466;17646.0;Saída;2.0;312
19519;1445;17647.0;Saída;2.0;312
19520;1446;17648.0;Saída;2.0;312
19521;398;17649.0;Saída;2.0;312
19522;392;17650.0;Saída;2.0;312
19523;1754;17651.0;Saída;2.0;312
19524;1694;17652.0;Saída;2.0;312
19525;1711;17653.0;Saída;1.0;312
19526;1065;17654.0;Saída;2.0;312
19527;1046;17655.0;Saída;1.0;312
19528;410;17656.0;Saída;1.0;312
19529;440;17657.0;Saída;1.0;312
19530;727;17658.0;Saída;1.0;312
19531;1902;17659.0;Saída;1.0;312
19532;1848;17660.0;Saída;1.0;312
19533;2193;17661.0;Saída;2.0;312
19534;2163;17662.0;Saída;2.0;312
19535;2227;17663.0;Saída;2.0;312
19536;1967;17664.0;Saída;2.0;312
19537;3046;17666.0;Saída;2.0;312
19538;3040;17667.0;Saída;1.0;312
19539;3033;17668.0;Saída;2.0;312
19540;2964;17669.0;Saída;1.0;312
19541;2928;17670.0;Saída;2.0;312
19542;2889;17671.0;Saída;1.0;312
19543;2894;17672.0;Saída;2.0;312
19544;3299;17673.0;Saída;2.0;312
19545;3334;17674.0;Saída;2.0;312
19546;3291;17675.0;Saída;2.0;312
19547;3287;17676.0;Saída;2.0;312
19548;3217;17677.0;Saída;2.0;312
19549;3207;17678.0;Saída;1.0;312
19550;3275;17679.0;Saída;2.0;312
19551;3478;17680.0;Saída;1.0;312
19552;3501;17681.0;Saída;1.0;312
19553;3476;17682.0;Saída;1.0;312
19554;3453;17683.0;Saída;1.0;312
19555;3409;17684.0;Saída;2.0;312
19556;3763;17685.0;Saída;1.0;312
19557;3780;17686.0;Saída;2.0;312
19558;3829;17687.0;Saída;1.0;312
19559;4317;17688.0;Saída;2.0;312
19560;4307;17689.0;Saída;2.0;312
19561;86;17692.0;Saída;2.0;313
19562;98;17693.0;Saída;2.0;313
19563;141;17694.0;Saída;1.0;313
19564;1123;17695.0;Saída;2.0;313
19565;1198;17696.0;Saída;2.0;313
19566;1143;17697.0;Saída;2.0;313
19567;1189;17698.0;Saída;1.0;313
19568;1046;17699.0;Saída;2.0;313
19569;508;17700.0;Saída;1.0;313
19570;487;17701.0;Saída;2.0;313
19571;498;17702.0;Saída;2.0;313
19572;573;17705.0;Saída;2.0;313
19573;831;17706.0;Saída;2.0;313
19574;861;17707.0;Saída;2.0;313
19575;600;17708.0;Saída;2.0;313
19576;2158;17709.0;Saída;2.0;313
19577;2115;17710.0;Saída;2.0;313
19578;2138;17711.0;Saída;2.0;313
19579;1766;17712.0;Saída;2.0;313
19580;1768;17713.0;Saída;1.0;313
19581;2497;17714.0;Saída;1.0;313
19582;2491;17715.0;Saída;1.0;313
19583;2480;17716.0;Saída;1.0;313
19584;1773;17717.0;Saída;2.0;313
19585;1839;17718.0;Saída;1.0;313
19586;3210;17719.0;Saída;2.0;313
19587;2960;17720.0;Saída;2.0;313
19588;3074;17722.0;Saída;1.0;313
19589;3054;17723.0;Saída;1.0;313
19590;3154;17724.0;Saída;2.0;313
19591;3162;17725.0;Saída;1.0;313
19592;3048;17726.0;Saída;2.0;313
19593;3057;17727.0;Saída;2.0;313
19594;3110;17728.0;Saída;1.0;313
19595;2974;17729.0;Saída;2.0;313
19596;3008;17730.0;Saída;1.0;313
19597;3459;17731.0;Saída;2.0;313
19598;3637;17732.0;Saída;2.0;313
19599;3766;17733.0;Saída;2.0;313
19600;1489;17734.0;Saída;2.0;314
19601;1609;17735.0;Saída;2.0;314
19602;1656;17736.0;Saída;1.0;314
19603;1650;17737.0;Saída;1.0;314
19604;641;17738.0;Saída;2.0;314
19605;1463;17739.0;Saída;1.0;314
19606;1480;17740.0;Saída;1.0;314
19607;1519;17741.0;Saída;2.0;314
19608;483;17742.0;Saída;2.0;314
19609;487;17743.0;Saída;1.0;314
19610;552;17744.0;Saída;1.0;314
19611;808;17745.0;Saída;1.0;314
19612;1306;17746.0;Saída;1.0;314
19613;729;17747.0;Saída;2.0;314
19614;783;17748.0;Saída;2.0;314
19615;790;17749.0;Saída;2.0;314
19616;822;17750.0;Saída;2.0;314
19617;862;17751.0;Saída;1.0;314
19618;816;17752.0;Saída;1.0;314
19619;1697;17755.0;Saída;1.0;314
19620;1758;17756.0;Saída;2.0;314
19621;1725;17757.0;Saída;1.0;314
19622;247;17758.0;Saída;1.0;314
19623;269;17759.0;Saída;2.0;314
19624;31;17760.0;Saída;2.0;314
19625;57;17761.0;Saída;2.0;314
19626;2;17762.0;Saída;1.0;314
19627;1735;17763.0;Saída;1.0;314
19628;1754;17764.0;Saída;1.0;314
19629;1752;17765.0;Saída;1.0;314
19630;1468;17766.0;Saída;1.0;314
19631;1454;17767.0;Saída;1.0;314
19632;2504;17768.0;Saída;2.0;314
19633;2482;17769.0;Saída;1.0;314
19634;2229;17770.0;Saída;2.0;314
19635;2226;17771.0;Saída;2.0;314
19636;1850;17773.0;Saída;2.0;314
19637;1906;17774.0;Saída;2.0;314
19638;2100;17776.0;Saída;1.0;314
19639;2864;17777.0;Saída;2.0;314
19640;2801;17778.0;Saída;2.0;314
19641;3086;17779.0;Saída;2.0;314
19642;3025;17780.0;Saída;2.0;314
19643;3003;17781.0;Saída;1.0;314
19644;2875;17782.0;Saída;1.0;314
19645;3358;17783.0;Saída;1.0;314
19646;3290;17784.0;Saída;2.0;314
19647;3442;17785.0;Saída;2.0;314
19648;3499;17786.0;Saída;1.0;314
19649;3554;17787.0;Saída;1.0;314
19650;3540;17788.0;Saída;2.0;314
19651;3555;17789.0;Saída;2.0;314
19652;4264;17790.0;Saída;2.0;314
19653;4280;17791.0;Saída;2.0;314
19654;712;17792.0;Saída;2.0;315
19655;649;17793.0;Saída;2.0;315
19656;1523;17794.0;Saída;2.0;315
19657;1587;17795.0;Saída;2.0;315
19658;92;17796.0;Saída;1.0;315
19659;143;17797.0;Saída;1.0;315
19660;122;17798.0;Saída;1.0;315
19661;1390;17799.0;Saída;1.0;315
19662;1371;17800.0;Saída;2.0;315
19663;1400;17801.0;Saída;1.0;315
19664;226;17802.0;Saída;2.0;315
19665;236;17803.0;Saída;2.0;315
19666;165;17804.0;Saída;2.0;315
19667;1184;17806.0;Saída;1.0;315
19668;1177;17807.0;Saída;2.0;315
19669;1174;17808.0;Saída;2.0;315
19670;98;17809.0;Saída;1.0;315
19671;139;17810.0;Saída;1.0;315
19672;152;17811.0;Saída;1.0;315
19673;86;17812.0;Saída;2.0;315
19674;1243;17813.0;Saída;2.0;315
19675;161;17814.0;Saída;2.0;315
19676;181;17815.0;Saída;2.0;315
19677;222;17816.0;Saída;1.0;315
19678;1714;17817.0;Saída;1.0;315
19679;1719;17818.0;Saída;1.0;315
19680;9;17819.0;Saída;1.0;315
19681;49;17820.0;Saída;2.0;315
19682;16;17821.0;Saída;2.0;315
19683;1521;17822.0;Saída;2.0;315
19684;1459;17823.0;Saída;1.0;315
19685;1471;17824.0;Saída;2.0;315
19686;1453;17825.0;Saída;2.0;315
19687;1983;17826.0;Saída;1.0;315
19688;1936;17827.0;Saída;2.0;315
19689;2545;17829.0;Saída;2.0;315
19690;2174;17832.0;Saída;1.0;315
19691;2214;17833.0;Saída;1.0;315
19692;2508;17834.0;Saída;1.0;315
19693;2553;17835.0;Saída;2.0;315
19694;2663;17836.0;Saída;2.0;315
19695;3047;17837.0;Saída;1.0;315
19696;3111;17838.0;Saída;2.0;315
19697;3072;17839.0;Saída;1.0;315
19698;3209;17840.0;Saída;2.0;315
19699;2774;17841.0;Saída;1.0;315
19700;2726;17842.0;Saída;2.0;315
19701;2782;17843.0;Saída;2.0;315
19702;3266;17844.0;Saída;1.0;315
19703;3628;17845.0;Saída;1.0;315
19704;3664;17846.0;Saída;2.0;315
19705;3466;17847.0;Saída;2.0;315
19706;3441;17848.0;Saída;1.0;315
19707;3627;17849.0;Saída;1.0;315
19708;3610;17850.0;Saída;2.0;315
19709;3621;17851.0;Saída;1.0;315
19710;3841;17852.0;Saída;1.0;315
19711;1738;17853.0;Saída;2.0;316
19712;1700;17854.0;Saída;1.0;316
19713;1748;17855.0;Saída;2.0;316
19714;338;17856.0;Saída;2.0;316
19715;382;17857.0;Saída;2.0;316
19716;740;17858.0;Saída;1.0;316
19717;721;17859.0;Saída;2.0;316
19718;1550;17862.0;Saída;2.0;316
19719;1523;17863.0;Saída;1.0;316
19720;1309;17864.0;Saída;1.0;316
19721;1347;17865.0;Saída;2.0;316
19722;1289;17866.0;Saída;1.0;316
19723;15;17867.0;Saída;1.0;316
19724;20;17868.0;Saída;2.0;316
19725;79;17869.0;Saída;2.0;316
19726;412;17870.0;Saída;2.0;316
19727;419;17871.0;Saída;1.0;316
19728;38;17873.0;Saída;1.0;316
19729;19;17874.0;Saída;1.0;316
19730;388;17878.0;Saída;2.0;316
19731;382;17879.0;Saída;1.0;316
19732;1410;17880.0;Saída;1.0;316
19733;1434;17881.0;Saída;1.0;316
19734;1367;17882.0;Saída;2.0;316
19735;2253;17883.0;Saída;1.0;316
19736;2258;17884.0;Saída;1.0;316
19737;2492;17885.0;Saída;1.0;316
19738;2546;17886.0;Saída;2.0;316
19739;2550;17887.0;Saída;2.0;316
19740;2155;17888.0;Saída;1.0;316
19741;2244;17891.0;Saída;2.0;316
19742;2279;17892.0;Saída;1.0;316
19743;2372;17894.0;Saída;2.0;316
19744;2332;17895.0;Saída;2.0;316
19745;2327;17896.0;Saída;1.0;316
19746;3191;17897.0;Saída;2.0;316
19747;3151;17898.0;Saída;1.0;316
19748;3121;17899.0;Saída;1.0;316
19749;3264;17900.0;Saída;2.0;316
19750;2796;17901.0;Saída;1.0;316
19751;3088;17903.0;Saída;2.0;316
19752;3060;17904.0;Saída;2.0;316
19753;3053;17905.0;Saída;1.0;316
19754;2613;17906.0;Saída;1.0;316
19755;2591;17907.0;Saída;2.0;316
19756;2580;17908.0;Saída;2.0;316
19757;2577;17909.0;Saída;1.0;316
19758;2565;17910.0;Saída;2.0;316
19759;3589;17913.0;Saída;2.0;316
19760;3532;17914.0;Saída;2.0;316
19761;3566;17915.0;Saída;1.0;316
19762;3452;17916.0;Saída;1.0;316
19763;3501;17917.0;Saída;2.0;316
19764;3514;17918.0;Saída;2.0;316
19765;3807;17919.0;Saída;2.0;316
19766;3779;17920.0;Saída;1.0;316
19767;3783;17921.0;Saída;2.0;316
19768;3958;17922.0;Saída;2.0;316
19769;3964;17923.0;Saída;1.0;316
19770;999;17924.0;Saída;1.0;317
19771;551;17925.0;Saída;2.0;317
19772;508;17926.0;Saída;1.0;317
19773;548;17927.0;Saída;1.0;317
19774;1699;17928.0;Saída;1.0;317
19775;1725;17929.0;Saída;1.0;317
19776;777;17934.0;Saída;1.0;317
19777;314;17935.0;Saída;2.0;317
19778;303;17936.0;Saída;1.0;317
19779;479;17937.0;Saída;1.0;317
19780;418;17938.0;Saída;2.0;317
19781;1138;17939.0;Saída;1.0;317
19782;1191;17940.0;Saída;2.0;317
19783;113;17941.0;Saída;2.0;317
19784;2337;17944.0;Saída;1.0;317
19785;2336;17945.0;Saída;1.0;317
19786;2347;17946.0;Saída;1.0;317
19787;1855;17947.0;Saída;2.0;317
19788;1852;17948.0;Saída;2.0;317
19789;1911;17949.0;Saída;2.0;317
19790;2185;17950.0;Saída;1.0;317
19791;2175;17951.0;Saída;1.0;317
19792;2234;17952.0;Saída;1.0;317
19793;2481;17955.0;Saída;1.0;317
19794;2552;17956.0;Saída;1.0;317
19795;1945;17957.0;Saída;2.0;317
19796;2582;17958.0;Saída;2.0;317
19797;3123;17960.0;Saída;2.0;317
19798;3129;17961.0;Saída;1.0;317
19799;2761;17962.0;Saída;2.0;317
19800;3417;17963.0;Saída;2.0;317
19801;3382;17964.0;Saída;1.0;317
19802;3365;17965.0;Saída;2.0;317
19803;3699;17966.0;Saída;2.0;317
19804;3760;17967.0;Saída;2.0;317
19805;4245;17970.0;Saída;1.0;317
19806;207;17971.0;Saída;2.0;318
19807;173;17972.0;Saída;1.0;318
19808;1364;17973.0;Saída;2.0;318
19809;1423;17974.0;Saída;2.0;318
19810;1370;17975.0;Saída;1.0;318
19811;1449;17976.0;Saída;1.0;318
19812;1454;17977.0;Saída;1.0;318
19813;1510;17978.0;Saída;2.0;318
19814;1260;17979.0;Saída;2.0;318
19815;1230;17980.0;Saída;1.0;318
19816;1018;17981.0;Saída;2.0;318
19817;1012;17982.0;Saída;1.0;318
19818;1035;17983.0;Saída;2.0;318
19819;972;17984.0;Saída;1.0;318
19820;969;17985.0;Saída;2.0;318
19821;1118;17987.0;Saída;2.0;318
19822;1046;17988.0;Saída;2.0;318
19823;1052;17989.0;Saída;1.0;318
19824;947;17990.0;Saída;1.0;318
19825;909;17991.0;Saída;2.0;318
19826;889;17992.0;Saída;1.0;318
19827;1275;17993.0;Saída;2.0;318
19828;1272;17994.0;Saída;1.0;318
19829;633;17995.0;Saída;2.0;318
19830;419;17996.0;Saída;1.0;318
19831;407;17997.0;Saída;2.0;318
19832;210;17998.0;Saída;2.0;318
19833;204;17999.0;Saída;1.0;318
19834;117;18000.0;Saída;2.0;318
19835;91;18001.0;Saída;2.0;318
19836;155;18002.0;Saída;2.0;318
19837;640;18003.0;Saída;1.0;318
19838;564;18004.0;Saída;2.0;318
19839;2481;18005.0;Saída;2.0;318
19840;2552;18006.0;Saída;2.0;318
19841;2544;18007.0;Saída;1.0;318
19842;1775;18011.0;Saída;1.0;318
19843;1778;18012.0;Saída;2.0;318
19844;1824;18013.0;Saída;2.0;318
19845;1932;18014.0;Saída;2.0;318
19846;1937;18015.0;Saída;2.0;318
19847;2518;18016.0;Saída;1.0;318
19848;1982;18017.0;Saída;1.0;318
19849;1930;18018.0;Saída;1.0;318
19850;3359;18019.0;Saída;2.0;318
19851;2645;18020.0;Saída;1.0;318
19852;2701;18021.0;Saída;2.0;318
19853;2807;18022.0;Saída;1.0;318
19854;2819;18023.0;Saída;1.0;318
19855;2725;18024.0;Saída;1.0;318
19856;3215;18025.0;Saída;1.0;318
19857;2812;18026.0;Saída;2.0;318
19858;3501;18027.0;Saída;2.0;318
19859;3689;18028.0;Saída;1.0;318
19860;3685;18029.0;Saída;1.0;318
19861;3905;18030.0;Saída;2.0;318
19862;1193;18031.0;Saída;2.0;319
19863;5;18037.0;Saída;1.0;319
19864;1584;18038.0;Saída;1.0;319
19865;140;18039.0;Saída;2.0;319
19866;88;18040.0;Saída;1.0;319
19867;123;18041.0;Saída;2.0;319
19868;498;18042.0;Saída;1.0;319
19869;556;18043.0;Saída;1.0;319
19870;912;18044.0;Saída;1.0;319
19871;956;18045.0;Saída;1.0;319
19872;756;18046.0;Saída;1.0;319
19873;792;18047.0;Saída;2.0;319
19874;1456;18048.0;Saída;1.0;319
19875;1449;18049.0;Saída;1.0;319
19876;538;18050.0;Saída;2.0;319
19877;517;18051.0;Saída;1.0;319
19878;2452;18052.0;Saída;2.0;319
19879;2478;18053.0;Saída;1.0;319
19880;2168;18054.0;Saída;1.0;319
19881;2559;18058.0;Saída;2.0;319
19882;2526;18059.0;Saída;2.0;319
19883;2547;18060.0;Saída;2.0;319
19884;2488;18061.0;Saída;1.0;319
19885;2552;18062.0;Saída;1.0;319
19886;2485;18063.0;Saída;2.0;319
19887;2806;18069.0;Saída;2.0;319
19888;2962;18070.0;Saída;2.0;319
19889;2887;18071.0;Saída;1.0;319
19890;2570;18072.0;Saída;1.0;319
19891;2616;18073.0;Saída;1.0;319
19892;2870;18074.0;Saída;2.0;319
19893;2860;18075.0;Saída;2.0;319
19894;2839;18076.0;Saída;2.0;319
19895;3388;18077.0;Saída;2.0;319
19896;3433;18078.0;Saída;2.0;319
19897;3700;18079.0;Saída;2.0;319
19898;3702;18080.0;Saída;2.0;319
19899;3740;18081.0;Saída;2.0;319
19900;3445;18082.0;Saída;2.0;319
19901;4257;18083.0;Saída;1.0;319
19902;4290;18084.0;Saída;1.0;319
19903;539;18085.0;Saída;2.0;320
19904;1045;18086.0;Saída;2.0;320
19905;1058;18087.0;Saída;1.0;320
19906;1085;18088.0;Saída;1.0;320
19907;1106;18089.0;Saída;2.0;320
19908;916;18090.0;Saída;1.0;320
19909;943;18091.0;Saída;2.0;320
19910;814;18092.0;Saída;2.0;320
19911;302;18093.0;Saída;2.0;320
19912;311;18094.0;Saída;1.0;320
19913;1318;18095.0;Saída;2.0;320
19914;1358;18096.0;Saída;1.0;320
19915;1480;18097.0;Saída;2.0;320
19916;1496;18098.0;Saída;1.0;320
19917;1445;18099.0;Saída;1.0;320
19918;995;18100.0;Saída;1.0;320
19919;971;18101.0;Saída;1.0;320
19920;1035;18102.0;Saída;1.0;320
19921;1315;18103.0;Saída;1.0;320
19922;1295;18104.0;Saída;2.0;320
19923;2418;18105.0;Saída;1.0;320
19924;2417;18106.0;Saída;1.0;320
19925;2391;18107.0;Saída;1.0;320
19926;2377;18108.0;Saída;2.0;320
19927;2500;18109.0;Saída;2.0;320
19928;2558;18110.0;Saída;1.0;320
19929;2557;18111.0;Saída;2.0;320
19930;2215;18112.0;Saída;1.0;320
19931;2000;18113.0;Saída;2.0;320
19932;1994;18114.0;Saída;2.0;320
19933;1961;18115.0;Saída;2.0;320
19934;2012;18116.0;Saída;2.0;320
19935;2016;18117.0;Saída;1.0;320
19936;2074;18118.0;Saída;2.0;320
19937;3345;18122.0;Saída;2.0;320
19938;3298;18123.0;Saída;2.0;320
19939;3299;18124.0;Saída;2.0;320
19940;3193;18125.0;Saída;1.0;320
19941;3297;18126.0;Saída;1.0;320
19942;3312;18127.0;Saída;2.0;320
19943;3311;18128.0;Saída;2.0;320
19944;3629;18131.0;Saída;2.0;320
19945;3678;18132.0;Saída;1.0;320
19946;3615;18133.0;Saída;2.0;320
19947;3710;18134.0;Saída;1.0;320
19948;3677;18135.0;Saída;2.0;320
19949;3631;18136.0;Saída;2.0;320
19950;4001;18137.0;Saída;1.0;320
19951;4024;18138.0;Saída;1.0;320
19952;4014;18139.0;Saída;1.0;320
19953;1440;18140.0;Saída;2.0;321
19954;1382;18141.0;Saída;1.0;321
19955;1351;18142.0;Saída;1.0;321
19956;434;18143.0;Saída;2.0;321
19957;433;18144.0;Saída;1.0;321
19958;407;18145.0;Saída;2.0;321
19959;1548;18146.0;Saída;2.0;321
19960;1113;18147.0;Saída;1.0;321
19961;564;18148.0;Saída;2.0;321
19962;639;18149.0;Saída;1.0;321
19963;640;18150.0;Saída;1.0;321
19964;41;18151.0;Saída;2.0;321
19965;15;18152.0;Saída;2.0;321
19966;18;18153.0;Saída;2.0;321
19967;1551;18154.0;Saída;2.0;321
19968;1522;18155.0;Saída;2.0;321
19969;1543;18156.0;Saída;2.0;321
19970;1267;18160.0;Saída;1.0;321
19971;1228;18161.0;Saída;2.0;321
19972;1206;18162.0;Saída;2.0;321
19973;649;18163.0;Saída;1.0;321
19974;652;18164.0;Saída;1.0;321
19975;265;18165.0;Saída;1.0;321
19976;957;18166.0;Saída;1.0;321
19977;941;18167.0;Saída;1.0;321
19978;954;18168.0;Saída;1.0;321
19979;2072;18169.0;Saída;1.0;321
19980;2017;18170.0;Saída;1.0;321
19981;1838;18171.0;Saída;1.0;321
19982;2420;18172.0;Saída;2.0;321
19983;2509;18173.0;Saída;2.0;321
19984;2550;18174.0;Saída;1.0;321
19985;2544;18175.0;Saída;1.0;321
19986;2261;18176.0;Saída;2.0;321
19987;2251;18177.0;Saída;1.0;321
19988;2260;18178.0;Saída;2.0;321
19989;2315;18179.0;Saída;1.0;321
19990;2490;18180.0;Saída;1.0;321
19991;2486;18181.0;Saída;2.0;321
19992;2546;18182.0;Saída;2.0;321
19993;3201;18186.0;Saída;2.0;321
19994;3215;18187.0;Saída;1.0;321
19995;3206;18188.0;Saída;1.0;321
19996;2739;18189.0;Saída;1.0;321
19997;2724;18190.0;Saída;1.0;321
19998;2735;18191.0;Saída;2.0;321
19999;3196;18192.0;Saída;1.0;321
20000;3181;18193.0;Saída;1.0;321
20001;3197;18194.0;Saída;1.0;321
20002;3131;18195.0;Saída;2.0;321
20003;2727;18196.0;Saída;1.0;321
20004;2771;18197.0;Saída;1.0;321
20005;3670;18202.0;Saída;2.0;321
20006;3993;18203.0;Saída;1.0;321
20007;3956;18204.0;Saída;2.0;321
20008;1705;18205.0;Saída;2.0;322
20009;1746;18206.0;Saída;2.0;322
20010;487;18207.0;Saída;2.0;322
20011;497;18208.0;Saída;2.0;322
20012;968;18211.0;Saída;2.0;322
20013;1117;18212.0;Saída;1.0;322
20014;1184;18214.0;Saída;1.0;322
20015;553;18215.0;Saída;1.0;322
20016;490;18216.0;Saída;2.0;322
20017;806;18217.0;Saída;1.0;322
20018;868;18218.0;Saída;2.0;322
20019;862;18219.0;Saída;2.0;322
20020;406;18220.0;Saída;2.0;322
20021;425;18221.0;Saída;2.0;322
20022;423;18222.0;Saída;1.0;322
20023;399;18226.0;Saída;1.0;322
20024;366;18227.0;Saída;1.0;322
20025;258;18228.0;Saída;1.0;322
20026;272;18229.0;Saída;1.0;322
20027;2181;18230.0;Saída;1.0;322
20028;2162;18231.0;Saída;2.0;322
20029;1961;18232.0;Saída;2.0;322
20030;2398;18233.0;Saída;2.0;322
20031;2382;18234.0;Saída;1.0;322
20032;2322;18235.0;Saída;2.0;322
20033;2385;18236.0;Saída;1.0;322
20034;2355;18237.0;Saída;2.0;322
20035;2362;18238.0;Saída;1.0;322
20036;2353;18239.0;Saída;1.0;322
20037;2363;18240.0;Saída;2.0;322
20038;2062;18241.0;Saída;1.0;322
20039;2009;18242.0;Saída;2.0;322
20040;2668;18243.0;Saída;1.0;322
20041;2999;18244.0;Saída;2.0;322
20042;3001;18245.0;Saída;1.0;322
20043;3035;18246.0;Saída;1.0;322
20044;2801;18247.0;Saída;1.0;322
20045;2839;18248.0;Saída;2.0;322
20046;2874;18249.0;Saída;1.0;322
20047;2820;18250.0;Saída;1.0;322
20048;2876;18251.0;Saída;1.0;322
20049;2839;18252.0;Saída;2.0;322
20050;3214;18253.0;Saída;1.0;322
20051;3678;18254.0;Saída;2.0;322
20052;3604;18255.0;Saída;1.0;322
20053;3859;18256.0;Saída;1.0;322
20054;4081;18257.0;Saída;2.0;322
20055;4082;18258.0;Saída;2.0;322
20056;4090;18259.0;Saída;2.0;322
20057;1670;18260.0;Saída;2.0;323
20058;1629;18261.0;Saída;1.0;323
20059;440;18262.0;Saída;1.0;323
20060;427;18263.0;Saída;1.0;323
20061;428;18264.0;Saída;1.0;323
20062;67;18265.0;Saída;1.0;323
20063;20;18266.0;Saída;2.0;323
20064;398;18267.0;Saída;2.0;323
20065;400;18268.0;Saída;1.0;323
20066;412;18269.0;Saída;2.0;323
20067;1140;18270.0;Saída;2.0;323
20068;1199;18271.0;Saída;1.0;323
20069;833;18272.0;Saída;2.0;323
20070;802;18273.0;Saída;1.0;323
20071;102;18274.0;Saída;1.0;323
20072;142;18275.0;Saída;2.0;323
20073;464;18276.0;Saída;1.0;323
20074;442;18277.0;Saída;1.0;323
20075;16;18278.0;Saída;2.0;323
20076;1748;18279.0;Saída;2.0;323
20077;1687;18280.0;Saída;1.0;323
20078;1745;18281.0;Saída;1.0;323
20079;498;18284.0;Saída;1.0;323
20080;550;18285.0;Saída;1.0;323
20081;2264;18287.0;Saída;2.0;323
20082;2318;18288.0;Saída;1.0;323
20083;2263;18289.0;Saída;2.0;323
20084;2158;18290.0;Saída;1.0;323
20085;1913;18293.0;Saída;1.0;323
20086;1874;18294.0;Saída;1.0;323
20087;1881;18295.0;Saída;2.0;323
20088;2617;18296.0;Saída;1.0;323
20089;2577;18297.0;Saída;1.0;323
20090;2637;18298.0;Saída;1.0;323
20091;2678;18299.0;Saída;2.0;323
20092;2569;18300.0;Saída;1.0;323
20093;2576;18301.0;Saída;1.0;323
20094;2561;18302.0;Saída;2.0;323
20095;3443;18303.0;Saída;1.0;323
20096;3444;18304.0;Saída;1.0;323
20097;3449;18305.0;Saída;1.0;323
20098;3568;18306.0;Saída;1.0;323
20099;3963;18307.0;Saída;1.0;323
20100;3778;18308.0;Saída;2.0;323
20101;3762;18309.0;Saída;1.0;323
20102;1289;18310.0;Saída;2.0;324
20103;1296;18311.0;Saída;2.0;324
20104;89;18312.0;Saída;2.0;324
20105;160;18313.0;Saída;1.0;324
20106;1556;18314.0;Saída;1.0;324
20107;1534;18315.0;Saída;1.0;324
20108;1142;18316.0;Saída;1.0;324
20109;1161;18317.0;Saída;2.0;324
20110;614;18318.0;Saída;2.0;324
20111;611;18319.0;Saída;2.0;324
20112;657;18320.0;Saída;1.0;324
20113;1090;18321.0;Saída;1.0;324
20114;1109;18322.0;Saída;2.0;324
20115;482;18324.0;Saída;1.0;324
20116;222;18325.0;Saída;1.0;324
20117;169;18326.0;Saída;1.0;324
20118;1129;18327.0;Saída;2.0;324
20119;1192;18328.0;Saída;1.0;324
20120;28;18329.0;Saída;2.0;324
20121;6;18330.0;Saída;1.0;324
20122;68;18331.0;Saída;1.0;324
20123;600;18332.0;Saída;1.0;324
20124;1139;18333.0;Saída;2.0;324
20125;1200;18334.0;Saída;2.0;324
20126;1670;18335.0;Saída;2.0;324
20127;2484;18336.0;Saída;1.0;324
20128;2085;18340.0;Saída;2.0;324
20129;2096;18341.0;Saída;1.0;324
20130;2343;18342.0;Saída;2.0;324
20131;2323;18343.0;Saída;1.0;324
20132;2328;18344.0;Saída;2.0;324
20133;2234;18345.0;Saída;2.0;324
20134;2225;18346.0;Saída;1.0;324
20135;2163;18347.0;Saída;2.0;324
20136;2154;18348.0;Saída;1.0;324
20137;2158;18349.0;Saída;2.0;324
20138;3331;18350.0;Saída;1.0;324
20139;3347;18351.0;Saída;1.0;324
20140;2886;18352.0;Saída;2.0;324
20141;2888;18353.0;Saída;1.0;324
20142;3119;18354.0;Saída;1.0;324
20143;3042;18355.0;Saída;2.0;324
20144;3104;18356.0;Saída;1.0;324
20145;2753;18358.0;Saída;1.0;324
20146;2731;18359.0;Saída;2.0;324
20147;2771;18360.0;Saída;2.0;324
20148;2755;18361.0;Saída;2.0;324
20149;3296;18362.0;Saída;1.0;324
20150;3307;18363.0;Saída;2.0;324
20151;3359;18364.0;Saída;2.0;324
20152;3248;18365.0;Saída;2.0;324
20153;3273;18366.0;Saída;2.0;324
20154;3747;18372.0;Saída;2.0;324
20155;3694;18373.0;Saída;2.0;324
20156;3698;18374.0;Saída;2.0;324
20157;3963;18375.0;Saída;1.0;324
20158;3950;18376.0;Saída;2.0;324
20159;3999;18377.0;Saída;1.0;324
20160;3930;18378.0;Saída;1.0;324
20161;3940;18379.0;Saída;1.0;324
20162;1368;18380.0;Saída;1.0;325
20163;1333;18381.0;Saída;1.0;325
20164;1288;18382.0;Saída;1.0;325
20165;196;18383.0;Saída;1.0;325
20166;1136;18384.0;Saída;1.0;325
20167;1374;18385.0;Saída;1.0;325
20168;1526;18386.0;Saída;1.0;325
20169;1535;18387.0;Saída;1.0;325
20170;1593;18388.0;Saída;2.0;325
20171;313;18389.0;Saída;2.0;325
20172;316;18390.0;Saída;2.0;325
20173;294;18391.0;Saída;2.0;325
20174;315;18392.0;Saída;1.0;325
20175;249;18393.0;Saída;1.0;325
20176;387;18394.0;Saída;2.0;325
20177;394;18395.0;Saída;2.0;325
20178;1216;18396.0;Saída;2.0;325
20179;1244;18397.0;Saída;2.0;325
20180;223;18398.0;Saída;2.0;325
20181;226;18399.0;Saída;1.0;325
20182;1524;18400.0;Saída;2.0;325
20183;1585;18401.0;Saída;2.0;325
20184;1595;18402.0;Saída;1.0;325
20185;1226;18403.0;Saída;1.0;325
20186;1230;18404.0;Saída;2.0;325
20187;832;18405.0;Saída;2.0;325
20188;872;18406.0;Saída;1.0;325
20189;831;18407.0;Saída;2.0;325
20190;1311;18408.0;Saída;2.0;325
20191;1292;18409.0;Saída;1.0;325
20192;1107;18410.0;Saída;1.0;325
20193;1046;18411.0;Saída;2.0;325
20194;1045;18412.0;Saída;2.0;325
20195;557;18413.0;Saída;2.0;325
20196;1074;18414.0;Saída;1.0;325
20197;1865;18415.0;Saída;2.0;325
20198;1863;18416.0;Saída;1.0;325
20199;2225;18420.0;Saída;1.0;325
20200;2212;18421.0;Saída;2.0;325
20201;2258;18422.0;Saída;2.0;325
20202;2304;18423.0;Saída;2.0;325
20203;2146;18424.0;Saída;2.0;325
20204;2123;18425.0;Saída;2.0;325
20205;2355;18426.0;Saída;2.0;325
20206;2394;18427.0;Saída;1.0;325
20207;2339;18428.0;Saída;2.0;325
20208;2080;18429.0;Saída;2.0;325
20209;3040;18433.0;Saída;2.0;325
20210;2992;18434.0;Saída;1.0;325
20211;3039;18435.0;Saída;1.0;325
20212;2640;18436.0;Saída;1.0;325
20213;2561;18437.0;Saída;2.0;325
20214;2562;18438.0;Saída;1.0;325
20215;3316;18439.0;Saída;2.0;325
20216;3360;18440.0;Saída;1.0;325
20217;2638;18441.0;Saída;2.0;325
20218;2963;18442.0;Saída;2.0;325
20219;2961;18443.0;Saída;2.0;325
20220;3616;18445.0;Saída;2.0;325
20221;3643;18446.0;Saída;2.0;325
20222;3668;18447.0;Saída;2.0;325
20223;3606;18448.0;Saída;1.0;325
20224;3489;18449.0;Saída;1.0;325
20225;3520;18450.0;Saída;1.0;325
20226;3478;18451.0;Saída;1.0;325
20227;3812;18452.0;Saída;1.0;325
20228;3834;18453.0;Saída;2.0;325
20229;3782;18454.0;Saída;1.0;325
20230;4309;18455.0;Saída;2.0;325
20231;4306;18456.0;Saída;2.0;325
20232;4260;18457.0;Saída;2.0;325
20233;500;18458.0;Saída;1.0;326
20234;177;18459.0;Saída;2.0;326
20235;228;18460.0;Saída;1.0;326
20236;186;18461.0;Saída;1.0;326
20237;1134;18462.0;Saída;2.0;326
20238;146;18463.0;Saída;2.0;326
20239;1045;18464.0;Saída;2.0;326
20240;866;18465.0;Saída;1.0;326
20241;868;18466.0;Saída;2.0;326
20242;1743;18467.0;Saída;1.0;326
20243;1694;18468.0;Saída;1.0;326
20244;1113;18469.0;Saída;2.0;326
20245;1061;18470.0;Saída;2.0;326
20246;597;18471.0;Saída;2.0;326
20247;634;18472.0;Saída;1.0;326
20248;801;18475.0;Saída;1.0;326
20249;810;18476.0;Saída;1.0;326
20250;862;18477.0;Saída;1.0;326
20251;233;18478.0;Saída;1.0;326
20252;195;18479.0;Saída;1.0;326
20253;221;18480.0;Saída;1.0;326
20254;423;18481.0;Saída;1.0;326
20255;478;18482.0;Saída;1.0;326
20256;410;18483.0;Saída;1.0;326
20257;1936;18484.0;Saída;2.0;326
20258;1927;18485.0;Saída;1.0;326
20259;1938;18486.0;Saída;1.0;326
20260;1775;18487.0;Saída;2.0;326
20261;1833;18488.0;Saída;1.0;326
20262;1805;18489.0;Saída;2.0;326
20263;1842;18490.0;Saída;2.0;326
20264;1856;18491.0;Saída;2.0;326
20265;1851;18492.0;Saída;2.0;326
20266;2008;18493.0;Saída;1.0;326
20267;2031;18494.0;Saída;2.0;326
20268;2001;18495.0;Saída;1.0;326
20269;1974;18496.0;Saída;2.0;326
20270;1922;18497.0;Saída;1.0;326
20271;1903;18498.0;Saída;1.0;326
20272;2738;18502.0;Saída;1.0;326
20273;3114;18503.0;Saída;2.0;326
20274;3093;18504.0;Saída;2.0;326
20275;3031;18505.0;Saída;2.0;326
20276;3351;18506.0;Saída;1.0;326
20277;3337;18507.0;Saída;1.0;326
20278;3638;18508.0;Saída;2.0;326
20279;3632;18509.0;Saída;1.0;326
20280;3608;18510.0;Saída;1.0;326
20281;3497;18513.0;Saída;1.0;326
20282;3443;18514.0;Saída;1.0;326
20283;3661;18515.0;Saída;1.0;326
20284;3664;18516.0;Saída;1.0;326
20285;3860;18517.0;Saída;1.0;326
20286;3872;18518.0;Saída;2.0;326
20287;4163;18519.0;Saída;2.0;326
20288;4172;18520.0;Saída;1.0;326
20289;1461;18521.0;Saída;2.0;327
20290;1449;18522.0;Saída;1.0;327
20291;1464;18523.0;Saída;1.0;327
20292;1283;18524.0;Saída;1.0;327
20293;1288;18525.0;Saída;2.0;327
20294;1048;18526.0;Saída;1.0;327
20295;1057;18527.0;Saída;2.0;327
20296;1120;18528.0;Saída;2.0;327
20297;1268;18529.0;Saída;1.0;327
20298;1474;18530.0;Saída;2.0;327
20299;1459;18531.0;Saída;1.0;327
20300;122;18532.0;Saída;1.0;327
20301;99;18533.0;Saída;2.0;327
20302;138;18534.0;Saída;2.0;327
20303;762;18535.0;Saída;2.0;327
20304;788;18536.0;Saída;2.0;327
20305;226;18537.0;Saída;2.0;327
20306;1131;18538.0;Saída;2.0;327
20307;1200;18539.0;Saída;2.0;327
20308;409;18540.0;Saída;1.0;327
20309;404;18541.0;Saída;1.0;327
20310;468;18542.0;Saída;1.0;327
20311;87;18543.0;Saída;2.0;327
20312;113;18544.0;Saída;2.0;327
20313;1609;18545.0;Saída;1.0;327
20314;287;18548.0;Saída;1.0;327
20315;269;18549.0;Saída;1.0;327
20316;254;18550.0;Saída;2.0;327
20317;2329;18551.0;Saída;1.0;327
20318;2335;18552.0;Saída;2.0;327
20319;1913;18553.0;Saída;2.0;327
20320;2159;18554.0;Saída;2.0;327
20321;2091;18555.0;Saída;1.0;327
20322;1996;18556.0;Saída;2.0;327
20323;1948;18557.0;Saída;2.0;327
20324;1944;18558.0;Saída;1.0;327
20325;1997;18559.0;Saída;2.0;327
20326;2661;18560.0;Saída;1.0;327
20327;2710;18561.0;Saída;1.0;327
20328;2656;18562.0;Saída;1.0;327
20329;3261;18563.0;Saída;1.0;327
20330;3286;18564.0;Saída;1.0;327
20331;3279;18565.0;Saída;2.0;327
20332;3225;18566.0;Saída;1.0;327
20333;2867;18567.0;Saída;2.0;327
20334;2844;18568.0;Saída;1.0;327
20335;2836;18569.0;Saída;1.0;327
20336;2820;18570.0;Saída;2.0;327
20337;2880;18571.0;Saída;2.0;327
20338;2862;18572.0;Saída;1.0;327
20339;3138;18573.0;Saída;1.0;327
20340;3122;18574.0;Saída;2.0;327
20341;2723;18575.0;Saída;2.0;327
20342;2749;18576.0;Saída;2.0;327
20343;3597;18577.0;Saída;1.0;327
20344;3564;18578.0;Saída;2.0;327
20345;3522;18579.0;Saída;2.0;327
20346;3662;18580.0;Saída;1.0;327
20347;3661;18581.0;Saída;1.0;327
20348;3680;18582.0;Saída;1.0;327
20349;3709;18583.0;Saída;1.0;327
20350;3681;18584.0;Saída;2.0;327
20351;3752;18585.0;Saída;1.0;327
20352;4086;18587.0;Saída;1.0;327
20353;4082;18588.0;Saída;2.0;327
20354;1592;18589.0;Saída;2.0;328
20355;1554;18590.0;Saída;1.0;328
20356;1488;18595.0;Saída;1.0;328
20357;1502;18596.0;Saída;2.0;328
20358;1514;18597.0;Saída;2.0;328
20359;1504;18601.0;Saída;2.0;328
20360;666;18602.0;Saída;1.0;328
20361;664;18603.0;Saída;1.0;328
20362;1332;18604.0;Saída;1.0;328
20363;1467;18608.0;Saída;2.0;328
20364;1485;18609.0;Saída;1.0;328
20365;693;18610.0;Saída;2.0;328
20366;672;18611.0;Saída;2.0;328
20367;1992;18616.0;Saída;1.0;328
20368;1929;18617.0;Saída;2.0;328
20369;2383;18621.0;Saída;2.0;328
20370;1913;18622.0;Saída;2.0;328
20371;1993;18623.0;Saída;1.0;328
20372;1934;18624.0;Saída;2.0;328
20373;3170;18625.0;Saída;1.0;328
20374;3200;18626.0;Saída;1.0;328
20375;3076;18627.0;Saída;2.0;328
20376;3059;18629.0;Saída;2.0;328
20377;3051;18630.0;Saída;2.0;328
20378;3085;18631.0;Saída;1.0;328
20379;3135;18632.0;Saída;1.0;328
20380;2978;18633.0;Saída;1.0;328
20381;3021;18634.0;Saída;1.0;328
20382;2980;18635.0;Saída;1.0;328
20383;2622;18636.0;Saída;1.0;328
20384;2623;18637.0;Saída;2.0;328
20385;2562;18638.0;Saída;1.0;328
20386;3486;18639.0;Saída;1.0;328
20387;3498;18640.0;Saída;1.0;328
20388;3450;18641.0;Saída;2.0;328
20389;3690;18642.0;Saída;2.0;328
20390;3683;18643.0;Saída;2.0;328
20391;3450;18644.0;Saída;2.0;328
20392;3486;18645.0;Saída;2.0;328
20393;3446;18646.0;Saída;2.0;328
20394;3865;18647.0;Saída;1.0;328
20395;3900;18648.0;Saída;2.0;328
20396;1606;18649.0;Saída;2.0;329
20397;1665;18650.0;Saída;1.0;329
20398;1674;18651.0;Saída;1.0;329
20399;107;18652.0;Saída;2.0;329
20400;143;18653.0;Saída;1.0;329
20401;91;18654.0;Saída;1.0;329
20402;935;18655.0;Saída;1.0;329
20403;1293;18656.0;Saída;2.0;329
20404;961;18657.0;Saída;1.0;329
20405;967;18658.0;Saída;1.0;329
20406;1505;18659.0;Saída;1.0;329
20407;1506;18660.0;Saída;2.0;329
20408;638;18661.0;Saída;2.0;329
20409;571;18662.0;Saída;2.0;329
20410;436;18663.0;Saída;2.0;329
20411;404;18664.0;Saída;1.0;329
20412;426;18665.0;Saída;2.0;329
20413;1030;18666.0;Saída;1.0;329
20414;975;18667.0;Saída;1.0;329
20415;1039;18668.0;Saída;2.0;329
20416;660;18669.0;Saída;1.0;329
20417;683;18670.0;Saída;2.0;329
20418;656;18671.0;Saída;1.0;329
20419;489;18672.0;Saída;1.0;329
20420;891;18673.0;Saída;1.0;329
20421;900;18674.0;Saída;2.0;329
20422;933;18675.0;Saída;2.0;329
20423;1753;18676.0;Saída;2.0;329
20424;1760;18680.0;Saída;1.0;329
20425;1688;18681.0;Saída;1.0;329
20426;1648;18682.0;Saída;2.0;329
20427;1629;18683.0;Saída;1.0;329
20428;1609;18684.0;Saída;1.0;329
20429;1027;18685.0;Saída;2.0;329
20430;1197;18686.0;Saída;1.0;329
20431;1982;18687.0;Saída;2.0;329
20432;2309;18688.0;Saída;1.0;329
20433;2439;18689.0;Saída;2.0;329
20434;2407;18690.0;Saída;1.0;329
20435;2418;18691.0;Saída;2.0;329
20436;2036;18692.0;Saída;1.0;329
20437;2001;18693.0;Saída;2.0;329
20438;2037;18694.0;Saída;2.0;329
20439;2062;18695.0;Saída;1.0;329
20440;2397;18696.0;Saída;1.0;329
20441;2348;18697.0;Saída;2.0;329
20442;2387;18698.0;Saída;1.0;329
20443;3243;18699.0;Saída;2.0;329
20444;3205;18700.0;Saída;1.0;329
20445;3223;18701.0;Saída;2.0;329
20446;3124;18702.0;Saída;2.0;329
20447;3125;18703.0;Saída;2.0;329
20448;2995;18704.0;Saída;1.0;329
20449;2985;18705.0;Saída;1.0;329
20450;2635;18706.0;Saída;2.0;329
20451;2582;18707.0;Saída;1.0;329
20452;2593;18708.0;Saída;2.0;329
20453;3053;18710.0;Saída;2.0;329
20454;3060;18711.0;Saída;2.0;329
20455;3087;18712.0;Saída;2.0;329
20456;2718;18713.0;Saída;1.0;329
20457;2720;18714.0;Saída;2.0;329
20458;2664;18715.0;Saída;1.0;329
20459;3531;18716.0;Saída;2.0;329
20460;3534;18717.0;Saída;2.0;329
20461;3689;18718.0;Saída;2.0;329
20462;3690;18719.0;Saída;1.0;329
20463;3686;18720.0;Saída;2.0;329
20464;3453;18721.0;Saída;1.0;329
20465;3447;18722.0;Saída;1.0;329
20466;3476;18723.0;Saída;1.0;329
20467;3534;18724.0;Saída;1.0;329
20468;3825;18725.0;Saída;1.0;329
20469;781;18729.0;Saída;1.0;330
20470;798;18730.0;Saída;1.0;330
20471;797;18731.0;Saída;2.0;330
20472;65;18732.0;Saída;1.0;330
20473;38;18733.0;Saída;2.0;330
20474;1591;18734.0;Saída;1.0;330
20475;1537;18735.0;Saída;2.0;330
20476;1521;18736.0;Saída;1.0;330
20477;567;18737.0;Saída;2.0;330
20478;1343;18738.0;Saída;2.0;330
20479;1355;18739.0;Saída;1.0;330
20480;702;18740.0;Saída;2.0;330
20481;673;18741.0;Saída;1.0;330
20482;677;18742.0;Saída;2.0;330
20483;1211;18743.0;Saída;2.0;330
20484;703;18744.0;Saída;2.0;330
20485;704;18745.0;Saída;2.0;330
20486;14;18746.0;Saída;2.0;330
20487;817;18747.0;Saída;1.0;330
20488;1098;18748.0;Saída;1.0;330
20489;813;18750.0;Saída;2.0;330
20490;815;18751.0;Saída;1.0;330
20491;1027;18752.0;Saída;1.0;330
20492;979;18753.0;Saída;1.0;330
20493;255;18755.0;Saída;2.0;330
20494;484;18756.0;Saída;2.0;330
20495;487;18757.0;Saída;1.0;330
20496;559;18758.0;Saída;1.0;330
20497;313;18759.0;Saída;1.0;330
20498;316;18760.0;Saída;1.0;330
20499;308;18761.0;Saída;1.0;330
20500;956;18762.0;Saída;1.0;330
20501;921;18763.0;Saída;2.0;330
20502;895;18764.0;Saída;1.0;330
20503;1916;18765.0;Saída;2.0;330
20504;2480;18766.0;Saída;2.0;330
20505;2402;18767.0;Saída;1.0;330
20506;1768;18768.0;Saída;2.0;330
20507;1808;18769.0;Saída;2.0;330
20508;1790;18770.0;Saída;2.0;330
20509;2196;18774.0;Saída;1.0;330
20510;2200;18775.0;Saída;1.0;330
20511;2301;18776.0;Saída;2.0;330
20512;2308;18777.0;Saída;2.0;330
20513;1822;18778.0;Saída;2.0;330
20514;1777;18779.0;Saída;1.0;330
20515;1817;18780.0;Saída;1.0;330
20516;2476;18781.0;Saída;2.0;330
20517;2463;18782.0;Saída;1.0;330
20518;2941;18783.0;Saída;1.0;330
20519;2972;18784.0;Saída;2.0;330
20520;2876;18788.0;Saída;2.0;330
20521;2861;18789.0;Saída;2.0;330
20522;2955;18792.0;Saída;2.0;330
20523;2904;18793.0;Saída;1.0;330
20524;2886;18794.0;Saída;1.0;330
20525;3297;18795.0;Saída;1.0;330
20526;3545;18796.0;Saída;2.0;330
20527;3384;18797.0;Saída;2.0;330
20528;3394;18798.0;Saída;2.0;330
20529;4195;18800.0;Saída;1.0;330
20530;1649;18801.0;Saída;1.0;331
20531;1297;18802.0;Saída;2.0;331
20532;473;18803.0;Saída;2.0;331
20533;417;18804.0;Saída;2.0;331
20534;438;18805.0;Saída;1.0;331
20535;1254;18811.0;Saída;2.0;331
20536;681;18812.0;Saída;2.0;331
20537;665;18813.0;Saída;2.0;331
20538;688;18814.0;Saída;1.0;331
20539;1275;18815.0;Saída;2.0;331
20540;1280;18816.0;Saída;1.0;331
20541;1255;18821.0;Saída;2.0;331
20542;1215;18822.0;Saída;2.0;331
20543;1239;18823.0;Saída;2.0;331
20544;2039;18824.0;Saída;2.0;331
20545;2131;18825.0;Saída;1.0;331
20546;2150;18826.0;Saída;2.0;331
20547;2090;18827.0;Saída;1.0;331
20548;2153;18828.0;Saída;1.0;331
20549;2132;18829.0;Saída;2.0;331
20550;2088;18830.0;Saída;1.0;331
20551;2107;18831.0;Saída;1.0;331
20552;2098;18832.0;Saída;1.0;331
20553;2303;18833.0;Saída;1.0;331
20554;2305;18834.0;Saída;1.0;331
20555;2259;18835.0;Saída;2.0;331
20556;2132;18836.0;Saída;2.0;331
20557;2155;18837.0;Saída;2.0;331
20558;2095;18838.0;Saída;1.0;331
20559;2988;18839.0;Saída;2.0;331
20560;2977;18840.0;Saída;2.0;331
20561;3133;18843.0;Saída;2.0;331
20562;3181;18844.0;Saída;2.0;331
20563;3300;18845.0;Saída;2.0;331
20564;3345;18846.0;Saída;1.0;331
20565;3327;18847.0;Saída;2.0;331
20566;2894;18848.0;Saída;2.0;331
20567;3446;18851.0;Saída;1.0;331
20568;3592;18852.0;Saída;2.0;331
20569;3683;18853.0;Saída;2.0;331
20570;4276;18854.0;Saída;2.0;331
20571;4315;18855.0;Saída;1.0;331
20572;4245;18856.0;Saída;1.0;331
20573;1375;18857.0;Saída;2.0;332
20574;577;18858.0;Saída;2.0;332
20575;622;18859.0;Saída;1.0;332
20576;1523;18860.0;Saída;2.0;332
20577;1588;18863.0;Saída;1.0;332
20578;1586;18864.0;Saída;2.0;332
20579;470;18865.0;Saída;1.0;332
20580;480;18866.0;Saída;2.0;332
20581;475;18867.0;Saída;1.0;332
20582;19;18868.0;Saída;2.0;332
20583;62;18869.0;Saída;1.0;332
20584;76;18870.0;Saída;1.0;332
20585;1512;18871.0;Saída;2.0;332
20586;1463;18872.0;Saída;1.0;332
20587;1515;18873.0;Saída;1.0;332
20588;489;18874.0;Saída;2.0;332
20589;1702;18875.0;Saída;2.0;332
20590;1697;18876.0;Saída;1.0;332
20591;1713;18877.0;Saída;1.0;332
20592;945;18880.0;Saída;2.0;332
20593;923;18881.0;Saída;1.0;332
20594;944;18882.0;Saída;2.0;332
20595;1859;18883.0;Saída;2.0;332
20596;2137;18884.0;Saída;2.0;332
20597;2100;18885.0;Saída;1.0;332
20598;2083;18886.0;Saída;1.0;332
20599;2517;18889.0;Saída;1.0;332
20600;2499;18890.0;Saída;2.0;332
20601;2484;18891.0;Saída;2.0;332
20602;1793;18893.0;Saída;2.0;332
20603;3290;18894.0;Saída;1.0;332
20604;3308;18895.0;Saída;2.0;332
20605;3101;18896.0;Saída;2.0;332
20606;2705;18897.0;Saída;2.0;332
20607;2688;18898.0;Saída;1.0;332
20608;2693;18899.0;Saída;1.0;332
20609;3111;18900.0;Saída;2.0;332
20610;3057;18901.0;Saída;2.0;332
20611;2577;18902.0;Saída;2.0;332
20612;3460;18903.0;Saída;2.0;332
20613;3462;18904.0;Saída;1.0;332
20614;3748;18905.0;Saída;2.0;332
20615;3692;18906.0;Saída;1.0;332
20616;3557;18909.0;Saída;2.0;332
20617;3535;18910.0;Saída;2.0;332
20618;4149;18913.0;Saída;1.0;332
20619;4126;18914.0;Saída;1.0;332
20620;547;18915.0;Saída;2.0;333
20621;509;18916.0;Saída;2.0;333
20622;489;18917.0;Saída;1.0;333
20623;1526;18918.0;Saída;1.0;333
20624;1577;18919.0;Saída;1.0;333
20625;1552;18920.0;Saída;1.0;333
20626;1143;18922.0;Saída;2.0;333
20627;1147;18923.0;Saída;2.0;333
20628;511;18924.0;Saída;1.0;333
20629;529;18925.0;Saída;2.0;333
20630;1041;18927.0;Saída;1.0;333
20631;1108;18928.0;Saída;2.0;333
20632;1056;18929.0;Saída;1.0;333
20633;1229;18930.0;Saída;2.0;333
20634;1323;18934.0;Saída;2.0;333
20635;1059;18935.0;Saída;1.0;333
20636;1108;18936.0;Saída;2.0;333
20637;1069;18937.0;Saída;2.0;333
20638;845;18938.0;Saída;1.0;333
20639;878;18939.0;Saída;2.0;333
20640;1716;18940.0;Saída;1.0;333
20641;1695;18941.0;Saída;2.0;333
20642;857;18942.0;Saída;2.0;333
20643;807;18943.0;Saída;2.0;333
20644;12;18944.0;Saída;1.0;333
20645;21;18945.0;Saída;1.0;333
20646;15;18946.0;Saída;2.0;333
20647;17;18947.0;Saída;1.0;333
20648;1253;18948.0;Saída;1.0;333
20649;1270;18949.0;Saída;1.0;333
20650;1493;18950.0;Saída;2.0;333
20651;1455;18951.0;Saída;2.0;333
20652;1999;18952.0;Saída;2.0;333
20653;2152;18954.0;Saída;2.0;333
20654;2265;18958.0;Saída;1.0;333
20655;2253;18959.0;Saída;1.0;333
20656;2255;18960.0;Saída;2.0;333
20657;2984;18963.0;Saída;2.0;333
20658;3016;18964.0;Saída;2.0;333
20659;3026;18965.0;Saída;1.0;333
20660;3123;18966.0;Saída;1.0;333
20661;3160;18967.0;Saída;2.0;333
20662;3152;18968.0;Saída;2.0;333
20663;3196;18972.0;Saída;2.0;333
20664;3191;18973.0;Saída;1.0;333
20665;3287;18974.0;Saída;2.0;333
20666;3110;18975.0;Saída;2.0;333
20667;3103;18976.0;Saída;2.0;333
20668;3347;18977.0;Saída;1.0;333
20669;3234;18978.0;Saída;1.0;333
20670;3268;18979.0;Saída;2.0;333
20671;3463;18980.0;Saída;1.0;333
20672;3517;18981.0;Saída;1.0;333
20673;3512;18982.0;Saída;1.0;333
20674;3703;18983.0;Saída;1.0;333
20675;3719;18984.0;Saída;1.0;333
20676;3757;18985.0;Saída;2.0;333
20677;3659;18986.0;Saída;2.0;333
20678;3475;18987.0;Saída;1.0;333
20679;4096;18988.0;Saída;2.0;333
20680;3975;18989.0;Saída;1.0;333
20681;1620;18990.0;Saída;1.0;334
20682;1675;18991.0;Saída;2.0;334
20683;1088;18992.0;Saída;2.0;334
20684;958;18993.0;Saída;2.0;334
20685;945;18994.0;Saída;2.0;334
20686;941;18995.0;Saída;1.0;334
20687;1510;18996.0;Saída;2.0;334
20688;1444;18997.0;Saída;1.0;334
20689;1443;18998.0;Saída;2.0;334
20690;244;18999.0;Saída;1.0;334
20691;311;19000.0;Saída;1.0;334
20692;242;19001.0;Saída;1.0;334
20693;969;19002.0;Saída;2.0;334
20694;225;19003.0;Saída;2.0;334
20695;643;19004.0;Saída;1.0;334
20696;683;19005.0;Saída;2.0;334
20697;711;19006.0;Saída;1.0;334
20698;57;19007.0;Saída;1.0;334
20699;10;19008.0;Saída;2.0;334
20700;659;19011.0;Saída;2.0;334
20701;663;19012.0;Saída;1.0;334
20702;41;19013.0;Saída;2.0;334
20703;1525;19014.0;Saída;2.0;334
20704;1557;19015.0;Saída;1.0;334
20705;1540;19016.0;Saída;1.0;334
20706;978;19017.0;Saída;1.0;334
20707;1037;19018.0;Saída;2.0;334
20708;1003;19019.0;Saída;2.0;334
20709;1505;19020.0;Saída;2.0;334
20710;1470;19021.0;Saída;1.0;334
20711;2037;19022.0;Saída;2.0;334
20712;1905;19023.0;Saída;2.0;334
20713;2267;19024.0;Saída;1.0;334
20714;2254;19025.0;Saída;1.0;334
20715;2546;19026.0;Saída;2.0;334
20716;2545;19027.0;Saída;2.0;334
20717;3227;19030.0;Saída;1.0;334
20718;3275;19031.0;Saída;1.0;334
20719;2702;19033.0;Saída;2.0;334
20720;2957;19034.0;Saída;1.0;334
20721;2946;19035.0;Saída;1.0;334
20722;3140;19036.0;Saída;2.0;334
20723;3199;19037.0;Saída;2.0;334
20724;3149;19038.0;Saída;1.0;334
20725;3104;19039.0;Saída;2.0;334
20726;3050;19040.0;Saída;1.0;334
20727;3073;19041.0;Saída;2.0;334
20728;3373;19042.0;Saída;2.0;334
20729;3433;19043.0;Saída;2.0;334
20730;3368;19044.0;Saída;1.0;334
20731;3729;19045.0;Saída;1.0;334
20732;3752;19046.0;Saída;1.0;334
20733;3750;19047.0;Saída;1.0;334
20734;3596;19048.0;Saída;2.0;334
20735;3586;19049.0;Saída;1.0;334
20736;4318;19052.0;Saída;2.0;334
20737;4304;19053.0;Saída;1.0;334
20738;3950;19054.0;Saída;2.0;334
20739;3930;19055.0;Saída;2.0;334
20740;1427;19056.0;Saída;1.0;335
20741;448;19057.0;Saída;1.0;335
20742;462;19058.0;Saída;2.0;335
20743;726;19059.0;Saída;2.0;335
20744;799;19060.0;Saída;2.0;335
20745;800;19061.0;Saída;1.0;335
20746;644;19062.0;Saída;2.0;335
20747;959;19063.0;Saída;2.0;335
20748;886;19064.0;Saída;2.0;335
20749;452;19065.0;Saída;2.0;335
20750;444;19066.0;Saída;1.0;335
20751;414;19067.0;Saída;1.0;335
20752;161;19068.0;Saída;1.0;335
20753;236;19069.0;Saída;1.0;335
20754;234;19070.0;Saída;2.0;335
20755;1380;19071.0;Saída;1.0;335
20756;1091;19072.0;Saída;1.0;335
20757;1077;19073.0;Saída;1.0;335
20758;1118;19074.0;Saída;2.0;335
20759;1201;19075.0;Saída;2.0;335
20760;1271;19076.0;Saída;2.0;335
20761;955;19077.0;Saída;1.0;335
20762;474;19078.0;Saída;2.0;335
20763;417;19079.0;Saída;2.0;335
20764;431;19080.0;Saída;2.0;335
20765;830;19081.0;Saída;2.0;335
20766;1066;19082.0;Saída;1.0;335
20767;1070;19083.0;Saída;1.0;335
20768;3;19084.0;Saída;2.0;335
20769;19;19085.0;Saída;2.0;335
20770;1549;19086.0;Saída;2.0;335
20771;1536;19087.0;Saída;1.0;335
20772;1559;19088.0;Saída;2.0;335
20773;636;19092.0;Saída;1.0;335
20774;567;19093.0;Saída;1.0;335
20775;570;19094.0;Saída;1.0;335
20776;549;19095.0;Saída;1.0;335
20777;485;19096.0;Saída;2.0;335
20778;2483;19097.0;Saída;2.0;335
20779;2506;19098.0;Saída;2.0;335
20780;2461;19099.0;Saída;2.0;335
20781;2452;19100.0;Saída;1.0;335
20782;2412;19101.0;Saída;2.0;335
20783;1952;19102.0;Saída;2.0;335
20784;1923;19103.0;Saída;2.0;335
20785;2536;19104.0;Saída;1.0;335
20786;2519;19105.0;Saída;2.0;335
20787;2482;19106.0;Saída;1.0;335
20788;2489;19107.0;Saída;2.0;335
20789;2508;19108.0;Saída;1.0;335
20790;2441;19109.0;Saída;1.0;335
20791;2420;19110.0;Saída;1.0;335
20792;2405;19111.0;Saída;1.0;335
20793;1870;19112.0;Saída;2.0;335
20794;2726;19113.0;Saída;2.0;335
20795;2574;19114.0;Saída;1.0;335
20796;2566;19115.0;Saída;2.0;335
20797;3039;19116.0;Saída;1.0;335
20798;3068;19117.0;Saída;1.0;335
20799;2579;19118.0;Saída;2.0;335
20800;2595;19119.0;Saída;1.0;335
20801;3629;19124.0;Saída;2.0;335
20802;3639;19125.0;Saída;1.0;335
20803;3606;19126.0;Saída;1.0;335
20804;3378;19127.0;Saída;2.0;335
20805;3374;19128.0;Saída;2.0;335
20806;3504;19129.0;Saída;2.0;335
20807;3389;19130.0;Saída;2.0;335
20808;3366;19131.0;Saída;2.0;335
20809;4082;19132.0;Saída;1.0;335
20810;3838;19133.0;Saída;2.0;335
20811;1606;19134.0;Saída;1.0;336
20812;1663;19135.0;Saída;2.0;336
20813;102;19136.0;Saída;2.0;336
20814;1437;19137.0;Saída;2.0;336
20815;1379;19138.0;Saída;1.0;336
20816;1554;19139.0;Saída;1.0;336
20817;1534;19140.0;Saída;1.0;336
20818;1267;19141.0;Saída;1.0;336
20819;1214;19142.0;Saída;2.0;336
20820;1249;19143.0;Saída;1.0;336
20821;1351;19144.0;Saída;1.0;336
20822;485;19145.0;Saída;2.0;336
20823;500;19146.0;Saída;1.0;336
20824;1503;19147.0;Saída;2.0;336
20825;167;19148.0;Saída;1.0;336
20826;173;19149.0;Saída;2.0;336
20827;180;19150.0;Saída;1.0;336
20828;570;19151.0;Saída;2.0;336
20829;1324;19152.0;Saída;1.0;336
20830;579;19153.0;Saída;1.0;336
20831;639;19154.0;Saída;2.0;336
20832;599;19155.0;Saída;1.0;336
20833;487;19156.0;Saída;1.0;336
20834;498;19157.0;Saída;2.0;336
20835;1281;19158.0;Saída;2.0;336
20836;1425;19159.0;Saída;2.0;336
20837;1397;19160.0;Saída;1.0;336
20838;186;19161.0;Saída;1.0;336
20839;165;19162.0;Saída;2.0;336
20840;223;19163.0;Saída;1.0;336
20841;1040;19164.0;Saída;2.0;336
20842;967;19165.0;Saída;1.0;336
20843;1958;19167.0;Saída;1.0;336
20844;1927;19168.0;Saída;1.0;336
20845;2228;19169.0;Saída;2.0;336
20846;2419;19170.0;Saída;2.0;336
20847;2470;19171.0;Saída;2.0;336
20848;2412;19172.0;Saída;2.0;336
20849;2086;19173.0;Saída;2.0;336
20850;2091;19174.0;Saída;1.0;336
20851;2081;19175.0;Saída;1.0;336
20852;2169;19177.0;Saída;2.0;336
20853;2180;19178.0;Saída;2.0;336
20854;2164;19179.0;Saída;1.0;336
20855;2000;19180.0;Saída;2.0;336
20856;2243;19181.0;Saída;1.0;336
20857;2250;19182.0;Saída;2.0;336
20858;2296;19183.0;Saída;2.0;336
20859;3038;19184.0;Saída;2.0;336
20860;3255;19185.0;Saída;1.0;336
20861;3264;19186.0;Saída;2.0;336
20862;3220;19187.0;Saída;2.0;336
20863;3184;19188.0;Saída;1.0;336
20864;3191;19189.0;Saída;1.0;336
20865;3196;19190.0;Saída;2.0;336
20866;2945;19191.0;Saída;2.0;336
20867;2647;19193.0;Saída;1.0;336
20868;2659;19194.0;Saída;2.0;336
20869;2703;19195.0;Saída;1.0;336
20870;2561;19196.0;Saída;2.0;336
20871;2579;19197.0;Saída;2.0;336
20872;2610;19198.0;Saída;1.0;336
20873;2992;19199.0;Saída;1.0;336
20874;2976;19200.0;Saída;1.0;336
20875;3458;19201.0;Saída;2.0;336
20876;3513;19202.0;Saída;2.0;336
20877;3652;19203.0;Saída;1.0;336
20878;3601;19204.0;Saída;2.0;336
20879;3681;19205.0;Saída;2.0;336
20880;3682;19206.0;Saída;2.0;336
20881;3708;19207.0;Saída;1.0;336
20882;3630;19208.0;Saída;2.0;336
20883;3424;19209.0;Saída;1.0;336
20884;3421;19210.0;Saída;1.0;336
20885;4247;19211.0;Saída;2.0;336
20886;4317;19212.0;Saída;2.0;336
20887;1753;19213.0;Saída;2.0;337
20888;1725;19214.0;Saída;2.0;337
20889;1696;19215.0;Saída;2.0;337
20890;288;19216.0;Saída;2.0;337
20891;316;19217.0;Saída;2.0;337
20892;575;19218.0;Saída;2.0;337
20893;615;19219.0;Saída;2.0;337
20894;568;19220.0;Saída;1.0;337
20895;85;19221.0;Saída;2.0;337
20896;489;19222.0;Saída;1.0;337
20897;483;19223.0;Saída;1.0;337
20898;293;19224.0;Saída;2.0;337
20899;263;19225.0;Saída;1.0;337
20900;469;19226.0;Saída;2.0;337
20901;410;19227.0;Saída;1.0;337
20902;441;19228.0;Saída;1.0;337
20903;486;19229.0;Saída;2.0;337
20904;553;19230.0;Saída;1.0;337
20905;549;19231.0;Saída;1.0;337
20906;560;19232.0;Saída;2.0;337
20907;481;19233.0;Saída;2.0;337
20908;1634;19234.0;Saída;2.0;337
20909;1331;19235.0;Saída;2.0;337
20910;1351;19236.0;Saída;1.0;337
20911;1298;19237.0;Saída;1.0;337
20912;1540;19238.0;Saída;1.0;337
20913;1525;19239.0;Saída;2.0;337
20914;1589;19240.0;Saída;1.0;337
20915;1113;19243.0;Saída;1.0;337
20916;1053;19244.0;Saída;1.0;337
20917;1072;19245.0;Saída;1.0;337
20918;1539;19248.0;Saída;2.0;337
20919;1542;19249.0;Saída;2.0;337
20920;1549;19250.0;Saída;2.0;337
20921;105;19252.0;Saída;2.0;337
20922;2260;19253.0;Saída;2.0;337
20923;2307;19254.0;Saída;2.0;337
20924;2278;19258.0;Saída;1.0;337
20925;2281;19259.0;Saída;2.0;337
20926;2250;19260.0;Saída;1.0;337
20927;1768;19261.0;Saída;2.0;337
20928;1787;19262.0;Saída;2.0;337
20929;2557;19263.0;Saída;1.0;337
20930;2535;19264.0;Saída;1.0;337
20931;2505;19265.0;Saída;1.0;337
20932;1784;19266.0;Saída;1.0;337
20933;1789;19267.0;Saída;2.0;337
20934;1767;19268.0;Saída;1.0;337
20935;2075;19269.0;Saída;1.0;337
20936;2770;19270.0;Saída;1.0;337
20937;3354;19271.0;Saída;2.0;337
20938;3358;19272.0;Saída;2.0;337
20939;3024;19275.0;Saída;1.0;337
20940;2630;19276.0;Saída;1.0;337
20941;2624;19277.0;Saída;1.0;337
20942;2640;19278.0;Saída;1.0;337
20943;3637;19281.0;Saída;1.0;337
20944;3624;19282.0;Saída;1.0;337
20945;3697;19284.0;Saída;2.0;337
20946;3541;19285.0;Saída;1.0;337
20947;3585;19286.0;Saída;2.0;337
20948;3559;19287.0;Saída;1.0;337
20949;4068;19288.0;Saída;2.0;337
20950;4172;19289.0;Saída;1.0;337
20951;1008;19290.0;Saída;1.0;338
20952;924;19291.0;Saída;2.0;338
20953;1664;19292.0;Saída;2.0;338
20954;1635;19293.0;Saída;1.0;338
20955;947;19294.0;Saída;2.0;338
20956;932;19295.0;Saída;1.0;338
20957;558;19296.0;Saída;1.0;338
20958;490;19297.0;Saída;1.0;338
20959;549;19298.0;Saída;2.0;338
20960;1184;19299.0;Saída;1.0;338
20961;1139;19300.0;Saída;1.0;338
20962;887;19302.0;Saída;2.0;338
20963;882;19303.0;Saída;2.0;338
20964;230;19304.0;Saída;1.0;338
20965;1039;19305.0;Saída;2.0;338
20966;37;19308.0;Saída;2.0;338
20967;20;19309.0;Saída;2.0;338
20968;730;19310.0;Saída;1.0;338
20969;504;19311.0;Saída;2.0;338
20970;552;19312.0;Saída;2.0;338
20971;549;19313.0;Saída;1.0;338
20972;958;19314.0;Saída;1.0;338
20973;1009;19315.0;Saída;1.0;338
20974;1209;19317.0;Saída;2.0;338
20975;1216;19318.0;Saída;1.0;338
20976;1267;19319.0;Saída;1.0;338
20977;1276;19320.0;Saída;1.0;338
20978;1225;19321.0;Saída;1.0;338
20979;1233;19322.0;Saída;1.0;338
20980;1325;19323.0;Saída;1.0;338
20981;1309;19324.0;Saída;2.0;338
20982;1295;19325.0;Saída;2.0;338
20983;489;19326.0;Saída;1.0;338
20984;523;19327.0;Saída;2.0;338
20985;548;19328.0;Saída;1.0;338
20986;1105;19329.0;Saída;2.0;338
20987;2251;19330.0;Saída;2.0;338
20988;1777;19331.0;Saída;2.0;338
20989;2399;19332.0;Saída;2.0;338
20990;2332;19333.0;Saída;2.0;338
20991;2121;19336.0;Saída;1.0;338
20992;2098;19337.0;Saída;1.0;338
20993;2344;19338.0;Saída;1.0;338
20994;3352;19339.0;Saída;1.0;338
20995;3287;19340.0;Saída;1.0;338
20996;3306;19341.0;Saída;1.0;338
20997;3295;19342.0;Saída;2.0;338
20998;3210;19345.0;Saída;2.0;338
20999;3266;19346.0;Saída;1.0;338
21000;3237;19347.0;Saída;1.0;338
21001;3441;19351.0;Saída;2.0;338
21002;3487;19352.0;Saída;2.0;338
21003;3462;19353.0;Saída;1.0;338
21004;3443;19354.0;Saída;2.0;338
21005;4103;19358.0;Saída;1.0;338
21006;4083;19359.0;Saída;2.0;338
21007;1537;19360.0;Saída;1.0;339
21008;350;19361.0;Saída;1.0;339
21009;578;19362.0;Saída;1.0;339
21010;584;19363.0;Saída;1.0;339
21011;630;19364.0;Saída;2.0;339
21012;1347;19365.0;Saída;1.0;339
21013;1286;19366.0;Saída;2.0;339
21014;1294;19367.0;Saída;2.0;339
21015;599;19368.0;Saída;2.0;339
21016;565;19372.0;Saída;1.0;339
21017;602;19373.0;Saída;2.0;339
21018;599;19374.0;Saída;2.0;339
21019;733;19375.0;Saída;1.0;339
21020;724;19376.0;Saída;1.0;339
21021;1146;19377.0;Saída;1.0;339
21022;1149;19378.0;Saída;1.0;339
21023;1192;19379.0;Saída;1.0;339
21024;1272;19381.0;Saída;1.0;339
21025;1217;19382.0;Saída;1.0;339
21026;888;19384.0;Saída;2.0;339
21027;948;19385.0;Saída;2.0;339
21028;805;19387.0;Saída;2.0;339
21029;305;19388.0;Saída;2.0;339
21030;250;19389.0;Saída;2.0;339
21031;1459;19390.0;Saída;2.0;339
21032;1503;19391.0;Saída;1.0;339
21033;1452;19392.0;Saída;1.0;339
21034;1025;19393.0;Saída;1.0;339
21035;987;19394.0;Saída;2.0;339
21036;1337;19395.0;Saída;2.0;339
21037;526;19396.0;Saída;1.0;339
21038;499;19397.0;Saída;2.0;339
21039;1770;19398.0;Saída;1.0;339
21040;1777;19399.0;Saída;2.0;339
21041;2232;19400.0;Saída;2.0;339
21042;2226;19401.0;Saída;2.0;339
21043;1764;19402.0;Saída;2.0;339
21044;1761;19403.0;Saída;2.0;339
21045;1763;19404.0;Saída;1.0;339
21046;2286;19405.0;Saída;1.0;339
21047;2245;19406.0;Saída;1.0;339
21048;1768;19407.0;Saída;1.0;339
21049;1766;19408.0;Saída;2.0;339
21050;2333;19409.0;Saída;1.0;339
21051;2337;19410.0;Saída;1.0;339
21052;2387;19411.0;Saída;2.0;339
21053;1946;19412.0;Saída;1.0;339
21054;3044;19413.0;Saída;1.0;339
21055;3210;19415.0;Saída;1.0;339
21056;3228;19416.0;Saída;2.0;339
21057;2699;19417.0;Saída;2.0;339
21058;2709;19418.0;Saída;1.0;339
21059;2879;19419.0;Saída;2.0;339
21060;3216;19421.0;Saída;1.0;339
21061;3211;19422.0;Saída;1.0;339
21062;3204;19423.0;Saída;1.0;339
21063;3031;19424.0;Saída;1.0;339
21064;3022;19425.0;Saída;1.0;339
21065;3705;19426.0;Saída;2.0;339
21066;3714;19427.0;Saída;1.0;339
21067;3653;19428.0;Saída;1.0;339
21068;3613;19429.0;Saída;2.0;339
21069;3633;19430.0;Saída;2.0;339
21070;3607;19431.0;Saída;1.0;339
21071;3651;19432.0;Saída;2.0;339
21072;4200;19433.0;Saída;2.0;339
21073;4227;19434.0;Saída;2.0;339
21074;4313;19435.0;Saída;2.0;339
21075;4250;19436.0;Saída;2.0;339
21076;1520;19437.0;Saída;1.0;340
21077;1412;19438.0;Saída;2.0;340
21078;1380;19439.0;Saída;1.0;340
21079;643;19440.0;Saída;2.0;340
21080;642;19441.0;Saída;2.0;340
21081;607;19444.0;Saída;1.0;340
21082;622;19445.0;Saída;1.0;340
21083;575;19446.0;Saída;2.0;340
21084;983;19447.0;Saída;1.0;340
21085;972;19448.0;Saída;2.0;340
21086;476;19449.0;Saída;1.0;340
21087;451;19450.0;Saída;2.0;340
21088;416;19451.0;Saída;1.0;340
21089;465;19452.0;Saída;1.0;340
21090;440;19453.0;Saída;1.0;340
21091;1124;19457.0;Saída;2.0;340
21092;1155;19458.0;Saída;2.0;340
21093;559;19459.0;Saída;2.0;340
21094;489;19460.0;Saída;1.0;340
21095;580;19461.0;Saída;1.0;340
21096;825;19462.0;Saída;1.0;340
21097;1291;19464.0;Saída;1.0;340
21098;1348;19465.0;Saída;2.0;340
21099;1295;19466.0;Saída;1.0;340
21100;354;19467.0;Saída;2.0;340
21101;385;19468.0;Saída;1.0;340
21102;331;19469.0;Saída;1.0;340
21103;1485;19471.0;Saída;1.0;340
21104;1079;19472.0;Saída;2.0;340
21105;1084;19473.0;Saída;2.0;340
21106;1052;19474.0;Saída;2.0;340
21107;116;19475.0;Saída;2.0;340
21108;144;19476.0;Saída;1.0;340
21109;162;19479.0;Saída;1.0;340
21110;1830;19483.0;Saída;2.0;340
21111;1778;19484.0;Saída;2.0;340
21112;2391;19488.0;Saída;1.0;340
21113;2381;19489.0;Saída;2.0;340
21114;2332;19490.0;Saída;2.0;340
21115;1818;19491.0;Saída;2.0;340
21116;1774;19492.0;Saída;1.0;340
21117;1804;19493.0;Saída;2.0;340
21118;2120;19494.0;Saída;1.0;340
21119;2129;19495.0;Saída;2.0;340
21120;2113;19496.0;Saída;2.0;340
21121;1821;19497.0;Saída;1.0;340
21122;1793;19498.0;Saída;2.0;340
21123;2917;19502.0;Saída;2.0;340
21124;2934;19503.0;Saída;2.0;340
21125;3103;19505.0;Saída;1.0;340
21126;3057;19506.0;Saída;2.0;340
21127;3350;19507.0;Saída;1.0;340
21128;3654;19508.0;Saída;1.0;340
21129;3645;19510.0;Saída;1.0;340
21130;3674;19511.0;Saída;1.0;340
21131;3576;19512.0;Saída;1.0;340
21132;3538;19513.0;Saída;1.0;340
21133;3747;19514.0;Saída;1.0;340
21134;3716;19515.0;Saída;2.0;340
21135;3682;19516.0;Saída;2.0;340
21136;3923;19517.0;Saída;2.0;340
21137;976;19518.0;Saída;1.0;341
21138;1027;19519.0;Saída;1.0;341
21139;1060;19520.0;Saída;2.0;341
21140;1071;19521.0;Saída;1.0;341
21141;994;19522.0;Saída;2.0;341
21142;1151;19523.0;Saída;2.0;341
21143;1181;19524.0;Saída;1.0;341
21144;1188;19525.0;Saída;1.0;341
21145;659;19526.0;Saída;1.0;341
21146;716;19527.0;Saída;1.0;341
21147;1209;19528.0;Saída;2.0;341
21148;804;19529.0;Saída;1.0;341
21149;810;19530.0;Saída;1.0;341
21150;1129;19531.0;Saída;2.0;341
21151;1127;19532.0;Saída;1.0;341
21152;1137;19533.0;Saída;2.0;341
21153;1743;19538.0;Saída;2.0;341
21154;1278;19539.0;Saída;1.0;341
21155;500;19540.0;Saída;2.0;341
21156;487;19541.0;Saída;2.0;341
21157;574;19542.0;Saída;2.0;341
21158;575;19543.0;Saída;2.0;341
21159;635;19544.0;Saída;1.0;341
21160;917;19545.0;Saída;1.0;341
21161;1608;19546.0;Saída;2.0;341
21162;1673;19547.0;Saída;1.0;341
21163;194;19548.0;Saída;2.0;341
21164;2323;19549.0;Saída;1.0;341
21165;2338;19550.0;Saída;1.0;341
21166;2330;19551.0;Saída;1.0;341
21167;2391;19552.0;Saída;1.0;341
21168;1845;19553.0;Saída;2.0;341
21169;1855;19554.0;Saída;2.0;341
21170;2002;19556.0;Saída;1.0;341
21171;2008;19557.0;Saída;1.0;341
21172;2297;19558.0;Saída;1.0;341
21173;2292;19559.0;Saída;1.0;341
21174;2383;19560.0;Saída;2.0;341
21175;2350;19561.0;Saída;2.0;341
21176;2339;19562.0;Saída;2.0;341
21177;2473;19563.0;Saída;1.0;341
21178;2407;19564.0;Saída;1.0;341
21179;2641;19565.0;Saída;1.0;341
21180;2575;19567.0;Saída;1.0;341
21181;2633;19568.0;Saída;2.0;341
21182;2577;19569.0;Saída;1.0;341
21183;3331;19572.0;Saída;1.0;341
21184;3317;19573.0;Saída;1.0;341
21185;2896;19574.0;Saída;2.0;341
21186;2942;19575.0;Saída;1.0;341
21187;2745;19578.0;Saída;1.0;341
21188;2728;19579.0;Saída;1.0;341
21189;2623;19580.0;Saída;1.0;341
21190;2589;19581.0;Saída;2.0;341
21191;2619;19582.0;Saída;1.0;341
21192;3532;19583.0;Saída;2.0;341
21193;3536;19584.0;Saída;2.0;341
21194;3687;19585.0;Saída;2.0;341
21195;3699;19586.0;Saída;2.0;341
21196;3727;19587.0;Saída;1.0;341
21197;3373;19588.0;Saída;1.0;341
21198;3430;19589.0;Saída;2.0;341
21199;3434;19590.0;Saída;2.0;341
21200;3613;19591.0;Saída;2.0;341
21201;3616;19592.0;Saída;1.0;341
21202;3665;19593.0;Saída;2.0;341
21203;3661;19594.0;Saída;2.0;341
21204;3624;19595.0;Saída;1.0;341
21205;4156;19596.0;Saída;1.0;341
21206;4159;19597.0;Saída;2.0;341
21207;4084;19598.0;Saída;2.0;341
21208;1719;19599.0;Saída;2.0;342
21209;1731;19600.0;Saída;2.0;342
21210;1457;19601.0;Saída;1.0;342
21211;1497;19602.0;Saída;2.0;342
21212;1444;19603.0;Saída;2.0;342
21213;1080;19604.0;Saída;1.0;342
21214;1097;19605.0;Saída;1.0;342
21215;1060;19606.0;Saída;2.0;342
21216;1426;19607.0;Saída;1.0;342
21217;1372;19608.0;Saída;1.0;342
21218;1438;19609.0;Saída;1.0;342
21219;958;19610.0;Saída;2.0;342
21220;886;19611.0;Saída;1.0;342
21221;1528;19612.0;Saída;2.0;342
21222;1575;19613.0;Saída;2.0;342
21223;952;19614.0;Saída;2.0;342
21224;895;19615.0;Saída;1.0;342
21225;944;19616.0;Saída;2.0;342
21226;517;19617.0;Saída;2.0;342
21227;545;19618.0;Saída;1.0;342
21228;1112;19621.0;Saída;2.0;342
21229;1068;19622.0;Saída;2.0;342
21230;99;19624.0;Saída;1.0;342
21231;155;19625.0;Saída;1.0;342
21232;884;19626.0;Saída;1.0;342
21233;894;19627.0;Saída;2.0;342
21234;1705;19628.0;Saída;2.0;342
21235;1750;19629.0;Saída;2.0;342
21236;68;19630.0;Saída;1.0;342
21237;42;19631.0;Saída;2.0;342
21238;1134;19632.0;Saída;1.0;342
21239;391;19633.0;Saída;1.0;342
21240;362;19634.0;Saída;1.0;342
21241;2157;19635.0;Saída;2.0;342
21242;2105;19636.0;Saída;2.0;342
21243;2154;19637.0;Saída;2.0;342
21244;2164;19638.0;Saída;1.0;342
21245;2226;19639.0;Saída;2.0;342
21246;2202;19640.0;Saída;2.0;342
21247;2390;19641.0;Saída;1.0;342
21248;2099;19642.0;Saída;2.0;342
21249;2095;19643.0;Saída;1.0;342
21250;2067;19644.0;Saída;1.0;342
21251;2029;19645.0;Saída;1.0;342
21252;2794;19646.0;Saída;2.0;342
21253;3093;19647.0;Saída;2.0;342
21254;2848;19651.0;Saída;1.0;342
21255;2829;19652.0;Saída;2.0;342
21256;2974;19653.0;Saída;1.0;342
21257;3014;19654.0;Saída;2.0;342
21258;2994;19655.0;Saída;2.0;342
21259;2976;19656.0;Saída;2.0;342
21260;2976;19657.0;Saída;2.0;342
21261;2970;19658.0;Saída;2.0;342
21262;2969;19659.0;Saída;2.0;342
21263;2975;19660.0;Saída;2.0;342
21264;3363;19661.0;Saída;2.0;342
21265;3423;19662.0;Saída;1.0;342
21266;3620;19663.0;Saída;2.0;342
21267;3601;19664.0;Saída;2.0;342
21268;3367;19665.0;Saída;1.0;342
21269;3476;19666.0;Saída;2.0;342
21270;3452;19667.0;Saída;2.0;342
21271;3510;19668.0;Saída;2.0;342
21272;4228;19669.0;Saída;1.0;342
21273;4211;19670.0;Saída;1.0;342
21274;4232;19671.0;Saída;2.0;342
21275;567;19672.0;Saída;2.0;343
21276;568;19673.0;Saída;1.0;343
21277;570;19674.0;Saída;2.0;343
21278;809;19675.0;Saída;2.0;343
21279;1067;19678.0;Saída;2.0;343
21280;1078;19679.0;Saída;1.0;343
21281;1088;19680.0;Saída;1.0;343
21282;1198;19681.0;Saída;2.0;343
21283;1193;19682.0;Saída;1.0;343
21284;644;19683.0;Saída;1.0;343
21285;653;19684.0;Saída;2.0;343
21286;1529;19685.0;Saída;2.0;343
21287;731;19689.0;Saída;2.0;343
21288;722;19690.0;Saída;1.0;343
21289;740;19691.0;Saída;2.0;343
21290;603;19692.0;Saída;2.0;343
21291;619;19693.0;Saída;1.0;343
21292;1366;19694.0;Saída;1.0;343
21293;1382;19695.0;Saída;2.0;343
21294;1362;19696.0;Saída;2.0;343
21295;494;19697.0;Saída;2.0;343
21296;519;19698.0;Saída;2.0;343
21297;173;19700.0;Saída;1.0;343
21298;201;19701.0;Saída;2.0;343
21299;811;19702.0;Saída;1.0;343
21300;873;19703.0;Saída;1.0;343
21301;871;19704.0;Saída;1.0;343
21302;485;19705.0;Saída;1.0;343
21303;64;19706.0;Saída;1.0;343
21304;17;19707.0;Saída;2.0;343
21305;1462;19708.0;Saída;1.0;343
21306;1580;19709.0;Saída;2.0;343
21307;1546;19710.0;Saída;2.0;343
21308;1334;19711.0;Saída;1.0;343
21309;2059;19713.0;Saída;1.0;343
21310;2056;19714.0;Saída;2.0;343
21311;2055;19715.0;Saída;1.0;343
21312;2361;19716.0;Saída;2.0;343
21313;1822;19717.0;Saída;2.0;343
21314;1765;19718.0;Saída;2.0;343
21315;1774;19719.0;Saída;1.0;343
21316;2163;19720.0;Saída;2.0;343
21317;2195;19721.0;Saída;1.0;343
21318;2262;19724.0;Saída;2.0;343
21319;2261;19725.0;Saída;1.0;343
21320;2251;19726.0;Saída;2.0;343
21321;2262;19727.0;Saída;1.0;343
21322;1949;19728.0;Saída;2.0;343
21323;1954;19729.0;Saída;1.0;343
21324;2081;19730.0;Saída;2.0;343
21325;2418;19731.0;Saída;2.0;343
21326;2473;19732.0;Saída;2.0;343
21327;3219;19733.0;Saída;2.0;343
21328;3344;19734.0;Saída;1.0;343
21329;3311;19735.0;Saída;1.0;343
21330;3302;19736.0;Saída;2.0;343
21331;3044;19737.0;Saída;1.0;343
21332;3061;19738.0;Saída;1.0;343
21333;2892;19739.0;Saída;2.0;343
21334;2898;19740.0;Saída;1.0;343
21335;3755;19745.0;Saída;2.0;343
21336;3423;19746.0;Saída;2.0;343
21337;3424;19747.0;Saída;1.0;343
21338;3695;19748.0;Saída;2.0;343
21339;3716;19749.0;Saída;2.0;343
21340;3708;19750.0;Saída;2.0;343
21341;3546;19751.0;Saída;2.0;343
21342;3526;19752.0;Saída;2.0;343
21343;3367;19753.0;Saída;1.0;343
21344;3392;19754.0;Saída;1.0;343
21345;4301;19755.0;Saída;1.0;343
21346;4297;19756.0;Saída;2.0;343
21347;4099;19757.0;Saída;2.0;343
21348;4150;19758.0;Saída;2.0;343
21349;4142;19759.0;Saída;1.0;343
21350;1300;19760.0;Saída;2.0;344
21351;1329;19761.0;Saída;2.0;344
21352;235;19762.0;Saída;2.0;344
21353;165;19763.0;Saída;2.0;344
21354;898;19766.0;Saída;1.0;344
21355;892;19767.0;Saída;2.0;344
21356;881;19768.0;Saída;1.0;344
21357;540;19769.0;Saída;2.0;344
21358;1391;19770.0;Saída;1.0;344
21359;80;19771.0;Saída;1.0;344
21360;64;19772.0;Saída;2.0;344
21361;75;19773.0;Saída;2.0;344
21362;71;19774.0;Saída;1.0;344
21363;40;19775.0;Saída;1.0;344
21364;1609;19777.0;Saída;2.0;344
21365;359;19778.0;Saída;2.0;344
21366;1317;19779.0;Saída;2.0;344
21367;1359;19780.0;Saída;2.0;344
21368;1358;19781.0;Saída;2.0;344
21369;1525;19782.0;Saída;1.0;344
21370;767;19784.0;Saída;1.0;344
21371;797;19785.0;Saída;1.0;344
21372;732;19786.0;Saída;1.0;344
21373;760;19787.0;Saída;2.0;344
21374;2338;19788.0;Saída;1.0;344
21375;1885;19789.0;Saída;2.0;344
21376;2316;19790.0;Saída;1.0;344
21377;2242;19791.0;Saída;1.0;344
21378;2037;19792.0;Saída;1.0;344
21379;2080;19793.0;Saída;2.0;344
21380;1837;19796.0;Saída;1.0;344
21381;1771;19797.0;Saída;1.0;344
21382;2554;19798.0;Saída;2.0;344
21383;2510;19799.0;Saída;1.0;344
21384;2304;19800.0;Saída;2.0;344
21385;2310;19801.0;Saída;1.0;344
21386;2273;19802.0;Saída;2.0;344
21387;2258;19803.0;Saída;1.0;344
21388;2559;19804.0;Saída;2.0;344
21389;2544;19805.0;Saída;2.0;344
21390;2509;19806.0;Saída;1.0;344
21391;2728;19807.0;Saída;2.0;344
21392;2800;19808.0;Saída;1.0;344
21393;2739;19809.0;Saída;1.0;344
21394;3135;19810.0;Saída;1.0;344
21395;3134;19811.0;Saída;1.0;344
21396;2725;19812.0;Saída;2.0;344
21397;2792;19813.0;Saída;1.0;344
21398;2749;19814.0;Saída;1.0;344
21399;3202;19816.0;Saída;2.0;344
21400;2777;19817.0;Saída;2.0;344
21401;2766;19818.0;Saída;1.0;344
21402;2792;19819.0;Saída;1.0;344
21403;2875;19820.0;Saída;1.0;344
21404;2968;19821.0;Saída;1.0;344
21405;2975;19822.0;Saída;1.0;344
21406;3742;19823.0;Saída;2.0;344
21407;3688;19824.0;Saída;2.0;344
21408;3706;19825.0;Saída;2.0;344
21409;3450;19827.0;Saída;2.0;344
21410;3502;19828.0;Saída;2.0;344
21411;3940;19829.0;Saída;2.0;344
21412;3921;19830.0;Saída;2.0;344
21413;3897;19831.0;Saída;1.0;344
21414;3876;19832.0;Saída;2.0;344
21415;3911;19833.0;Saída;1.0;344
21416;1175;19834.0;Saída;1.0;345
21417;188;19835.0;Saída;1.0;345
21418;1424;19836.0;Saída;1.0;345
21419;1396;19837.0;Saída;2.0;345
21420;1368;19838.0;Saída;2.0;345
21421;1208;19839.0;Saída;2.0;345
21422;1215;19840.0;Saída;1.0;345
21423;81;19841.0;Saída;1.0;345
21424;83;19842.0;Saída;1.0;345
21425;640;19843.0;Saída;1.0;345
21426;1033;19844.0;Saída;2.0;345
21427;884;19845.0;Saída;1.0;345
21428;918;19846.0;Saída;2.0;345
21429;328;19847.0;Saída;1.0;345
21430;899;19848.0;Saída;2.0;345
21431;883;19849.0;Saída;1.0;345
21432;45;19850.0;Saída;1.0;345
21433;20;19851.0;Saída;2.0;345
21434;70;19852.0;Saída;1.0;345
21435;953;19853.0;Saída;1.0;345
21436;956;19854.0;Saída;2.0;345
21437;926;19855.0;Saída;2.0;345
21438;394;19856.0;Saída;2.0;345
21439;1297;19857.0;Saída;2.0;345
21440;1358;19858.0;Saída;1.0;345
21441;1342;19859.0;Saída;1.0;345
21442;1850;19860.0;Saída;1.0;345
21443;2083;19861.0;Saída;1.0;345
21444;2112;19862.0;Saída;1.0;345
21445;2130;19863.0;Saída;2.0;345
21446;2075;19864.0;Saída;1.0;345
21447;2071;19865.0;Saída;2.0;345
21448;1846;19866.0;Saída;2.0;345
21449;2159;19867.0;Saída;2.0;345
21450;2081;19868.0;Saída;2.0;345
21451;2908;19870.0;Saída;2.0;345
21452;2882;19871.0;Saída;1.0;345
21453;2945;19872.0;Saída;1.0;345
21454;2890;19873.0;Saída;1.0;345
21455;2900;19874.0;Saída;2.0;345
21456;2644;19875.0;Saída;2.0;345
21457;2655;19876.0;Saída;2.0;345
21458;3054;19877.0;Saída;1.0;345
21459;3059;19878.0;Saída;1.0;345
21460;3065;19879.0;Saída;2.0;345
21461;2814;19881.0;Saída;1.0;345
21462;2802;19882.0;Saída;1.0;345
21463;3287;19883.0;Saída;2.0;345
21464;3343;19884.0;Saída;1.0;345
21465;3246;19886.0;Saída;1.0;345
21466;3715;19887.0;Saída;2.0;345
21467;3690;19888.0;Saída;2.0;345
21468;3584;19889.0;Saída;2.0;345
21469;3536;19890.0;Saída;2.0;345
21470;3631;19891.0;Saída;1.0;345
21471;3603;19892.0;Saída;1.0;345
21472;3670;19893.0;Saída;2.0;345
21473;3874;19894.0;Saída;2.0;345
21474;3849;19895.0;Saída;1.0;345
21475;3919;19896.0;Saída;1.0;345
21476;4159;19897.0;Saída;2.0;345
21477;4134;19898.0;Saída;1.0;345
21478;4110;19899.0;Saída;1.0;345
21479;484;19900.0;Saída;1.0;346
21480;556;19901.0;Saída;1.0;346
21481;548;19902.0;Saída;1.0;346
21482;1540;19903.0;Saída;2.0;346
21483;1533;19904.0;Saída;2.0;346
21484;1521;19905.0;Saída;2.0;346
21485;748;19906.0;Saída;2.0;346
21486;497;19907.0;Saída;1.0;346
21487;556;19908.0;Saída;1.0;346
21488;660;19909.0;Saída;2.0;346
21489;1367;19910.0;Saída;2.0;346
21490;1688;19911.0;Saída;1.0;346
21491;1691;19912.0;Saída;2.0;346
21492;1751;19913.0;Saída;2.0;346
21493;862;19914.0;Saída;1.0;346
21494;1124;19915.0;Saída;2.0;346
21495;1198;19916.0;Saída;2.0;346
21496;1047;19917.0;Saída;2.0;346
21497;253;19918.0;Saída;1.0;346
21498;320;19919.0;Saída;1.0;346
21499;1724;19920.0;Saída;1.0;346
21500;1039;19921.0;Saída;1.0;346
21501;964;19922.0;Saída;1.0;346
21502;595;19923.0;Saída;1.0;346
21503;728;19924.0;Saída;1.0;346
21504;1271;19925.0;Saída;1.0;346
21505;2404;19926.0;Saída;2.0;346
21506;1935;19927.0;Saída;2.0;346
21507;1996;19928.0;Saída;2.0;346
21508;2387;19929.0;Saída;1.0;346
21509;2359;19930.0;Saída;1.0;346
21510;1974;19931.0;Saída;1.0;346
21511;1959;19932.0;Saída;2.0;346
21512;1960;19933.0;Saída;1.0;346
21513;2472;19934.0;Saída;1.0;346
21514;2442;19935.0;Saída;1.0;346
21515;2465;19936.0;Saída;1.0;346
21516;1834;19937.0;Saída;1.0;346
21517;2558;19938.0;Saída;2.0;346
21518;2538;19939.0;Saída;1.0;346
21519;3203;19940.0;Saída;1.0;346
21520;3279;19941.0;Saída;1.0;346
21521;2800;19942.0;Saída;2.0;346
21522;3049;19943.0;Saída;2.0;346
21523;2899;19944.0;Saída;1.0;346
21524;2905;19945.0;Saída;1.0;346
21525;2561;19946.0;Saída;1.0;346
21526;2977;19947.0;Saída;2.0;346
21527;2988;19948.0;Saída;2.0;346
21528;3024;19949.0;Saída;1.0;346
21529;2686;19950.0;Saída;1.0;346
21530;2718;19951.0;Saída;1.0;346
21531;2646;19952.0;Saída;2.0;346
21532;3136;19953.0;Saída;1.0;346
21533;3164;19954.0;Saída;1.0;346
21534;3153;19955.0;Saída;1.0;346
21535;3398;19956.0;Saída;2.0;346
21536;3403;19957.0;Saída;2.0;346
21537;3437;19958.0;Saída;2.0;346
21538;3516;19959.0;Saída;2.0;346
21539;3467;19960.0;Saída;1.0;346
21540;3719;19961.0;Saída;2.0;346
21541;3698;19962.0;Saída;1.0;346
21542;3690;19963.0;Saída;1.0;346
21543;3428;19964.0;Saída;2.0;346
21544;3423;19965.0;Saída;2.0;346
21545;3987;19966.0;Saída;1.0;346
21546;3957;19967.0;Saída;1.0;346
21547;3964;19968.0;Saída;2.0;346
21548;690;19970.0;Saída;1.0;347
21549;674;19971.0;Saída;2.0;347
21550;496;19972.0;Saída;1.0;347
21551;522;19973.0;Saída;2.0;347
21552;492;19974.0;Saída;2.0;347
21553;833;19975.0;Saída;2.0;347
21554;584;19976.0;Saída;1.0;347
21555;570;19977.0;Saída;1.0;347
21556;616;19978.0;Saída;2.0;347
21557;625;19979.0;Saída;2.0;347
21558;1281;19980.0;Saída;1.0;347
21559;1321;19981.0;Saída;1.0;347
21560;1442;19984.0;Saída;2.0;347
21561;1444;19985.0;Saída;1.0;347
21562;1514;19986.0;Saída;1.0;347
21563;328;19987.0;Saída;2.0;347
21564;400;19988.0;Saída;2.0;347
21565;392;19989.0;Saída;2.0;347
21566;1586;19990.0;Saída;1.0;347
21567;1377;19991.0;Saída;1.0;347
21568;1421;19992.0;Saída;1.0;347
21569;1396;19993.0;Saída;2.0;347
21570;808;19994.0;Saída;1.0;347
21571;629;19995.0;Saída;1.0;347
21572;567;19996.0;Saída;1.0;347
21573;576;19997.0;Saída;1.0;347
21574;1523;19999.0;Saída;1.0;347
21575;678;20000.0;Saída;1.0;347
21576;91;20001.0;Saída;1.0;347
21577;38;20002.0;Saída;2.0;347
21578;16;20003.0;Saída;1.0;347
21579;1282;20004.0;Saída;2.0;347
21580;1288;20005.0;Saída;2.0;347
21581;1286;20006.0;Saída;2.0;347
21582;450;20007.0;Saída;1.0;347
21583;428;20008.0;Saída;1.0;347
21584;1134;20009.0;Saída;2.0;347
21585;2169;20010.0;Saída;2.0;347
21586;2240;20011.0;Saída;1.0;347
21587;2221;20012.0;Saída;1.0;347
21588;1795;20013.0;Saída;2.0;347
21589;2077;20014.0;Saída;1.0;347
21590;2003;20015.0;Saída;2.0;347
21591;2004;20016.0;Saída;2.0;347
21592;2389;20017.0;Saída;2.0;347
21593;2388;20018.0;Saída;1.0;347
21594;2089;20019.0;Saída;1.0;347
21595;2116;20020.0;Saída;1.0;347
21596;2123;20021.0;Saída;2.0;347
21597;2003;20022.0;Saída;1.0;347
21598;2051;20023.0;Saída;1.0;347
21599;2066;20024.0;Saída;2.0;347
21600;2201;20025.0;Saída;2.0;347
21601;2843;20026.0;Saída;1.0;347
21602;2856;20027.0;Saída;1.0;347
21603;2872;20028.0;Saída;1.0;347
21604;2713;20029.0;Saída;1.0;347
21605;2717;20030.0;Saída;2.0;347
21606;2665;20031.0;Saída;2.0;347
21607;2568;20032.0;Saída;1.0;347
21608;2814;20033.0;Saída;2.0;347
21609;2718;20034.0;Saída;2.0;347
21610;2740;20035.0;Saída;2.0;347
21611;2760;20036.0;Saída;1.0;347
21612;3273;20037.0;Saída;2.0;347
21613;3252;20038.0;Saída;1.0;347
21614;3225;20039.0;Saída;1.0;347
21615;2966;20040.0;Saída;1.0;347
21616;3034;20041.0;Saída;1.0;347
21617;2879;20042.0;Saída;1.0;347
21618;3433;20043.0;Saída;2.0;347
21619;3668;20044.0;Saída;2.0;347
21620;3641;20045.0;Saída;1.0;347
21621;3755;20046.0;Saída;1.0;347
21622;3690;20047.0;Saída;2.0;347
21623;3749;20048.0;Saída;2.0;347
21624;4076;20049.0;Saída;2.0;347
21625;338;20051.0;Saída;2.0;348
21626;1395;20054.0;Saída;2.0;348
21627;338;20055.0;Saída;2.0;348
21628;1129;20056.0;Saída;2.0;348
21629;1199;20057.0;Saída;1.0;348
21630;1123;20058.0;Saída;2.0;348
21631;1045;20059.0;Saída;2.0;348
21632;1087;20060.0;Saída;1.0;348
21633;500;20061.0;Saída;1.0;348
21634;534;20062.0;Saída;2.0;348
21635;817;20063.0;Saída;2.0;348
21636;60;20065.0;Saída;2.0;348
21637;12;20066.0;Saída;2.0;348
21638;69;20067.0;Saída;1.0;348
21639;1624;20068.0;Saída;2.0;348
21640;1623;20069.0;Saída;1.0;348
21641;322;20070.0;Saída;2.0;348
21642;333;20071.0;Saída;2.0;348
21643;152;20072.0;Saída;1.0;348
21644;150;20073.0;Saída;1.0;348
21645;137;20074.0;Saída;2.0;348
21646;761;20075.0;Saída;2.0;348
21647;746;20076.0;Saída;1.0;348
21648;795;20077.0;Saída;1.0;348
21649;1196;20078.0;Saída;1.0;348
21650;1183;20079.0;Saída;1.0;348
21651;1185;20080.0;Saída;2.0;348
21652;20;20081.0;Saída;2.0;348
21653;27;20082.0;Saída;2.0;348
21654;14;20083.0;Saída;2.0;348
21655;303;20084.0;Saída;2.0;348
21656;1122;20088.0;Saída;1.0;348
21657;1191;20089.0;Saída;2.0;348
21658;475;20090.0;Saída;2.0;348
21659;471;20091.0;Saída;1.0;348
21660;433;20092.0;Saída;1.0;348
21661;1772;20093.0;Saída;1.0;348
21662;1806;20094.0;Saída;2.0;348
21663;2318;20095.0;Saída;2.0;348
21664;2314;20096.0;Saída;2.0;348
21665;1877;20097.0;Saída;1.0;348
21666;2429;20098.0;Saída;2.0;348
21667;2406;20099.0;Saída;2.0;348
21668;2403;20100.0;Saída;2.0;348
21669;2072;20101.0;Saída;2.0;348
21670;1850;20102.0;Saída;2.0;348
21671;1878;20103.0;Saída;2.0;348
21672;1881;20104.0;Saída;2.0;348
21673;2777;20105.0;Saída;2.0;348
21674;2782;20106.0;Saída;1.0;348
21675;2759;20107.0;Saída;1.0;348
21676;2872;20108.0;Saída;1.0;348
21677;3176;20109.0;Saída;1.0;348
21678;3185;20110.0;Saída;1.0;348
21679;3184;20111.0;Saída;1.0;348
21680;2604;20112.0;Saída;1.0;348
21681;3337;20113.0;Saída;2.0;348
21682;2971;20116.0;Saída;2.0;348
21683;2973;20117.0;Saída;2.0;348
21684;2962;20118.0;Saída;2.0;348
21685;2947;20119.0;Saída;1.0;348
21686;2790;20120.0;Saída;1.0;348
21687;2798;20121.0;Saída;1.0;348
21688;2753;20122.0;Saída;1.0;348
21689;3605;20123.0;Saída;1.0;348
21690;3643;20124.0;Saída;2.0;348
21691;3371;20125.0;Saída;1.0;348
21692;3428;20126.0;Saída;2.0;348
21693;3401;20127.0;Saída;2.0;348
21694;4090;20131.0;Saída;2.0;348
21695;4098;20132.0;Saída;1.0;348
21696;4089;20133.0;Saída;1.0;348
21697;4081;20134.0;Saída;2.0;348
21698;297;20135.0;Saída;2.0;349
21699;1674;20136.0;Saída;2.0;349
21700;1440;20138.0;Saída;1.0;349
21701;1418;20139.0;Saída;2.0;349
21702;955;20143.0;Saída;1.0;349
21703;898;20144.0;Saída;1.0;349
21704;679;20147.0;Saída;2.0;349
21705;650;20148.0;Saída;2.0;349
21706;704;20149.0;Saída;1.0;349
21707;1027;20150.0;Saída;2.0;349
21708;977;20151.0;Saída;1.0;349
21709;1506;20159.0;Saída;2.0;349
21710;1446;20160.0;Saída;1.0;349
21711;1443;20161.0;Saída;2.0;349
21712;740;20162.0;Saída;1.0;349
21713;780;20163.0;Saída;1.0;349
21714;954;20164.0;Saída;1.0;349
21715;945;20165.0;Saída;2.0;349
21716;923;20166.0;Saída;2.0;349
21717;1030;20167.0;Saída;2.0;349
21718;970;20168.0;Saída;1.0;349
21719;984;20169.0;Saída;1.0;349
21720;183;20170.0;Saída;1.0;349
21721;1502;20171.0;Saída;2.0;349
21722;174;20172.0;Saída;2.0;349
21723;1359;20174.0;Saída;2.0;349
21724;1344;20175.0;Saída;2.0;349
21725;1445;20176.0;Saída;2.0;349
21726;2215;20177.0;Saída;2.0;349
21727;2167;20178.0;Saída;1.0;349
21728;1807;20182.0;Saída;2.0;349
21729;1824;20183.0;Saída;1.0;349
21730;2008;20185.0;Saída;1.0;349
21731;2027;20186.0;Saída;1.0;349
21732;2006;20187.0;Saída;1.0;349
21733;2492;20188.0;Saída;2.0;349
21734;2485;20189.0;Saída;2.0;349
21735;2481;20190.0;Saída;1.0;349
21736;2510;20193.0;Saída;2.0;349
21737;2066;20194.0;Saída;2.0;349
21738;2028;20195.0;Saída;2.0;349
21739;3113;20196.0;Saída;2.0;349
21740;3233;20197.0;Saída;2.0;349
21741;3294;20198.0;Saída;1.0;349
21742;2951;20201.0;Saída;2.0;349
21743;2943;20202.0;Saída;2.0;349
21744;2896;20203.0;Saída;1.0;349
21745;2836;20204.0;Saída;2.0;349
21746;2817;20205.0;Saída;1.0;349
21747;2864;20206.0;Saída;2.0;349
21748;3655;20209.0;Saída;2.0;349
21749;3636;20210.0;Saída;2.0;349
21750;3653;20211.0;Saída;1.0;349
21751;3693;20212.0;Saída;2.0;349
21752;3686;20213.0;Saída;2.0;349
21753;3692;20214.0;Saída;2.0;349
21754;3432;20215.0;Saída;2.0;349
21755;3436;20216.0;Saída;1.0;349
21756;3438;20217.0;Saída;1.0;349
21757;3922;20218.0;Saída;1.0;349
21758;4095;20219.0;Saída;1.0;349
21759;4088;20220.0;Saída;1.0;349
21760;716;20221.0;Saída;1.0;350
21761;404;20223.0;Saída;2.0;350
21762;406;20224.0;Saída;1.0;350
21763;334;20225.0;Saída;2.0;350
21764;350;20226.0;Saída;1.0;350
21765;805;20227.0;Saída;1.0;350
21766;870;20228.0;Saída;2.0;350
21767;814;20229.0;Saída;2.0;350
21768;154;20233.0;Saída;2.0;350
21769;1159;20234.0;Saída;1.0;350
21770;1595;20235.0;Saída;1.0;350
21771;1524;20236.0;Saída;1.0;350
21772;645;20237.0;Saída;1.0;350
21773;667;20238.0;Saída;2.0;350
21774;1528;20239.0;Saída;2.0;350
21775;1532;20240.0;Saída;1.0;350
21776;1251;20241.0;Saída;2.0;350
21777;1263;20242.0;Saída;2.0;350
21778;732;20243.0;Saída;1.0;350
21779;798;20244.0;Saída;2.0;350
21780;1679;20245.0;Saída;1.0;350
21781;1628;20246.0;Saída;1.0;350
21782;1617;20247.0;Saída;1.0;350
21783;1542;20249.0;Saída;2.0;350
21784;888;20250.0;Saída;2.0;350
21785;1547;20251.0;Saída;1.0;350
21786;1566;20252.0;Saída;1.0;350
21787;1538;20253.0;Saída;2.0;350
21788;2312;20265.0;Saída;2.0;350
21789;2273;20266.0;Saída;2.0;350
21790;2085;20267.0;Saída;2.0;350
21791;2124;20268.0;Saída;2.0;350
21792;2057;20269.0;Saída;2.0;350
21793;2002;20270.0;Saída;2.0;350
21794;3132;20271.0;Saída;1.0;350
21795;3124;20272.0;Saída;2.0;350
21796;2733;20276.0;Saída;2.0;350
21797;2738;20277.0;Saída;2.0;350
21798;2756;20278.0;Saída;1.0;350
21799;3111;20279.0;Saída;1.0;350
21800;3283;20280.0;Saída;1.0;350
21801;3298;20281.0;Saída;1.0;350
21802;3066;20282.0;Saída;1.0;350
21803;3632;20283.0;Saída;1.0;350
21804;3548;20284.0;Saída;1.0;350
21805;3560;20285.0;Saída;1.0;350
21806;3530;20286.0;Saída;1.0;350
21807;3535;20287.0;Saída;2.0;350
21808;3534;20288.0;Saída;2.0;350
21809;3419;20289.0;Saída;1.0;350
21810;4086;20290.0;Saída;1.0;350
21811;4116;20291.0;Saída;2.0;350
21812;4082;20292.0;Saída;1.0;350
21813;3960;20293.0;Saída;2.0;350
21814;3957;20294.0;Saída;1.0;350
21815;155;20295.0;Saída;2.0;351
21816;106;20296.0;Saída;1.0;351
21817;89;20297.0;Saída;1.0;351
21818;314;20298.0;Saída;2.0;351
21819;242;20299.0;Saída;2.0;351
21820;1447;20303.0;Saída;2.0;351
21821;1508;20304.0;Saída;2.0;351
21822;1682;20305.0;Saída;1.0;351
21823;1731;20306.0;Saída;1.0;351
21824;1683;20307.0;Saída;2.0;351
21825;9;20308.0;Saída;2.0;351
21826;60;20309.0;Saída;2.0;351
21827;20;20310.0;Saída;2.0;351
21828;589;20311.0;Saída;1.0;351
21829;573;20312.0;Saída;1.0;351
21830;1550;20313.0;Saída;2.0;351
21831;1548;20314.0;Saída;1.0;351
21832;986;20315.0;Saída;2.0;351
21833;1022;20316.0;Saída;1.0;351
21834;338;20317.0;Saída;2.0;351
21835;386;20318.0;Saída;2.0;351
21836;388;20319.0;Saída;1.0;351
21837;1269;20320.0;Saída;2.0;351
21838;1224;20321.0;Saída;2.0;351
21839;1446;20322.0;Saída;1.0;351
21840;1452;20323.0;Saída;1.0;351
21841;1449;20324.0;Saída;1.0;351
21842;1317;20325.0;Saída;2.0;351
21843;356;20326.0;Saída;1.0;351
21844;338;20327.0;Saída;2.0;351
21845;397;20328.0;Saída;1.0;351
21846;488;20329.0;Saída;2.0;351
21847;519;20330.0;Saída;2.0;351
21848;527;20331.0;Saída;2.0;351
21849;356;20332.0;Saída;2.0;351
21850;357;20333.0;Saída;1.0;351
21851;352;20334.0;Saída;1.0;351
21852;216;20336.0;Saída;2.0;351
21853;961;20337.0;Saída;1.0;351
21854;968;20338.0;Saída;2.0;351
21855;90;20339.0;Saída;1.0;351
21856;1790;20340.0;Saída;2.0;351
21857;1836;20341.0;Saída;2.0;351
21858;1768;20342.0;Saída;2.0;351
21859;2095;20343.0;Saída;1.0;351
21860;2097;20344.0;Saída;2.0;351
21861;1884;20348.0;Saída;1.0;351
21862;1866;20349.0;Saída;1.0;351
21863;1858;20350.0;Saída;2.0;351
21864;2295;20351.0;Saída;1.0;351
21865;2952;20352.0;Saída;2.0;351
21866;2634;20353.0;Saída;2.0;351
21867;2573;20354.0;Saída;1.0;351
21868;2600;20355.0;Saída;2.0;351
21869;3109;20356.0;Saída;2.0;351
21870;3060;20357.0;Saída;1.0;351
21871;3044;20358.0;Saída;1.0;351
21872;2679;20359.0;Saída;2.0;351
21873;2719;20360.0;Saída;2.0;351
21874;2704;20361.0;Saída;2.0;351
21875;3277;20362.0;Saída;1.0;351
21876;2756;20363.0;Saída;2.0;351
21877;2735;20364.0;Saída;2.0;351
21878;3366;20365.0;Saída;1.0;351
21879;3406;20366.0;Saída;1.0;351
21880;3531;20367.0;Saída;1.0;351
21881;3697;20368.0;Saída;1.0;351
21882;3729;20369.0;Saída;2.0;351
21883;3694;20370.0;Saída;1.0;351
21884;3859;20374.0;Saída;2.0;351
21885;3936;20375.0;Saída;1.0;351
21886;1030;20376.0;Saída;2.0;352
21887;995;20377.0;Saída;1.0;352
21888;523;20378.0;Saída;1.0;352
21889;510;20379.0;Saída;2.0;352
21890;542;20380.0;Saída;2.0;352
21891;1024;20382.0;Saída;1.0;352
21892;1020;20383.0;Saída;2.0;352
21893;639;20384.0;Saída;1.0;352
21894;1536;20385.0;Saída;1.0;352
21895;1591;20386.0;Saída;2.0;352
21896;99;20387.0;Saída;1.0;352
21897;1199;20388.0;Saída;1.0;352
21898;1160;20389.0;Saída;2.0;352
21899;1296;20390.0;Saída;2.0;352
21900;1286;20391.0;Saída;1.0;352
21901;1310;20392.0;Saída;1.0;352
21902;1512;20393.0;Saída;2.0;352
21903;736;20394.0;Saída;2.0;352
21904;796;20395.0;Saída;1.0;352
21905;1294;20396.0;Saída;1.0;352
21906;1291;20397.0;Saída;1.0;352
21907;1357;20398.0;Saída;2.0;352
21908;203;20399.0;Saída;2.0;352
21909;238;20400.0;Saída;2.0;352
21910;1578;20401.0;Saída;2.0;352
21911;1455;20403.0;Saída;2.0;352
21912;1511;20404.0;Saída;1.0;352
21913;1512;20405.0;Saída;2.0;352
21914;90;20406.0;Saída;2.0;352
21915;152;20407.0;Saída;1.0;352
21916;415;20408.0;Saída;1.0;352
21917;94;20409.0;Saída;2.0;352
21918;114;20410.0;Saída;2.0;352
21919;1224;20411.0;Saída;1.0;352
21920;1220;20412.0;Saída;2.0;352
21921;1208;20413.0;Saída;1.0;352
21922;1851;20414.0;Saída;1.0;352
21923;1867;20415.0;Saída;1.0;352
21924;1842;20416.0;Saída;1.0;352
21925;2381;20417.0;Saída;1.0;352
21926;2392;20418.0;Saída;1.0;352
21927;2336;20419.0;Saída;2.0;352
21928;1871;20420.0;Saída;2.0;352
21929;1850;20421.0;Saída;2.0;352
21930;2010;20422.0;Saída;1.0;352
21931;2110;20423.0;Saída;1.0;352
21932;2139;20424.0;Saída;2.0;352
21933;2088;20425.0;Saída;1.0;352
21934;2093;20426.0;Saída;1.0;352
21935;2092;20427.0;Saída;2.0;352
21936;2132;20428.0;Saída;2.0;352
21937;1911;20429.0;Saída;2.0;352
21938;2265;20430.0;Saída;1.0;352
21939;3202;20431.0;Saída;2.0;352
21940;3213;20432.0;Saída;2.0;352
21941;3204;20433.0;Saída;1.0;352
21942;2795;20434.0;Saída;2.0;352
21943;2569;20435.0;Saída;1.0;352
21944;2960;20436.0;Saída;1.0;352
21945;3179;20437.0;Saída;2.0;352
21946;3119;20438.0;Saída;2.0;352
21947;3105;20439.0;Saída;2.0;352
21948;2900;20440.0;Saída;1.0;352
21949;3756;20441.0;Saída;2.0;352
21950;3684;20442.0;Saída;2.0;352
21951;3757;20443.0;Saída;1.0;352
21952;3522;20444.0;Saída;2.0;352
21953;3584;20445.0;Saída;2.0;352
21954;3599;20446.0;Saída;2.0;352
21955;3382;20447.0;Saída;1.0;352
21956;3363;20448.0;Saída;2.0;352
21957;4302;20449.0;Saída;1.0;352
21958;3839;20450.0;Saída;1.0;352
21959;31;20453.0;Saída;1.0;353
21960;6;20454.0;Saída;2.0;353
21961;787;20455.0;Saída;2.0;353
21962;786;20456.0;Saída;1.0;353
21963;1359;20457.0;Saída;1.0;353
21964;1291;20458.0;Saída;2.0;353
21965;416;20459.0;Saída;1.0;353
21966;474;20460.0;Saída;2.0;353
21967;472;20461.0;Saída;2.0;353
21968;1493;20462.0;Saída;2.0;353
21969;1452;20463.0;Saída;1.0;353
21970;1519;20464.0;Saída;1.0;353
21971;1211;20465.0;Saída;2.0;353
21972;1625;20466.0;Saída;1.0;353
21973;1672;20467.0;Saída;1.0;353
21974;340;20468.0;Saída;2.0;353
21975;222;20469.0;Saída;1.0;353
21976;1667;20473.0;Saída;2.0;353
21977;1678;20474.0;Saída;2.0;353
21978;1668;20475.0;Saída;1.0;353
21979;660;20476.0;Saída;1.0;353
21980;680;20477.0;Saída;2.0;353
21981;1864;20478.0;Saída;1.0;353
21982;2224;20479.0;Saída;1.0;353
21983;2161;20480.0;Saída;2.0;353
21984;2076;20483.0;Saída;1.0;353
21985;2019;20484.0;Saída;2.0;353
21986;2026;20485.0;Saída;2.0;353
21987;2076;20486.0;Saída;2.0;353
21988;2142;20487.0;Saída;1.0;353
21989;2101;20488.0;Saída;2.0;353
21990;2148;20489.0;Saída;1.0;353
21991;1879;20490.0;Saída;2.0;353
21992;1856;20491.0;Saída;2.0;353
21993;2118;20492.0;Saída;1.0;353
21994;3203;20494.0;Saída;1.0;353
21995;2629;20495.0;Saída;1.0;353
21996;3299;20496.0;Saída;2.0;353
21997;2956;20497.0;Saída;2.0;353
21998;2904;20498.0;Saída;1.0;353
21999;2890;20499.0;Saída;2.0;353
22000;3031;20500.0;Saída;2.0;353
22001;2968;20501.0;Saída;1.0;353
22002;3014;20502.0;Saída;2.0;353
22003;2644;20503.0;Saída;1.0;353
22004;2674;20504.0;Saída;2.0;353
22005;2658;20505.0;Saída;2.0;353
22006;3015;20506.0;Saída;2.0;353
22007;2974;20507.0;Saída;1.0;353
22008;3205;20508.0;Saída;2.0;353
22009;3224;20509.0;Saída;2.0;353
22010;3269;20510.0;Saída;1.0;353
22011;3406;20513.0;Saída;2.0;353
22012;3565;20514.0;Saída;2.0;353
22013;3531;20515.0;Saída;1.0;353
22014;3533;20516.0;Saída;1.0;353
22015;3606;20517.0;Saída;2.0;353
22016;3665;20518.0;Saída;2.0;353
22017;3811;20522.0;Saída;2.0;353
22018;3766;20523.0;Saída;1.0;353
22019;3774;20524.0;Saída;2.0;353
22020;1667;20525.0;Saída;1.0;354
22021;1636;20526.0;Saída;2.0;354
22022;48;20527.0;Saída;2.0;354
22023;47;20528.0;Saída;1.0;354
22024;107;20529.0;Saída;1.0;354
22025;82;20530.0;Saída;2.0;354
22026;86;20531.0;Saída;1.0;354
22027;1760;20532.0;Saída;1.0;354
22028;658;20533.0;Saída;2.0;354
22029;676;20534.0;Saída;1.0;354
22030;647;20535.0;Saída;2.0;354
22031;743;20536.0;Saída;1.0;354
22032;634;20537.0;Saída;1.0;354
22033;591;20538.0;Saída;1.0;354
22034;624;20539.0;Saída;2.0;354
22035;383;20540.0;Saída;1.0;354
22036;1697;20541.0;Saída;2.0;354
22037;974;20542.0;Saída;2.0;354
22038;972;20543.0;Saída;2.0;354
22039;1619;20544.0;Saída;2.0;354
22040;1444;20545.0;Saída;1.0;354
22041;1470;20546.0;Saída;2.0;354
22042;1314;20547.0;Saída;1.0;354
22043;1316;20548.0;Saída;1.0;354
22044;1324;20549.0;Saída;2.0;354
22045;63;20550.0;Saída;1.0;354
22046;571;20553.0;Saída;1.0;354
22047;562;20554.0;Saída;1.0;354
22048;568;20555.0;Saída;1.0;354
22049;801;20556.0;Saída;1.0;354
22050;864;20557.0;Saída;2.0;354
22051;870;20558.0;Saída;1.0;354
22052;1382;20559.0;Saída;1.0;354
22053;1361;20560.0;Saída;1.0;354
22054;1422;20561.0;Saída;1.0;354
22055;2328;20567.0;Saída;2.0;354
22056;1855;20568.0;Saída;1.0;354
22057;2546;20574.0;Saída;2.0;354
22058;2508;20575.0;Saída;2.0;354
22059;2496;20576.0;Saída;1.0;354
22060;2062;20577.0;Saída;2.0;354
22061;2531;20578.0;Saída;1.0;354
22062;2498;20579.0;Saída;1.0;354
22063;3284;20580.0;Saída;1.0;354
22064;3307;20581.0;Saída;2.0;354
22065;3312;20582.0;Saída;1.0;354
22066;2649;20586.0;Saída;1.0;354
22067;2701;20589.0;Saída;2.0;354
22068;2642;20590.0;Saída;1.0;354
22069;3283;20591.0;Saída;1.0;354
22070;3126;20595.0;Saída;2.0;354
22071;2993;20596.0;Saída;2.0;354
22072;3024;20597.0;Saída;1.0;354
22073;3756;20601.0;Saída;2.0;354
22074;3759;20602.0;Saída;2.0;354
22075;3485;20603.0;Saída;1.0;354
22076;3456;20604.0;Saída;2.0;354
22077;3506;20605.0;Saída;1.0;354
22078;4061;20608.0;Saída;2.0;354
22079;4076;20609.0;Saída;1.0;354
22080;995;20612.0;Saída;2.0;355
22081;1022;20613.0;Saída;1.0;355
22082;1459;20614.0;Saída;1.0;355
22083;1441;20615.0;Saída;2.0;355
22084;274;20619.0;Saída;2.0;355
22085;251;20620.0;Saída;2.0;355
22086;1055;20621.0;Saída;1.0;355
22087;1085;20622.0;Saída;2.0;355
22088;1572;20623.0;Saída;1.0;355
22089;1582;20624.0;Saída;1.0;355
22090;1030;20630.0;Saída;1.0;355
22091;905;20631.0;Saída;1.0;355
22092;1441;20632.0;Saída;2.0;355
22093;1452;20633.0;Saída;1.0;355
22094;2163;20634.0;Saída;1.0;355
22095;2174;20635.0;Saída;2.0;355
22096;2138;20637.0;Saída;1.0;355
22097;1835;20638.0;Saída;2.0;355
22098;2254;20642.0;Saída;1.0;355
22099;2463;20643.0;Saída;1.0;355
22100;2458;20644.0;Saída;1.0;355
22101;2797;20645.0;Saída;1.0;355
22102;2742;20646.0;Saída;2.0;355
22103;2562;20647.0;Saída;2.0;355
22104;3310;20648.0;Saída;1.0;355
22105;3149;20649.0;Saída;1.0;355
22106;3356;20650.0;Saída;1.0;355
22107;3315;20651.0;Saída;2.0;355
22108;3294;20652.0;Saída;1.0;355
22109;2998;20659.0;Saída;1.0;355
22110;2994;20660.0;Saída;1.0;355
22111;2964;20661.0;Saída;1.0;355
22112;3347;20662.0;Saída;2.0;355
22113;3677;20663.0;Saída;1.0;355
22114;3616;20664.0;Saída;2.0;355
22115;3638;20665.0;Saída;1.0;355
22116;3755;20666.0;Saída;2.0;355
22117;3699;20667.0;Saída;1.0;355
22118;3698;20668.0;Saída;2.0;355
22119;4011;20669.0;Saída;1.0;355
22120;4010;20670.0;Saída;1.0;355
22121;1439;20671.0;Saída;2.0;356
22122;1436;20672.0;Saída;1.0;356
22123;468;20674.0;Saída;2.0;356
22124;440;20675.0;Saída;1.0;356
22125;417;20676.0;Saída;1.0;356
22126;1233;20677.0;Saída;2.0;356
22127;1065;20678.0;Saída;1.0;356
22128;1099;20679.0;Saída;2.0;356
22129;1468;20680.0;Saída;1.0;356
22130;853;20681.0;Saída;1.0;356
22131;818;20682.0;Saída;2.0;356
22132;1290;20683.0;Saída;2.0;356
22133;1313;20684.0;Saída;2.0;356
22134;1359;20685.0;Saída;2.0;356
22135;1251;20687.0;Saída;1.0;356
22136;1208;20688.0;Saída;2.0;356
22137;1233;20689.0;Saída;1.0;356
22138;723;20690.0;Saída;2.0;356
22139;727;20691.0;Saída;2.0;356
22140;738;20692.0;Saída;2.0;356
22141;1568;20695.0;Saída;1.0;356
22142;2258;20696.0;Saída;1.0;356
22143;2279;20697.0;Saída;2.0;356
22144;2019;20698.0;Saída;2.0;356
22145;2043;20699.0;Saída;2.0;356
22146;1902;20700.0;Saída;2.0;356
22147;1850;20701.0;Saída;1.0;356
22148;2554;20702.0;Saída;2.0;356
22149;2485;20703.0;Saída;1.0;356
22150;1908;20704.0;Saída;1.0;356
22151;1837;20705.0;Saída;1.0;356
22152;1768;20706.0;Saída;2.0;356
22153;2004;20707.0;Saída;2.0;356
22154;2007;20708.0;Saída;2.0;356
22155;2070;20709.0;Saída;2.0;356
22156;2065;20710.0;Saída;1.0;356
22157;2054;20711.0;Saída;2.0;356
22158;2078;20712.0;Saída;2.0;356
22159;2477;20713.0;Saída;1.0;356
22160;2402;20714.0;Saída;2.0;356
22161;2005;20715.0;Saída;1.0;356
22162;2063;20716.0;Saída;1.0;356
22163;3253;20717.0;Saída;2.0;356
22164;3277;20718.0;Saída;2.0;356
22165;3217;20719.0;Saída;2.0;356
22166;3218;20722.0;Saída;1.0;356
22167;3274;20723.0;Saída;1.0;356
22168;3275;20724.0;Saída;2.0;356
22169;3124;20725.0;Saída;2.0;356
22170;3174;20726.0;Saída;2.0;356
22171;3159;20727.0;Saída;2.0;356
22172;3353;20728.0;Saída;1.0;356
22173;3012;20729.0;Saída;2.0;356
22174;2980;20730.0;Saída;2.0;356
22175;3013;20731.0;Saída;1.0;356
22176;3106;20732.0;Saída;1.0;356
22177;3112;20733.0;Saída;2.0;356
22178;3101;20734.0;Saída;2.0;356
22179;3420;20735.0;Saída;2.0;356
22180;3371;20736.0;Saída;1.0;356
22181;3441;20737.0;Saída;1.0;356
22182;3404;20738.0;Saída;1.0;356
22183;3366;20739.0;Saída;2.0;356
22184;3533;20740.0;Saída;2.0;356
22185;3591;20741.0;Saída;2.0;356
22186;4176;20742.0;Saída;2.0;356
22187;4296;20743.0;Saída;2.0;356
22188;314;20744.0;Saída;1.0;357
22189;269;20745.0;Saída;1.0;357
22190;307;20746.0;Saída;1.0;357
22191;977;20747.0;Saída;1.0;357
22192;1679;20748.0;Saída;1.0;357
22193;1619;20749.0;Saída;2.0;357
22194;1262;20750.0;Saída;2.0;357
22195;1043;20751.0;Saída;1.0;357
22196;1106;20752.0;Saída;2.0;357
22197;1092;20753.0;Saída;2.0;357
22198;726;20754.0;Saída;2.0;357
22199;756;20755.0;Saída;1.0;357
22200;864;20756.0;Saída;2.0;357
22201;805;20757.0;Saída;1.0;357
22202;259;20758.0;Saída;1.0;357
22203;83;20759.0;Saída;2.0;357
22204;88;20760.0;Saída;2.0;357
22205;413;20762.0;Saída;2.0;357
22206;964;20763.0;Saída;1.0;357
22207;1039;20764.0;Saída;2.0;357
22208;893;20765.0;Saída;2.0;357
22209;1201;20766.0;Saída;2.0;357
22210;1237;20767.0;Saída;1.0;357
22211;1262;20768.0;Saída;2.0;357
22212;352;20769.0;Saída;1.0;357
22213;891;20772.0;Saída;2.0;357
22214;951;20773.0;Saída;1.0;357
22215;384;20774.0;Saída;2.0;357
22216;331;20775.0;Saída;1.0;357
22217;346;20776.0;Saída;1.0;357
22218;1536;20779.0;Saída;2.0;357
22219;1552;20780.0;Saída;1.0;357
22220;2320;20781.0;Saída;1.0;357
22221;2314;20782.0;Saída;2.0;357
22222;2294;20783.0;Saída;2.0;357
22223;1800;20784.0;Saída;2.0;357
22224;1823;20785.0;Saída;1.0;357
22225;1825;20786.0;Saída;2.0;357
22226;2384;20787.0;Saída;1.0;357
22227;1932;20788.0;Saída;1.0;357
22228;1933;20789.0;Saída;1.0;357
22229;1957;20790.0;Saída;1.0;357
22230;2222;20791.0;Saída;2.0;357
22231;2386;20792.0;Saída;2.0;357
22232;2345;20793.0;Saída;1.0;357
22233;2331;20794.0;Saída;1.0;357
22234;2113;20795.0;Saída;2.0;357
22235;2112;20796.0;Saída;1.0;357
22236;3035;20797.0;Saída;1.0;357
22237;2986;20798.0;Saída;1.0;357
22238;3020;20799.0;Saída;1.0;357
22239;2905;20800.0;Saída;1.0;357
22240;3355;20804.0;Saída;2.0;357
22241;3360;20805.0;Saída;1.0;357
22242;3109;20806.0;Saída;2.0;357
22243;3047;20807.0;Saída;2.0;357
22244;3056;20808.0;Saída;1.0;357
22245;3687;20809.0;Saída;2.0;357
22246;3581;20810.0;Saída;2.0;357
22247;3554;20811.0;Saída;2.0;357
22248;3562;20812.0;Saída;1.0;357
22249;3613;20813.0;Saída;2.0;357
22250;3710;20814.0;Saída;2.0;357
22251;3725;20815.0;Saída;1.0;357
22252;3707;20816.0;Saída;2.0;357
22253;4157;20817.0;Saída;1.0;357
22254;4136;20818.0;Saída;2.0;357
22255;4101;20819.0;Saída;1.0;357
22256;4118;20820.0;Saída;1.0;357
22257;35;20821.0;Saída;1.0;358
22258;14;20822.0;Saída;1.0;358
22259;558;20823.0;Saída;1.0;358
22260;484;20824.0;Saída;1.0;358
22261;1759;20825.0;Saída;2.0;358
22262;1730;20826.0;Saída;1.0;358
22263;880;20829.0;Saída;1.0;358
22264;816;20830.0;Saída;1.0;358
22265;820;20831.0;Saída;1.0;358
22266;814;20832.0;Saída;2.0;358
22267;1674;20833.0;Saída;2.0;358
22268;1670;20834.0;Saída;1.0;358
22269;1647;20835.0;Saída;1.0;358
22270;317;20837.0;Saída;2.0;358
22271;397;20839.0;Saída;1.0;358
22272;576;20840.0;Saída;2.0;358
22273;571;20841.0;Saída;1.0;358
22274;629;20842.0;Saída;1.0;358
22275;649;20843.0;Saída;1.0;358
22276;1950;20849.0;Saída;2.0;358
22277;1992;20850.0;Saída;1.0;358
22278;1983;20851.0;Saída;2.0;358
22279;1914;20853.0;Saída;1.0;358
22280;1897;20854.0;Saída;2.0;358
22281;1855;20855.0;Saída;2.0;358
22282;2303;20856.0;Saída;1.0;358
22283;2251;20857.0;Saída;1.0;358
22284;1858;20858.0;Saída;1.0;358
22285;1888;20859.0;Saída;2.0;358
22286;1846;20860.0;Saída;2.0;358
22287;1918;20863.0;Saída;1.0;358
22288;3267;20864.0;Saída;2.0;358
22289;3218;20865.0;Saída;1.0;358
22290;3048;20866.0;Saída;1.0;358
22291;3200;20867.0;Saída;2.0;358
22292;2577;20871.0;Saída;1.0;358
22293;2976;20872.0;Saída;1.0;358
22294;3296;20873.0;Saída;1.0;358
22295;3114;20874.0;Saída;2.0;358
22296;3099;20875.0;Saída;1.0;358
22297;3261;20876.0;Saída;1.0;358
22298;3486;20877.0;Saída;2.0;358
22299;3462;20878.0;Saída;1.0;358
22300;3444;20879.0;Saída;2.0;358
22301;3634;20880.0;Saída;2.0;358
22302;3677;20881.0;Saída;1.0;358
22303;3675;20882.0;Saída;2.0;358
22304;3422;20883.0;Saída;2.0;358
22305;3432;20884.0;Saída;1.0;358
22306;4083;20885.0;Saída;2.0;358
22307;4082;20886.0;Saída;1.0;358
22308;118;20891.0;Saída;2.0;359
22309;147;20892.0;Saída;2.0;359
22310;146;20893.0;Saída;2.0;359
22311;1111;20894.0;Saída;2.0;359
22312;1116;20895.0;Saída;2.0;359
22313;1115;20896.0;Saída;2.0;359
22314;612;20897.0;Saída;2.0;359
22315;562;20898.0;Saída;2.0;359
22316;322;20899.0;Saída;1.0;359
22317;1158;20900.0;Saída;2.0;359
22318;181;20901.0;Saída;1.0;359
22319;207;20902.0;Saída;2.0;359
22320;165;20903.0;Saída;2.0;359
22321;1653;20904.0;Saída;2.0;359
22322;1610;20905.0;Saída;2.0;359
22323;720;20906.0;Saída;2.0;359
22324;964;20910.0;Saída;2.0;359
22325;968;20911.0;Saída;1.0;359
22326;961;20912.0;Saída;1.0;359
22327;787;20913.0;Saída;1.0;359
22328;738;20914.0;Saída;1.0;359
22329;721;20915.0;Saída;1.0;359
22330;1743;20916.0;Saída;1.0;359
22331;2260;20917.0;Saída;1.0;359
22332;2271;20918.0;Saída;1.0;359
22333;2248;20919.0;Saída;2.0;359
22334;1858;20920.0;Saída;1.0;359
22335;1860;20921.0;Saída;2.0;359
22336;2230;20922.0;Saída;2.0;359
22337;2161;20923.0;Saída;2.0;359
22338;2177;20924.0;Saída;1.0;359
22339;1766;20925.0;Saída;2.0;359
22340;1769;20926.0;Saída;1.0;359
22341;1773;20927.0;Saída;1.0;359
22342;2320;20930.0;Saída;2.0;359
22343;2027;20931.0;Saída;2.0;359
22344;2040;20932.0;Saída;2.0;359
22345;2023;20933.0;Saída;1.0;359
22346;2970;20934.0;Saída;2.0;359
22347;3004;20935.0;Saída;1.0;359
22348;3021;20936.0;Saída;2.0;359
22349;3193;20937.0;Saída;1.0;359
22350;3264;20938.0;Saída;2.0;359
22351;3272;20939.0;Saída;1.0;359
22352;2875;20940.0;Saída;2.0;359
22353;2847;20941.0;Saída;1.0;359
22354;2808;20942.0;Saída;1.0;359
22355;3247;20943.0;Saída;1.0;359
22356;3338;20944.0;Saída;2.0;359
22357;3453;20945.0;Saída;1.0;359
22358;3445;20946.0;Saída;2.0;359
22359;3559;20947.0;Saída;2.0;359
22360;3784;20950.0;Saída;2.0;359
22361;1186;20951.0;Saída;2.0;360
22362;1123;20954.0;Saída;1.0;360
22363;922;20955.0;Saída;1.0;360
22364;947;20956.0;Saída;1.0;360
22365;699;20957.0;Saída;1.0;360
22366;706;20958.0;Saída;1.0;360
22367;93;20961.0;Saída;1.0;360
22368;144;20962.0;Saída;2.0;360
22369;120;20963.0;Saída;2.0;360
22370;329;20964.0;Saída;2.0;360
22371;345;20965.0;Saída;1.0;360
22372;759;20966.0;Saída;2.0;360
22373;723;20967.0;Saída;1.0;360
22374;1067;20968.0;Saída;2.0;360
22375;1095;20969.0;Saída;1.0;360
22376;1054;20970.0;Saída;2.0;360
22377;802;20971.0;Saída;2.0;360
22378;863;20972.0;Saída;1.0;360
22379;2094;20973.0;Saída;2.0;360
22380;1965;20977.0;Saída;1.0;360
22381;1921;20978.0;Saída;2.0;360
22382;1823;20981.0;Saída;1.0;360
22383;1780;20982.0;Saída;1.0;360
22384;3270;20983.0;Saída;2.0;360
22385;3219;20984.0;Saída;2.0;360
22386;3230;20985.0;Saída;1.0;360
22387;3348;20986.0;Saída;1.0;360
22388;2788;20987.0;Saída;1.0;360
22389;2897;20988.0;Saída;1.0;360
22390;2910;20989.0;Saída;2.0;360
22391;2947;20990.0;Saída;1.0;360
22392;3115;20991.0;Saída;2.0;360
22393;3096;20992.0;Saída;2.0;360
22394;3109;20993.0;Saída;1.0;360
22395;2565;20994.0;Saída;2.0;360
22396;3527;20995.0;Saída;1.0;360
22397;3536;20996.0;Saída;2.0;360
22398;3525;20997.0;Saída;2.0;360
22399;3529;20998.0;Saída;1.0;360
22400;4038;20999.0;Saída;2.0;360
22401;4003;21000.0;Saída;2.0;360
22402;4076;21001.0;Saída;1.0;360
22403;4315;21002.0;Saída;2.0;360
22404;4258;21003.0;Saída;1.0;360
22405;4305;21004.0;Saída;1.0;360
22406;1482;21005.0;Saída;2.0;361
22407;1492;21006.0;Saída;2.0;361
22408;1298;21007.0;Saída;2.0;361
22409;1344;21008.0;Saída;1.0;361
22410;326;21009.0;Saída;1.0;361
22411;227;21010.0;Saída;1.0;361
22412;164;21011.0;Saída;2.0;361
22413;451;21012.0;Saída;1.0;361
22414;1348;21013.0;Saída;2.0;361
22415;1316;21014.0;Saída;1.0;361
22416;1286;21015.0;Saída;1.0;361
22417;1094;21016.0;Saída;1.0;361
22418;1115;21017.0;Saída;1.0;361
22419;693;21018.0;Saída;1.0;361
22420;712;21019.0;Saída;1.0;361
22421;647;21020.0;Saída;1.0;361
22422;1452;21021.0;Saída;2.0;361
22423;1492;21022.0;Saída;1.0;361
22424;1526;21023.0;Saída;1.0;361
22425;1525;21024.0;Saída;2.0;361
22426;1536;21025.0;Saída;2.0;361
22427;574;21026.0;Saída;1.0;361
22428;586;21027.0;Saída;1.0;361
22429;970;21028.0;Saída;1.0;361
22430;2252;21029.0;Saída;1.0;361
22431;2312;21030.0;Saída;1.0;361
22432;2294;21031.0;Saída;2.0;361
22433;2257;21032.0;Saída;2.0;361
22434;2264;21033.0;Saída;1.0;361
22435;2179;21034.0;Saída;2.0;361
22436;2234;21035.0;Saída;1.0;361
22437;2182;21036.0;Saída;2.0;361
22438;2380;21037.0;Saída;2.0;361
22439;2326;21038.0;Saída;2.0;361
22440;2110;21039.0;Saída;1.0;361
22441;2151;21040.0;Saída;1.0;361
22442;2143;21041.0;Saída;2.0;361
22443;2740;21042.0;Saída;1.0;361
22444;2785;21043.0;Saída;2.0;361
22445;2754;21044.0;Saída;2.0;361
22446;3173;21045.0;Saída;2.0;361
22447;3180;21046.0;Saída;2.0;361
22448;3196;21047.0;Saída;2.0;361
22449;3346;21048.0;Saída;1.0;361
22450;3309;21049.0;Saída;1.0;361
22451;2578;21050.0;Saída;2.0;361
22452;2612;21051.0;Saída;2.0;361
22453;2576;21052.0;Saída;1.0;361
22454;2667;21053.0;Saída;1.0;361
22455;2708;21054.0;Saída;2.0;361
22456;2891;21055.0;Saída;2.0;361
22457;2890;21056.0;Saída;1.0;361
22458;2832;21057.0;Saída;2.0;361
22459;2813;21058.0;Saída;1.0;361
22460;3529;21061.0;Saída;2.0;361
22461;3521;21062.0;Saída;2.0;361
22462;3394;21063.0;Saída;1.0;361
22463;3390;21064.0;Saída;2.0;361
22464;4304;21066.0;Saída;1.0;361
22465;4255;21067.0;Saída;1.0;361
22466;752;21069.0;Saída;1.0;362
22467;770;21070.0;Saída;2.0;362
22468;798;21071.0;Saída;1.0;362
22469;649;21072.0;Saída;1.0;362
22470;692;21073.0;Saída;2.0;362
22471;1478;21074.0;Saída;2.0;362
22472;1449;21075.0;Saída;1.0;362
22473;1454;21076.0;Saída;2.0;362
22474;507;21077.0;Saída;2.0;362
22475;500;21083.0;Saída;1.0;362
22476;482;21084.0;Saída;1.0;362
22477;1657;21085.0;Saída;2.0;362
22478;1606;21086.0;Saída;2.0;362
22479;1640;21087.0;Saída;1.0;362
22480;1136;21088.0;Saída;1.0;362
22481;1129;21089.0;Saída;2.0;362
22482;1182;21090.0;Saída;1.0;362
22483;184;21091.0;Saída;1.0;362
22484;1040;21092.0;Saída;1.0;362
22485;1039;21093.0;Saída;1.0;362
22486;966;21094.0;Saída;2.0;362
22487;806;21095.0;Saída;1.0;362
22488;879;21096.0;Saída;2.0;362
22489;805;21097.0;Saída;2.0;362
22490;500;21098.0;Saída;2.0;362
22491;544;21099.0;Saída;1.0;362
22492;1131;21100.0;Saída;1.0;362
22493;1197;21101.0;Saída;1.0;362
22494;1147;21102.0;Saída;1.0;362
22495;974;21103.0;Saída;2.0;362
22496;984;21104.0;Saída;2.0;362
22497;2330;21105.0;Saída;1.0;362
22498;2182;21106.0;Saída;1.0;362
22499;2163;21107.0;Saída;2.0;362
22500;2169;21108.0;Saída;1.0;362
22501;2330;21109.0;Saída;2.0;362
22502;1881;21110.0;Saída;1.0;362
22503;1907;21111.0;Saída;2.0;362
22504;1854;21112.0;Saída;1.0;362
22505;2357;21113.0;Saída;1.0;362
22506;2358;21114.0;Saída;2.0;362
22507;2340;21115.0;Saída;2.0;362
22508;2958;21116.0;Saída;2.0;362
22509;2915;21117.0;Saída;1.0;362
22510;2893;21118.0;Saída;2.0;362
22511;2869;21119.0;Saída;1.0;362
22512;2865;21120.0;Saída;1.0;362
22513;3133;21121.0;Saída;1.0;362
22514;2986;21122.0;Saída;2.0;362
22515;2964;21123.0;Saída;2.0;362
22516;3032;21124.0;Saída;2.0;362
22517;2795;21125.0;Saída;1.0;362
22518;3746;21126.0;Saída;1.0;362
22519;3444;21127.0;Saída;1.0;362
22520;3724;21128.0;Saída;2.0;362
22521;3720;21129.0;Saída;2.0;362
22522;3617;21130.0;Saída;1.0;362
22523;3930;21131.0;Saída;2.0;362
22524;3923;21132.0;Saída;2.0;362
22525;4100;21133.0;Saída;1.0;362
22526;4106;21134.0;Saída;2.0;362
22527;4154;21135.0;Saída;2.0;362
22528;166;21136.0;Saída;1.0;363
22529;172;21137.0;Saída;1.0;363
22530;1619;21138.0;Saída;2.0;363
22531;1193;21139.0;Saída;2.0;363
22532;1655;21140.0;Saída;1.0;363
22533;185;21141.0;Saída;1.0;363
22534;176;21142.0;Saída;1.0;363
22535;345;21143.0;Saída;1.0;363
22536;386;21144.0;Saída;1.0;363
22537;368;21145.0;Saída;1.0;363
22538;817;21146.0;Saída;1.0;363
22539;820;21147.0;Saída;1.0;363
22540;865;21148.0;Saída;1.0;363
22541;1214;21149.0;Saída;2.0;363
22542;1265;21150.0;Saída;1.0;363
22543;1217;21151.0;Saída;1.0;363
22544;532;21152.0;Saída;2.0;363
22545;559;21153.0;Saída;2.0;363
22546;494;21154.0;Saída;1.0;363
22547;1295;21155.0;Saída;1.0;363
22548;1329;21156.0;Saída;2.0;363
22549;733;21157.0;Saída;2.0;363
22550;235;21160.0;Saída;1.0;363
22551;207;21161.0;Saída;2.0;363
22552;195;21162.0;Saída;1.0;363
22553;973;21163.0;Saída;1.0;363
22554;991;21164.0;Saída;2.0;363
22555;974;21165.0;Saída;2.0;363
22556;234;21166.0;Saída;1.0;363
22557;162;21167.0;Saída;2.0;363
22558;93;21168.0;Saída;1.0;363
22559;2406;21169.0;Saída;2.0;363
22560;2429;21170.0;Saída;2.0;363
22561;2453;21171.0;Saída;1.0;363
22562;2496;21172.0;Saída;1.0;363
22563;1919;21173.0;Saída;1.0;363
22564;1856;21174.0;Saída;2.0;363
22565;2395;21175.0;Saída;2.0;363
22566;2398;21176.0;Saída;2.0;363
22567;1908;21177.0;Saída;1.0;363
22568;1884;21178.0;Saída;1.0;363
22569;1918;21179.0;Saída;2.0;363
22570;1769;21180.0;Saída;1.0;363
22571;1830;21181.0;Saída;1.0;363
22572;2176;21182.0;Saída;2.0;363
22573;2217;21183.0;Saída;2.0;363
22574;3215;21184.0;Saída;1.0;363
22575;3243;21185.0;Saída;2.0;363
22576;3053;21186.0;Saída;2.0;363
22577;3063;21187.0;Saída;1.0;363
22578;3072;21188.0;Saída;2.0;363
22579;2728;21191.0;Saída;2.0;363
22580;2760;21192.0;Saída;1.0;363
22581;2746;21193.0;Saída;1.0;363
22582;3109;21194.0;Saída;1.0;363
22583;3042;21195.0;Saída;2.0;363
22584;3058;21196.0;Saída;1.0;363
22585;2790;21197.0;Saída;2.0;363
22586;2782;21198.0;Saída;1.0;363
22587;2723;21199.0;Saída;1.0;363
22588;3086;21200.0;Saída;2.0;363
22589;3101;21201.0;Saída;1.0;363
22590;3085;21202.0;Saída;2.0;363
22591;2683;21203.0;Saída;1.0;363
22592;2657;21204.0;Saída;1.0;363
22593;3506;21205.0;Saída;2.0;363
22594;3441;21206.0;Saída;2.0;363
22595;3483;21207.0;Saída;1.0;363
22596;3616;21208.0;Saída;1.0;363
22597;3649;21209.0;Saída;1.0;363
22598;3622;21210.0;Saída;2.0;363
22599;4038;21213.0;Saída;1.0;363
22600;4032;21214.0;Saída;2.0;363
22601;639;21215.0;Saída;2.0;364
22602;580;21216.0;Saída;2.0;364
22603;562;21217.0;Saída;2.0;364
22604;1133;21218.0;Saída;1.0;364
22605;1148;21219.0;Saída;2.0;364
22606;420;21220.0;Saída;1.0;364
22607;1284;21221.0;Saída;2.0;364
22608;1347;21222.0;Saída;2.0;364
22609;1292;21223.0;Saída;2.0;364
22610;835;21224.0;Saída;1.0;364
22611;1212;21225.0;Saída;2.0;364
22612;499;21226.0;Saída;1.0;364
22613;791;21230.0;Saída;2.0;364
22614;792;21231.0;Saída;1.0;364
22615;14;21232.0;Saída;2.0;364
22616;2;21233.0;Saída;1.0;364
22617;79;21234.0;Saída;2.0;364
22618;483;21235.0;Saída;1.0;364
22619;250;21236.0;Saída;2.0;364
22620;238;21237.0;Saída;1.0;364
22621;312;21238.0;Saída;2.0;364
22622;308;21239.0;Saída;2.0;364
22623;244;21240.0;Saída;1.0;364
22624;507;21241.0;Saída;2.0;364
22625;1959;21249.0;Saída;1.0;364
22626;1952;21250.0;Saída;1.0;364
22627;1931;21251.0;Saída;1.0;364
22628;2504;21252.0;Saída;2.0;364
22629;2489;21253.0;Saída;1.0;364
22630;2018;21255.0;Saída;1.0;364
22631;2041;21256.0;Saída;2.0;364
22632;2164;21257.0;Saída;1.0;364
22633;2176;21258.0;Saída;2.0;364
22634;2209;21259.0;Saída;2.0;364
22635;3065;21263.0;Saída;2.0;364
22636;3101;21264.0;Saída;2.0;364
22637;2803;21265.0;Saída;1.0;364
22638;2868;21266.0;Saída;1.0;364
22639;2878;21267.0;Saída;1.0;364
22640;2789;21268.0;Saída;1.0;364
22641;2913;21269.0;Saída;2.0;364
22642;2940;21270.0;Saída;2.0;364
22643;2933;21271.0;Saída;2.0;364
22644;2649;21272.0;Saída;1.0;364
22645;2643;21273.0;Saída;2.0;364
22646;2652;21274.0;Saída;2.0;364
22647;3408;21275.0;Saída;2.0;364
22648;3524;21276.0;Saída;2.0;364
22649;3548;21277.0;Saída;2.0;364
22650;3715;21278.0;Saída;1.0;364
22651;4215;21282.0;Saída;1.0;364
22652;3932;21283.0;Saída;1.0;364
22653;3993;21284.0;Saída;1.0;364
22654;3980;21285.0;Saída;2.0;364
22655;1034;21286.0;Saída;1.0;365
22656;1135;21287.0;Saída;1.0;365
22657;1688;21288.0;Saída;1.0;365
22658;806;21291.0;Saída;2.0;365
22659;816;21292.0;Saída;1.0;365
22660;721;21293.0;Saída;1.0;365
22661;1140;21294.0;Saída;1.0;365
22662;508;21297.0;Saída;1.0;365
22663;509;21298.0;Saída;2.0;365
22664;1603;21299.0;Saída;1.0;365
22665;1605;21300.0;Saída;1.0;365
22666;2530;21301.0;Saída;1.0;365
22667;2481;21302.0;Saída;2.0;365
22668;2552;21303.0;Saída;1.0;365
22669;2386;21306.0;Saída;1.0;365
22670;2335;21307.0;Saída;1.0;365
22671;2557;21308.0;Saída;1.0;365
22672;2553;21309.0;Saída;1.0;365
22673;2548;21310.0;Saída;1.0;365
22674;1806;21311.0;Saída;1.0;365
22675;2173;21312.0;Saída;2.0;365
22676;2188;21313.0;Saída;1.0;365
22677;1916;21314.0;Saída;2.0;365
22678;1852;21315.0;Saída;2.0;365
22679;1879;21316.0;Saída;1.0;365
22680;2452;21317.0;Saída;2.0;365
22681;3069;21318.0;Saída;2.0;365
22682;3064;21319.0;Saída;2.0;365
22683;2781;21320.0;Saída;1.0;365
22684;2747;21321.0;Saída;1.0;365
22685;2782;21322.0;Saída;2.0;365
22686;3292;21326.0;Saída;2.0;365
22687;3329;21327.0;Saída;2.0;365
22688;3316;21328.0;Saída;2.0;365
22689;3287;21329.0;Saída;1.0;365
22690;2739;21330.0;Saída;1.0;365
22691;3693;21331.0;Saída;2.0;365
22692;3598;21332.0;Saída;1.0;365
22693;3641;21333.0;Saída;2.0;365
22694;3674;21334.0;Saída;1.0;365
22695;4118;21335.0;Saída;1.0;365
22696;4103;21336.0;Saída;1.0;365
