id_pedido;id_calendario;id_cliente;id_vendedor;id_loja;status
1;1;4115;15;8;pago
2;1;6101;39;20;enviado
3;1;2316;4;2;pago
4;1;4275;43;22;pago
5;1;1451;5;3;pago
6;1;3717;30;15;pago
7;1;742;5;3;pago
8;1;1338;18;9;enviado
9;1;4442;4;2;pago
10;1;4335;20;10;pago
11;1;6513;58;29;cancelado
12;1;171;63;32;pago
13;1;2538;54;27;pago
14;1;1389;45;23;pago
15;1;3428;59;30;pago
16;1;6329;73;37;pago
17;1;3822;78;39;pago
18;1;6710;68;34;pago
19;1;2610;67;34;pago
20;1;6539;65;33;pago
21;1;5553;73;37;cancelado
22;1;4036;81;41;cancelado
23;1;4444;88;44;pago
24;1;7464;92;46;pago
25;1;2271;85;43;pago
26;1;1736;95;49;pago
27;2;7484;5;3;pago
28;2;7178;14;7;pago
29;2;5875;17;9;pendente
30;2;6763;28;14;pago
31;2;4338;10;5;pago
32;2;5150;35;18;pago
33;2;6104;1;1;pago
34;2;6145;15;8;pago
35;2;3808;38;19;pago
36;2;5291;33;17;pago
37;2;5596;29;15;pago
38;2;2334;15;8;pago
39;2;4689;50;25;pago
40;2;2343;49;25;pago
41;2;7212;49;25;pago
42;2;284;52;26;pendente
43;2;2449;63;32;pago
44;2;4019;62;31;pago
45;2;6959;63;32;pago
46;2;7038;74;37;pago
47;2;6405;75;38;pago
48;2;121;71;36;pago
49;2;1465;76;38;pago
50;2;4975;81;41;pago
51;2;5131;77;39;pago
52;2;1831;87;44;pago
53;2;4377;86;43;pago
54;2;1104;88;44;pago
55;2;7088;95;49;pendente
56;3;1907;34;17;pago
57;3;3589;1;1;enviado
58;3;1046;7;4;cancelado
59;3;4275;43;22;pago
60;3;3315;23;12;pago
61;3;5606;32;16;pago
62;3;3068;29;15;pago
63;3;2056;9;5;pago
64;3;5993;9;5;pago
65;3;6180;4;2;pago
66;3;7245;26;13;pendente
67;3;3556;15;8;pago
68;3;1937;33;17;cancelado
69;3;576;30;15;pago
70;3;6133;49;25;pago
71;3;3314;57;29;pago
72;3;7369;55;28;pago
73;3;3784;59;30;pago
74;3;2097;48;24;pago
75;3;6606;63;32;pago
76;3;4134;65;33;pago
77;3;3046;84;42;pago
78;3;5297;70;35;cancelado
79;3;193;71;36;pago
80;3;1496;73;37;pago
81;3;6167;77;39;pago
82;3;1322;89;45;cancelado
83;3;1563;87;44;cancelado
84;3;7106;93;47;cancelado
85;3;2685;97;51;enviado
86;4;6536;20;10;pago
87;4;3479;42;21;pago
88;4;666;16;8;cancelado
89;4;6619;31;16;pago
90;4;403;19;10;pago
91;4;1837;35;18;pago
92;4;718;3;2;pendente
93;4;4238;28;14;pago
94;4;4893;19;10;pago
95;4;7184;6;3;pago
96;4;5516;47;24;pago
97;4;1122;63;32;pago
98;4;2460;59;30;pago
99;4;3468;49;25;enviado
100;4;1448;58;29;pago
101;4;7316;67;34;pago
102;4;6068;74;37;enviado
103;4;1659;82;41;pago
104;4;5632;70;35;pago
105;4;5689;66;33;pago
106;4;6282;88;44;pago
107;4;1427;91;46;pago
108;4;2433;100;54;pago
109;5;2179;35;18;pago
110;5;5342;35;18;pago
111;5;6092;13;7;pago
112;5;1814;36;18;pago
113;5;1409;29;15;pendente
114;5;513;22;11;pago
115;5;3557;7;4;pago
116;5;552;26;13;pago
117;5;770;19;10;cancelado
118;5;2440;4;2;pago
119;5;976;25;13;pendente
120;5;5562;23;12;pago
121;5;6094;38;19;pago
122;5;1108;11;6;pago
123;5;4696;45;23;pago
124;5;440;59;30;pago
125;5;4421;56;28;pago
126;5;5351;59;30;pago
127;5;6963;53;27;cancelado
128;5;1358;74;37;pendente
129;5;6378;79;40;enviado
130;5;1810;80;40;pago
131;5;3644;70;35;pago
132;5;177;76;38;pago
133;5;3291;74;37;pago
134;5;3744;93;47;pago
135;5;1577;88;44;pago
136;5;6881;94;48;cancelado
137;5;3597;97;51;pago
138;6;4764;33;17;pago
139;6;5053;25;13;pago
140;6;269;12;6;pago
141;6;504;23;12;pago
142;6;7334;20;10;pago
143;6;2540;4;2;pago
144;6;4234;13;7;pago
145;6;2114;39;20;pago
146;6;5964;14;7;pendente
147;6;6093;41;21;cancelado
148;6;4187;49;25;pago
149;6;5106;46;23;pago
150;6;3480;51;26;pago
151;6;5072;48;24;pago
152;6;1968;64;32;pago
153;6;1660;79;40;pago
154;6;2599;72;36;pago
155;6;3295;66;33;pago
156;6;1261;74;37;pago
157;6;6621;80;40;pago
158;6;143;68;34;pago
159;6;5490;92;46;pago
160;6;7323;91;46;pago
161;6;3786;93;47;pago
162;6;49;95;49;pago
163;7;703;22;11;pago
164;7;6413;13;7;pago
165;7;6459;17;9;pendente
166;7;5804;11;6;pago
167;7;831;6;3;pago
168;7;6742;10;5;pago
169;7;4755;41;21;pago
170;7;3465;19;10;pago
171;7;1851;15;8;pago
172;7;2781;16;8;pendente
173;7;5729;61;31;pago
174;7;7142;55;28;cancelado
175;7;338;62;31;pago
176;7;798;59;30;cancelado
177;7;1875;45;23;cancelado
178;7;3971;64;32;pago
179;7;6655;83;42;pago
180;7;2144;84;42;pago
181;7;4612;69;35;cancelado
182;7;4668;82;41;pago
183;7;2627;76;38;cancelado
184;7;791;92;46;pago
185;7;6604;90;45;pago
186;7;6349;96;50;pago
187;8;6477;40;20;pago
188;8;5136;28;14;enviado
189;8;6583;29;15;pago
190;8;5161;2;1;pago
191;8;2468;31;16;enviado
192;8;1787;8;4;pendente
193;8;2971;23;12;cancelado
194;8;4573;15;8;pago
195;8;1938;34;17;pago
196;8;4818;59;30;pago
197;8;5084;61;31;cancelado
198;8;6425;46;23;cancelado
199;8;2194;50;25;pago
200;8;6053;71;36;pago
201;8;7002;81;41;pago
202;8;4711;75;38;pendente
203;8;5725;79;40;pago
204;8;2306;66;33;cancelado
205;8;5081;86;43;pago
206;8;2389;90;45;pago
207;8;5755;90;45;pago
208;8;6560;99;53;pago
209;8;3220;99;53;pago
210;9;6740;3;2;cancelado
211;9;2943;18;9;pago
212;9;2;3;2;cancelado
213;9;6823;25;13;pago
214;9;4292;30;15;pago
215;9;306;1;1;pago
216;9;6401;44;22;pago
217;9;6153;17;9;pago
218;9;7083;11;6;cancelado
219;9;2864;19;10;pago
220;9;5733;24;12;pago
221;9;6530;10;5;pago
222;9;133;50;25;pago
223;9;841;62;31;pago
224;9;288;47;24;pago
225;9;2742;62;31;pago
226;9;1534;50;25;cancelado
227;9;7229;82;41;pago
228;9;5920;81;41;enviado
229;9;3811;80;40;pago
230;9;2416;83;42;cancelado
231;9;3874;69;35;pago
232;9;2929;89;45;pago
233;9;2234;93;47;pago
234;9;1962;99;53;pago
235;10;2589;7;4;pago
236;10;3184;16;8;pago
237;10;396;22;11;pago
238;10;3377;9;5;cancelado
239;10;6553;34;17;pago
240;10;4238;28;14;pago
241;10;4898;12;6;pago
242;10;389;22;11;pago
243;10;6206;26;13;pago
244;10;6957;7;4;cancelado
245;10;1363;12;6;pago
246;10;3305;24;12;pago
247;10;4945;18;9;pago
248;10;2778;31;16;pago
249;10;2057;60;30;pago
250;10;5817;58;29;pago
251;10;398;55;28;pago
252;10;2430;51;26;cancelado
253;10;2353;82;41;pago
254;10;1447;75;38;pago
255;10;5768;66;33;pago
256;10;7456;84;42;pago
257;10;2935;93;47;pago
258;10;5580;90;45;pago
259;10;96;98;52;pago
260;10;6698;99;53;pago
261;11;891;31;16;pago
262;11;2282;33;17;pago
263;11;5122;16;8;pago
264;11;1592;18;9;cancelado
265;11;1451;6;3;cancelado
266;11;3212;35;18;pago
267;11;7499;22;11;pago
268;11;4603;19;10;cancelado
269;11;1230;6;3;cancelado
270;11;5599;24;12;pago
271;11;5953;17;9;pago
272;11;1077;48;24;pago
273;11;1782;55;28;pago
274;11;275;52;26;pago
275;11;3746;54;27;cancelado
276;11;4643;71;36;enviado
277;11;3198;76;38;pago
278;11;7138;67;34;pago
279;11;6893;65;33;pago
280;11;5425;86;43;pendente
281;11;6026;88;44;pago
282;11;6714;91;46;pago
283;11;4858;99;53;pago
284;12;2314;18;9;pendente
285;12;1051;16;8;pago
286;12;6642;15;8;cancelado
287;12;1766;44;22;cancelado
288;12;5704;39;20;pago
289;12;2823;10;5;pago
290;12;2652;24;12;pago
291;12;5838;5;3;cancelado
292;12;2652;24;12;cancelado
293;12;6606;63;32;pago
294;12;928;49;25;pago
295;12;1548;49;25;pago
296;12;2107;56;28;pago
297;12;1259;50;25;pago
298;12;339;81;41;pago
299;12;5989;80;40;enviado
300;12;630;72;36;pago
301;12;1760;69;35;pago
302;12;1623;66;33;pago
303;12;2265;84;42;pago
304;12;2177;86;43;pago
305;12;4623;86;43;cancelado
306;12;5471;86;43;pago
307;12;2374;95;49;pago
308;12;3403;97;51;pago
309;13;61;9;5;pago
310;13;675;40;20;pago
311;13;4445;44;22;pago
312;13;7499;22;11;pago
313;13;600;43;22;pago
314;13;7045;19;10;cancelado
315;13;4739;22;11;pago
316;13;2609;35;18;pago
317;13;6957;7;4;cancelado
318;13;6124;42;21;pago
319;13;4147;36;18;pago
320;13;1415;62;31;pago
321;13;2431;62;31;pago
322;13;3891;47;24;pago
323;13;1593;46;23;pago
324;13;3987;52;26;pago
325;13;1423;62;31;pago
326;13;6444;63;32;pendente
327;13;1205;82;41;pendente
328;13;1557;79;40;pago
329;13;4501;76;38;pago
330;13;3595;66;33;pago
331;13;1813;74;37;pago
332;13;1168;88;44;enviado
333;13;4452;88;44;pago
334;13;822;97;51;pago
335;14;4751;9;5;pago
336;14;1795;42;21;pago
337;14;2399;18;9;pago
338;14;2159;14;7;cancelado
339;14;5058;40;20;pago
340;14;4569;38;19;pago
341;14;4566;40;20;pago
342;14;2837;40;20;pago
343;14;1312;38;19;pendente
344;14;2458;22;11;pago
345;14;7306;27;14;cancelado
346;14;3197;30;15;pendente
347;14;5162;7;4;enviado
348;14;4687;16;8;pago
349;14;5094;53;27;pago
350;14;5401;64;32;enviado
351;14;3316;54;27;pago
352;14;3654;45;23;pago
353;14;2561;57;29;pago
354;14;1893;77;39;pago
355;14;1015;84;42;pago
356;14;1306;77;39;pago
357;14;3271;72;36;pago
358;14;327;69;35;pago
359;14;2199;76;38;pago
360;14;4310;90;45;pago
361;14;6929;90;45;pago
362;14;7430;100;54;pago
363;15;7135;27;14;pago
364;15;5507;38;19;enviado
365;15;3484;44;22;enviado
366;15;230;44;22;pago
367;15;748;42;21;pago
368;15;4009;17;9;enviado
369;15;6233;3;2;pago
370;15;7207;33;17;pago
371;15;7101;31;16;pago
372;15;3260;54;27;pago
373;15;3096;47;24;pago
374;15;1859;61;31;cancelado
375;15;6541;48;24;pago
376;15;836;52;26;pago
377;15;1431;49;25;pago
378;15;35;69;35;pago
379;15;64;82;41;pago
380;15;4124;71;36;pago
381;15;7055;82;41;pago
382;15;5483;73;37;pendente
383;15;946;71;36;pago
384;15;5356;92;46;pago
385;15;5974;86;43;pago
386;15;5609;100;54;pago
387;16;5644;42;21;pago
388;16;2829;27;14;pago
389;16;1689;29;15;pago
390;16;2458;22;11;pago
391;16;6030;29;15;pago
392;16;6794;42;21;enviado
393;16;6976;15;8;pendente
394;16;3605;33;17;cancelado
395;16;154;42;21;pago
396;16;2492;32;16;pago
397;16;1304;19;10;pago
398;16;7155;38;19;pago
399;16;4820;55;28;cancelado
400;16;214;52;26;pago
401;16;1131;60;30;pago
402;16;4319;54;27;pago
403;16;1348;55;28;pendente
404;16;4419;61;31;pendente
405;16;2109;68;34;pago
406;16;1315;83;42;pago
407;16;4087;69;35;pago
408;16;1250;66;33;pago
409;16;2955;66;33;pago
410;16;6758;88;44;pago
411;16;235;85;43;pago
412;16;787;95;49;pago
413;17;182;34;17;pago
414;17;4583;10;5;cancelado
415;17;2123;41;21;pago
416;17;6412;20;10;pago
417;17;4249;9;5;pago
418;17;2352;6;3;pago
419;17;5269;15;8;cancelado
420;17;3709;12;6;cancelado
421;17;805;30;15;pago
422;17;3487;60;30;pago
423;17;2714;46;23;pago
424;17;7321;51;26;pago
425;17;514;45;23;cancelado
426;17;245;49;25;pago
427;17;434;48;24;pago
428;17;1270;54;27;pendente
429;17;4629;84;42;pendente
430;17;650;83;42;pago
431;17;4599;81;41;pago
432;17;6068;74;37;pago
433;17;454;76;38;enviado
434;17;4625;88;44;pago
435;17;6177;93;47;pago
436;17;719;96;50;pago
437;18;2136;6;3;pago
438;18;3538;7;4;pendente
439;18;1287;36;18;pago
440;18;2633;18;9;pago
441;18;4993;42;21;pago
442;18;1694;3;2;pago
443;18;3364;19;10;pago
444;18;2314;18;9;enviado
445;18;85;28;14;pago
446;18;2406;56;28;pago
447;18;2856;58;29;pago
448;18;7445;48;24;pago
449;18;3424;46;23;pendente
450;18;1092;49;25;pago
451;18;4762;56;28;pago
452;18;2762;76;38;pago
453;18;5258;84;42;enviado
454;18;5211;69;35;pago
455;18;6256;68;34;pago
456;18;2371;83;42;pago
457;18;4575;86;43;pago
458;18;3981;86;43;pago
459;18;5228;90;45;pendente
460;18;3215;100;54;pago
461;19;1865;41;21;cancelado
462;19;2275;41;21;pago
463;19;6976;15;8;pago
464;19;4925;27;14;pago
465;19;6368;41;21;pago
466;19;7205;23;12;enviado
467;19;1739;24;12;pago
468;19;5152;34;17;pago
469;19;1845;24;12;pago
470;19;3099;12;6;pago
471;19;3176;31;16;pago
472;19;5576;12;6;pago
473;19;4672;56;28;pendente
474;19;216;58;29;pago
475;19;1514;56;28;pago
476;19;98;58;29;pendente
477;19;4501;75;38;pago
478;19;3807;69;35;pago
479;19;885;66;33;pago
480;19;1381;71;36;pago
481;19;4964;91;46;enviado
482;19;4334;93;47;pago
483;19;3679;88;44;pago
484;19;3990;94;48;cancelado
485;20;2032;5;3;pago
486;20;594;36;18;pago
487;20;6091;9;5;pago
488;20;5865;25;13;pago
489;20;7394;38;19;pago
490;20;3753;43;22;pago
491;20;4670;6;3;pago
492;20;2502;14;7;pago
493;20;2745;2;1;pago
494;20;6784;8;4;enviado
495;20;6669;3;2;pago
496;20;6207;16;8;cancelado
497;20;2110;61;31;pago
498;20;1847;59;30;pago
499;20;916;58;29;pago
500;20;2205;45;23;cancelado
501;20;2143;78;39;enviado
502;20;3027;73;37;pago
503;20;1271;73;37;cancelado
504;20;6819;84;42;pago
505;20;6539;65;33;pago
506;20;6978;78;39;pago
507;20;604;88;44;pago
508;20;6463;86;43;pago
509;20;3132;100;54;pago
510;21;3773;36;18;enviado
511;21;1837;36;18;pendente
512;21;5547;40;20;cancelado
513;21;6632;32;16;pago
514;21;1795;41;21;pendente
515;21;5766;27;14;pago
516;21;4415;22;11;cancelado
517;21;2765;1;1;pago
518;21;305;7;4;pago
519;21;7140;60;30;pago
520;21;6078;50;25;pago
521;21;3069;54;27;pago
522;21;7222;55;28;pago
523;21;3548;58;29;pago
524;21;5883;53;27;pago
525;21;2919;67;34;cancelado
526;21;5500;66;33;pendente
527;21;6175;79;40;pendente
528;21;2905;67;34;pago
529;21;87;80;40;pago
530;21;1509;91;46;cancelado
531;21;4814;93;47;pago
532;21;2376;99;53;pago
533;21;1999;100;54;pendente
534;22;4780;11;6;pago
535;22;2585;34;17;pago
536;22;1680;20;10;pago
537;22;2469;22;11;cancelado
538;22;1662;3;2;pago
539;22;702;16;8;pago
540;22;1034;2;1;pago
541;22;1213;8;4;pendente
542;22;6014;24;12;enviado
543;22;2448;28;14;pago
544;22;7434;63;32;pago
545;22;668;57;29;pago
546;22;148;45;23;pago
547;22;7000;49;25;pago
548;22;494;76;38;pago
549;22;3213;82;41;pago
550;22;1783;70;35;pago
551;22;4971;79;40;pago
552;22;1310;67;34;pendente
553;22;2102;93;47;pendente
554;22;3522;93;47;pago
555;22;5235;86;43;pago
556;22;137;100;54;pago
557;23;2637;28;14;pago
558;23;2287;28;14;pago
559;23;4945;17;9;pago
560;23;4127;5;3;pago
561;23;1475;21;11;pago
562;23;3105;12;6;pago
563;23;6424;29;15;pago
564;23;845;42;21;pago
565;23;5174;41;21;pago
566;23;7134;14;7;pago
567;23;2093;25;13;pago
568;23;1638;29;15;enviado
569;23;691;17;9;pago
570;23;2462;53;27;pendente
571;23;2706;51;26;pago
572;23;5202;49;25;pago
573;23;3827;58;29;pago
574;23;5952;59;30;pago
575;23;3150;82;41;pago
576;23;1166;80;40;pago
577;23;2396;75;38;pago
578;23;7471;66;33;cancelado
579;23;7492;93;47;pago
580;23;5550;85;43;pago
581;23;3402;87;44;pago
582;23;6332;94;48;pago
583;24;7470;25;13;pago
584;24;3757;31;16;enviado
585;24;4788;6;3;pago
586;24;1130;37;19;cancelado
587;24;5279;14;7;pago
588;24;3803;1;1;pendente
589;24;6757;2;1;pago
590;24;1531;2;1;pago
591;24;1452;11;6;pago
592;24;1571;35;18;pendente
593;24;4157;37;19;pago
594;24;7068;31;16;pendente
595;24;3098;2;1;pago
596;24;178;62;31;cancelado
597;24;3307;47;24;pago
598;24;5650;58;29;pago
599;24;2213;61;31;pago
600;24;5602;72;36;pago
601;24;5328;80;40;enviado
602;24;4708;72;36;cancelado
603;24;2739;78;39;pago
604;24;1813;74;37;pago
605;24;3145;88;44;pago
606;24;6026;87;44;pago
607;24;535;94;48;pago
608;25;1493;12;6;pago
609;25;5991;24;12;pago
610;25;1252;43;22;pago
611;25;5291;33;17;pendente
612;25;4584;2;1;pago
613;25;5714;21;11;cancelado
614;25;7147;40;20;pago
615;25;6233;4;2;enviado
616;25;453;29;15;pago
617;25;7225;3;2;pago
618;25;5870;32;16;pago
619;25;4500;16;8;pago
620;25;1904;55;28;pago
621;25;3260;53;27;pago
622;25;1914;57;29;pago
623;25;1483;56;28;pago
624;25;7222;55;28;pendente
625;25;1087;52;26;pago
626;25;119;78;39;pago
627;25;5432;69;35;pago
628;25;6859;74;37;pago
629;25;3758;73;37;pago
630;25;4519;84;42;pendente
631;25;559;93;47;pago
632;25;4082;93;47;pago
633;25;6400;93;47;pago
634;25;2722;96;50;pago
635;26;3549;37;19;pago
636;26;6254;23;12;cancelado
637;26;760;9;5;pago
638;26;6348;14;7;pago
639;26;2253;2;1;pendente
640;26;5135;44;22;pago
641;26;3821;27;14;pago
642;26;3930;20;10;pago
643;26;3284;32;16;pago
644;26;7184;5;3;pago
645;26;6937;61;31;pago
646;26;6766;55;28;enviado
647;26;4823;45;23;pago
648;26;1389;46;23;pago
649;26;4897;75;38;cancelado
650;26;402;81;41;pago
651;26;564;83;42;pago
652;26;427;66;33;pago
653;26;6204;77;39;pendente
654;26;4977;87;44;pago
655;26;4813;92;46;cancelado
656;26;5647;98;52;pago
657;27;1621;12;6;enviado
658;27;3939;21;11;pago
659;27;1224;31;16;cancelado
660;27;7234;41;21;pago
661;27;1735;40;20;pago
662;27;5786;21;11;pendente
663;27;3769;8;4;pago
664;27;6059;41;21;cancelado
665;27;5742;22;11;pago
666;27;1346;40;20;pago
667;27;2737;46;23;pago
668;27;7349;57;29;pago
669;27;7321;51;26;pago
670;27;5573;59;30;pago
671;27;5429;47;24;cancelado
672;27;7081;84;42;pago
673;27;3347;75;38;pago
674;27;5182;67;34;pendente
675;27;6027;84;42;pago
676;27;5171;84;42;pendente
677;27;1190;77;39;pago
678;27;2384;79;40;pago
679;27;6324;88;44;pago
680;27;4911;87;44;pago
681;27;7385;95;49;pago
682;27;4581;99;53;pago
683;28;6025;22;11;pago
684;28;152;19;10;pago
685;28;2547;40;20;pago
686;28;6680;6;3;pago
687;28;837;24;12;pendente
688;28;1853;1;1;enviado
689;28;849;40;20;pago
690;28;6237;25;13;pago
691;28;5584;40;20;pago
692;28;1518;43;22;cancelado
693;28;4752;4;2;pago
694;28;1125;56;28;pago
695;28;2373;48;24;enviado
696;28;4688;54;27;pago
697;28;2347;55;28;pago
698;28;3414;59;30;pago
699;28;4138;63;32;enviado
700;28;6006;70;35;pago
701;28;6877;81;41;pago
702;28;3380;70;35;pago
703;28;3952;78;39;pago
704;28;6329;74;37;cancelado
705;28;6018;93;47;pago
706;28;4622;86;43;pago
707;28;3643;92;46;pago
708;28;846;100;54;pago
709;29;1108;12;6;cancelado
710;29;923;3;2;pendente
711;29;5850;44;22;pago
712;29;7167;12;6;cancelado
713;29;3242;11;6;pago
714;29;680;7;4;pago
715;29;2939;14;7;pago
716;29;1515;29;15;pago
717;29;5790;36;18;pago
718;29;5821;36;18;pago
719;29;5686;5;3;pendente
720;29;5566;51;26;pago
721;29;3244;64;32;pago
722;29;5467;46;23;pago
723;29;6467;51;26;pendente
724;29;2682;69;35;pago
725;29;4235;83;42;enviado
726;29;3201;70;35;pago
727;29;2035;73;37;pago
728;29;2891;75;38;pago
729;29;5881;86;43;pago
730;29;3879;93;47;pago
731;29;5959;89;45;pago
732;29;695;94;48;pago
733;30;5474;19;10;pago
734;30;2532;25;13;cancelado
735;30;831;6;3;pago
736;30;6176;9;5;pago
737;30;7279;30;15;pendente
738;30;5623;11;6;pago
739;30;483;20;10;pago
740;30;6187;23;12;cancelado
741;30;3083;10;5;enviado
742;30;1564;24;12;pago
743;30;3725;16;8;pago
744;30;3115;43;22;cancelado
745;30;3358;16;8;pago
746;30;4831;49;25;pago
747;30;5298;60;30;pago
748;30;1758;64;32;pago
749;30;4121;47;24;pago
750;30;217;49;25;pago
751;30;5024;73;37;pago
752;30;3820;84;42;cancelado
753;30;6655;84;42;pago
754;30;1450;76;38;pago
755;30;4927;70;35;pago
756;30;2268;75;38;pago
757;30;6960;93;47;pago
758;30;2596;93;47;pago
759;30;7096;94;48;pago
760;31;2996;25;13;pago
761;31;2166;35;18;pago
762;31;6039;7;4;pago
763;31;7311;23;12;pago
764;31;2755;29;15;cancelado
765;31;3257;41;21;pago
766;31;3626;36;18;pago
767;31;3197;30;15;pago
768;31;5515;28;14;pago
769;31;298;4;2;pago
770;31;1210;6;3;pago
771;31;1872;8;4;pago
772;31;828;33;17;cancelado
773;31;2709;29;15;pago
774;31;2461;58;29;pago
775;31;7407;60;30;cancelado
776;31;5416;64;32;pago
777;31;3121;60;30;cancelado
778;31;6679;59;30;pago
779;31;3120;45;23;pago
780;31;2157;47;24;pago
781;31;3067;68;34;pago
782;31;64;81;41;pago
783;31;1862;80;40;pago
784;31;4068;82;41;pago
785;31;1350;81;41;pago
786;31;4743;77;39;pago
787;31;5869;87;44;pago
788;31;6518;90;45;pago
789;31;180;99;53;cancelado
790;32;3083;9;5;pago
791;32;4180;15;8;pago
792;32;2720;26;13;pago
793;32;4670;6;3;pago
794;32;4935;25;13;pago
795;32;1743;8;4;pago
796;32;6919;29;15;pago
797;32;1210;5;3;pago
798;32;88;22;11;pago
799;32;7036;2;1;pago
800;32;6818;42;21;pago
801;32;5996;15;8;pago
802;32;3284;32;16;pago
803;32;1673;57;29;pendente
804;32;3494;49;25;enviado
805;32;1339;49;25;pago
806;32;5696;64;32;pago
807;32;5641;78;39;pago
808;32;1778;66;33;pago
809;32;5545;82;41;pago
810;32;1810;79;40;cancelado
811;32;1731;65;33;pago
812;32;3630;75;38;pago
813;32;1835;93;47;pago
814;32;6630;93;47;pago
815;32;3768;90;45;pago
816;32;7448;94;48;pago
817;33;2156;13;7;cancelado
818;33;5267;27;14;pago
819;33;1316;36;18;pago
820;33;2812;36;18;pago
821;33;4478;30;15;pendente
822;33;61;9;5;pago
823;33;2481;13;7;pago
824;33;2754;30;15;cancelado
825;33;2351;5;3;pago
826;33;6869;14;7;pago
827;33;3469;43;22;pago
828;33;6359;40;20;pago
829;33;1993;1;1;pago
830;33;436;61;31;pago
831;33;323;52;26;pago
832;33;3120;45;23;pendente
833;33;2848;63;32;pago
834;33;2546;59;30;pago
835;33;968;84;42;cancelado
836;33;327;70;35;cancelado
837;33;4388;80;40;pago
838;33;4481;77;39;enviado
839;33;1232;93;47;pago
840;33;656;93;47;pendente
841;33;6554;87;44;pago
842;33;6427;96;50;pago
843;34;3071;35;18;pago
844;34;3979;27;14;pago
845;34;2772;3;2;pago
846;34;2589;7;4;pago
847;34;7205;23;12;pago
848;34;792;43;22;pago
849;34;2613;42;21;pago
850;34;2617;3;2;pago
851;34;6634;24;12;pago
852;34;7334;19;10;pago
853;34;5096;52;26;pendente
854;34;2686;49;25;pago
855;34;7301;46;23;pago
856;34;275;52;26;pago
857;34;6250;76;38;cancelado
858;34;2955;66;33;pago
859;34;5189;74;37;pago
860;34;6192;81;41;cancelado
861;34;6212;68;34;pago
862;34;3066;75;38;pago
863;34;5959;90;45;pago
864;34;2264;90;45;pago
865;34;2137;97;51;cancelado
866;34;4910;100;54;pago
867;35;2878;21;11;cancelado
868;35;532;28;14;pago
869;35;7469;7;4;pago
870;35;1245;41;21;pago
871;35;5287;7;4;pago
872;35;4507;23;12;pago
873;35;7184;5;3;pago
874;35;2998;3;2;pago
875;35;713;29;15;pago
876;35;4559;6;3;pago
877;35;5770;25;13;pago
878;35;6631;14;7;pago
879;35;1830;4;2;pago
880;35;2899;62;31;pago
881;35;57;61;31;pago
882;35;72;60;30;pago
883;35;1817;48;24;pago
884;35;1744;54;27;pago
885;35;3962;70;35;pago
886;35;1456;65;33;pago
887;35;7055;81;41;pago
888;35;5432;70;35;pago
889;35;7055;81;41;pago
890;35;3968;86;43;pago
891;35;848;93;47;pago
892;35;6439;95;49;enviado
893;36;4922;23;12;pago
894;36;4863;29;15;pago
895;36;5459;9;5;pago
896;36;562;21;11;cancelado
897;36;4146;28;14;pago
898;36;1095;39;20;pago
899;36;2958;37;19;cancelado
900;36;2282;34;17;pago
901;36;6590;8;4;pago
902;36;3317;39;20;pago
903;36;4279;32;16;pago
904;36;5977;13;7;pendente
905;36;655;3;2;pago
906;36;1897;49;25;enviado
907;36;2706;52;26;pago
908;36;614;61;31;pago
909;36;1517;49;25;cancelado
910;36;7127;67;34;pago
911;36;5224;75;38;pago
912;36;4890;82;41;pago
913;36;1052;78;39;pago
914;36;7183;91;46;cancelado
915;36;6962;86;43;pago
916;36;3426;96;50;pago
917;37;2969;25;13;pago
918;37;7294;39;20;pago
919;37;2077;32;16;pago
920;37;2998;3;2;pago
921;37;2012;13;7;pago
922;37;601;11;6;cancelado
923;37;7168;9;5;pago
924;37;4003;42;21;pago
925;37;6530;9;5;pago
926;37;3419;29;15;pago
927;37;453;29;15;pago
928;37;2516;11;6;pago
929;37;7459;51;26;pago
930;37;922;58;29;enviado
931;37;5455;62;31;pago
932;37;4000;49;25;pago
933;37;321;55;28;enviado
934;37;6078;49;25;pago
935;37;407;74;37;pago
936;37;6532;81;41;pago
937;37;3828;68;34;pago
938;37;4064;66;33;pago
939;37;158;77;39;pago
940;37;4777;90;45;pago
941;37;6567;92;46;pago
942;37;2836;94;48;pago
943;38;3263;36;18;pago
944;38;6008;17;9;pago
945;38;1753;22;11;pago
946;38;6916;34;17;pago
947;38;2027;36;18;pago
948;38;7165;12;6;pago
949;38;3358;16;8;pago
950;38;2733;2;1;pago
951;38;3315;24;12;pago
952;38;3230;31;16;pago
953;38;1816;37;19;pago
954;38;4457;34;17;pago
955;38;6231;30;15;pago
956;38;1100;64;32;cancelado
957;38;5648;48;24;pago
958;38;1131;59;30;pago
959;38;5025;48;24;pago
960;38;4849;79;40;pago
961;38;6181;70;35;pago
962;38;839;74;37;pago
963;38;3028;71;36;pago
964;38;2740;86;43;pago
965;38;6899;88;44;pago
966;38;7340;93;47;pago
967;38;5305;99;53;pago
968;38;751;94;48;pago
969;39;7271;42;21;pago
970;39;1312;37;19;pago
971;39;6676;3;2;cancelado
972;39;646;42;21;pago
973;39;67;24;12;pago
974;39;1604;31;16;pago
975;39;1299;43;22;pago
976;39;1243;11;6;pago
977;39;220;61;31;pago
978;39;5911;51;26;enviado
979;39;3303;53;27;pago
980;39;6826;56;28;pago
981;39;1848;56;28;pago
982;39;962;64;32;cancelado
983;39;4381;76;38;pendente
984;39;2981;69;35;pago
985;39;2682;69;35;pago
986;39;4412;72;36;pago
987;39;6193;80;40;pago
988;39;3174;66;33;pendente
989;39;1184;92;46;pendente
990;39;340;85;43;pago
991;39;6557;89;45;pago
992;39;4083;97;51;pago
993;40;4491;30;15;pago
994;40;969;43;22;pago
995;40;6706;25;13;cancelado
996;40;4080;35;18;pago
997;40;1281;32;16;pago
998;40;1586;1;1;cancelado
999;40;4566;39;20;enviado
1000;40;1238;20;10;pago
1001;40;159;21;11;pago
1002;40;2547;39;20;pago
1003;40;4003;41;21;pago
1004;40;964;20;10;pago
1005;40;6321;9;5;pago
1006;40;6230;34;17;pago
1007;40;3581;53;27;pago
1008;40;1836;50;25;pago
1009;40;2022;54;27;enviado
1010;40;2011;45;23;pago
1011;40;2474;49;25;pago
1012;40;1267;45;23;pago
1013;40;2028;83;42;pago
1014;40;6353;75;38;pago
1015;40;4095;81;41;pago
1016;40;4968;70;35;pago
1017;40;5428;81;41;pago
1018;40;2896;90;45;pago
1019;40;724;86;43;pago
1020;40;2980;88;44;pago
1021;40;3413;100;54;pendente
1022;41;1761;28;14;cancelado
1023;41;2279;29;15;pago
1024;41;1597;14;7;pago
1025;41;3810;39;20;pago
1026;41;6017;43;22;pago
1027;41;1932;12;6;pago
1028;41;6334;13;7;pago
1029;41;3903;40;20;pago
1030;41;2702;19;10;cancelado
1031;41;5173;42;21;pago
1032;41;1970;40;20;pago
1033;41;6240;13;7;pago
1034;41;2614;47;24;pago
1035;41;5318;53;27;pago
1036;41;138;56;28;pago
1037;41;2122;58;29;pago
1038;41;2595;77;39;pago
1039;41;4355;77;39;pago
1040;41;36;71;36;pago
1041;41;5377;66;33;cancelado
1042;41;4342;69;35;pago
1043;41;6704;86;43;pago
1044;41;4192;87;44;pendente
1045;41;3536;97;51;pago
1046;42;4555;16;8;pendente
1047;42;845;42;21;pago
1048;42;612;11;6;pago
1049;42;6511;38;19;pago
1050;42;1531;2;1;pago
1051;42;6455;19;10;pago
1052;42;6719;15;8;enviado
1053;42;3995;44;22;pago
1054;42;6846;20;10;pago
1055;42;3951;51;26;pago
1056;42;4493;50;25;pago
1057;42;7457;56;28;pago
1058;42;5650;57;29;pago
1059;42;7198;81;41;pago
1060;42;4350;80;40;pago
1061;42;1529;84;42;pago
1062;42;5842;72;36;enviado
1063;42;3390;90;45;pago
1064;42;827;93;47;pago
1065;42;1508;85;43;pago
1066;42;5666;96;50;pago
1067;43;4234;14;7;pago
1068;43;2544;28;14;pago
1069;43;368;39;20;enviado
1070;43;1290;41;21;pago
1071;43;2541;13;7;pago
1072;43;287;23;12;pago
1073;43;4186;16;8;pago
1074;43;1814;36;18;pago
1075;43;6025;22;11;pago
1076;43;4550;28;14;pago
1077;43;497;41;21;pago
1078;43;5311;36;18;pago
1079;43;1714;32;16;pago
1080;43;1663;61;31;pendente
1081;43;728;51;26;enviado
1082;43;330;58;29;pago
1083;43;5883;54;27;enviado
1084;43;5276;70;35;pago
1085;43;6036;84;42;pago
1086;43;519;80;40;pago
1087;43;1335;81;41;cancelado
1088;43;1971;74;37;cancelado
1089;43;1927;83;42;pago
1090;43;6387;90;45;pago
1091;43;1446;88;44;pago
1092;43;123;98;52;pago
1093;44;5135;44;22;pago
1094;44;5835;3;2;pago
1095;44;1160;2;1;cancelado
1096;44;2858;32;16;pago
1097;44;6356;30;15;cancelado
1098;44;5277;20;10;pago
1099;44;452;34;17;pendente
1100;44;845;42;21;pago
1101;44;4639;11;6;pago
1102;44;5596;30;15;pago
1103;44;4561;9;5;pago
1104;44;6898;53;27;enviado
1105;44;7269;62;31;pago
1106;44;7432;62;31;pago
1107;44;1936;63;32;pago
1108;44;4199;47;24;pago
1109;44;6748;55;28;pago
1110;44;1054;82;41;pago
1111;44;5184;81;41;enviado
1112;44;3162;69;35;pago
1113;44;2535;75;38;pago
1114;44;783;76;38;pago
1115;44;6518;89;45;pago
1116;44;3714;90;45;pago
1117;44;4595;93;47;pago
1118;44;2119;99;53;pago
1119;45;6968;38;19;pendente
1120;45;914;3;2;pago
1121;45;5786;21;11;pago
1122;45;3266;12;6;pago
1123;45;4576;24;12;cancelado
1124;45;1657;16;8;pago
1125;45;1951;6;3;pago
1126;45;1229;36;18;pago
1127;45;1137;15;8;pago
1128;45;3741;50;25;pago
1129;45;440;60;30;enviado
1130;45;6941;49;25;pago
1131;45;6601;49;25;pago
1132;45;148;46;23;enviado
1133;45;6877;81;41;pago
1134;45;5890;70;35;pago
1135;45;3347;76;38;pago
1136;45;7410;77;39;pago
1137;45;1219;70;35;pago
1138;45;5589;69;35;pago
1139;45;6534;86;43;pago
1140;45;2977;92;46;enviado
1141;45;6786;94;48;pago
1142;46;4167;18;9;pago
1143;46;5145;17;9;pago
1144;46;4239;5;3;enviado
1145;46;5673;41;21;pago
1146;46;3479;41;21;pago
1147;46;2849;37;19;cancelado
1148;46;2657;41;21;pago
1149;46;2311;7;4;pago
1150;46;2282;34;17;pago
1151;46;2123;42;21;pendente
1152;46;1057;36;18;pago
1153;46;3301;18;9;pago
1154;46;880;10;5;pago
1155;46;2340;24;12;cancelado
1156;46;6487;58;29;pendente
1157;46;406;57;29;cancelado
1158;46;100;51;26;cancelado
1159;46;6160;60;30;cancelado
1160;46;6258;74;37;cancelado
1161;46;2454;67;34;pago
1162;46;3329;70;35;pago
1163;46;2336;80;40;pago
1164;46;4030;67;34;pago
1165;46;6373;90;45;pago
1166;46;1812;86;43;enviado
1167;46;4171;97;51;pago
1168;47;5406;31;16;enviado
1169;47;703;21;11;pago
1170;47;5249;20;10;pago
1171;47;2031;14;7;pago
1172;47;7068;31;16;pago
1173;47;4202;19;10;pago
1174;47;7388;7;4;pago
1175;47;273;22;11;pago
1176;47;4262;36;18;pago
1177;47;1290;42;21;pendente
1178;47;5996;15;8;pago
1179;47;3149;12;6;pago
1180;47;1214;32;16;cancelado
1181;47;954;33;17;pago
1182;47;341;55;28;pago
1183;47;7276;54;27;pago
1184;47;6861;45;23;pago
1185;47;4676;49;25;pago
1186;47;5130;54;27;pago
1187;47;6032;48;24;pago
1188;47;5297;70;35;pago
1189;47;1052;78;39;pago
1190;47;1350;82;41;cancelado
1191;47;5727;83;42;pago
1192;47;60;91;46;pago
1193;47;1104;87;44;pago
1194;47;6349;96;50;pago
1195;48;3284;32;16;pago
1196;48;3454;25;13;pago
1197;48;1455;3;2;pago
1198;48;7035;30;15;pago
1199;48;5921;22;11;pago
1200;48;1045;1;1;pago
1201;48;5046;9;5;pendente
1202;48;1989;23;12;pago
1203;48;6717;34;17;pago
1204;48;7082;32;16;pago
1205;48;3308;7;4;pago
1206;48;5284;64;32;cancelado
1207;48;4900;63;32;pago
1208;48;5622;57;29;cancelado
1209;48;5817;57;29;pago
1210;48;1011;64;32;enviado
1211;48;5067;70;35;pago
1212;48;122;70;35;cancelado
1213;48;3781;67;34;pago
1214;48;2112;67;34;enviado
1215;48;4773;85;43;pago
1216;48;4891;93;47;pago
1217;48;4133;86;43;pago
1218;48;364;100;54;pago
1219;49;837;24;12;pago
1220;49;558;32;16;pago
1221;49;7285;17;9;pago
1222;49;3825;12;6;pago
1223;49;4695;10;5;pago
1224;49;5354;21;11;pago
1225;49;3223;22;11;pendente
1226;49;3278;17;9;pago
1227;49;7162;10;5;enviado
1228;49;6810;29;15;cancelado
1229;49;117;43;22;pendente
1230;49;1883;51;26;pendente
1231;49;2155;46;23;pago
1232;49;3516;61;31;pago
1233;49;2335;56;28;pago
1234;49;3619;73;37;cancelado
1235;49;466;69;35;pago
1236;49;5689;65;33;pago
1237;49;4267;76;38;pago
1238;49;3910;80;40;pago
1239;49;3240;93;47;pago
1240;49;6711;89;45;pago
1241;49;2208;100;54;pago
1242;50;4718;3;2;pago
1243;50;1279;23;12;pago
1244;50;4525;7;4;pago
1245;50;3401;27;14;pago
1246;50;6194;2;1;cancelado
1247;50;5594;7;4;pago
1248;50;1053;20;10;pago
1249;50;4458;34;17;pago
1250;50;1107;43;22;enviado
1251;50;61;9;5;pago
1252;50;7406;41;21;pago
1253;50;6149;26;13;pago
1254;50;1045;2;1;cancelado
1255;50;1517;50;25;cancelado
1256;50;3534;50;25;pago
1257;50;2815;48;24;pago
1258;50;7459;51;26;pago
1259;50;5809;82;41;pago
1260;50;1550;82;41;pago
1261;50;1016;76;38;pago
1262;50;5224;75;38;pago
1263;50;6209;92;46;pago
1264;50;2102;93;47;pago
1265;50;1494;92;46;pago
1266;50;5164;96;50;pago
1267;50;5463;98;52;cancelado
1268;51;2;3;2;pago
1269;51;4593;40;20;pendente
1270;51;22;44;22;pago
1271;51;3026;5;3;cancelado
1272;51;4847;29;15;cancelado
1273;51;2128;21;11;pago
1274;51;7246;20;10;pago
1275;51;2702;19;10;pago
1276;51;2620;17;9;cancelado
1277;51;2493;56;28;pago
1278;51;4645;51;26;pago
1279;51;6144;55;28;pago
1280;51;1293;48;24;pago
1281;51;5677;53;27;pago
1282;51;2848;64;32;pago
1283;51;4636;75;38;pago
1284;51;5878;71;36;pago
1285;51;291;75;38;pago
1286;51;5297;69;35;pago
1287;51;6088;75;38;pendente
1288;51;4377;85;43;pago
1289;51;5593;87;44;enviado
1290;51;6955;85;43;pago
1291;51;4516;95;49;cancelado
1292;52;6065;16;8;pago
1293;52;5375;5;3;pago
1294;52;7416;5;3;pago
1295;52;2729;21;11;pago
1296;52;1388;10;5;pago
1297;52;2950;12;6;pago
1298;52;2420;32;16;pago
1299;52;799;9;5;pago
1300;52;3554;28;14;pago
1301;52;4302;32;16;enviado
1302;52;6330;5;3;pago
1303;52;7321;51;26;pago
1304;52;6733;46;23;pago
1305;52;4820;55;28;pago
1306;52;7291;56;28;pago
1307;52;1381;72;36;pago
1308;52;4646;80;40;cancelado
1309;52;905;81;41;pago
1310;52;3214;80;40;pago
1311;52;194;88;44;pago
1312;52;1294;93;47;pago
1313;52;753;98;52;pago
1314;53;4989;26;13;pago
1315;53;1997;3;2;pago
1316;53;287;24;12;pago
1317;53;2344;33;17;pago
1318;53;382;3;2;pago
1319;53;5560;26;13;pago
1320;53;2400;32;16;pago
1321;53;7388;8;4;pago
1322;53;2121;22;11;pago
1323;53;3043;27;14;pago
1324;53;7384;32;16;enviado
1325;53;5893;3;2;pago
1326;53;919;56;28;pago
1327;53;2397;51;26;pago
1328;53;1883;52;26;pago
1329;53;5072;47;24;pago
1330;53;1443;54;27;pago
1331;53;7462;76;38;pago
1332;53;1166;80;40;pago
1333;53;478;80;40;pago
1334;53;3214;80;40;pago
1335;53;6195;74;37;cancelado
1336;53;2257;91;46;pago
1337;53;4941;91;46;cancelado
1338;53;6225;96;50;pago
1339;54;5031;25;13;pago
1340;54;784;32;16;pago
1341;54;1604;31;16;pago
1342;54;4303;15;8;pendente
1343;54;7056;38;19;pago
1344;54;7309;9;5;pago
1345;54;1445;31;16;pago
1346;54;3311;34;17;pago
1347;54;4391;5;3;pago
1348;54;5898;48;24;pago
1349;54;6552;57;29;pago
1350;54;5527;51;26;pago
1351;54;3235;51;26;pago
1352;54;4104;46;23;pago
1353;54;5027;45;23;pago
1354;54;5374;79;40;enviado
1355;54;5486;76;38;pago
1356;54;4714;71;36;pago
1357;54;1358;73;37;pago
1358;54;7462;76;38;pago
1359;54;2674;83;42;pago
1360;54;7115;92;46;pago
1361;54;821;85;43;pago
1362;54;7033;93;47;enviado
1363;54;4604;99;53;pago
1364;55;1503;12;6;pago
1365;55;5253;17;9;enviado
1366;55;1071;43;22;pendente
1367;55;5760;8;4;pago
1368;55;541;19;10;enviado
1369;55;4448;29;15;pago
1370;55;2101;35;18;pago
1371;55;5030;28;14;pago
1372;55;1264;7;4;pago
1373;55;615;42;21;pago
1374;55;6618;18;9;pago
1375;55;6441;62;31;pago
1376;55;6932;48;24;pago
1377;55;916;58;29;pago
1378;55;2467;49;25;enviado
1379;55;638;47;24;pago
1380;55;4431;61;31;pago
1381;55;5717;73;37;pago
1382;55;5400;71;36;pago
1383;55;2083;74;37;pago
1384;55;3547;81;41;pago
1385;55;5081;85;43;cancelado
1386;55;6750;91;46;pago
1387;55;6896;94;48;pago
1388;56;1258;21;11;pago
1389;56;1153;9;5;pago
1390;56;7064;19;10;pago
1391;56;7094;12;6;pago
1392;56;6798;41;21;pago
1393;56;2247;40;20;pago
1394;56;6559;6;3;pago
1395;56;5250;2;1;pago
1396;56;3104;29;15;cancelado
1397;56;4600;61;31;pago
1398;56;959;50;25;pago
1399;56;6733;45;23;cancelado
1400;56;575;46;23;pago
1401;56;4761;57;29;pago
1402;56;5807;46;23;pago
1403;56;108;78;39;pago
1404;56;5916;75;38;pago
1405;56;7410;77;39;pago
1406;56;4471;72;36;pago
1407;56;7402;78;39;pago
1408;56;6965;90;45;pago
1409;56;5373;86;43;pago
1410;56;5605;96;50;cancelado
1411;57;3379;20;10;pago
1412;57;306;2;1;pago
1413;57;4698;25;13;pago
1414;57;192;2;1;pendente
1415;57;1913;22;11;pago
1416;57;5381;42;21;pago
1417;57;6728;36;18;pago
1418;57;6976;15;8;pago
1419;57;1834;37;19;pago
1420;57;2745;2;1;pago
1421;57;2021;44;22;pago
1422;57;610;38;19;pago
1423;57;2055;18;9;pago
1424;57;1432;63;32;cancelado
1425;57;7459;51;26;cancelado
1426;57;5942;57;29;pago
1427;57;5201;45;23;cancelado
1428;57;7260;51;26;pago
1429;57;4087;70;35;pendente
1430;57;6142;81;41;pago
1431;57;5828;71;36;pendente
1432;57;7229;81;41;pago
1433;57;1606;71;36;pago
1434;57;267;68;34;pago
1435;57;6554;87;44;pago
1436;57;5156;86;43;pago
1437;57;3740;90;45;pago
1438;57;2959;98;52;pago
1439;58;1814;35;18;pago
1440;58;721;33;17;pago
1441;58;2654;25;13;pago
1442;58;2878;22;11;pago
1443;58;4259;30;15;pago
1444;58;7322;6;3;pago
1445;58;4005;5;3;enviado
1446;58;6491;29;15;pago
1447;58;566;31;16;pago
1448;58;1858;32;16;cancelado
1449;58;7459;51;26;pago
1450;58;924;57;29;pago
1451;58;3424;45;23;pago
1452;58;4703;58;29;pago
1453;58;1259;49;25;pendente
1454;58;3644;70;35;pago
1455;58;7043;80;40;pago
1456;58;5927;83;42;pago
1457;58;3813;69;35;pago
1458;58;3191;69;35;pago
1459;58;2427;86;43;cancelado
1460;58;5980;87;44;pendente
1461;58;5234;94;48;pago
1462;59;5278;6;3;pago
1463;59;1482;38;19;pago
1464;59;7295;31;16;pago
1465;59;2142;21;11;pago
1466;59;6030;29;15;pago
1467;59;5460;35;18;pago
1468;59;7;14;7;pago
1469;59;6509;33;17;pendente
1470;59;4530;44;22;pago
1471;59;2807;54;27;enviado
1472;59;284;51;26;pago
1473;59;26;52;26;pago
1474;59;7140;59;30;cancelado
1475;59;2869;70;35;pago
1476;59;186;79;40;cancelado
1477;59;5502;70;35;pago
1478;59;7268;70;35;pago
1479;59;6268;75;38;pago
1480;59;5304;65;33;pendente
1481;59;46;91;46;cancelado
1482;59;5561;87;44;pago
1483;59;3897;95;49;pago
1484;60;141;42;21;pago
1485;60;811;34;17;pago
1486;60;7035;30;15;pago
1487;60;6505;33;17;pago
1488;60;5237;26;13;pago
1489;60;6799;21;11;pago
1490;60;5385;38;19;pago
1491;60;4667;34;17;pago
1492;60;5791;19;10;pago
1493;60;6316;20;10;enviado
1494;60;6521;15;8;pago
1495;60;1488;42;21;pago
1496;60;1266;44;22;pago
1497;60;2497;33;17;pago
1498;60;5215;35;18;pago
1499;60;5880;61;31;pendente
1500;60;2175;48;24;pago
1501;60;1374;62;31;pago
1502;60;7364;46;23;cancelado
1503;60;3232;69;35;pago
1504;60;5743;79;40;pago
1505;60;6900;79;40;cancelado
1506;60;6964;79;40;pago
1507;60;3013;73;37;pago
1508;60;1609;81;41;pendente
1509;60;6912;78;39;pago
1510;60;3221;90;45;pago
1511;60;2660;88;44;pago
1512;60;7115;92;46;pago
1513;60;639;99;53;pago
1514;61;1698;27;14;pago
1515;61;6780;27;14;pendente
1516;61;538;12;6;pago
1517;61;5763;40;20;pago
1518;61;4291;38;19;pago
1519;61;6510;33;17;cancelado
1520;61;1800;27;14;pago
1521;61;6207;15;8;pago
1522;61;4084;11;6;pago
1523;61;6810;29;15;pago
1524;61;2515;28;14;pago
1525;61;1871;62;31;pago
1526;61;4960;45;23;pago
1527;61;93;56;28;pago
1528;61;7288;62;31;pago
1529;61;4389;45;23;pago
1530;61;1549;54;27;pago
1531;61;5843;65;33;pago
1532;61;917;80;40;enviado
1533;61;659;72;36;pago
1534;61;2401;73;37;pago
1535;61;2895;72;36;pago
1536;61;4709;90;45;pago
1537;61;2664;93;47;pago
1538;61;4400;98;52;pago
1539;62;6802;17;9;pago
1540;62;1743;7;4;pago
1541;62;430;35;18;enviado
1542;62;7326;3;2;enviado
1543;62;1406;4;2;pago
1544;62;2154;39;20;pago
1545;62;1612;15;8;pago
1546;62;4898;11;6;pago
1547;62;2072;26;13;enviado
1548;62;4143;22;11;pago
1549;62;6943;16;8;pago
1550;62;820;39;20;pago
1551;62;1302;17;9;cancelado
1552;62;3169;2;1;pago
1553;62;1744;53;27;pago
1554;62;31;61;31;enviado
1555;62;6614;59;30;pago
1556;62;1595;52;26;pago
1557;62;3274;45;23;enviado
1558;62;2465;46;23;pago
1559;62;1754;74;37;pago
1560;62;6074;71;36;pendente
1561;62;6173;82;41;pago
1562;62;5521;79;40;enviado
1563;62;2080;71;36;pago
1564;62;5641;78;39;cancelado
1565;62;7221;88;44;pago
1566;62;3881;87;44;pago
1567;62;7072;90;45;pendente
1568;62;6867;98;52;pago
1569;63;6279;27;14;pago
1570;63;1700;16;8;pago
1571;63;7122;11;6;pago
1572;63;4418;36;18;enviado
1573;63;3676;14;7;pago
1574;63;7006;37;19;cancelado
1575;63;378;3;2;pago
1576;63;5481;4;2;pago
1577;63;4959;27;14;pago
1578;63;3206;40;20;pago
1579;63;5884;27;14;pago
1580;63;3363;28;14;pendente
1581;63;1406;3;2;pago
1582;63;4900;64;32;pago
1583;63;7335;50;25;pago
1584;63;1497;62;31;pago
1585;63;6115;47;24;pago
1586;63;3620;60;30;pago
1587;63;284;51;26;pago
1588;63;746;76;38;pago
1589;63;3505;75;38;pago
1590;63;578;70;35;pago
1591;63;417;71;36;cancelado
1592;63;3283;91;46;pago
1593;63;1158;85;43;pago
1594;63;3540;100;54;pago
1595;63;5570;100;54;pago
1596;64;5560;25;13;pago
1597;64;1933;21;11;pago
1598;64;305;8;4;pago
1599;64;2202;13;7;pago
1600;64;6252;11;6;pendente
1601;64;3973;19;10;pago
1602;64;1620;7;4;pago
1603;64;2282;34;17;enviado
1604;64;2888;8;4;pago
1605;64;6832;38;19;pago
1606;64;6384;28;14;pago
1607;64;4761;57;29;pago
1608;64;7142;55;28;pago
1609;64;4824;48;24;pago
1610;64;6592;55;28;pendente
1611;64;1671;62;31;pago
1612;64;6456;84;42;pago
1613;64;7339;74;37;pago
1614;64;4392;70;35;pago
1615;64;4142;66;33;pago
1616;64;3835;79;40;cancelado
1617;64;2020;85;43;pago
1618;64;3530;93;47;pago
1619;64;2076;96;50;pago
1620;64;3597;97;51;pago
1621;65;2771;23;12;pago
1622;65;465;7;4;pendente
1623;65;6755;39;20;pago
1624;65;6296;7;4;enviado
1625;65;4796;12;6;pago
1626;65;1103;30;15;pago
1627;65;7460;12;6;pago
1628;65;1909;24;12;pago
1629;65;2502;13;7;pago
1630;65;2962;14;7;pago
1631;65;5144;28;14;pago
1632;65;6885;49;25;pago
1633;65;6696;61;31;pago
1634;65;2746;46;23;pago
1635;65;4120;64;32;pago
1636;65;3772;82;41;pago
1637;65;1583;80;40;cancelado
1638;65;2183;71;36;cancelado
1639;65;343;65;33;pago
1640;65;7310;77;39;pago
1641;65;3106;87;44;pago
1642;65;520;90;45;pago
1643;65;5678;93;47;pago
1644;65;3945;97;51;pago
1645;66;6376;22;11;pendente
1646;66;450;12;6;cancelado
1647;66;4764;33;17;enviado
1648;66;7227;31;16;pago
1649;66;3048;22;11;pago
1650;66;3472;40;20;pago
1651;66;7263;7;4;pago
1652;66;1733;43;22;pago
1653;66;582;44;22;pago
1654;66;4939;30;15;pago
1655;66;2236;40;20;pago
1656;66;3397;40;20;pago
1657;66;4797;53;27;pago
1658;66;3506;57;29;pago
1659;66;581;60;30;pago
1660;66;1419;45;23;pago
1661;66;5966;63;32;pago
1662;66;5264;74;37;pago
1663;66;4229;65;33;pago
1664;66;5251;81;41;pago
1665;66;984;72;36;pago
1666;66;356;70;35;pago
1667;66;6555;83;42;pago
1668;66;4846;67;34;pago
1669;66;3665;89;45;pago
1670;66;4730;93;47;pago
1671;66;3118;86;43;pago
1672;66;6749;99;53;enviado
1673;67;3866;35;18;pendente
1674;67;202;18;9;pendente
1675;67;955;21;11;pago
1676;67;6755;40;20;pago
1677;67;1507;4;2;pago
1678;67;4259;30;15;pago
1679;67;7494;17;9;pago
1680;67;1902;12;6;pago
1681;67;2128;22;11;pago
1682;67;3401;28;14;pago
1683;67;6775;13;7;pendente
1684;67;2340;23;12;pago
1685;67;5467;45;23;pago
1686;67;6933;53;27;pago
1687;67;4545;64;32;enviado
1688;67;3034;53;27;pago
1689;67;3746;54;27;pago
1690;67;3755;69;35;cancelado
1691;67;5280;77;39;pendente
1692;67;2764;75;38;pago
1693;67;2739;77;39;pago
1694;67;339;82;41;pago
1695;67;2377;65;33;pago
1696;67;1831;88;44;pago
1697;67;3155;86;43;pendente
1698;67;7423;92;46;pago
1699;67;2601;96;50;pago
1700;68;849;39;20;pago
1701;68;7086;11;6;pago
1702;68;1187;5;3;pago
1703;68;3639;34;17;pago
1704;68;660;1;1;pendente
1705;68;2585;34;17;pago
1706;68;732;5;3;cancelado
1707;68;2631;35;18;pago
1708;68;4106;4;2;pago
1709;68;4585;5;3;pendente
1710;68;1956;9;5;pago
1711;68;3179;38;19;pendente
1712;68;2457;28;14;pago
1713;68;5084;61;31;pago
1714;68;3584;64;32;pago
1715;68;5113;47;24;pago
1716;68;3376;55;28;pago
1717;68;663;61;31;pago
1718;68;3015;59;30;pago
1719;68;1016;76;38;pago
1720;68;6502;78;39;pago
1721;68;6908;77;39;pago
1722;68;190;83;42;pago
1723;68;1829;76;38;pago
1724;68;402;82;41;pago
1725;68;225;85;43;pago
1726;68;3641;92;46;pago
1727;68;479;89;45;pago
1728;68;387;99;53;pago
1729;69;560;3;2;pago
1730;69;3940;4;2;enviado
1731;69;7344;10;5;pago
1732;69;5418;29;15;pago
1733;69;4985;32;16;pago
1734;69;3965;21;11;pago
1735;69;4380;19;10;pago
1736;69;3851;6;3;pago
1737;69;1357;15;8;pago
1738;69;3456;21;11;enviado
1739;69;1615;41;21;pago
1740;69;3904;17;9;pago
1741;69;7146;38;19;pago
1742;69;3086;39;20;pago
1743;69;5791;19;10;pendente
1744;69;3765;11;6;pago
1745;69;2381;64;32;pago
1746;69;2418;51;26;pago
1747;69;2884;47;24;pago
1748;69;6032;48;24;pago
1749;69;3727;52;26;pago
1750;69;2960;52;26;pago
1751;69;3253;49;25;cancelado
1752;69;1727;83;42;pago
1753;69;4668;81;41;pago
1754;69;752;84;42;pago
1755;69;1114;81;41;cancelado
1756;69;2375;87;44;cancelado
1757;69;2360;85;43;pago
1758;69;7196;94;48;pago
1759;70;3204;2;1;pago
1760;70;6784;7;4;pago
1761;70;4987;3;2;pago
1762;70;432;17;9;cancelado
1763;70;6958;35;18;pago
1764;70;1382;11;6;pago
1765;70;2158;2;1;pago
1766;70;104;27;14;pendente
1767;70;7465;19;10;pago
1768;70;7173;20;10;pago
1769;70;3262;30;15;pago
1770;70;669;16;8;enviado
1771;70;4965;30;15;pago
1772;70;1984;38;19;enviado
1773;70;935;9;5;pago
1774;70;7210;63;32;pago
1775;70;4917;55;28;pago
1776;70;473;61;31;pago
1777;70;1434;49;25;pago
1778;70;2039;57;29;pago
1779;70;3812;73;37;pago
1780;70;644;82;41;pago
1781;70;502;80;40;pago
1782;70;2276;73;37;pago
1783;70;5716;65;33;pago
1784;70;2787;89;45;pendente
1785;70;3778;89;45;pago
1786;70;5296;100;54;pago
1787;71;6667;34;17;pago
1788;71;6025;21;11;pago
1789;71;7071;32;16;pago
1790;71;2132;26;13;pendente
1791;71;5421;20;10;pago
1792;71;4343;22;11;pago
1793;71;6775;13;7;pago
1794;71;6019;8;4;pago
1795;71;2046;37;19;cancelado
1796;71;3169;1;1;pago
1797;71;2403;62;31;pago
1798;71;6229;52;26;pago
1799;71;4620;54;27;cancelado
1800;71;6271;58;29;pago
1801;71;3720;61;31;pago
1802;71;6053;71;36;pago
1803;71;4508;69;35;pago
1804;71;7127;68;34;pago
1805;71;5555;79;40;pago
1806;71;557;66;33;cancelado
1807;71;7067;88;44;pago
1808;71;3641;91;46;pago
1809;71;4334;93;47;pago
1810;71;3220;99;53;pago
1811;71;1222;96;50;pago
1812;72;1515;30;15;cancelado
1813;72;1332;27;14;pago
1814;72;2985;16;8;pago
1815;72;4902;42;21;cancelado
1816;72;1185;22;11;pago
1817;72;421;38;19;pago
1818;72;4993;41;21;pago
1819;72;2485;41;21;pago
1820;72;3875;33;17;cancelado
1821;72;3973;20;10;pago
1822;72;7020;42;21;pago
1823;72;6272;19;10;pago
1824;72;1321;29;15;pago
1825;72;1268;59;30;pago
1826;72;2537;56;28;pago
1827;72;928;49;25;pago
1828;72;3487;60;30;pago
1829;72;2435;64;32;cancelado
1830;72;459;62;31;pago
1831;72;4767;76;38;pago
1832;72;1889;76;38;pago
1833;72;6329;73;37;pago
1834;72;184;66;33;pago
1835;72;3829;83;42;pago
1836;72;5563;86;43;pago
1837;72;5425;86;43;pago
1838;72;1393;98;52;pago
1839;73;5935;1;1;pago
1840;73;2719;20;10;pago
1841;73;3905;18;9;pago
1842;73;4660;41;21;cancelado
1843;73;1137;16;8;pago
1844;73;2532;26;13;pago
1845;73;2459;36;18;pago
1846;73;139;28;14;pago
1847;73;3197;29;15;cancelado
1848;73;6163;43;22;pago
1849;73;4173;22;11;pago
1850;73;6523;36;18;pago
1851;73;4518;21;11;cancelado
1852;73;2036;16;8;pago
1853;73;6127;20;10;cancelado
1854;73;71;64;32;pago
1855;73;6109;54;27;pago
1856;73;3410;53;27;pago
1857;73;4906;46;23;pago
1858;73;5651;47;24;pendente
1859;73;1862;80;40;pago
1860;73;2726;81;41;pago
1861;73;1138;84;42;pago
1862;73;6372;73;37;cancelado
1863;73;502;79;40;pago
1864;73;256;72;36;pago
1865;73;1333;65;33;pago
1866;73;4140;86;43;pago
1867;73;238;88;44;pago
1868;73;1128;92;46;pago
1869;73;3331;99;53;pago
1870;74;7164;3;2;pago
1871;74;3503;5;3;pago
1872;74;6056;33;17;pago
1873;74;1556;19;10;pago
1874;74;484;6;3;pago
1875;74;731;9;5;pendente
1876;74;7101;31;16;pago
1877;74;7306;28;14;pago
1878;74;2040;2;1;pago
1879;74;3762;38;19;pago
1880;74;953;28;14;pago
1881;74;4587;56;28;pago
1882;74;3101;48;24;pago
1883;74;5819;53;27;pago
1884;74;1209;49;25;pago
1885;74;3202;55;28;pago
1886;74;1936;63;32;cancelado
1887;74;4942;58;29;pago
1888;74;7179;72;36;pago
1889;74;3343;70;35;pago
1890;74;1359;67;34;pago
1891;74;2388;78;39;pago
1892;74;1335;82;41;pago
1893;74;3718;76;38;cancelado
1894;74;6955;85;43;pago
1895;74;2531;93;47;pago
1896;74;7075;95;49;pago
1897;75;6493;16;8;pago
1898;75;1542;11;6;pago
1899;75;948;39;20;pago
1900;75;4718;3;2;cancelado
1901;75;1503;11;6;pago
1902;75;1103;30;15;cancelado
1903;75;4687;15;8;pago
1904;75;7451;34;17;pago
1905;75;637;35;18;pago
1906;75;4507;23;12;pago
1907;75;5386;20;10;pago
1908;75;1290;42;21;pago
1909;75;7481;29;15;pago
1910;75;569;51;26;pago
1911;75;3045;52;26;pago
1912;75;7330;54;27;pago
1913;75;4125;58;29;cancelado
1914;75;4929;66;33;pago
1915;75;6515;78;39;pago
1916;75;3997;75;38;pago
1917;75;1097;82;41;pago
1918;75;540;81;41;pago
1919;75;367;67;34;pago
1920;75;2896;90;45;pago
1921;75;5048;93;47;pendente
1922;75;6580;100;54;pago
1923;76;7027;37;19;pago
1924;76;1900;26;13;pendente
1925;76;3628;10;5;pago
1926;76;961;30;15;pago
1927;76;3282;33;17;pago
1928;76;3659;10;5;pago
1929;76;265;33;17;pago
1930;76;483;20;10;pago
1931;76;5971;33;17;pago
1932;76;633;22;11;pago
1933;76;5870;31;16;pago
1934;76;5527;52;26;pago
1935;76;5621;47;24;pago
1936;76;3560;57;29;pago
1937;76;2800;45;23;pago
1938;76;1533;61;31;pago
1939;76;201;48;24;pago
1940;76;3946;52;26;pago
1941;76;7471;66;33;pago
1942;76;5809;82;41;pago
1943;76;3710;78;39;pago
1944;76;418;73;37;cancelado
1945;76;343;65;33;pago
1946;76;2896;90;45;pago
1947;76;6373;90;45;cancelado
1948;76;6343;100;54;pago
1949;77;7130;18;9;pago
1950;77;1436;38;19;pago
1951;77;4442;4;2;pago
1952;77;5311;36;18;enviado
1953;77;7380;15;8;cancelado
1954;77;1907;33;17;pago
1955;77;1224;31;16;pago
1956;77;4723;38;19;pago
1957;77;2684;37;19;pago
1958;77;3864;44;22;pendente
1959;77;1973;53;27;cancelado
1960;77;4806;56;28;pago
1961;77;7057;45;23;pago
1962;77;6444;63;32;pago
1963;77;1880;51;26;pago
1964;77;3814;54;27;pago
1965;77;7139;49;25;cancelado
1966;77;5396;69;35;pago
1967;77;7194;69;35;pago
1968;77;129;84;42;pendente
1969;77;1961;77;39;pago
1970;77;6596;89;45;pago
1971;77;2484;88;44;pago
1972;77;1577;88;44;pago
1973;77;5495;95;49;pago
1974;77;2836;94;48;pago
1975;78;683;34;17;cancelado
1976;78;4966;34;17;pago
1977;78;5761;42;21;pago
1978;78;2539;3;2;pago
1979;78;5770;26;13;pago
1980;78;5986;24;12;pago
1981;78;7130;17;9;pago
1982;78;2003;41;21;pago
1983;78;6228;1;1;pago
1984;78;1403;60;30;pago
1985;78;5119;53;27;pago
1986;78;1821;62;31;pago
1987;78;6692;61;31;pago
1988;78;6160;60;30;pago
1989;78;5998;81;41;pago
1990;78;3685;83;42;pago
1991;78;3369;74;37;pago
1992;78;4160;73;37;pago
1993;78;5208;84;42;pago
1994;78;1365;83;42;pago
1995;78;2415;70;35;pago
1996;78;3842;89;45;pago
1997;78;5049;93;47;pago
1998;78;3321;97;51;pago
1999;78;3321;97;51;pago
2000;79;2973;3;2;pago
2001;79;4423;19;10;pago
2002;79;6007;15;8;pago
2003;79;748;42;21;pago
2004;79;13;26;13;pago
2005;79;4606;5;3;pago
2006;79;5794;26;13;pago
2007;79;1890;6;3;pago
2008;79;2801;20;10;pago
2009;79;3142;8;4;pago
2010;79;1951;6;3;pago
2011;79;3147;8;4;pago
2012;79;6818;41;21;pago
2013;79;580;63;32;pago
2014;79;3692;54;27;pago
2015;79;3902;53;27;pago
2016;79;2263;51;26;pago
2017;79;4997;82;41;pago
2018;79;6188;68;34;pago
2019;79;2593;73;37;pago
2020;79;3874;70;35;pago
2021;79;7072;89;45;pago
2022;79;6768;87;44;pago
2023;79;5149;100;54;pago
2024;80;7421;6;3;pago
2025;80;3753;43;22;pago
2026;80;6895;38;19;pago
2027;80;2354;26;13;pago
2028;80;2038;1;1;pago
2029;80;2620;18;9;pago
2030;80;5125;33;17;pago
2031;80;1787;7;4;pago
2032;80;2540;4;2;enviado
2033;80;471;1;1;pago
2034;80;1478;33;17;cancelado
2035;80;5347;60;30;pago
2036;80;1197;51;26;pago
2037;80;4738;60;30;pago
2038;80;5037;57;29;pago
2039;80;1334;55;28;enviado
2040;80;5502;70;35;pago
2041;80;905;81;41;pendente
2042;80;3482;84;42;pago
2043;80;5879;69;35;pago
2044;80;479;89;45;pago
2045;80;7099;89;45;pago
2046;80;6709;86;43;enviado
2047;80;3867;97;51;cancelado
2048;80;3182;98;52;enviado
2049;81;1912;13;7;pago
2050;81;6094;38;19;pago
2051;81;636;2;1;cancelado
2052;81;5444;40;20;pago
2053;81;1570;22;11;pago
2054;81;1867;18;9;pago
2055;81;4213;30;15;pago
2056;81;4458;33;17;pago
2057;81;2962;14;7;pago
2058;81;3471;17;9;pago
2059;81;5568;26;13;pago
2060;81;6208;38;19;pago
2061;81;200;17;9;pago
2062;81;511;2;1;pago
2063;81;748;41;21;pago
2064;81;6171;60;30;pago
2065;81;3412;52;26;pago
2066;81;4554;56;28;pago
2067;81;5349;62;31;pago
2068;81;6489;48;24;cancelado
2069;81;2553;67;34;pago
2070;81;7127;68;34;pago
2071;81;1582;74;37;pago
2072;81;3355;71;36;pago
2073;81;5112;68;34;pago
2074;81;5535;70;35;enviado
2075;81;6215;88;44;pago
2076;81;1254;92;46;cancelado
2077;81;3406;88;44;pago
2078;81;4339;95;49;pago
2079;82;6954;37;19;pago
2080;82;2952;32;16;pago
2081;82;6686;9;5;pago
2082;82;4279;31;16;pago
2083;82;4110;33;17;pago
2084;82;6124;41;21;enviado
2085;82;5290;11;6;pago
2086;82;141;41;21;pago
2087;82;3212;36;18;pago
2088;82;5292;30;15;enviado
2089;82;4473;25;13;pago
2090;82;1274;26;13;cancelado
2091;82;1735;40;20;enviado
2092;82;2166;36;18;cancelado
2093;82;6602;37;19;pago
2094;82;7368;50;25;pago
2095;82;5655;46;23;pago
2096;82;6253;50;25;pago
2097;82;3971;64;32;pago
2098;82;1804;48;24;pago
2099;82;2887;71;36;cancelado
2100;82;6221;77;39;pago
2101;82;3635;74;37;pago
2102;82;779;74;37;cancelado
2103;82;1910;85;43;pago
2104;82;5869;87;44;pago
2105;82;4911;87;44;pago
2106;82;4049;100;54;enviado
2107;83;4935;26;13;pago
2108;83;3794;13;7;pendente
2109;83;7136;38;19;pago
2110;83;5108;1;1;pago
2111;83;2979;20;10;pago
2112;83;5050;34;17;pago
2113;83;3328;41;21;pago
2114;83;1019;26;13;pago
2115;83;3002;29;15;cancelado
2116;83;4150;15;8;pago
2117;83;3605;33;17;pago
2118;83;4697;28;14;pendente
2119;83;6669;3;2;pago
2120;83;1305;2;1;pago
2121;83;5153;38;19;pago
2122;83;7348;63;32;cancelado
2123;83;2014;64;32;pago
2124;83;1663;62;31;pago
2125;83;4601;54;27;pago
2126;83;6682;63;32;enviado
2127;83;1356;46;23;pago
2128;83;893;65;33;pago
2129;83;5983;75;38;pago
2130;83;642;77;39;pendente
2131;83;4971;79;40;pago
2132;83;6248;84;42;pago
2133;83;4968;69;35;pendente
2134;83;6803;84;42;pago
2135;83;1446;87;44;pago
2136;83;3733;88;44;pago
2137;83;3665;89;45;pago
2138;83;6901;97;51;enviado
2139;84;7066;6;3;enviado
2140;84;3029;44;22;pendente
2141;84;209;3;2;pago
2142;84;2826;15;8;pago
2143;84;97;21;11;pago
2144;84;4594;3;2;pendente
2145;84;1641;28;14;pago
2146;84;5763;39;20;pendente
2147;84;4347;17;9;enviado
2148;84;3064;19;10;pago
2149;84;1740;5;3;pago
2150;84;3611;1;1;pendente
2151;84;4567;39;20;pago
2152;84;5631;20;10;enviado
2153;84;7455;41;21;enviado
2154;84;1132;54;27;pendente
2155;84;7444;59;30;pago
2156;84;1211;64;32;cancelado
2157;84;3715;64;32;pago
2158;84;5023;50;25;pago
2159;84;521;82;41;pago
2160;84;3647;71;36;pago
2161;84;3072;69;35;pendente
2162;84;6999;71;36;pago
2163;84;3719;66;33;pago
2164;84;229;84;42;pago
2165;84;7192;93;47;pago
2166;84;44;87;44;pago
2167;84;2428;86;43;pago
2168;84;1793;96;50;pago
2169;85;6654;41;21;pago
2170;85;6741;14;7;cancelado
2171;85;1597;14;7;pago
2172;85;877;2;1;pago
2173;85;4024;30;15;pago
2174;85;4958;16;8;pago
2175;85;691;17;9;pago
2176;85;4259;30;15;pago
2177;85;4174;18;9;pago
2178;85;4150;15;8;pago
2179;85;6988;39;20;pago
2180;85;1747;24;12;enviado
2181;85;396;22;11;pendente
2182;85;1459;8;4;pago
2183;85;2510;51;26;pago
2184;85;3070;51;26;pago
2185;85;1594;45;23;enviado
2186;85;7437;59;30;pago
2187;85;5867;63;32;pago
2188;85;7468;46;23;pago
2189;85;3560;57;29;pago
2190;85;3271;72;36;pago
2191;85;6371;76;38;cancelado
2192;85;143;68;34;pago
2193;85;5032;72;36;pago
2194;85;1310;67;34;enviado
2195;85;5994;86;43;pago
2196;85;5949;90;45;pago
2197;85;7067;88;44;pago
2198;85;7375;96;50;enviado
2199;85;910;100;54;cancelado
2200;86;4075;9;5;enviado
2201;86;5346;2;1;pago
2202;86;1885;30;15;pago
2203;86;5419;30;15;pago
2204;86;5352;18;9;cancelado
2205;86;3225;10;5;enviado
2206;86;1779;4;2;pago
2207;86;4937;26;13;enviado
2208;86;2311;7;4;pago
2209;86;1629;53;27;pago
2210;86;4779;52;26;pago
2211;86;1610;45;23;pago
2212;86;2071;57;29;pago
2213;86;5439;62;31;cancelado
2214;86;335;60;30;pago
2215;86;2147;82;41;pago
2216;86;5171;83;42;cancelado
2217;86;6695;78;39;pago
2218;86;3912;73;37;pago
2219;86;4342;69;35;pago
2220;86;2768;72;36;pago
2221;86;6333;85;43;cancelado
2222;86;7159;93;47;pago
2223;86;5949;89;45;pago
2224;86;3259;91;46;pago
2225;86;6119;96;50;pago
2226;86;1985;100;54;pendente
2227;87;4085;41;21;pago
2228;87;375;23;12;cancelado
2229;87;956;37;19;cancelado
2230;87;7094;12;6;pago
2231;87;6950;43;22;pago
2232;87;4379;9;5;pago
2233;87;6524;40;20;pago
2234;87;5681;23;12;pago
2235;87;2274;30;15;pago
2236;87;4680;54;27;pago
2237;87;473;61;31;pago
2238;87;1122;64;32;pago
2239;87;7459;51;26;pago
2240;87;6198;62;31;pago
2241;87;5990;56;28;pago
2242;87;3958;69;35;pago
2243;87;5208;84;42;pago
2244;87;3551;75;38;pago
2245;87;6626;77;39;pago
2246;87;1465;75;38;pago
2247;87;4494;72;36;pago
2248;87;4310;89;45;pago
2249;87;2590;90;45;pago
2250;87;5156;85;43;pago
2251;87;1808;99;53;pago
2252;88;2576;2;1;pago
2253;88;4442;4;2;pago
2254;88;3792;23;12;pago
2255;88;4380;20;10;cancelado
2256;88;1474;30;15;pago
2257;88;7356;39;20;enviado
2258;88;2162;37;19;pago
2259;88;230;43;22;pago
2260;88;1108;11;6;pago
2261;88;368;40;20;pago
2262;88;6114;37;19;pago
2263;88;5240;20;10;pago
2264;88;5221;5;3;cancelado
2265;88;3759;11;6;pago
2266;88;6406;4;2;pago
2267;88;6647;43;22;enviado
2268;88;2474;49;25;pago
2269;88;7224;61;31;enviado
2270;88;441;54;27;pago
2271;88;23;45;23;pendente
2272;88;7251;78;39;pago
2273;88;1052;77;39;pago
2274;88;7154;84;42;cancelado
2275;88;4558;78;39;pago
2276;88;6965;89;45;pago
2277;88;1831;88;44;pago
2278;88;3931;85;43;pago
2279;88;4521;100;54;pago
2280;89;6631;14;7;pago
2281;89;718;3;2;pago
2282;89;5850;44;22;pendente
2283;89;4370;43;22;pago
2284;89;5617;1;1;pago
2285;89;2472;2;1;pago
2286;89;3212;36;18;pago
2287;89;1650;44;22;pago
2288;89;3668;27;14;pago
2289;89;4440;31;16;pago
2290;89;7248;45;23;pago
2291;89;7047;45;23;pago
2292;89;2614;48;24;pago
2293;89;2688;52;26;pago
2294;89;4054;61;31;pago
2295;89;6072;61;31;pago
2296;89;717;58;29;pago
2297;89;4282;71;36;pago
2298;89;7043;80;40;pago
2299;89;5710;80;40;pago
2300;89;7333;78;39;pago
2301;89;3653;71;36;pago
2302;89;3754;67;34;pago
2303;89;2074;69;35;pago
2304;89;47;93;47;pago
2305;89;44;88;44;pago
2306;89;2693;88;44;pago
2307;89;589;96;50;pendente
2308;90;2912;31;16;pago
2309;90;5050;33;17;pago
2310;90;4485;5;3;pago
2311;90;3166;30;15;pago
2312;90;1974;13;7;pago
2313;90;7380;16;8;pago
2314;90;588;39;20;pendente
2315;90;5485;31;16;pago
2316;90;399;6;3;pago
2317;90;7027;38;19;pago
2318;90;289;21;11;pago
2319;90;5776;19;10;enviado
2320;90;4137;37;19;cancelado
2321;90;6512;22;11;pago
2322;90;4525;7;4;enviado
2323;90;863;20;10;pago
2324;90;2191;62;31;enviado
2325;90;1175;53;27;pago
2326;90;3506;57;29;cancelado
2327;90;5720;55;28;pago
2328;90;1990;62;31;enviado
2329;90;2956;56;28;pago
2330;90;4387;60;30;cancelado
2331;90;5931;66;33;pago
2332;90;1566;80;40;pago
2333;90;3811;79;40;pago
2334;90;6476;80;40;pago
2335;90;6641;66;33;pago
2336;90;3770;73;37;pendente
2337;90;6558;91;46;pago
2338;90;4998;86;43;cancelado
2339;90;4503;94;48;pago
2340;91;6654;41;21;enviado
2341;91;4578;27;14;cancelado
2342;91;6644;42;21;enviado
2343;91;7298;26;13;pago
2344;91;2648;23;12;pago
2345;91;7484;6;3;pago
2346;91;6240;13;7;pago
2347;91;3223;22;11;pago
2348;91;2700;6;3;pago
2349;91;7249;5;3;pago
2350;91;3509;7;4;pago
2351;91;439;14;7;pago
2352;91;3005;21;11;pago
2353;91;6031;45;23;cancelado
2354;91;4312;64;32;pago
2355;91;216;58;29;pendente
2356;91;4407;56;28;pago
2357;91;5621;47;24;pago
2358;91;6584;68;34;pago
2359;91;1370;74;37;pago
2360;91;4403;68;34;pendente
2361;91;3823;75;38;pago
2362;91;1971;73;37;pago
2363;91;6558;91;46;pago
2364;91;6824;93;47;pago
2365;91;3215;100;54;pago
2366;91;7424;96;50;pago
2367;92;7064;20;10;enviado
2368;92;6085;29;15;pago
2369;92;55;37;19;pago
2370;92;5578;43;22;pago
2371;92;6422;36;18;pago
2372;92;6497;23;12;pago
2373;92;954;33;17;cancelado
2374;92;4830;9;5;pago
2375;92;1752;11;6;cancelado
2376;92;5158;13;7;pago
2377;92;2669;3;2;pago
2378;92;3200;10;5;pago
2379;92;700;35;18;pendente
2380;92;3769;7;4;pendente
2381;92;5044;42;21;cancelado
2382;92;5298;59;30;pago
2383;92;3884;61;31;pago
2384;92;4608;48;24;pago
2385;92;1664;46;23;pago
2386;92;4657;59;30;pago
2387;92;5185;63;32;pago
2388;92;6045;60;30;pendente
2389;92;473;62;31;pago
2390;92;4087;69;35;pago
2391;92;37;74;37;enviado
2392;92;790;80;40;pago
2393;92;1204;78;39;pago
2394;92;620;76;38;pago
2395;92;402;82;41;pago
2396;92;7462;76;38;pago
2397;92;1322;90;45;pago
2398;92;2177;86;43;pago
2399;92;7256;94;48;cancelado
2400;92;3688;98;52;enviado
2401;93;5068;31;16;cancelado
2402;93;6520;44;22;pago
2403;93;4950;37;19;cancelado
2404;93;1903;15;8;pendente
2405;93;3418;41;21;pago
2406;93;6719;15;8;pago
2407;93;640;2;1;pago
2408;93;2723;18;9;pago
2409;93;6454;2;1;pago
2410;93;7110;40;20;pago
2411;93;1332;28;14;pago
2412;93;5011;1;1;pago
2413;93;1570;21;11;pago
2414;93;8;15;8;cancelado
2415;93;3022;57;29;pago
2416;93;919;55;28;enviado
2417;93;7202;63;32;enviado
2418;93;72;60;30;pago
2419;93;1032;60;30;pago
2420;93;2827;59;30;pago
2421;93;4348;72;36;pago
2422;93;3486;71;36;pago
2423;93;3758;74;37;pago
2424;93;2065;82;41;pago
2425;93;5487;76;38;pago
2426;93;4168;69;35;pago
2427;93;6652;85;43;pago
2428;93;1086;87;44;pago
2429;93;2427;86;43;pago
2430;93;5593;88;44;cancelado
2431;93;4904;95;49;pago
2432;93;3321;97;51;pago
2433;94;2145;32;16;pago
2434;94;4378;37;19;pago
2435;94;6419;24;12;pendente
2436;94;6821;40;20;pago
2437;94;2902;42;21;pago
2438;94;4115;16;8;pago
2439;94;192;2;1;pago
2440;94;7500;10;5;pago
2441;94;2249;40;20;pago
2442;94;5870;32;16;enviado
2443;94;4500;16;8;pago
2444;94;1214;31;16;pago
2445;94;6207;16;8;pago
2446;94;4346;13;7;pago
2447;94;1604;31;16;pago
2448;94;7220;2;1;pago
2449;94;3723;42;21;pendente
2450;94;6526;58;29;pago
2451;94;5841;64;32;pago
2452;94;3609;59;30;pago
2453;94;2113;59;30;pago
2454;94;7352;49;25;pago
2455;94;1371;76;38;pago
2456;94;1035;75;38;pago
2457;94;5526;65;33;pago
2458;94;4535;67;34;pago
2459;94;2068;70;35;pendente
2460;94;2554;79;40;pago
2461;94;2599;72;36;pago
2462;94;7278;92;46;pago
2463;94;2994;86;43;pago
2464;94;4155;92;46;pago
2465;94;1713;94;48;pago
2466;94;411;97;51;pago
2467;95;2774;20;10;cancelado
2468;95;2346;8;4;pago
2469;95;1047;11;6;pago
2470;95;6203;19;10;pago
2471;95;1230;5;3;pago
2472;95;1108;11;6;cancelado
2473;95;5214;29;15;pago
2474;95;6870;10;5;pago
2475;95;855;24;12;pago
2476;95;1573;21;11;enviado
2477;95;3847;15;8;pago
2478;95;7207;33;17;pago
2479;95;3305;24;12;pago
2480;95;2500;33;17;pendente
2481;95;6080;38;19;pago
2482;95;4233;64;32;cancelado
2483;95;6747;64;32;pago
2484;95;5616;55;28;pago
2485;95;6273;64;32;pendente
2486;95;4148;54;27;pago
2487;95;5242;46;23;pago
2488;95;6625;54;27;cancelado
2489;95;3045;52;26;pago
2490;95;2579;72;36;pago
2491;95;2568;74;37;pago
2492;95;5396;69;35;cancelado
2493;95;1778;65;33;pago
2494;95;1781;80;40;pendente
2495;95;3291;73;37;pago
2496;95;6694;75;38;pendente
2497;95;3881;87;44;enviado
2498;95;1322;89;45;pago
2499;95;1516;89;45;pago
2500;95;2976;96;50;pago
2501;95;3073;97;51;pago
2502;96;5852;33;17;pago
2503;96;3312;37;19;pago
2504;96;7060;7;4;pago
2505;96;3757;31;16;pago
2506;96;3743;33;17;pago
2507;96;7074;13;7;pago
2508;96;1652;36;18;pago
2509;96;3301;18;9;pago
2510;96;6203;20;10;pago
2511;96;7421;5;3;pago
2512;96;7384;32;16;pago
2513;96;4;7;4;pago
2514;96;91;31;16;pago
2515;96;4255;41;21;pago
2516;96;3071;35;18;pago
2517;96;6116;20;10;pago
2518;96;6306;2;1;pago
2519;96;3082;20;10;pago
2520;96;4703;57;29;pago
2521;96;727;48;24;pago
2522;96;4568;64;32;pago
2523;96;2029;48;24;pago
2524;96;57;62;31;pago
2525;96;7350;57;29;pago
2526;96;5929;72;36;pago
2527;96;6502;78;39;pago
2528;96;122;69;35;pago
2529;96;7387;71;36;pago
2530;96;555;77;39;pago
2531;96;5264;74;37;pago
2532;96;3673;73;37;pago
2533;96;5523;88;44;pago
2534;96;897;91;46;pago
2535;96;5813;93;47;pago
2536;96;3252;95;49;pago
2537;96;7430;100;54;pago
2538;97;7419;27;14;enviado
2539;97;3667;33;17;pago
2540;97;1479;31;16;pago
2541;97;5832;3;2;pago
2542;97;2123;42;21;pago
2543;97;7392;28;14;pago
2544;97;7103;35;18;pago
2545;97;363;44;22;pago
2546;97;6254;24;12;pago
2547;97;5934;19;10;pendente
2548;97;7477;34;17;pago
2549;97;6197;56;28;enviado
2550;97;3715;63;32;pago
2551;97;3289;61;31;cancelado
2552;97;7008;63;32;pago
2553;97;3056;45;23;pago
2554;97;1404;58;29;pago
2555;97;5343;51;26;cancelado
2556;97;5432;69;35;pago
2557;97;2396;76;38;pendente
2558;97;89;69;35;enviado
2559;97;3718;75;38;pago
2560;97;5727;83;42;pago
2561;97;6599;85;43;pago
2562;97;3852;88;44;pago
2563;97;986;88;44;pago
2564;97;1537;91;46;pago
2565;97;4393;94;48;pago
2566;97;5783;100;54;pago
2567;98;3009;23;12;pago
2568;98;381;42;21;pago
2569;98;3019;27;14;pago
2570;98;2296;33;17;pago
2571;98;4851;25;13;pago
2572;98;2031;13;7;pago
2573;98;5852;34;17;pago
2574;98;774;40;20;pendente
2575;98;6034;7;4;pago
2576;98;3179;38;19;pago
2577;98;1102;44;22;pago
2578;98;161;21;11;pendente
2579;98;5409;30;15;cancelado
2580;98;6310;55;28;pago
2581;98;6504;45;23;enviado
2582;98;5159;54;27;pago
2583;98;3396;56;28;enviado
2584;98;4012;56;28;pago
2585;98;5341;78;39;pago
2586;98;1783;69;35;pago
2587;98;7402;77;39;pago
2588;98;6369;75;38;pago
2589;98;6053;72;36;pago
2590;98;4574;75;38;pago
2591;98;1600;73;37;cancelado
2592;98;1161;92;46;pago
2593;98;2235;88;44;pago
2594;98;3778;90;45;pago
2595;98;285;96;50;pago
2596;99;2897;39;20;pago
2597;99;1474;30;15;cancelado
2598;99;7027;38;19;pendente
2599;99;6887;2;1;pago
2600;99;7484;5;3;pago
2601;99;5548;7;4;pago
2602;99;116;36;18;pago
2603;99;4343;22;11;pago
2604;99;3378;34;17;pago
2605;99;5310;7;4;pago
2606;99;4660;41;21;pago
2607;99;1879;42;21;pago
2608;99;2207;42;21;pago
2609;99;1633;49;25;pago
2610;99;3907;63;32;pago
2611;99;6436;62;31;enviado
2612;99;2313;54;27;pago
2613;99;6682;64;32;pago
2614;99;3910;79;40;pago
2615;99;1359;67;34;pago
2616;99;803;76;38;pago
2617;99;5780;82;41;pago
2618;99;6641;66;33;pago
2619;99;6335;69;35;pendente
2620;99;1881;88;44;pago
2621;99;671;93;47;pago
2622;99;1788;91;46;pago
2623;99;3234;89;45;pago
2624;99;3135;97;51;pago
2625;100;6228;2;1;pago
2626;100;3186;6;3;enviado
2627;100;5122;15;8;pago
2628;100;4556;32;16;pago
2629;100;1753;22;11;pago
2630;100;991;22;11;enviado
2631;100;6722;3;2;pago
2632;100;5404;31;16;pago
2633;100;3223;21;11;pago
2634;100;3857;18;9;pago
2635;100;2698;41;21;cancelado
2636;100;59;51;26;pago
2637;100;2380;60;30;pago
2638;100;7057;46;23;pago
2639;100;1403;59;30;pago
2640;100;7222;56;28;pago
2641;100;2764;76;38;pago
2642;100;3760;76;38;cancelado
2643;100;7166;82;41;pendente
2644;100;1333;66;33;pago
2645;100;7251;78;39;pago
2646;100;1751;71;36;pago
2647;100;4621;73;37;pago
2648;100;3461;81;41;pago
2649;100;6866;85;43;pago
2650;100;5326;86;43;pago
2651;100;6712;91;46;pago
2652;100;2997;89;45;pago
2653;100;3706;96;50;pago
2654;100;1696;94;48;pago
2655;101;6319;12;6;pago
2656;101;191;40;20;pago
2657;101;7285;17;9;pago
2658;101;191;39;20;pago
2659;101;6461;24;12;pago
2660;101;2607;18;9;pago
2661;101;5074;10;5;pago
2662;101;2774;20;10;pago
2663;101;3175;11;6;pago
2664;101;5543;17;9;cancelado
2665;101;7176;8;4;pago
2666;101;2024;21;11;enviado
2667;101;1142;5;3;pago
2668;101;3462;15;8;pendente
2669;101;3667;33;17;pago
2670;101;2236;39;20;pago
2671;101;5613;18;9;pago
2672;101;5786;22;11;pago
2673;101;4688;54;27;pago
2674;101;2452;46;23;pago
2675;101;346;56;28;pago
2676;101;4874;55;28;pago
2677;101;2930;46;23;pago
2678;101;2737;46;23;cancelado
2679;101;7333;77;39;pago
2680;101;3658;73;37;pago
2681;101;1206;76;38;pago
2682;101;6856;68;34;pago
2683;101;1074;84;42;pago
2684;101;978;65;33;cancelado
2685;101;3858;69;35;pago
2686;101;5066;93;47;pago
2687;101;1818;93;47;pago
2688;101;5675;87;44;pago
2689;101;5675;87;44;pago
2690;101;428;98;52;pago
2691;102;3538;8;4;pendente
2692;102;5279;14;7;pago
2693;102;492;8;4;pago
2694;102;2154;40;20;pendente
2695;102;6804;30;15;pago
2696;102;7177;16;8;pago
2697;102;7187;38;19;pago
2698;102;6199;25;13;pago
2699;102;4805;22;11;pago
2700;102;4763;23;12;pago
2701;102;7153;33;17;pago
2702;102;5089;12;6;pago
2703;102;4677;22;11;pago
2704;102;7023;24;12;pago
2705;102;2292;8;4;pago
2706;102;2756;9;5;pago
2707;102;3151;2;1;pago
2708;102;1374;61;31;pago
2709;102;6273;64;32;pago
2710;102;5238;48;24;cancelado
2711;102;4311;47;24;enviado
2712;102;242;62;31;pago
2713;102;2623;77;39;pago
2714;102;186;80;40;pago
2715;102;2744;66;33;pago
2716;102;1685;77;39;pago
2717;102;6178;76;38;pago
2718;102;56;84;42;pago
2719;102;5523;88;44;pago
2720;102;257;92;46;pago
2721;102;2127;85;43;cancelado
2722;102;7405;99;53;pago
2723;102;151;98;52;pago
2724;103;2448;27;14;pago
2725;103;5914;17;9;enviado
2726;103;4569;37;19;enviado
2727;103;4584;1;1;pago
2728;103;2497;34;17;pago
2729;103;7362;9;5;enviado
2730;103;4405;36;18;cancelado
2731;103;6829;9;5;enviado
2732;103;7128;19;10;pago
2733;103;6284;44;22;pago
2734;103;7499;22;11;pago
2735;103;7384;31;16;pago
2736;103;615;42;21;pago
2737;103;2313;54;27;pago
2738;103;1934;61;31;pago
2739;103;6160;60;30;pago
2740;103;6713;48;24;pago
2741;103;6937;62;31;pago
2742;103;4311;47;24;pago
2743;103;841;61;31;pago
2744;103;1552;57;29;pago
2745;103;6125;78;39;enviado
2746;103;356;69;35;pago
2747;103;773;75;38;pago
2748;103;4678;69;35;pago
2749;103;5885;76;38;pago
2750;103;1634;66;33;pago
2751;103;3812;74;37;enviado
2752;103;5127;93;47;pendente
2753;103;5533;93;47;pago
2754;103;571;98;52;pago
2755;103;7401;99;53;pago
2756;104;4220;15;8;cancelado
2757;104;2457;28;14;pago
2758;104;5204;14;7;pago
2759;104;5274;33;17;pago
2760;104;3789;30;15;pago
2761;104;1409;29;15;pago
2762;104;7421;5;3;enviado
2763;104;655;4;2;pago
2764;104;1470;30;15;pago
2765;104;5788;39;20;pendente
2766;104;6794;42;21;pago
2767;104;3313;15;8;pago
2768;104;4213;29;15;enviado
2769;104;7107;40;20;pago
2770;104;1148;25;13;pago
2771;104;4448;29;15;pago
2772;104;3899;26;13;pago
2773;104;6583;29;15;pago
2774;104;3322;62;31;pago
2775;104;1251;57;29;pago
2776;104;677;63;32;pago
2777;104;1804;47;24;pago
2778;104;5114;58;29;pago
2779;104;2409;53;27;pago
2780;104;100;52;26;enviado
2781;104;6897;76;38;pago
2782;104;883;75;38;cancelado
2783;104;2080;72;36;pendente
2784;104;4036;81;41;pago
2785;104;5764;82;41;pago
2786;104;3733;88;44;pago
2787;104;7438;93;47;pago
2788;104;1342;93;47;pago
2789;104;6701;100;54;pago
2790;104;844;94;48;pago
2791;105;5123;33;17;pago
2792;105;2503;41;21;pago
2793;105;3245;39;20;pago
2794;105;6412;19;10;pago
2795;105;1478;33;17;pago
2796;105;2749;7;4;pago
2797;105;2238;17;9;pago
2798;105;573;39;20;pago
2799;105;1811;23;12;pago
2800;105;1586;2;1;pago
2801;105;7428;7;4;pago
2802;105;834;6;3;pago
2803;105;4781;40;20;pago
2804;105;3049;25;13;pago
2805;105;6426;52;26;enviado
2806;105;1773;63;32;pago
2807;105;1327;59;30;pago
2808;105;4107;45;23;pago
2809;105;1833;62;31;enviado
2810;105;7047;46;23;pago
2811;105;7258;46;23;pago
2812;105;7224;61;31;pago
2813;105;502;80;40;pago
2814;105;2990;65;33;cancelado
2815;105;6129;75;38;pago
2816;105;5890;70;35;pago
2817;105;3097;69;35;pago
2818;105;3542;73;37;pago
2819;105;6209;92;46;pago
2820;105;7018;86;43;pago
2821;105;1647;85;43;pago
2822;105;3495;100;54;cancelado
2823;106;1987;9;5;pago
2824;106;1500;4;2;pago
2825;106;2149;23;12;pago
2826;106;3877;24;12;pago
2827;106;2774;19;10;pago
2828;106;660;1;1;enviado
2829;106;4291;37;19;pago
2830;106;7244;11;6;pago
2831;106;3001;4;2;cancelado
2832;106;5452;10;5;pago
2833;106;254;21;11;pago
2834;106;2890;11;6;pago
2835;106;5031;26;13;pago
2836;106;5788;39;20;pago
2837;106;3308;8;4;pago
2838;106;1209;50;25;pago
2839;106;3439;53;27;pago
2840;106;1633;49;25;pago
2841;106;6071;59;30;pago
2842;106;5503;45;23;enviado
2843;106;3185;59;30;pago
2844;106;187;55;28;pago
2845;106;7203;73;37;pago
2846;106;6433;79;40;pago
2847;106;2329;75;38;pago
2848;106;7486;76;38;pago
2849;106;1536;78;39;pago
2850;106;2146;92;46;pago
2851;106;6304;88;44;pago
2852;106;6033;100;54;enviado
2853;107;5556;38;19;pago
2854;107;1547;40;20;pago
2855;107;2151;30;15;pago
2856;107;2581;32;16;pago
2857;107;5303;44;22;pago
2858;107;7076;24;12;pago
2859;107;3914;6;3;pago
2860;107;3865;24;12;cancelado
2861;107;1579;19;10;pago
2862;107;438;13;7;pago
2863;107;5050;34;17;pago
2864;107;4340;5;3;pago
2865;107;2989;17;9;pago
2866;107;1068;5;3;pendente
2867;107;2494;59;30;pago
2868;107;7008;64;32;pago
2869;107;183;53;27;pago
2870;107;6874;61;31;pendente
2871;107;6220;56;28;pago
2872;107;2768;72;36;pago
2873;107;1430;74;37;pago
2874;107;1720;83;42;pago
2875;107;631;80;40;pago
2876;107;3366;88;44;pago
2877;107;3981;85;43;pago
2878;107;1421;90;45;pago
2879;107;5138;96;50;pago
2880;107;1491;99;53;cancelado
2881;108;4479;42;21;pago
2882;108;6194;1;1;enviado
2883;108;4869;3;2;pago
2884;108;834;5;3;pago
2885;108;852;43;22;cancelado
2886;108;4127;5;3;pago
2887;108;778;16;8;cancelado
2888;108;4357;4;2;pago
2889;108;576;30;15;pago
2890;108;2585;33;17;pago
2891;108;1137;15;8;cancelado
2892;108;227;51;26;pago
2893;108;6716;56;28;pago
2894;108;3525;46;23;pago
2895;108;3494;50;25;pago
2896;108;6090;69;35;pago
2897;108;1585;71;36;pago
2898;108;3075;71;36;pago
2899;108;3961;70;35;pago
2900;108;7061;73;37;pago
2901;108;6088;76;38;pago
2902;108;5675;88;44;pago
2903;108;2299;90;45;pendente
2904;108;1798;96;50;pago
2905;109;6401;44;22;cancelado
2906;109;6693;41;21;pago
2907;109;3698;6;3;pago
2908;109;3745;32;16;pago
2909;109;460;3;2;pago
2910;109;637;36;18;pago
2911;109;5092;2;1;pago
2912;109;5277;19;10;pendente
2913;109;4932;25;13;cancelado
2914;109;3821;27;14;enviado
2915;109;5951;20;10;pago
2916;109;6418;25;13;pago
2917;109;6986;19;10;pago
2918;109;4758;54;27;pago
2919;109;3911;50;25;pago
2920;109;7348;64;32;pago
2921;109;2191;61;31;pago
2922;109;6122;56;28;pago
2923;109;3608;56;28;pago
2924;109;6070;72;36;pago
2925;109;1489;83;42;cancelado
2926;109;3952;77;39;pago
2927;109;320;81;41;pago
2928;109;783;76;38;pendente
2929;109;933;66;33;pago
2930;109;7115;91;46;pago
2931;109;1510;92;46;pago
2932;109;312;88;44;pago
2933;109;5922;94;48;pago
2934;110;3865;24;12;pago
2935;110;4986;6;3;pago
2936;110;2665;39;20;pago
2937;110;6873;25;13;pago
2938;110;976;25;13;pago
2939;110;452;33;17;pago
2940;110;6493;15;8;cancelado
2941;110;5628;33;17;pago
2942;110;1309;38;19;cancelado
2943;110;6990;42;21;pago
2944;110;6699;14;7;pago
2945;110;5139;50;25;pago
2946;110;3517;56;28;cancelado
2947;110;3386;63;32;pago
2948;110;1328;59;30;pago
2949;110;5113;48;24;pago
2950;110;3560;57;29;pago
2951;110;5133;71;36;pago
2952;110;7038;74;37;enviado
2953;110;6448;76;38;pago
2954;110;4908;76;38;pago
2955;110;2593;73;37;pago
2956;110;853;93;47;pago
2957;110;6771;85;43;pago
2958;110;5425;85;43;pago
2959;110;2796;96;50;pago
2960;111;6500;36;18;pago
2961;111;6368;41;21;pago
2962;111;6081;28;14;pago
2963;111;6356;30;15;pendente
2964;111;2026;36;18;pago
2965;111;5900;11;6;pago
2966;111;5063;27;14;pago
2967;111;4924;23;12;pago
2968;111;5946;30;15;pago
2969;111;4884;3;2;pago
2970;111;2806;45;23;enviado
2971;111;3487;59;30;pendente
2972;111;4774;54;27;pago
2973;111;7156;49;25;pago
2974;111;6054;48;24;pago
2975;111;2579;71;36;pendente
2976;111;3529;77;39;pago
2977;111;2887;71;36;pago
2978;111;710;69;35;pago
2979;111;3603;78;39;pago
2980;111;4013;93;47;pago
2981;111;2622;93;47;pago
2982;111;5076;93;47;enviado
2983;111;344;97;51;pago
2984;112;391;16;8;pago
2985;112;7225;4;2;pago
2986;112;4804;29;15;pago
2987;112;7014;26;13;pago
2988;112;6829;9;5;pago
2989;112;3148;24;12;pago
2990;112;7344;10;5;pago
2991;112;4085;41;21;cancelado
2992;112;6883;1;1;enviado
2993;112;1366;21;11;pago
2994;112;6164;32;16;cancelado
2995;112;5384;27;14;pago
2996;112;5831;27;14;cancelado
2997;112;5121;35;18;pago
2998;112;5167;30;15;pago
2999;112;2381;63;32;cancelado
3000;112;2436;47;24;cancelado
3001;112;2057;60;30;pago
3002;112;1710;63;32;pendente
3003;112;3870;58;29;pago
3004;112;7025;67;34;pago
3005;112;5332;75;38;pago
3006;112;1666;78;39;pago
3007;112;2805;68;34;pago
3008;112;5535;70;35;pago
3009;112;1054;82;41;pago
3010;112;4394;85;43;pago
3011;112;2218;85;43;pago
3012;112;1086;87;44;pendente
3013;112;4260;99;53;pago
3014;113;6957;7;4;pago
3015;113;2482;7;4;pago
3016;113;6323;22;11;pago
3017;113;3680;28;14;pago
3018;113;1816;38;19;pago
3019;113;4045;26;13;pago
3020;113;4577;11;6;pago
3021;113;2781;15;8;pago
3022;113;5267;27;14;pago
3023;113;6145;16;8;pago
3024;113;3212;35;18;cancelado
3025;113;5355;62;31;pago
3026;113;1860;54;27;pago
3027;113;2701;63;32;cancelado
3028;113;2262;56;28;cancelado
3029;113;5119;54;27;pago
3030;113;5304;66;33;enviado
3031;113;616;65;33;pago
3032;113;1311;69;35;pago
3033;113;1118;83;42;pago
3034;113;3828;67;34;pago
3035;113;4919;72;36;pago
3036;113;5537;88;44;pago
3037;113;6820;88;44;pago
3038;113;2150;90;45;pago
3039;113;6219;99;53;pago
3040;114;5697;38;19;pago
3041;114;4598;9;5;pago
3042;114;2684;37;19;pago
3043;114;5638;34;17;pago
3044;114;2988;24;12;cancelado
3045;114;5991;23;12;pago
3046;114;2863;1;1;pendente
3047;114;2344;33;17;pago
3048;114;6727;12;6;pago
3049;114;3592;57;29;pago
3050;114;5314;46;23;pago
3051;114;7480;48;24;pago
3052;114;1379;59;30;pago
3053;114;210;60;30;pago
3054;114;1456;66;33;pago
3055;114;968;83;42;pago
3056;114;5248;67;34;pago
3057;114;39;78;39;pago
3058;114;5424;73;37;pago
3059;114;2337;85;43;pago
3060;114;6573;87;44;pendente
3061;114;1416;94;48;pago
3062;115;5857;22;11;pago
3063;115;4631;9;5;pago
3064;115;1130;38;19;pago
3065;115;3764;22;11;pago
3066;115;4335;20;10;pago
3067;115;5576;11;6;pago
3068;115;5575;24;12;pago
3069;115;2100;13;7;pago
3070;115;2420;32;16;pago
3071;115;2128;22;11;pago
3072;115;6598;37;19;pago
3073;115;3834;20;10;pago
3074;115;5575;23;12;enviado
3075;115;2521;47;24;pago
3076;115;4043;55;28;pago
3077;115;7429;50;25;pago
3078;115;3316;54;27;pendente
3079;115;3318;64;32;pago
3080;115;6309;82;41;pago
3081;115;3894;79;40;pago
3082;115;34;68;34;pago
3083;115;2183;71;36;pago
3084;115;1074;83;42;pago
3085;115;3997;76;38;pendente
3086;115;112;77;39;pago
3087;115;1513;93;47;pago
3088;115;1200;91;46;pago
3089;115;7281;89;45;pago
3090;115;6827;94;48;cancelado
3091;116;452;34;17;pago
3092;116;5996;15;8;pago
3093;116;6699;14;7;pago
3094;116;6961;22;11;pago
3095;116;7465;19;10;enviado
3096;116;764;5;3;pago
3097;116;2090;44;22;pago
3098;116;5584;40;20;pago
3099;116;5811;18;9;pago
3100;116;2202;14;7;cancelado
3101;116;5596;29;15;pago
3102;116;405;8;4;pago
3103;116;2154;39;20;pago
3104;116;7321;52;26;pago
3105;116;2910;48;24;pago
3106;116;4624;55;28;pago
3107;116;1859;62;31;pago
3108;116;5389;55;28;pago
3109;116;3826;77;39;pago
3110;116;1785;76;38;pendente
3111;116;3673;73;37;pago
3112;116;3719;65;33;pago
3113;116;5203;92;46;pago
3114;116;3234;90;45;pago
3115;116;949;85;43;pago
3116;116;7318;97;51;cancelado
3117;117;3783;10;5;pago
3118;117;6169;23;12;pago
3119;117;499;19;10;pago
3120;117;5986;23;12;pago
3121;117;2458;22;11;pago
3122;117;2814;25;13;cancelado
3123;117;1902;11;6;pago
3124;117;6776;39;20;pago
3125;117;2492;32;16;enviado
3126;117;6091;10;5;pago
3127;117;497;41;21;pago
3128;117;2566;27;14;pendente
3129;117;5321;9;5;pago
3130;117;192;1;1;pago
3131;117;4165;46;23;pago
3132;117;4899;62;31;pago
3133;117;6588;54;27;pago
3134;117;3951;51;26;pago
3135;117;5275;59;30;pago
3136;117;5464;72;36;pago
3137;117;3256;73;37;pago
3138;117;3704;65;33;pago
3139;117;6643;68;34;pago
3140;117;3854;81;41;pago
3141;117;4332;82;41;pago
3142;117;5534;66;33;pago
3143;117;6387;89;45;cancelado
3144;117;3100;89;45;pago
3145;117;2408;88;44;pago
3146;117;7059;97;51;pago
3147;117;7131;96;50;pago
3148;118;4046;6;3;pago
3149;118;5279;13;7;pago
3150;118;1451;6;3;pago
3151;118;4;7;4;pago
3152;118;4390;15;8;pago
3153;118;4037;26;13;pendente
3154;118;7074;13;7;pago
3155;118;3004;5;3;pago
3156;118;4242;32;16;pendente
3157;118;6164;32;16;pago
3158;118;4559;6;3;cancelado
3159;118;5454;57;29;cancelado
3160;118;3525;45;23;pago
3161;118;5163;61;31;pago
3162;118;7222;55;28;pendente
3163;118;3592;58;29;pago
3164;118;415;58;29;pago
3165;118;1942;60;30;pago
3166;118;7025;68;34;pago
3167;118;7013;65;33;pago
3168;118;6538;69;35;pago
3169;118;5276;69;35;pago
3170;118;1396;85;43;pago
3171;118;5959;90;45;pago
3172;118;1075;88;44;pago
3173;118;6708;99;53;pago
3174;119;1385;18;9;pago
3175;119;1615;41;21;pago
3176;119;4584;2;1;pago
3177;119;3905;17;9;pago
3178;119;6085;30;15;cancelado
3179;119;4330;25;13;pago
3180;119;3225;10;5;pago
3181;119;2100;14;7;pago
3182;119;5821;35;18;pago
3183;119;6154;2;1;pago
3184;119;6887;1;1;pago
3185;119;3176;32;16;pago
3186;119;3464;40;20;pago
3187;119;4341;25;13;pago
3188;119;4002;25;13;pago
3189;119;2335;56;28;pago
3190;119;1498;50;25;pago
3191;119;1498;49;25;pago
3192;119;5516;48;24;cancelado
3193;119;3075;72;36;pago
3194;119;4036;82;41;pago
3195;119;4612;69;35;pago
3196;119;4350;80;40;pago
3197;119;2764;76;38;pago
3198;119;5488;90;45;pago
3199;119;476;85;43;pago
3200;119;7318;97;51;pago
3201;119;53;99;53;pago
3202;120;1436;38;19;pendente
3203;120;1991;43;22;pago
3204;120;7007;13;7;enviado
3205;120;5724;24;12;cancelado
3206;120;1715;12;6;pago
3207;120;600;43;22;pago
3208;120;7419;27;14;enviado
3209;120;4116;43;22;pago
3210;120;4576;24;12;pago
3211;120;1145;24;12;pago
3212;120;2440;4;2;cancelado
3213;120;4809;28;14;pago
3214;120;6874;62;31;pago
3215;120;3720;61;31;pago
3216;120;3726;60;30;pago
3217;120;3102;52;26;enviado
3218;120;4645;51;26;pago
3219;120;6197;56;28;enviado
3220;120;6175;80;40;pago
3221;120;2080;71;36;pago
3222;120;6764;70;35;pago
3223;120;3781;68;34;pago
3224;120;5640;68;34;pago
3225;120;6839;88;44;pago
3226;120;69;86;43;pago
3227;120;4531;95;49;pago
3228;121;396;22;11;pago
3229;121;1596;43;22;pago
3230;121;6388;2;1;cancelado
3231;121;2355;8;4;pago
3232;121;3697;28;14;pago
3233;121;5068;32;16;pago
3234;121;1547;40;20;pago
3235;121;5565;17;9;pago
3236;121;6887;2;1;pago
3237;121;5152;34;17;pago
3238;121;7029;5;3;pago
3239;121;6019;7;4;enviado
3240;121;7493;24;12;pago
3241;121;1415;61;31;pago
3242;121;3235;52;26;pendente
3243;121;3563;47;24;pago
3244;121;6425;45;23;pago
3245;121;6933;53;27;enviado
3246;121;1372;55;28;pago
3247;121;2335;56;28;pago
3248;121;2147;81;41;pago
3249;121;1891;78;39;pago
3250;121;4725;70;35;pago
3251;121;4241;73;37;pago
3252;121;5432;70;35;pago
3253;121;6551;67;34;cancelado
3254;121;2693;88;44;pago
3255;121;7145;87;44;pago
3256;121;6750;91;46;pago
3257;121;4502;87;44;pago
3258;121;6979;96;50;pago
3259;122;5765;12;6;pago
3260;122;6475;22;11;pago
3261;122;5378;12;6;pago
3262;122;673;37;19;pago
3263;122;1522;23;12;pago
3264;122;3680;28;14;pago
3265;122;4242;31;16;pago
3266;122;5697;37;19;pago
3267;122;2440;4;2;pago
3268;122;3042;25;13;pago
3269;122;4040;34;17;pago
3270;122;4264;64;32;pago
3271;122;3853;47;24;pago
3272;122;3572;49;25;pago
3273;122;6660;48;24;pago
3274;122;359;58;29;pendente
3275;122;1526;75;38;pago
3276;122;5297;69;35;pago
3277;122;1755;67;34;pago
3278;122;35;70;35;pago
3279;122;4022;75;38;pago
3280;122;2276;74;37;pago
3281;122;1527;66;33;pago
3282;122;1342;93;47;pago
3283;122;3544;87;44;pago
3284;122;1632;87;44;pago
3285;122;2171;92;46;pago
3286;122;1240;97;51;cancelado
3287;122;3091;97;51;cancelado
3288;123;5015;4;2;pago
3289;123;1853;1;1;pago
3290;123;1630;20;10;pago
3291;123;5870;31;16;pago
3292;123;7019;41;21;enviado
3293;123;4963;1;1;pago
3294;123;1532;31;16;pago
3295;123;2863;1;1;pago
3296;123;5909;28;14;pago
3297;123;1761;28;14;pago
3298;123;5915;36;18;pago
3299;123;4770;14;7;pago
3300;123;3254;57;29;cancelado
3301;123;3024;64;32;pago
3302;123;4601;54;27;pago
3303;123;2640;46;23;cancelado
3304;123;1770;54;27;pago
3305;123;5774;55;28;pendente
3306;123;5720;55;28;pago
3307;123;6350;74;37;pago
3308;123;5874;78;39;pago
3309;123;5859;81;41;cancelado
3310;123;1310;68;34;pago
3311;123;4996;73;37;pago
3312;123;5271;78;39;pago
3313;123;2660;87;44;pago
3314;123;5675;87;44;pago
3315;123;5164;96;50;pago
3316;123;7079;96;50;pago
3317;124;4616;10;5;cancelado
3318;124;4596;37;19;pago
3319;124;2012;13;7;pago
3320;124;144;7;4;pago
3321;124;3127;23;12;pago
3322;124;145;21;11;pago
3323;124;2302;5;3;pago
3324;124;5402;42;21;pago
3325;124;1589;26;13;enviado
3326;124;55;38;19;pago
3327;124;6702;62;31;pago
3328;124;3231;58;29;pago
3329;124;5334;59;30;pago
3330;124;5643;63;32;enviado
3331;124;3275;47;24;cancelado
3332;124;3912;73;37;pago
3333;124;4505;82;41;enviado
3334;124;6814;83;42;pago
3335;124;6432;84;42;pago
3336;124;2306;66;33;pendente
3337;124;2176;73;37;pago
3338;124;3919;80;40;pago
3339;124;1446;87;44;pago
3340;124;5580;89;45;pago
3341;124;3030;99;53;pago
3342;124;4101;94;48;pago
3343;125;3341;28;14;pago
3344;125;4583;10;5;pago
3345;125;1581;13;7;pago
3346;125;5765;11;6;pago
3347;125;721;34;17;pendente
3348;125;2648;23;12;pago
3349;125;5808;23;12;pago
3350;125;1493;11;6;pago
3351;125;1408;38;19;pago
3352;125;3153;1;1;pago
3353;125;1597;13;7;pago
3354;125;4467;50;25;pago
3355;125;3487;60;30;pago
3356;125;1434;50;25;pago
3357;125;4359;46;23;pendente
3358;125;2452;45;23;pago
3359;125;911;68;34;cancelado
3360;125;6027;84;42;pago
3361;125;6227;68;34;pago
3362;125;7357;68;34;pago
3363;125;1166;80;40;pago
3364;125;186;79;40;pago
3365;125;39;78;39;pago
3366;125;3025;68;34;pago
3367;125;853;93;47;pago
3368;125;2054;85;43;pago
3369;125;6956;90;45;pago
3370;125;6121;94;48;pago
3371;126;6894;23;12;pendente
3372;126;68;1;1;cancelado
3373;126;5014;25;13;pago
3374;126;3863;10;5;pago
3375;126;1938;34;17;pago
3376;126;1972;17;9;pago
3377;126;5903;4;2;pago
3378;126;6503;42;21;pago
3379;126;475;37;19;pago
3380;126;828;33;17;pago
3381;126;4568;63;32;pago
3382;126;6139;62;31;enviado
3383;126;2942;51;26;pago
3384;126;3487;60;30;pago
3385;126;597;56;28;pendente
3386;126;1377;68;34;pago
3387;126;911;67;34;enviado
3388;126;4181;72;36;pago
3389;126;6764;70;35;cancelado
3390;126;7232;77;39;pago
3391;126;4218;67;34;pago
3392;126;1190;78;39;enviado
3393;126;4452;87;44;pago
3394;126;4206;93;47;pago
3395;126;4972;93;47;pendente
3396;126;2075;97;51;pago
3397;126;4252;96;50;cancelado
3398;127;5478;14;7;cancelado
3399;127;2659;31;16;pago
3400;127;6206;25;13;pago
3401;127;1676;15;8;pago
3402;127;7124;18;9;pago
3403;127;1089;27;14;pago
3404;127;4416;38;19;pago
3405;127;6207;16;8;pago
3406;127;7485;28;14;pago
3407;127;6182;13;7;pago
3408;127;6674;22;11;pago
3409;127;892;51;26;enviado
3410;127;1653;45;23;pago
3411;127;7210;63;32;pago
3412;127;2899;61;31;pago
3413;127;6310;55;28;pendente
3414;127;7305;56;28;pago
3415;127;2686;49;25;pago
3416;127;4374;49;25;pago
3417;127;6329;74;37;pago
3418;127;5753;71;36;pago
3419;127;2305;81;41;pago
3420;127;3604;82;41;pago
3421;127;7357;67;34;pago
3422;127;5896;81;41;pago
3423;127;6057;84;42;cancelado
3424;127;1086;87;44;pago
3425;127;2819;90;45;pago
3426;127;7233;93;47;pago
3427;127;4061;95;49;pago
3428;127;6945;99;53;pago
3429;128;1451;6;3;pago
3430;128;6244;10;5;pago
3431;128;6721;33;17;pago
3432;128;222;28;14;pago
3433;128;1800;28;14;pago
3434;128;4262;35;18;pendente
3435;128;2717;35;18;pago
3436;128;4399;20;10;pago
3437;128;5776;19;10;pago
3438;128;4062;33;17;pago
3439;128;4804;29;15;pago
3440;128;6935;2;1;pago
3441;128;200;17;9;pago
3442;128;1670;34;17;pago
3443;128;6314;25;13;pago
3444;128;6166;4;2;pago
3445;128;5904;25;13;cancelado
3446;128;4401;49;25;pago
3447;128;7218;56;28;pago
3448;128;1165;46;23;pago
3449;128;6055;52;26;pago
3450;128;1344;50;25;pago
3451;128;2421;60;30;cancelado
3452;128;1921;63;32;pago
3453;128;3823;75;38;pago
3454;128;437;82;41;pago
3455;128;2479;83;42;pago
3456;128;574;72;36;pago
3457;128;184;66;33;pago
3458;128;4586;89;45;enviado
3459;128;6573;87;44;pago
3460;128;5488;90;45;pago
3461;128;4383;93;47;pago
3462;128;2959;98;52;pago
3463;128;5071;98;52;pago
3464;129;4027;23;12;pago
3465;129;1963;21;11;pago
3466;129;960;11;6;pago
3467;129;6062;1;1;pago
3468;129;7186;27;14;pago
3469;129;5515;28;14;pago
3470;129;5167;29;15;pago
3471;129;582;43;22;pago
3472;129;525;8;4;pago
3473;129;3156;26;13;pago
3474;129;4284;64;32;pago
3475;129;523;57;29;pago
3476;129;3747;55;28;cancelado
3477;129;6566;52;26;pago
3478;129;6100;58;29;pago
3479;129;1033;64;32;pago
3480;129;2094;79;40;pago
3481;129;6744;80;40;pago
3482;129;42;83;42;pago
3483;129;5743;79;40;enviado
3484;129;4938;83;42;pago
3485;129;1513;93;47;enviado
3486;129;7185;92;46;pago
3487;129;3913;100;54;pago
3488;129;5399;96;50;cancelado
3489;130;3475;16;8;pago
3490;130;7178;13;7;pago
3491;130;1885;29;15;pago
3492;130;3263;36;18;pendente
3493;130;3353;19;10;pago
3494;130;3624;14;7;pago
3495;130;7123;26;13;pago
3496;130;3315;23;12;pago
3497;130;6437;25;13;pago
3498;130;611;44;22;pago
3499;130;6030;29;15;pago
3500;130;556;15;8;pago
3501;130;4292;29;15;enviado
3502;130;1414;29;15;pago
3503;130;6269;46;23;cancelado
3504;130;3713;49;25;enviado
3505;130;4995;64;32;pendente
3506;130;3974;64;32;pago
3507;130;4195;62;31;pago
3508;130;5025;48;24;pendente
3509;130;6875;65;33;pago
3510;130;4641;81;41;pago
3511;130;1194;77;39;pago
3512;130;839;73;37;cancelado
3513;130;121;72;36;pago
3514;130;5341;77;39;pago
3515;130;5500;65;33;cancelado
3516;130;4082;93;47;cancelado
3517;130;6955;86;43;pago
3518;130;1085;95;49;pago
3519;130;7032;99;53;pago
3520;131;5378;11;6;pago
3521;131;2533;24;12;pago
3522;131;3172;12;6;pendente
3523;131;4550;28;14;pago
3524;131;1565;43;22;enviado
3525;131;1662;3;2;pago
3526;131;5169;4;2;pago
3527;131;2141;34;17;pago
3528;131;867;20;10;pendente
3529;131;3273;43;22;pago
3530;131;2497;33;17;pago
3531;131;2633;18;9;enviado
3532;131;587;7;4;enviado
3533;131;1984;37;19;pago
3534;131;2860;22;11;pago
3535;131;2913;8;4;cancelado
3536;131;4609;14;7;pago
3537;131;3747;55;28;pago
3538;131;2194;49;25;pago
3539;131;473;61;31;pago
3540;131;1860;53;27;pago
3541;131;1032;59;30;pago
3542;131;6389;60;30;pago
3543;131;1534;50;25;pago
3544;131;4509;69;35;pago
3545;131;5116;80;40;enviado
3546;131;6264;81;41;pago
3547;131;1704;75;38;pago
3548;131;6107;75;38;pago
3549;131;2924;65;33;pago
3550;131;5258;84;42;pago
3551;131;4247;86;43;pendente
3552;131;5813;93;47;pago
3553;131;1294;93;47;pendente
3554;131;5099;95;49;pago
3555;131;4070;98;52;pago
3556;132;2326;44;22;pago
3557;132;6149;25;13;pago
3558;132;7309;10;5;pago
3559;132;1384;12;6;pago
3560;132;1753;22;11;pago
3561;132;734;44;22;pago
3562;132;6153;17;9;pago
3563;132;1576;42;21;pago
3564;132;2154;39;20;pago
3565;132;5409;30;15;pago
3566;132;755;11;6;pago
3567;132;1501;49;25;pago
3568;132;5363;62;31;pago
3569;132;5054;58;29;pago
3570;132;183;53;27;pago
3571;132;5383;49;25;pago
3572;132;4991;53;27;pago
3573;132;2639;75;38;pago
3574;132;4754;78;39;pago
3575;132;2416;83;42;pago
3576;132;4984;77;39;pago
3577;132;7365;80;40;pago
3578;132;1760;70;35;pago
3579;132;932;93;47;pago
3580;132;1396;85;43;pago
3581;132;6965;89;45;pago
3582;132;4133;86;43;pago
3583;132;1861;96;50;pago
3584;132;626;99;53;pago
3585;133;1120;37;19;pago
3586;133;1155;4;2;pago
3587;133;5793;9;5;pago
3588;133;172;15;8;pago
3589;133;6113;24;12;pago
3590;133;6008;17;9;enviado
3591;133;6151;11;6;pago
3592;133;4457;34;17;pago
3593;133;1479;31;16;pago
3594;133;1805;31;16;pago
3595;133;2403;61;31;cancelado
3596;133;441;54;27;pago
3597;133;7414;50;25;pago
3598;133;6673;50;25;pago
3599;133;2394;84;42;pago
3600;133;1722;81;41;pago
3601;133;3658;73;37;pago
3602;133;5929;71;36;pago
3603;133;143;68;34;pago
3604;133;115;79;40;enviado
3605;133;7379;91;46;pago
3606;133;4373;93;47;pago
3607;133;1896;87;44;pendente
3608;133;2643;98;52;cancelado
3609;134;2582;38;19;pago
3610;134;1791;23;12;pago
3611;134;5547;40;20;cancelado
3612;134;7244;12;6;pago
3613;134;5165;22;11;pago
3614;134;2769;30;15;pago
3615;134;2209;7;4;pago
3616;134;4150;15;8;pago
3617;134;5485;32;16;pago
3618;134;7164;3;2;pago
3619;134;953;27;14;pago
3620;134;3565;27;14;pago
3621;134;5840;27;14;pago
3622;134;5390;8;4;pago
3623;134;977;13;7;cancelado
3624;134;2249;39;20;pago
3625;134;5749;57;29;pago
3626;134;4601;53;27;pago
3627;134;581;59;30;pago
3628;134;1270;54;27;pago
3629;134;2546;60;30;pago
3630;134;3231;57;29;pago
3631;134;7158;57;29;pago
3632;134;7310;78;39;pago
3633;134;4846;68;34;pago
3634;134;5712;71;36;pago
3635;134;433;66;33;pago
3636;134;6623;68;34;pago
3637;134;4975;81;41;pago
3638;134;7479;91;46;pendente
3639;134;5533;93;47;pago
3640;134;2629;85;43;pago
3641;134;95;95;49;cancelado
3642;134;1084;96;50;pago
3643;135;6270;6;3;cancelado
3644;135;6388;1;1;pago
3645;135;4129;9;5;pago
3646;135;6138;20;10;pago
3647;135;4985;31;16;pago
3648;135;4723;38;19;pago
3649;135;5512;36;18;enviado
3650;135;1642;1;1;pago
3651;135;6493;16;8;enviado
3652;135;4580;40;20;cancelado
3653;135;1012;10;5;pago
3654;135;4472;5;3;pago
3655;135;2167;31;16;pago
3656;135;5386;20;10;pago
3657;135;1208;27;14;pago
3658;135;778;15;8;pago
3659;135;1251;58;29;pago
3660;135;5952;59;30;pago
3661;135;3620;60;30;pago
3662;135;6541;48;24;pago
3663;135;979;60;30;enviado
3664;135;1381;72;36;pago
3665;135;5256;82;41;pago
3666;135;3754;68;34;pago
3667;135;752;83;42;pago
3668;135;2880;81;41;pago
3669;135;687;89;45;pago
3670;135;6336;86;43;pago
3671;135;5675;88;44;pago
3672;135;7464;91;46;pago
3673;135;3393;100;54;pago
3674;136;6086;43;22;pago
3675;136;2841;31;16;pago
3676;136;4518;22;11;pago
3677;136;612;12;6;pago
3678;136;6772;29;15;pago
3679;136;2282;33;17;cancelado
3680;136;792;44;22;cancelado
3681;136;5627;32;16;pago
3682;136;2823;9;5;pago
3683;136;7470;26;13;pago
3684;136;1615;42;21;pago
3685;136;645;14;7;enviado
3686;136;6047;4;2;pago
3687;136;809;51;26;pago
3688;136;2435;64;32;pago
3689;136;1709;45;23;pago
3690;136;1603;49;25;enviado
3691;136;5315;46;23;pago
3692;136;803;75;38;pago
3693;136;3300;73;37;pago
3694;136;2880;82;41;pago
3695;136;2125;77;39;pago
3696;136;2804;79;40;pago
3697;136;3355;71;36;pendente
3698;136;6814;84;42;pago
3699;136;5967;73;37;pago
3700;136;6162;93;47;pago
3701;136;4664;90;45;pago
3702;136;3366;87;44;enviado
3703;136;3984;98;52;pago
3704;137;2046;38;19;pago
3705;137;4337;40;20;pago
3706;137;3890;24;12;cancelado
3707;137;7029;5;3;pago
3708;137;5098;2;1;cancelado
3709;137;4266;43;22;pago
3710;137;3782;18;9;pago
3711;137;6934;23;12;pago
3712;137;985;22;11;pago
3713;137;1850;18;9;cancelado
3714;137;6989;60;30;cancelado
3715;137;523;57;29;cancelado
3716;137;4359;45;23;pago
3717;137;318;59;30;pago
3718;137;1934;61;31;pago
3719;137;2421;59;30;pago
3720;137;7414;49;25;pago
3721;137;6256;68;34;pago
3722;137;769;69;35;pago
3723;137;2674;84;42;pago
3724;137;6357;83;42;pago
3725;137;408;66;33;pago
3726;137;6369;75;38;cancelado
3727;137;1035;76;38;cancelado
3728;137;7340;93;47;pago
3729;137;5451;89;45;pago
3730;137;3786;93;47;pago
3731;137;3580;94;48;pago
3732;137;2512;96;50;pago
3733;138;7306;28;14;pago
3734;138;6916;34;17;cancelado
3735;138;2410;18;9;pago
3736;138;2392;38;19;pago
3737;138;2547;39;20;pago
3738;138;1470;29;15;pago
3739;138;6319;12;6;pago
3740;138;2652;24;12;cancelado
3741;138;7177;16;8;pago
3742;138;2699;23;12;pago
3743;138;858;35;18;pago
3744;138;6230;34;17;pago
3745;138;1763;28;14;pago
3746;138;3506;58;29;pago
3747;138;7429;50;25;cancelado
3748;138;6251;58;29;pago
3749;138;7277;47;24;cancelado
3750;138;7239;76;38;pago
3751;138;5764;82;41;pago
3752;138;710;70;35;pago
3753;138;6369;75;38;pago
3754;138;1413;68;34;enviado
3755;138;3992;74;37;pago
3756;138;1754;74;37;pago
3757;138;3145;87;44;enviado
3758;138;2932;90;45;pago
3759;138;2234;93;47;cancelado
3760;138;4679;98;52;pago
3761;138;376;95;49;pendente
3762;139;1641;28;14;pago
3763;139;899;23;12;pago
3764;139;2954;38;19;pago
3765;139;4308;37;19;pago
3766;139;4804;30;15;pago
3767;139;1809;8;4;pago
3768;139;3248;17;9;pago
3769;139;7128;19;10;pago
3770;139;5457;15;8;enviado
3771;139;5391;44;22;pago
3772;139;2566;28;14;pago
3773;139;3624;14;7;pago
3774;139;5434;27;14;pago
3775;139;1442;8;4;cancelado
3776;139;4330;26;13;pago
3777;139;7004;46;23;pago
3778;139;3771;51;26;pago
3779;139;6032;47;24;pago
3780;139;5163;62;31;pago
3781;139;5189;73;37;pago
3782;139;2847;81;41;cancelado
3783;139;6671;84;42;pago
3784;139;186;80;40;pago
3785;139;6247;66;33;pago
3786;139;7217;78;39;pago
3787;139;2981;70;35;pago
3788;139;4765;93;47;pago
3789;139;4099;88;44;pago
3790;139;3591;97;51;pago
3791;140;1051;15;8;pago
3792;140;6293;29;15;pago
3793;140;1382;12;6;pago
3794;140;6521;16;8;cancelado
3795;140;3021;30;15;pago
3796;140;6686;10;5;pago
3797;140;2814;25;13;pago
3798;140;2426;44;22;pago
3799;140;7422;22;11;pago
3800;140;7250;26;13;pendente
3801;140;2158;2;1;pendente
3802;140;7460;12;6;pago
3803;140;6411;43;22;pago
3804;140;3268;27;14;pago
3805;140;4017;10;5;pago
3806;140;4793;21;11;pago
3807;140;6025;21;11;pago
3808;140;6970;49;25;cancelado
3809;140;4995;64;32;pago
3810;140;3244;63;32;pago
3811;140;3154;53;27;pago
3812;140;7351;47;24;pago
3813;140;4243;47;24;pago
3814;140;1124;63;32;pago
3815;140;5653;84;42;pago
3816;140;3893;81;41;pago
3817;140;1358;73;37;pago
3818;140;3604;82;41;pago
3819;140;2221;65;33;pago
3820;140;1180;80;40;pago
3821;140;4420;76;38;enviado
3822;140;6573;87;44;pago
3823;140;2299;89;45;pago
3824;140;865;93;47;pago
3825;140;6041;99;53;pago
3826;141;1313;17;9;pago
3827;141;2544;28;14;pago
3828;141;2032;5;3;pago
3829;141;6776;40;20;pago
3830;141;6279;28;14;pago
3831;141;1210;5;3;enviado
3832;141;3308;7;4;pago
3833;141;3109;41;21;pago
3834;141;1530;36;18;pago
3835;141;683;34;17;pago
3836;141;3391;26;13;pago
3837;141;7225;4;2;pago
3838;141;4150;16;8;cancelado
3839;141;5857;21;11;pago
3840;141;2294;14;7;pago
3841;141;1042;5;3;pago
3842;141;5819;54;27;pago
3843;141;6075;50;25;pago
3844;141;3160;59;30;pendente
3845;141;5785;60;30;pago
3846;141;459;61;31;pago
3847;141;5883;53;27;pendente
3848;141;1609;81;41;pago
3849;141;2384;80;40;pago
3850;141;4721;71;36;pendente
3851;141;2880;82;41;pago
3852;141;2396;76;38;pago
3853;141;6476;79;40;pago
3854;141;3392;90;45;pago
3855;141;6646;90;45;pago
3856;141;1471;87;44;pago
3857;141;7145;88;44;pago
3858;141;420;94;48;cancelado
3859;141;692;96;50;pago
3860;142;1352;2;1;pago
3861;142;3906;33;17;pago
3862;142;3464;40;20;pago
3863;142;7386;6;3;enviado
3864;142;3094;16;8;pendente
3865;142;4550;27;14;pago
3866;142;5887;5;3;pago
3867;142;6882;43;22;pago
3868;142;4506;4;2;pago
3869;142;2954;37;19;pago
3870;142;4376;62;31;pago
3871;142;477;61;31;pago
3872;142;3275;47;24;pago
3873;142;6645;57;29;pago
3874;142;3034;53;27;pago
3875;142;3972;64;32;pago
3876;142;40;80;40;enviado
3877;142;6077;73;37;pago
3878;142;5502;70;35;pago
3879;142;41;81;41;cancelado
3880;142;2839;68;34;pago
3881;142;3240;93;47;pago
3882;142;1838;85;43;pago
3883;142;2977;92;46;pago
3884;142;4707;95;49;pago
3885;142;5669;95;49;pago
3886;143;6186;2;1;pago
3887;143;1353;40;20;pago
3888;143;6379;24;12;pago
3889;143;3023;29;15;pago
3890;143;5469;29;15;pendente
3891;143;1714;31;16;pago
3892;143;5491;19;10;pago
3893;143;1616;9;5;pago
3894;143;4907;34;17;pendente
3895;143;3533;22;11;pago
3896;143;7020;41;21;pago
3897;143;3711;37;19;pago
3898;143;2809;37;19;pago
3899;143;5015;3;2;pago
3900;143;1385;17;9;pago
3901;143;6348;14;7;pago
3902;143;6645;57;29;pago
3903;143;607;59;30;pago
3904;143;3516;62;31;enviado
3905;143;2761;52;26;pago
3906;143;5072;48;24;pago
3907;143;2043;53;27;cancelado
3908;143;2556;73;37;pago
3909;143;574;72;36;pago
3910;143;5264;74;37;pago
3911;143;7236;71;36;pago
3912;143;6108;73;37;pago
3913;143;4428;78;39;pago
3914;143;6209;91;46;pago
3915;143;7183;92;46;pago
3916;143;2977;91;46;pendente
3917;143;5709;94;48;pago
3918;143;6762;94;48;pago
3919;144;748;42;21;pago
3920;144;5638;34;17;pago
3921;144;4642;40;20;pago
3922;144;2870;31;16;cancelado
3923;144;1643;31;16;pago
3924;144;152;19;10;pago
3925;144;4781;39;20;pago
3926;144;1616;9;5;pago
3927;144;222;27;14;pago
3928;144;1588;15;8;pago
3929;144;1745;5;3;pago
3930;144;2856;57;29;pago
3931;144;5759;47;24;pago
3932;144;5041;51;26;pendente
3933;144;4111;55;28;cancelado
3934;144;3601;55;28;pago
3935;144;6362;65;33;pago
3936;144;365;73;37;pago
3937;144;286;82;41;pago
3938;144;930;71;36;pago
3939;144;3780;65;33;pago
3940;144;1685;78;39;pago
3941;144;1510;91;46;pago
3942;144;3171;86;43;enviado
3943;144;392;100;54;enviado
3944;144;3712;99;53;pago
3945;145;3590;21;11;cancelado
3946;145;4409;29;15;cancelado
3947;145;6293;30;15;pago
3948;145;1102;43;22;pago
3949;145;7439;32;16;pago
3950;145;2030;26;13;pendente
3951;145;3333;7;4;pago
3952;145;2104;34;17;pago
3953;145;2378;8;4;pago
3954;145;4675;32;16;pago
3955;145;2913;8;4;pago
3956;145;6542;22;11;pago
3957;145;1884;20;10;pago
3958;145;7122;12;6;pago
3959;145;5269;15;8;pago
3960;145;2430;51;26;pago
3961;145;7276;54;27;pago
3962;145;5027;46;23;pago
3963;145;3494;50;25;pendente
3964;145;5677;53;27;pago
3965;145;2397;52;26;pago
3966;145;7319;48;24;pago
3967;145;530;71;36;enviado
3968;145;3829;83;42;pago
3969;145;1310;68;34;pago
3970;145;2015;84;42;pago
3971;145;3498;79;40;pago
3972;145;1298;74;37;pago
3973;145;3934;78;39;pago
3974;145;235;86;43;pago
3975;145;1964;85;43;pago
3976;145;7106;93;47;cancelado
3977;145;559;93;47;pago
3978;145;5709;94;48;pago
3979;145;3116;100;54;pendente
3980;146;3248;18;9;pago
3981;146;4143;21;11;pago
3982;146;3624;14;7;pago
3983;146;6808;7;4;pendente
3984;146;886;39;20;pago
3985;146;5742;22;11;pago
3986;146;2003;41;21;pago
3987;146;961;29;15;pago
3988;146;3311;33;17;pago
3989;146;4843;34;17;cancelado
3990;146;2101;35;18;pago
3991;146;3105;12;6;cancelado
3992;146;5911;52;26;pago
3993;146;4876;45;23;pago
3994;146;6513;58;29;pago
3995;146;4560;54;27;pago
3996;146;410;63;32;pago
3997;146;7350;58;29;pago
3998;146;1860;53;27;pago
3999;146;5931;66;33;pago
4000;146;6571;78;39;cancelado
4001;146;2305;82;41;cancelado
4002;146;5799;80;40;pago
4003;146;5280;77;39;pago
4004;146;1801;75;38;pago
4005;146;3402;87;44;pago
4006;146;2414;92;46;pago
4007;146;2033;92;46;pago
4008;146;3752;98;52;pago
4009;146;7243;94;48;pago
4010;147;7362;10;5;pago
4011;147;2179;35;18;pendente
4012;147;5507;38;19;pago
4013;147;4200;20;10;pago
4014;147;2900;33;17;cancelado
4015;147;5829;32;16;pago
4016;147;1970;40;20;pago
4017;147;5581;16;8;pago
4018;147;5811;17;9;pago
4019;147;3939;21;11;pago
4020;147;509;42;21;enviado
4021;147;2010;7;4;pago
4022;147;348;41;21;pago
4023;147;3890;24;12;pago
4024;147;3336;60;30;pago
4025;147;2493;55;28;pago
4026;147;7349;58;29;pago
4027;147;1629;54;27;pago
4028;147;6408;52;26;pago
4029;147;3853;48;24;pago
4030;147;1124;63;32;pago
4031;147;577;71;36;pago
4032;147;2477;81;41;pago
4033;147;286;82;41;pago
4034;147;2808;67;34;pago
4035;147;5602;72;36;cancelado
4036;147;4710;66;33;pago
4037;147;1529;83;42;pago
4038;147;5754;85;43;pago
4039;147;3427;93;47;pago
4040;147;7084;95;49;pago
4041;147;4025;98;52;cancelado
4042;148;222;27;14;pago
4043;148;1619;36;18;pago
4044;148;2295;9;5;pago
4045;148;4740;43;22;pago
4046;148;1888;18;9;cancelado
4047;148;6420;28;14;pago
4048;148;5402;41;21;pago
4049;148;6986;19;10;pago
4050;148;7101;31;16;pago
4051;148;3062;16;8;pago
4052;148;6003;27;14;pago
4053;148;2045;23;12;pago
4054;148;1747;23;12;pago
4055;148;1431;49;25;cancelado
4056;148;4320;58;29;cancelado
4057;148;5499;57;29;pago
4058;148;2569;58;29;pago
4059;148;3322;62;31;pago
4060;148;5468;59;30;pago
4061;148;1180;80;40;pago
4062;148;5973;65;33;pago
4063;148;108;77;39;pago
4064;148;1631;75;38;pago
4065;148;5336;70;35;pendente
4066;148;7278;92;46;pago
4067;148;2146;91;46;pago
4068;148;3140;90;45;pago
4069;148;661;88;44;pago
4070;148;506;97;51;pago
4071;148;3370;98;52;pago
4072;149;3014;2;1;pago
4073;149;6727;11;6;pago
4074;149;2451;29;15;pendente
4075;149;1057;36;18;pago
4076;149;1761;28;14;pago
4077;149;3666;37;19;pago
4078;149;579;37;19;pago
4079;149;2036;15;8;pago
4080;149;7304;33;17;pago
4081;149;5598;12;6;enviado
4082;149;5006;56;28;enviado
4083;149;4285;61;31;pago
4084;149;2439;55;28;pago
4085;149;2194;50;25;pago
4086;149;1673;58;29;pendente
4087;149;2321;53;27;pago
4088;149;4635;61;31;pago
4089;149;2028;84;42;pago
4090;149;4632;68;34;cancelado
4091;149;5818;68;34;pendente
4092;149;5420;82;41;pago
4093;149;6951;65;33;pago
4094;149;36;72;36;pago
4095;149;2937;82;41;pago
4096;149;1200;91;46;pago
4097;149;1820;90;45;pago
4098;149;2453;93;47;pago
4099;149;1541;94;48;pago
4100;149;6262;97;51;pago
4101;150;6740;3;2;pago
4102;150;2748;35;18;pago
4103;150;640;2;1;pago
4104;150;2810;22;11;pago
4105;150;648;17;9;pendente
4106;150;5100;9;5;enviado
4107;150;170;4;2;pago
4108;150;2030;25;13;pago
4109;150;281;44;22;pago
4110;150;3735;41;21;pago
4111;150;2194;49;25;pago
4112;150;607;60;30;pago
4113;150;4635;62;31;cancelado
4114;150;819;64;32;pago
4115;150;6941;50;25;pago
4116;150;2436;47;24;pago
4117;150;1567;52;26;pago
4118;150;1418;67;34;pago
4119;150;1687;66;33;pago
4120;150;5374;80;40;pago
4121;150;6020;75;38;pago
4122;150;5856;70;35;pago
4123;150;5994;86;43;pago
4124;150;3981;86;43;pendente
4125;150;449;91;46;enviado
4126;150;4339;95;49;pago
4127;151;1925;38;19;pago
4128;151;776;38;19;pago
4129;151;948;39;20;pendente
4130;151;1599;25;13;pago
4131;151;1650;44;22;pago
4132;151;6686;10;5;pago
4133;151;7027;37;19;pago
4134;151;6743;12;6;pendente
4135;151;6769;25;13;pago
4136;151;6724;34;17;pago
4137;151;4086;39;20;pago
4138;151;7244;11;6;pago
4139;151;922;58;29;pago
4140;151;3548;57;29;pago
4141;151;1671;62;31;pago
4142;151;7276;53;27;pago
4143;151;489;47;24;pendente
4144;151;1217;56;28;pago
4145;151;1783;69;35;pago
4146;151;4971;79;40;pago
4147;151;1311;70;35;pago
4148;151;3152;82;41;cancelado
4149;151;3811;80;40;pago
4150;151;2390;86;43;cancelado
4151;151;4765;93;47;cancelado
4152;151;3684;91;46;pago
4153;151;2375;88;44;pago
4154;151;1772;96;50;pago
4155;152;3361;26;13;pago
4156;152;2013;20;10;pago
4157;152;4246;25;13;cancelado
4158;152;1156;10;5;pago
4159;152;4046;6;3;pago
4160;152;75;11;6;pago
4161;152;1969;34;17;enviado
4162;152;3841;44;22;pago
4163;152;5435;17;9;cancelado
4164;152;4695;10;5;cancelado
4165;152;6798;42;21;pago
4166;152;6437;25;13;pago
4167;152;2253;2;1;cancelado
4168;152;5524;23;12;pago
4169;152;2027;35;18;pendente
4170;152;5044;41;21;pago
4171;152;5093;4;2;pago
4172;152;5410;39;20;pago
4173;152;2797;7;4;pago
4174;152;7293;62;31;pago
4175;152;1567;51;26;pago
4176;152;2848;63;32;pago
4177;152;7369;56;28;pago
4178;152;3527;51;26;pago
4179;152;889;56;28;pago
4180;152;1359;68;34;pago
4181;152;5753;71;36;pago
4182;152;620;75;38;pago
4183;152;1760;69;35;pago
4184;152;3443;66;33;pago
4185;152;7443;75;38;pago
4186;152;2553;68;34;pago
4187;152;4998;86;43;pago
4188;152;377;91;46;pago
4189;152;853;93;47;pago
4190;152;5585;95;49;pago
4191;152;719;96;50;pago
4192;153;1708;39;20;pago
4193;153;1643;31;16;pago
4194;153;990;11;6;pago
4195;153;6697;2;1;pago
4196;153;3539;36;18;pago
4197;153;5917;44;22;pago
4198;153;7307;2;1;pago
4199;153;636;2;1;pago
4200;153;4822;18;9;pago
4201;153;2700;5;3;pago
4202;153;1779;3;2;pago
4203;153;6276;14;7;pago
4204;153;3119;32;16;pago
4205;153;3460;38;19;pago
4206;153;3274;45;23;pago
4207;153;4277;49;25;pago
4208;153;4999;58;29;pago
4209;153;996;53;27;pago
4210;153;6267;48;24;pago
4211;153;6694;75;38;pago
4212;153;119;78;39;pago
4213;153;3929;73;37;pago
4214;153;1381;71;36;cancelado
4215;153;3277;66;33;pago
4216;153;6539;66;33;pago
4217;153;479;90;45;pago
4218;153;6987;89;45;pago
4219;153;6685;86;43;pago
4220;153;6920;97;51;pago
4221;153;5223;96;50;pago
4222;154;4353;3;2;enviado
4223;154;992;13;7;cancelado
4224;154;2121;22;11;pago
4225;154;6553;33;17;pago
4226;154;6602;38;19;pago
4227;154;483;19;10;enviado
4228;154;5714;22;11;pago
4229;154;2246;3;2;pago
4230;154;4648;43;22;pago
4231;154;2203;37;19;pago
4232;154;5510;28;14;pago
4233;154;2823;9;5;pago
4234;154;5073;34;17;pago
4235;154;1108;11;6;pago
4236;154;6651;59;30;pago
4237;154;1247;60;30;cancelado
4238;154;5163;61;31;enviado
4239;154;31;61;31;pago
4240;154;5110;46;23;pago
4241;154;6171;60;30;pago
4242;154;6021;64;32;cancelado
4243;154;5955;75;38;pago
4244;154;5818;67;34;pago
4245;154;6944;69;35;pago
4246;154;5365;79;40;pago
4247;154;1144;71;36;pago
4248;154;773;76;38;cancelado
4249;154;2479;83;42;cancelado
4250;154;1263;85;43;pago
4251;154;3155;85;43;pago
4252;154;4071;93;47;pago
4253;154;6949;100;54;pago
4254;154;6474;94;48;pago
4255;155;923;4;2;pago
4256;155;6328;18;9;pago
4257;155;6778;22;11;pago
4258;155;585;33;17;pago
4259;155;3341;28;14;pago
4260;155;5395;25;13;pago
4261;155;4951;12;6;pago
4262;155;2938;44;22;pago
4263;155;4098;16;8;pago
4264;155;5599;23;12;pago
4265;155;1743;7;4;pago
4266;155;7329;36;18;pago
4267;155;4764;33;17;pago
4268;155;144;8;4;pago
4269;155;1617;23;12;pago
4270;155;3689;26;13;pago
4271;155;268;36;18;pago
4272;155;1569;34;17;pago
4273;155;2690;22;11;pago
4274;155;1506;63;32;cancelado
4275;155;2397;51;26;enviado
4276;155;406;57;29;enviado
4277;155;1467;59;30;pago
4278;155;5026;60;30;pago
4279;155;119;77;39;pago
4280;155;3461;82;41;enviado
4281;155;3704;65;33;pago
4282;155;7339;73;37;pago
4283;155;565;68;34;pago
4284;155;1881;88;44;pago
4285;155;5580;90;45;pago
4286;155;3674;91;46;pago
4287;155;6984;92;46;pago
4288;155;3688;98;52;pago
4289;155;3331;99;53;cancelado
4290;156;1215;43;22;pago
4291;156;4143;21;11;pago
4292;156;2154;40;20;pago
4293;156;4987;3;2;pago
4294;156;485;11;6;pago
4295;156;6395;18;9;pago
4296;156;6340;18;9;pago
4297;156;1972;18;9;pago
4298;156;6097;39;20;pago
4299;156;3983;5;3;pago
4300;156;6240;14;7;pago
4301;156;6466;7;4;pago
4302;156;823;35;18;pago
4303;156;125;2;1;pago
4304;156;1725;23;12;pago
4305;156;403;20;10;enviado
4306;156;5562;23;12;pago
4307;156;3002;30;15;pago
4308;156;6550;1;1;enviado
4309;156;1384;12;6;pago
4310;156;3534;49;25;pago
4311;156;4715;53;27;pago
4312;156;1123;56;28;cancelado
4313;156;6579;58;29;cancelado
4314;156;1323;55;28;pago
4315;156;4251;49;25;pago
4316;156;3237;57;29;cancelado
4317;156;7276;54;27;pago
4318;156;543;82;41;cancelado
4319;156;2323;67;34;cancelado
4320;156;1669;78;39;pago
4321;156;2839;67;34;pendente
4322;156;5799;79;40;pendente
4323;156;37;74;37;pago
4324;156;4520;85;43;pago
4325;156;793;89;45;pago
4326;156;2341;91;46;pago
4327;156;5925;97;51;pago
4328;157;7467;14;7;pago
4329;157;5851;6;3;pago
4330;157;2778;32;16;pago
4331;157;3538;8;4;pendente
4332;157;5478;13;7;pago
4333;157;4270;37;19;pago
4334;157;3637;24;12;pago
4335;157;230;43;22;pago
4336;157;2279;29;15;cancelado
4337;157;1963;21;11;enviado
4338;157;4436;2;1;pago
4339;157;4352;15;8;pago
4340;157;1398;24;12;pago
4341;157;1266;43;22;pago
4342;157;6254;23;12;pago
4343;157;5824;34;17;pago
4344;157;6553;34;17;cancelado
4345;157;4539;20;10;pago
4346;157;3314;58;29;cancelado
4347;157;1289;62;31;pago
4348;157;4272;63;32;pago
4349;157;3636;60;30;pago
4350;157;282;64;32;pago
4351;157;3360;52;26;pago
4352;157;5317;78;39;enviado
4353;157;5420;82;41;pago
4354;157;4996;74;37;pago
4355;157;6483;67;34;pendente
4356;157;3758;73;37;pago
4357;157;5116;79;40;pago
4358;157;6369;76;38;pago
4359;157;6930;88;44;pago
4360;157;1387;90;45;pago
4361;157;6131;91;46;pago
4362;157;2606;100;54;pago
4363;157;7405;99;53;pago
4364;158;4852;33;17;pago
4365;158;6450;9;5;pendente
4366;158;7259;7;4;pago
4367;158;673;38;19;pendente
4368;158;6958;36;18;pago
4369;158;7320;39;20;pago
4370;158;6816;32;16;pago
4371;158;6857;38;19;cancelado
4372;158;4585;6;3;pago
4373;158;5934;19;10;pendente
4374;158;5852;34;17;pago
4375;158;109;6;3;pago
4376;158;1362;27;14;pago
4377;158;5421;20;10;pago
4378;158;4413;43;22;pago
4379;158;5240;19;10;cancelado
4380;158;6530;10;5;cancelado
4381;158;7074;14;7;pago
4382;158;1562;21;11;pago
4383;158;3043;27;14;cancelado
4384;158;876;62;31;pago
4385;158;6993;64;32;pago
4386;158;2460;59;30;pago
4387;158;4645;52;26;pago
4388;158;927;54;27;pago
4389;158;6031;46;23;pago
4390;158;4658;47;24;pago
4391;158;4019;62;31;pago
4392;158;264;83;42;pago
4393;158;4207;84;42;pago
4394;158;400;68;34;pago
4395;158;1606;71;36;pago
4396;158;6800;66;33;pago
4397;158;2306;66;33;pago
4398;158;3117;74;37;pago
4399;158;7389;74;37;cancelado
4400;158;5866;93;47;cancelado
4401;158;997;86;43;pago
4402;158;2341;91;46;pago
4403;158;6352;99;53;pago
4404;158;7131;96;50;pago
4405;159;2114;40;20;pago
4406;159;125;2;1;pago
4407;159;855;24;12;pago
4408;159;5121;35;18;cancelado
4409;159;309;21;11;pago
4410;159;3257;42;21;pago
4411;159;3628;9;5;pago
4412;159;5253;17;9;pago
4413;159;860;13;7;pago
4414;159;141;42;21;cancelado
4415;159;3068;30;15;enviado
4416;159;2793;36;18;pago
4417;159;1230;6;3;pago
4418;159;7083;11;6;pago
4419;159;4654;43;22;pago
4420;159;4940;13;7;cancelado
4421;159;5628;33;17;pago
4422;159;7314;63;32;cancelado
4423;159;100;52;26;pago
4424;159;864;64;32;pago
4425;159;1593;45;23;enviado
4426;159;1821;62;31;pago
4427;159;4054;61;31;pago
4428;159;3608;55;28;pago
4429;159;5347;60;30;pago
4430;159;2067;59;30;pago
4431;159;82;81;41;cancelado
4432;159;2371;83;42;pendente
4433;159;5079;76;38;pendente
4434;159;5809;82;41;pago
4435;159;5549;83;42;pendente
4436;159;6599;86;43;pago
4437;159;6083;85;43;pendente
4438;159;447;90;45;pago
4439;159;2111;89;45;pago
4440;159;5101;100;54;enviado
4441;159;3136;96;50;pago
4442;160;5839;33;17;cancelado
4443;160;4755;42;21;pago
4444;160;1581;14;7;cancelado
4445;160;1042;6;3;cancelado
4446;160;2217;19;10;pago
4447;160;548;14;7;pago
4448;160;5733;24;12;pago
4449;160;370;37;19;pago
4450;160;472;14;7;pago
4451;160;734;43;22;pago
4452;160;5145;18;9;pago
4453;160;5268;2;1;pago
4454;160;2267;37;19;enviado
4455;160;6037;11;6;pago
4456;160;2746;46;23;pago
4457;160;4832;61;31;pago
4458;160;679;61;31;pago
4459;160;5363;61;31;pago
4460;160;5767;47;24;pago
4461;160;7459;52;26;pago
4462;160;5115;61;31;pago
4463;160;905;81;41;pago
4464;160;7251;77;39;pago
4465;160;884;71;36;pago
4466;160;6020;76;38;pago
4467;160;4218;68;34;pago
4468;160;4918;89;45;pago
4469;160;3420;93;47;pago
4470;160;4452;88;44;pago
4471;160;6009;98;52;pago
4472;160;753;98;52;pago
4473;161;2030;26;13;pago
4474;161;6670;30;15;pago
4475;161;696;38;19;cancelado
4476;161;2696;4;2;pago
4477;161;2142;21;11;pago
4478;161;1068;6;3;pendente
4479;161;7334;19;10;pago
4480;161;293;2;1;pago
4481;161;1019;26;13;pago
4482;161;778;16;8;pendente
4483;161;6106;9;5;pago
4484;161;969;44;22;pago
4485;161;2351;5;3;pago
4486;161;2828;13;7;pago
4487;161;4534;26;13;pago
4488;161;6784;7;4;pago
4489;161;734;44;22;pago
4490;161;179;41;21;pago
4491;161;6863;23;12;pago
4492;161;4299;60;30;pago
4493;161;5855;52;26;pago
4494;161;282;63;32;pago
4495;161;6363;64;32;pago
4496;161;459;61;31;cancelado
4497;161;1109;52;26;pago
4498;161;2401;74;37;pago
4499;161;1272;67;34;pago
4500;161;3868;84;42;pago
4501;161;1580;67;34;enviado
4502;161;4008;84;42;pago
4503;161;6960;93;47;pago
4504;161;3968;86;43;pago
4505;161;46;92;46;pago
4506;161;4373;93;47;pago
4507;161;331;94;48;pago
4508;162;497;41;21;cancelado
4509;162;1555;17;9;enviado
4510;162;6375;19;10;pago
4511;162;4466;41;21;pago
4512;162;6997;37;19;pago
4513;162;7045;19;10;pago
4514;162;961;29;15;pago
4515;162;5645;25;13;pago
4516;162;2135;8;4;pago
4517;162;5795;21;11;pago
4518;162;21;42;21;pago
4519;162;3098;2;1;pago
4520;162;1677;3;2;pago
4521;162;1969;33;17;pago
4522;162;2282;34;17;cancelado
4523;162;5427;42;21;pago
4524;162;4682;1;1;pago
4525;162;2864;20;10;pago
4526;162;1227;58;29;pago
4527;162;670;59;30;pago
4528;162;2564;54;27;pago
4529;162;4806;56;28;pago
4530;162;6436;61;31;pago
4531;162;4806;56;28;pago
4532;162;6952;49;25;pago
4533;162;3636;60;30;pago
4534;162;1767;73;37;pago
4535;162;783;75;38;pago
4536;162;5937;76;38;cancelado
4537;162;652;79;40;cancelado
4538;162;4849;79;40;pago
4539;162;4612;69;35;enviado
4540;162;5959;89;45;pago
4541;162;2328;90;45;pago
4542;162;687;90;45;pendente
4543;162;6949;100;54;pago
4544;162;392;100;54;pago
4545;163;118;23;12;pago
4546;163;2411;20;10;pago
4547;163;576;30;15;pago
4548;163;5772;7;4;pago
4549;163;4947;3;2;pago
4550;163;4053;23;12;pago
4551;163;375;23;12;pago
4552;163;2902;42;21;pago
4553;163;9;17;9;pago
4554;163;3511;36;18;pago
4555;163;5853;28;14;pago
4556;163;223;13;7;pago
4557;163;4488;53;27;pago
4558;163;3010;60;30;enviado
4559;163;6746;53;27;pago
4560;163;385;60;30;pago
4561;163;1060;56;28;pago
4562;163;6645;57;29;pago
4563;163;508;48;24;pago
4564;163;6015;80;40;pago
4565;163;2016;66;33;pago
4566;163;2183;71;36;cancelado
4567;163;1031;70;35;pago
4568;163;3622;69;35;pago
4569;163;1823;65;33;pago
4570;163;2341;92;46;cancelado
4571;163;6820;88;44;pago
4572;163;6018;93;47;pago
4573;163;3840;94;48;pago
4574;164;4753;18;9;cancelado
4575;164;3021;29;15;pago
4576;164;3009;23;12;pendente
4577;164;765;19;10;cancelado
4578;164;3477;40;20;pago
4579;164;5093;4;2;enviado
4580;164;4159;10;5;pago
4581;164;3774;40;20;pago
4582;164;5913;22;11;pago
4583;164;6706;26;13;pago
4584;164;5849;15;8;pendente
4585;164;5301;13;7;pago
4586;164;5804;12;6;cancelado
4587;164;6234;9;5;pago
4588;164;2748;36;18;pago
4589;164;1018;27;14;pago
4590;164;197;21;11;pendente
4591;164;4147;35;18;pago
4592;164;6832;38;19;cancelado
4593;164;5110;45;23;pago
4594;164;667;48;24;pago
4595;164;1572;56;28;enviado
4596;164;1916;48;24;enviado
4597;164;3993;52;26;pago
4598;164;3734;63;32;pago
4599;164;323;51;26;pago
4600;164;3920;67;34;pago
4601;164;4919;72;36;pago
4602;164;7374;76;38;pago
4603;164;3934;77;39;pago
4604;164;4253;84;42;pago
4605;164;1891;78;39;pago
4606;164;5229;69;35;pago
4607;164;4124;72;36;pendente
4608;164;3436;93;47;cancelado
4609;164;6147;89;45;pago
4610;164;2693;87;44;cancelado
4611;164;3228;93;47;pago
4612;164;3321;97;51;pago
4613;164;6649;98;52;pago
4614;165;721;33;17;pago
4615;165;2788;7;4;pago
4616;165;1346;40;20;pago
4617;165;6017;43;22;pago
4618;165;5551;20;10;pago
4619;165;3339;1;1;pago
4620;165;2849;37;19;pago
4621;165;4817;8;4;pago
4622;165;5222;28;14;pago
4623;165;2195;5;3;pago
4624;165;5821;35;18;pago
4625;165;2979;20;10;pago
4626;165;7225;4;2;pago
4627;165;5779;44;22;pago
4628;165;2481;13;7;pago
4629;165;3421;36;18;pago
4630;165;2346;7;4;pago
4631;165;5130;54;27;pago
4632;165;220;61;31;pago
4633;165;4779;52;26;pago
4634;165;4601;54;27;enviado
4635;165;6449;54;27;pago
4636;165;4250;53;27;pago
4637;165;427;65;33;pago
4638;165;196;72;36;pago
4639;165;984;71;36;pago
4640;165;2768;72;36;pago
4641;165;2813;69;35;pago
4642;165;6942;67;34;pago
4643;165;1781;79;40;pago
4644;165;4878;77;39;pago
4645;165;3448;86;43;pago
4646;165;1776;91;46;pago
4647;165;551;90;45;pago
4648;165;3265;93;47;pago
4649;165;5647;98;52;pago
4650;165;2518;96;50;pago
4651;166;573;40;20;pago
4652;166;1299;44;22;pago
4653;166;3569;10;5;cancelado
4654;166;5197;10;5;pago
4655;166;3043;27;14;pago
4656;166;5393;32;16;pago
4657;166;5642;29;15;pendente
4658;166;481;29;15;pago
4659;166;2893;7;4;pago
4660;166;5746;20;10;pago
4661;166;4136;15;8;pago
4662;166;6986;20;10;cancelado
4663;166;483;20;10;pago
4664;166;1886;7;4;enviado
4665;166;2665;39;20;pago
4666;166;7452;13;7;cancelado
4667;166;2340;23;12;pago
4668;166;5908;49;25;pago
4669;166;1705;61;31;pago
4670;166;5778;49;25;pendente
4671;166;6854;50;25;pago
4672;166;5566;52;26;pago
4673;166;4344;62;31;pago
4674;166;1916;47;24;pago
4675;166;2737;45;23;pago
4676;166;6876;73;37;pago
4677;166;2073;82;41;cancelado
4678;166;6969;84;42;pago
4679;166;3061;84;42;pago
4680;166;7078;73;37;pago
4681;166;4537;81;41;pago
4682;166;5229;69;35;pago
4683;166;3347;76;38;pendente
4684;166;6770;89;45;pago
4685;166;5608;87;44;pago
4686;166;635;89;45;pago
4687;166;4771;98;52;pago
4688;166;4274;98;52;pago
4689;167;2249;40;20;pago
4690;167;6298;29;15;pago
4691;167;3418;42;21;pendente
4692;167;758;34;17;pago
4693;167;1562;21;11;cancelado
4694;167;7161;22;11;pago
4695;167;966;37;19;enviado
4696;167;646;41;21;pago
4697;167;3512;3;2;pago
4698;167;2013;19;10;pago
4699;167;2724;16;8;pago
4700;167;4166;10;5;pago
4701;167;3024;64;32;pago
4702;167;623;51;26;pago
4703;167;3102;51;26;pago
4704;167;1514;56;28;pago
4705;167;667;48;24;pago
4706;167;3408;71;36;pago
4707;167;149;67;34;pago
4708;167;2599;71;36;pendente
4709;167;5112;67;34;pago
4710;167;2798;71;36;pago
4711;167;5300;84;42;pago
4712;167;2529;86;43;pago
4713;167;5076;93;47;pendente
4714;167;6324;87;44;cancelado
4715;167;3632;96;50;pago
4716;168;857;16;8;pago
4717;168;4746;18;9;pago
4718;168;7309;10;5;pago
4719;168;3646;17;9;pago
4720;168;6151;12;6;pago
4721;168;5308;41;21;pago
4722;168;7440;6;3;pago
4723;168;1451;5;3;pago
4724;168;2951;27;14;pago
4725;168;2576;2;1;pago
4726;168;3863;10;5;pago
4727;168;1627;10;5;pago
4728;168;4401;49;25;pago
4729;168;5314;45;23;enviado
4730;168;1189;47;24;pago
4731;168;4320;57;29;pago
4732;168;5486;75;38;pendente
4733;168;7376;79;40;pago
4734;168;4886;69;35;pago
4735;168;1365;84;42;pago
4736;168;5500;66;33;pago
4737;168;3977;88;44;pago
4738;168;1128;91;46;pago
4739;168;4099;87;44;pago
4740;168;5961;94;48;enviado
4741;168;6838;97;51;pago
4742;169;5517;10;5;pago
4743;169;4747;41;21;pago
4744;169;5422;39;20;pago
4745;169;7255;28;14;pago
4746;169;3440;44;22;pago
4747;169;6412;20;10;cancelado
4748;169;5391;43;22;pago
4749;169;2607;18;9;pago
4750;169;5143;39;20;pago
4751;169;4753;17;9;pendente
4752;169;6798;41;21;pago
4753;169;1981;24;12;pago
4754;169;3515;26;13;pago
4755;169;5173;42;21;pago
4756;169;1773;63;32;pago
4757;169;6572;60;30;pago
4758;169;505;57;29;pago
4759;169;2039;57;29;pago
4760;169;3146;63;32;pago
4761;169;5503;46;23;pago
4762;169;5966;63;32;enviado
4763;169;6357;84;42;cancelado
4764;169;3521;81;41;pago
4765;169;2187;74;37;pago
4766;169;3408;72;36;enviado
4767;169;1891;77;39;pago
4768;169;6630;93;47;pago
4769;169;853;93;47;pago
4770;169;3393;100;54;pago
4771;170;7003;36;18;pago
4772;170;1406;3;2;pago
4773;170;6895;38;19;pago
4774;170;3134;31;16;pago
4775;170;3880;3;2;pago
4776;170;4065;23;12;pago
4777;170;4461;39;20;pago
4778;170;6315;18;9;pago
4779;170;1688;9;5;pago
4780;170;6713;47;24;pago
4781;170;4465;52;26;pago
4782;170;6072;61;31;pago
4783;170;1293;48;24;pago
4784;170;5602;71;36;pago
4785;170;4743;78;39;pago
4786;170;4591;74;37;pago
4787;170;119;77;39;pago
4788;170;6309;82;41;cancelado
4789;170;2080;72;36;pago
4790;170;2443;91;46;pendente
4791;170;559;93;47;enviado
4792;170;1104;88;44;cancelado
4793;170;5827;95;49;pago
4794;170;6121;94;48;pago
4795;171;472;13;7;pago
4796;171;5935;2;1;pago
4797;171;4717;12;6;pendente
4798;171;3686;7;4;pago
4799;171;6386;42;21;pendente
4800;171;3378;33;17;enviado
4801;171;880;10;5;pago
4802;171;7393;15;8;pago
4803;171;2364;20;10;cancelado
4804;171;3599;35;18;pago
4805;171;497;42;21;pago
4806;171;2741;27;14;pago
4807;171;3804;11;6;pendente
4808;171;3041;64;32;pago
4809;171;741;53;27;pago
4810;171;6408;52;26;pago
4811;171;2574;47;24;pago
4812;171;1374;61;31;pago
4813;171;146;54;27;pago
4814;171;542;67;34;pendente
4815;171;6357;84;42;pago
4816;171;6571;78;39;pago
4817;171;177;76;38;pago
4818;171;4743;78;39;pago
4819;171;6664;84;42;enviado
4820;171;768;86;43;pago
4821;171;1561;89;45;pago
4822;171;6390;86;43;pago
4823;171;2518;96;50;enviado
4824;171;3579;100;54;pago
4825;172;354;6;3;pago
4826;172;4063;35;18;pago
4827;172;4644;8;4;pago
4828;172;6307;9;5;pago
4829;172;10;20;10;pago
4830;172;5513;7;4;pago
4831;172;5061;35;18;cancelado
4832;172;1521;39;20;pago
4833;172;2778;32;16;pago
4834;172;5578;44;22;pendente
4835;172;1034;1;1;pago
4836;172;1678;13;7;enviado
4837;172;2465;45;23;pago
4838;172;3601;55;28;pago
4839;172;717;57;29;pendente
4840;172;406;57;29;pendente
4841;172;6606;63;32;pago
4842;172;2764;75;38;pago
4843;172;4659;67;34;pago
4844;172;3431;69;35;pago
4845;172;1566;80;40;pago
4846;172;1877;80;40;pago
4847;172;4741;66;33;enviado
4848;172;5864;84;42;pago
4849;172;2681;93;47;pago
4850;172;3714;89;45;pago
4851;172;1509;91;46;pago
4852;172;4013;93;47;pago
4853;172;1732;100;54;pago
4854;173;4276;5;3;cancelado
4855;173;1987;9;5;pago
4856;173;4606;6;3;pago
4857;173;6743;12;6;pago
4858;173;5597;1;1;pago
4859;173;4108;10;5;pago
4860;173;4606;5;3;cancelado
4861;173;4529;11;6;cancelado
4862;173;2820;8;4;pago
4863;173;2450;16;8;pago
4864;173;1811;24;12;pago
4865;173;2956;56;28;pago
4866;173;3307;47;24;pago
4867;173;4554;56;28;pago
4868;173;4587;55;28;pendente
4869;173;3373;57;29;pago
4870;173;7195;46;23;pago
4871;173;443;46;23;cancelado
4872;173;143;68;34;pago
4873;173;6744;79;40;pago
4874;173;2371;83;42;pago
4875;173;6641;66;33;pago
4876;173;327;70;35;pago
4877;173;4331;70;35;pago
4878;173;6987;90;45;pago
4879;173;2740;85;43;pago
4880;173;4133;86;43;cancelado
4881;173;6841;98;52;pago
4882;174;1392;39;20;pago
4883;174;4323;13;7;pago
4884;174;6375;19;10;pago
4885;174;6731;41;21;pago
4886;174;2072;26;13;pago
4887;174;329;23;12;pago
4888;174;4985;31;16;pendente
4889;174;5935;1;1;pago
4890;174;182;33;17;pago
4891;174;5676;5;3;pago
4892;174;1274;26;13;pago
4893;174;2207;42;21;pago
4894;174;5012;55;28;pago
4895;174;7361;51;26;pago
4896;174;6746;54;27;pago
4897;174;3056;46;23;pago
4898;174;2822;53;27;pago
4899;174;5540;58;29;pendente
4900;174;6502;77;39;pago
4901;174;1114;81;41;pago
4902;174;3486;72;36;pago
4903;174;149;67;34;pago
4904;174;1306;78;39;pago
4905;174;5859;81;41;pago
4906;174;7450;93;47;pago
4907;174;1510;92;46;cancelado
4908;174;6604;89;45;pago
4909;174;2063;95;49;pago
4910;175;5421;19;10;pago
4911;175;1047;11;6;pago
4912;175;1212;3;2;pago
4913;175;124;17;9;pago
4914;175;61;9;5;pago
4915;175;3709;12;6;pago
4916;175;3268;27;14;cancelado
4917;175;12;23;12;pago
4918;175;412;36;18;pago
4919;175;2551;20;10;pago
4920;175;5038;6;3;pago
4921;175;1744;54;27;pago
4922;175;3446;58;29;pendente
4923;175;2737;45;23;pago
4924;175;3516;61;31;pago
4925;175;2569;58;29;pago
4926;175;5886;53;27;pago
4927;175;757;81;41;pendente
4928;175;5632;70;35;pago
4929;175;3700;67;34;pago
4930;175;4953;83;42;pago
4931;175;4011;68;34;cancelado
4932;175;7138;67;34;enviado
4933;175;2929;89;45;pendente
4934;175;793;89;45;pago
4935;175;2054;86;43;pago
4936;175;1147;99;53;pago
4937;175;754;98;52;pago
4938;176;6308;31;16;pago
4939;176;4116;43;22;pago
4940;176;4882;4;2;pago
4941;176;3832;18;9;pago
4942;176;2090;43;22;pago
4943;176;2566;28;14;pago
4944;176;2167;32;16;pago
4945;176;5089;12;6;pago
4946;176;5825;33;17;pago
4947;176;4855;1;1;pago
4948;176;5063;27;14;pago
4949;176;7245;26;13;pago
4950;176;3899;26;13;pago
4951;176;611;43;22;pago
4952;176;1426;14;7;pago
4953;176;840;51;26;pago
4954;176;2807;54;27;pago
4955;176;4459;47;24;pago
4956;176;2224;54;27;pago
4957;176;5124;64;32;pago
4958;176;2435;64;32;pago
4959;176;2807;53;27;pago
4960;176;4896;75;38;pago
4961;176;84;78;39;pago
4962;176;5229;69;35;pago
4963;176;2441;77;39;pendente
4964;176;6250;75;38;pago
4965;176;5235;85;43;cancelado
4966;176;5436;89;45;pago
4967;176;3873;86;43;pago
4968;176;49;95;49;pago
4969;177;3711;38;19;enviado
4970;177;4098;15;8;pago
4971;177;5022;41;21;pago
4972;177;306;1;1;pago
4973;177;5637;15;8;pago
4974;177;4302;31;16;cancelado
4975;177;2426;43;22;pago
4976;177;4269;12;6;pago
4977;177;4965;29;15;pago
4978;177;5398;16;8;pago
4979;177;4800;25;13;pago
4980;177;2720;26;13;pago
4981;177;5976;10;5;pago
4982;177;3203;11;6;pago
4983;177;5855;52;26;pago
4984;177;5196;57;29;pago
4985;177;1552;58;29;pago
4986;177;686;53;27;pago
4987;177;1758;64;32;pago
4988;177;6924;54;27;pago
4989;177;4032;45;23;enviado
4990;177;5067;69;35;pago
4991;177;2415;69;35;pago
4992;177;4123;66;33;pago
4993;177;2556;74;37;pago
4994;177;3665;89;45;cancelado
4995;177;1675;86;43;pago
4996;177;4072;98;52;pago
4997;178;2950;12;6;pago
4998;178;6187;24;12;pago
4999;178;7151;8;4;pago
5000;178;4956;21;11;pago
5001;178;742;5;3;pago
5002;178;4840;25;13;cancelado
5003;178;4081;26;13;pago
5004;178;7007;14;7;enviado
5005;178;517;37;19;pago
5006;178;6732;42;21;pago
5007;178;4835;52;26;pendente
5008;178;6115;48;24;pago
5009;178;2117;52;26;pago
5010;178;4680;53;27;pago
5011;178;4791;56;28;pago
5012;178;3620;60;30;pago
5013;178;7222;56;28;pago
5014;178;3165;78;39;pago
5015;178;4737;73;37;pago
5016;178;7116;69;35;pago
5017;178;5602;71;36;pago
5018;178;7055;82;41;pago
5019;178;2529;86;43;cancelado
5020;178;4140;86;43;pago
5021;178;7318;97;51;pago
5022;179;4154;1;1;pago
5023;179;4075;9;5;pago
5024;179;4177;20;10;pago
5025;179;3158;17;9;pago
5026;179;7259;8;4;pago
5027;179;3906;33;17;pago
5028;179;3743;34;17;pago
5029;179;2269;40;20;pago
5030;179;5174;41;21;pago
5031;179;3049;25;13;pago
5032;179;637;35;18;pago
5033;179;6459;17;9;pago
5034;179;758;34;17;pago
5035;179;5180;63;32;pago
5036;179;780;51;26;cancelado
5037;179;4860;48;24;pago
5038;179;6269;45;23;pago
5039;179;7276;54;27;pago
5040;179;7434;63;32;pago
5041;179;5982;67;34;cancelado
5042;179;3967;78;39;pago
5043;179;4694;73;37;pago
5044;179;2350;82;41;pago
5045;179;1172;76;38;cancelado
5046;179;3347;76;38;pago
5047;179;5081;86;43;pago
5048;179;3100;89;45;pago
5049;179;5203;92;46;pago
5050;179;2722;96;50;pago
5051;179;6226;97;51;pago
5052;180;1188;22;11;pago
5053;180;7132;26;13;pago
5054;180;6420;27;14;pago
5055;180;6607;44;22;enviado
5056;180;5230;2;1;pago
5057;180;1183;2;1;pago
5058;180;4752;4;2;pago
5059;180;6776;39;20;pago
5060;180;1656;3;2;pago
5061;180;6498;43;22;pago
5062;180;5322;21;11;cancelado
5063;180;5733;24;12;cancelado
5064;180;4844;43;22;pago
5065;180;3976;28;14;pago
5066;180;610;37;19;pago
5067;180;4343;22;11;pago
5068;180;2899;61;31;pago
5069;180;2833;60;30;enviado
5070;180;3070;51;26;pago
5071;180;4761;57;29;pago
5072;180;4824;47;24;pago
5073;180;6566;51;26;pago
5074;180;3316;54;27;pago
5075;180;4152;73;37;pago
5076;180;3610;66;33;cancelado
5077;180;3604;82;41;pago
5078;180;6378;79;40;pago
5079;180;5878;72;36;pago
5080;180;1219;70;35;pago
5081;180;3772;82;41;pago
5082;180;7492;93;47;pago
5083;180;3530;93;47;pago
5084;180;1962;99;53;pago
5085;181;484;5;3;pago
5086;181;3660;3;2;pago
5087;181;4852;33;17;pago
5088;181;1857;34;17;pago
5089;181;3327;12;6;pago
5090;181;1721;29;15;cancelado
5091;181;4382;6;3;pago
5092;181;4567;39;20;pendente
5093;181;2878;22;11;pago
5094;181;5148;7;4;pago
5095;181;2207;42;21;pago
5096;181;3892;15;8;pago
5097;181;1390;52;26;pago
5098;181;6504;46;23;pago
5099;181;7305;56;28;pago
5100;181;3348;48;24;pago
5101;181;443;45;23;pago
5102;181;122;70;35;pago
5103;181;4665;67;34;pendente
5104;181;5983;75;38;pago
5105;181;4392;70;35;pago
5106;181;6855;72;36;pendente
5107;181;6341;77;39;pago
5108;181;6929;90;45;pago
5109;181;5235;86;43;pago
5110;181;1540;96;50;pago
5111;181;4153;100;54;cancelado
5112;182;2142;22;11;pago
5113;182;6085;30;15;pago
5114;182;1068;6;3;pago
5115;182;1646;14;7;pago
5116;182;6059;41;21;cancelado
5117;182;4925;27;14;pago
5118;182;4473;25;13;pago
5119;182;5594;8;4;enviado
5120;182;5268;2;1;pago
5121;182;4650;1;1;pago
5122;182;1274;26;13;cancelado
5123;182;5571;9;5;pago
5124;182;6816;32;16;pago
5125;182;4513;42;21;pago
5126;182;845;41;21;pago
5127;182;5911;51;26;pago
5128;182;6310;55;28;pago
5129;182;1129;60;30;pago
5130;182;4132;52;26;pago
5131;182;4233;64;32;pago
5132;182;679;61;31;pago
5133;182;6045;60;30;pago
5134;182;135;80;40;pago
5135;182;1202;70;35;pago
5136;182;2762;75;38;pago
5137;182;1202;69;35;pago
5138;182;2639;75;38;pago
5139;182;5168;73;37;pago
5140;182;3679;88;44;pago
5141;182;2337;86;43;pago
5142;182;4128;93;47;pago
5143;182;1654;96;50;pago
5144;182;1750;99;53;pago
5145;183;5346;1;1;pago
5146;183;1979;25;13;pago
5147;183;7263;7;4;pago
5148;183;1734;9;5;pago
5149;183;5510;28;14;pago
5150;183;2826;15;8;pago
5151;183;6014;24;12;pago
5152;183;5772;7;4;enviado
5153;183;1735;39;20;pago
5154;183;6705;43;22;pago
5155;183;7422;22;11;pago
5156;183;4287;16;8;pendente
5157;183;3660;3;2;pago
5158;183;192;2;1;pago
5159;183;6860;30;15;pago
5160;183;5220;10;5;pago
5161;183;6985;50;25;pago
5162;183;5566;51;26;pago
5163;183;1578;54;27;cancelado
5164;183;4243;48;24;cancelado
5165;183;2546;60;30;pago
5166;183;166;57;29;pago
5167;183;4846;68;34;pago
5168;183;6623;67;34;pago
5169;183;2764;76;38;cancelado
5170;183;1685;78;39;pago
5171;183;6204;78;39;cancelado
5172;183;5592;90;45;pago
5173;183;2007;89;45;pago
5174;183;6554;87;44;pago
5175;183;3359;97;51;pago
5176;184;7234;41;21;pago
5177;184;4173;22;11;pago
5178;184;6318;12;6;pago
5179;184;3906;33;17;pago
5180;184;7465;20;10;cancelado
5181;184;5225;15;8;pago
5182;184;3115;43;22;pago
5183;184;1547;40;20;pago
5184;184;4351;36;18;cancelado
5185;184;4644;7;4;pago
5186;184;2098;26;13;pago
5187;184;3947;27;14;pago
5188;184;3537;17;9;pendente
5189;184;4439;27;14;pago
5190;184;1422;33;17;enviado
5191;184;7272;38;19;pago
5192;184;3157;14;7;pago
5193;184;3421;35;18;cancelado
5194;184;6165;60;30;pago
5195;184;4608;48;24;pago
5196;184;7346;51;26;pago
5197;184;275;51;26;pago
5198;184;2827;59;30;pago
5199;184;5091;52;26;pago
5200;184;2970;74;37;pago
5201;184;2371;84;42;pago
5202;184;6908;77;39;cancelado
5203;184;5653;83;42;pago
5204;184;1166;79;40;cancelado
5205;184;3529;77;39;pago
5206;184;5983;75;38;pago
5207;184;3826;78;39;pago
5208;184;6839;87;44;enviado
5209;184;5425;85;43;pago
5210;184;2977;92;46;pendente
5211;184;3320;95;49;pago
5212;185;22;44;22;pendente
5213;185;5040;12;6;enviado
5214;185;2300;32;16;pago
5215;185;4522;7;4;pago
5216;185;1028;20;10;pago
5217;185;6607;44;22;enviado
5218;185;4583;10;5;pago
5219;185;3866;36;18;pendente
5220;185;5900;11;6;pendente
5221;185;3181;2;1;pago
5222;185;6234;9;5;pago
5223;185;4580;40;20;pendente
5224;185;1039;33;17;pago
5225;185;1911;23;12;pago
5226;185;3471;17;9;pago
5227;185;4865;25;13;pago
5228;185;1953;49;25;enviado
5229;185;4783;54;27;pago
5230;185;7297;50;25;cancelado
5231;185;2907;58;29;pago
5232;185;6825;45;23;pago
5233;185;1786;67;34;pendente
5234;185;427;65;33;pago
5235;185;2000;83;42;pago
5236;185;4659;67;34;pago
5237;185;6877;82;41;pago
5238;185;3259;91;46;enviado
5239;185;2414;92;46;pago
5240;185;6975;94;48;pago
5241;186;6934;24;12;pago
5242;186;6796;2;1;pago
5243;186;2673;12;6;pago
5244;186;6727;12;6;pago
5245;186;6798;42;21;pago
5246;186;3447;28;14;pago
5247;186;2181;15;8;pago
5248;186;7419;27;14;pago
5249;186;1373;31;16;cancelado
5250;186;5722;10;5;pago
5251;186;2355;7;4;pago
5252;186;6967;43;22;pago
5253;186;7085;17;9;pago
5254;186;3287;59;30;pago
5255;186;1448;58;29;pago
5256;186;5569;54;27;pendente
5257;186;2564;53;27;pago
5258;186;4762;55;28;enviado
5259;186;4489;50;25;pago
5260;186;3446;57;29;pago
5261;186;2910;48;24;pago
5262;186;4429;65;33;pago
5263;186;3813;69;35;pago
5264;186;6571;78;39;pago
5265;186;1785;76;38;pago
5266;186;619;71;36;pago
5267;186;781;87;44;cancelado
5268;186;4792;85;43;pago
5269;186;1487;93;47;pago
5270;186;7169;97;51;pago
5271;187;1338;18;9;pago
5272;187;1655;35;18;pendente
5273;187;1255;36;18;pago
5274;187;1947;25;13;pago
5275;187;2944;8;4;pago
5276;187;2528;16;8;pago
5277;187;5197;9;5;pago
5278;187;1051;16;8;pago
5279;187;1928;20;10;pago
5280;187;5422;40;20;pago
5281;187;6315;18;9;pendente
5282;187;1974;13;7;pago
5283;187;2287;27;14;pago
5284;187;4932;25;13;cancelado
5285;187;4236;61;31;pago
5286;187;4936;46;23;cancelado
5287;187;4195;61;31;pago
5288;187;5990;55;28;pago
5289;187;6541;48;24;pago
5290;187;5611;78;39;pago
5291;187;2513;77;39;pago
5292;187;7345;79;40;enviado
5293;187;5848;79;40;pago
5294;187;5896;81;41;pago
5295;187;5796;93;47;pago
5296;187;7039;92;46;pago
5297;187;6249;85;43;pago
5298;187;332;96;50;pago
5299;188;4;7;4;pago
5300;188;6873;26;13;pago
5301;188;2897;40;20;pago
5302;188;807;26;13;pago
5303;188;3052;22;11;cancelado
5304;188;6618;18;9;pago
5305;188;3071;36;18;pago
5306;188;4302;31;16;pago
5307;188;3086;40;20;cancelado
5308;188;4533;6;3;pago
5309;188;2501;1;1;pago
5310;188;891;31;16;pago
5311;188;2824;7;4;pago
5312;188;2961;28;14;pago
5313;188;7211;6;3;pago
5314;188;6802;17;9;pago
5315;188;1784;46;23;pago
5316;188;1594;45;23;pago
5317;188;71;63;32;pago
5318;188;1060;55;28;enviado
5319;188;1780;64;32;pago
5320;188;6774;47;24;pago
5321;188;2212;79;40;pago
5322;188;3893;81;41;pago
5323;188;3567;67;34;pago
5324;188;3826;77;39;pago
5325;188;5116;80;40;pago
5326;188;1681;76;38;pago
5327;188;2704;74;37;pago
5328;188;3228;93;47;cancelado
5329;188;3842;90;45;enviado
5330;188;6889;89;45;pago
5331;188;49;95;49;pago
5332;189;4751;10;5;cancelado
5333;189;2023;28;14;pago
5334;189;6745;10;5;pago
5335;189;5092;1;1;pago
5336;189;3538;7;4;enviado
5337;189;6486;36;18;pago
5338;189;4654;44;22;pago
5339;189;1824;10;5;pago
5340;189;5442;5;3;pago
5341;189;3602;4;2;enviado
5342;189;4349;36;18;pago
5343;189;276;62;31;pago
5344;189;522;53;27;pago
5345;189;6924;54;27;cancelado
5346;189;2262;56;28;pago
5347;189;3957;59;30;pago
5348;189;3022;57;29;pago
5349;189;1111;69;35;pago
5350;189;3425;68;34;pago
5351;189;2639;75;38;pago
5352;189;5428;81;41;pendente
5353;189;3330;66;33;pago
5354;189;33;66;33;cancelado
5355;189;6856;68;34;pago
5356;189;6465;85;43;pago
5357;189;3703;93;47;pago
5358;189;4079;93;47;pago
5359;189;461;94;48;pago
5360;190;2077;31;16;pago
5361;190;4695;10;5;cancelado
5362;190;6982;23;12;cancelado
5363;190;4094;17;9;pago
5364;190;5102;31;16;pago
5365;190;6459;17;9;cancelado
5366;190;2034;29;15;cancelado
5367;190;3187;32;16;pago
5368;190;6059;41;21;pago
5369;190;3464;39;20;cancelado
5370;190;5631;20;10;pago
5371;190;2419;36;18;pago
5372;190;1708;39;20;pago
5373;190;3903;40;20;pago
5374;190;154;41;21;pago
5375;190;936;39;20;pago
5376;190;1869;36;18;pago
5377;190;4615;62;31;pago
5378;190;5511;51;26;pago
5379;190;6100;58;29;cancelado
5380;190;4952;48;24;enviado
5381;190;3260;53;27;pago
5382;190;3468;50;25;pendente
5383;190;4549;59;30;pago
5384;190;3653;72;36;pago
5385;190;433;66;33;pago
5386;190;7193;80;40;cancelado
5387;190;1418;68;34;pendente
5388;190;3647;72;36;pago
5389;190;5458;67;34;pago
5390;190;6855;71;36;enviado
5391;190;5698;68;34;pago
5392;190;3221;90;45;pago
5393;190;2660;88;44;pago
5394;190;7039;91;46;enviado
5395;190;5075;94;48;pago
5396;191;6878;19;10;pago
5397;191;1519;33;17;pago
5398;191;4683;13;7;pago
5399;191;2877;36;18;cancelado
5400;191;1127;27;14;pago
5401;191;2952;32;16;pago
5402;191;2314;18;9;pago
5403;191;3248;17;9;pago
5404;191;3976;27;14;pago
5405;191;3916;36;18;cancelado
5406;191;5165;22;11;pago
5407;191;6154;2;1;pago
5408;191;4115;16;8;pago
5409;191;3571;27;14;pago
5410;191;2156;13;7;pago
5411;191;3156;25;13;pago
5412;191;1364;15;8;pago
5413;191;7416;6;3;pago
5414;191;856;64;32;pago
5415;191;4498;64;32;pago
5416;191;1211;64;32;cancelado
5417;191;2927;61;31;pago
5418;191;1141;54;27;pago
5419;191;2647;56;28;pago
5420;191;264;84;42;pago
5421;191;4145;75;38;pago
5422;191;3505;76;38;pago
5423;191;135;80;40;pago
5424;191;2732;67;34;pago
5425;191;6960;93;47;pago
5426;191;3337;92;46;pago
5427;191;4334;93;47;pago
5428;191;2664;93;47;pago
5429;191;3532;95;49;pago
5430;192;5839;34;17;pago
5431;192;1949;25;13;pago
5432;192;1444;43;22;cancelado
5433;192;7007;13;7;pago
5434;192;4648;44;22;pago
5435;192;304;15;8;pago
5436;192;7173;19;10;pago
5437;192;3098;2;1;pago
5438;192;990;12;6;pago
5439;192;4928;42;21;pago
5440;192;5260;43;22;pago
5441;192;6093;42;21;pendente
5442;192;2614;48;24;cancelado
5443;192;2489;54;27;pago
5444;192;505;58;29;pago
5445;192;1644;64;32;pago
5446;192;3412;52;26;cancelado
5447;192;1378;54;27;pago
5448;192;27;54;27;cancelado
5449;192;2423;67;34;pago
5450;192;2591;75;38;cancelado
5451;192;2548;79;40;pago
5452;192;746;76;38;pago
5453;192;5716;65;33;cancelado
5454;192;5483;74;37;pago
5455;192;7323;91;46;cancelado
5456;192;2225;90;45;enviado
5457;192;2929;90;45;pago
5458;192;3514;100;54;pago
5459;193;4702;8;4;cancelado
5460;193;6755;39;20;pago
5461;193;5324;22;11;cancelado
5462;193;2799;27;14;pago
5463;193;992;14;7;pago
5464;193;1391;10;5;pago
5465;193;5667;27;14;pago
5466;193;3864;43;22;pago
5467;193;3001;4;2;pago
5468;193;1588;16;8;pago
5469;193;109;6;3;pago
5470;193;880;10;5;pendente
5471;193;6590;7;4;enviado
5472;193;2217;20;10;pago
5473;193;467;36;18;pago
5474;193;826;5;3;pago
5475;193;3092;64;32;pago
5476;193;2452;45;23;pago
5477;193;3458;52;26;pago
5478;193;3746;53;27;pago
5479;193;4626;62;31;pendente
5480;193;5759;47;24;pendente
5481;193;5331;45;23;enviado
5482;193;1010;59;30;enviado
5483;193;3529;78;39;pago
5484;193;3076;83;42;pago
5485;193;2887;72;36;pago
5486;193;1297;74;37;pago
5487;193;3061;83;42;pago
5488;193;613;78;39;cancelado
5489;193;6221;77;39;pago
5490;193;2384;80;40;pago
5491;193;3643;91;46;pago
5492;193;5095;86;43;pago
5493;193;3948;90;45;pago
5494;193;3423;88;44;pendente
5495;193;2518;96;50;pago
5496;194;2445;31;16;pago
5497;194;1928;20;10;pago
5498;194;2989;18;9;pago
5499;194;5170;30;15;pago
5500;194;6998;8;4;cancelado
5501;194;5051;12;6;pago
5502;194;682;11;6;pago
5503;194;2417;37;19;pendente
5504;194;5346;1;1;pago
5505;194;7146;37;19;pago
5506;194;1970;40;20;pago
5507;194;1344;50;25;pago
5508;194;6564;50;25;pago
5509;194;5298;60;30;pago
5510;194;157;62;31;pago
5511;194;833;59;30;pago
5512;194;7236;72;36;pago
5513;194;2767;73;37;pago
5514;194;1249;81;41;pago
5515;194;5189;74;37;pago
5516;194;2140;80;40;pago
5517;194;5630;78;39;pago
5518;194;4618;75;38;pago
5519;194;7192;93;47;cancelado
5520;194;6947;85;43;pago
5521;194;2185;100;54;pago
5522;195;313;8;4;pago
5523;195;305;8;4;cancelado
5524;195;1414;29;15;pago
5525;195;1445;32;16;pendente
5526;195;3349;33;17;pago
5527;195;6298;30;15;pago
5528;195;3696;10;5;pendente
5529;195;3792;23;12;pago
5530;195;5694;5;3;pago
5531;195;1912;14;7;pago
5532;195;1039;33;17;cancelado
5533;195;7421;5;3;pago
5534;195;2156;13;7;pago
5535;195;3001;3;2;enviado
5536;195;1694;3;2;cancelado
5537;195;6846;20;10;pago
5538;195;2370;32;16;pago
5539;195;4702;7;4;pago
5540;195;1934;61;31;pago
5541;195;7293;62;31;pago
5542;195;300;56;28;pago
5543;195;500;57;29;pago
5544;195;1924;60;30;pago
5545;195;1706;84;42;pago
5546;195;1754;73;37;pendente
5547;195;2535;75;38;pago
5548;195;2852;73;37;pago
5549;195;1377;68;34;pago
5550;195;5725;80;40;pago
5551;195;2173;66;33;pago
5552;195;7062;93;47;pago
5553;195;7278;91;46;pago
5554;195;1072;91;46;pago
5555;195;6615;93;47;pago
5556;195;1841;94;48;enviado
5557;195;1511;98;52;pago
5558;196;2782;18;9;pago
5559;196;10;19;10;pago
5560;196;3361;25;13;pago
5561;196;7290;8;4;enviado
5562;196;2170;36;18;cancelado
5563;196;1938;33;17;pago
5564;196;4161;40;20;pago
5565;196;4094;17;9;pago
5566;196;2070;17;9;pago
5567;196;5971;33;17;pago
5568;196;755;11;6;pago
5569;196;7245;25;13;pago
5570;196;4528;27;14;pago
5571;196;1688;10;5;pago
5572;196;5444;39;20;pago
5573;196;4585;6;3;pago
5574;196;2190;38;19;pago
5575;196;3111;53;27;pago
5576;196;7030;63;32;pago
5577;196;6468;47;24;pago
5578;196;1087;51;26;pago
5579;196;2462;54;27;pendente
5580;196;6392;69;35;enviado
5581;196;6088;76;38;pago
5582;196;6551;68;34;pago
5583;196;267;68;34;pago
5584;196;7166;81;41;pago
5585;196;842;86;43;pago
5586;196;1140;93;47;pago
5587;196;4402;92;46;pago
5588;196;1062;99;53;enviado
5589;196;5361;98;52;pago
5590;197;2370;32;16;pago
5591;197;2419;36;18;pago
5592;197;2572;34;17;pago
5593;197;3882;40;20;pendente
5594;197;6430;14;7;pago
5595;197;1852;11;6;pago
5596;197;5143;40;20;cancelado
5597;197;3880;4;2;pago
5598;197;1721;30;15;pago
5599;197;6676;4;2;pago
5600;197;1779;3;2;pago
5601;197;223;14;7;pago
5602;197;6526;58;29;pago
5603;197;6251;57;29;pago
5604;197;282;63;32;cancelado
5605;197;6854;49;25;pago
5606;197;6236;48;24;pago
5607;197;1527;66;33;pago
5608;197;1829;76;38;cancelado
5609;197;4481;77;39;pago
5610;197;5530;75;38;cancelado
5611;197;3295;66;33;pago
5612;197;3443;66;33;enviado
5613;197;4557;81;41;enviado
5614;197;5254;91;46;pendente
5615;197;2570;88;44;pago
5616;197;213;90;45;pago
5617;197;6354;98;52;pago
5618;198;2420;31;16;pago
5619;198;5895;43;22;pago
5620;198;3707;43;22;pago
5621;198;4378;37;19;pago
5622;198;1304;20;10;pago
5623;198;6731;41;21;pago
5624;198;6182;13;7;pago
5625;198;3048;21;11;pago
5626;198;6832;37;19;pago
5627;198;2148;38;19;pago
5628;198;2961;27;14;pago
5629;198;4315;2;1;pago
5630;198;2;3;2;pago
5631;198;891;31;16;pago
5632;198;3020;16;8;pago
5633;198;2132;26;13;cancelado
5634;198;5151;51;26;pago
5635;198;3896;60;30;pago
5636;198;3190;49;25;pago
5637;198;6981;57;29;pago
5638;198;6198;62;31;pago
5639;198;5983;76;38;pago
5640;198;5211;69;35;pago
5641;198;1566;79;40;pago
5642;198;1083;67;34;pago
5643;198;3443;65;33;pago
5644;198;2423;68;34;pago
5645;198;1510;91;46;pago
5646;198;3679;87;44;pago
5647;198;1537;91;46;pago
5648;198;4829;99;53;pago
5649;199;5281;42;21;cancelado
5650;199;4593;39;20;pago
5651;199;4937;26;13;pago
5652;199;886;39;20;pago
5653;199;5419;30;15;pendente
5654;199;4726;13;7;pendente
5655;199;1789;8;4;pago
5656;199;3478;24;12;pago
5657;199;3795;23;12;pago
5658;199;3268;27;14;enviado
5659;199;3636;60;30;cancelado
5660;199;1323;56;28;pago
5661;199;1904;55;28;pago
5662;199;6133;49;25;pago
5663;199;2624;60;30;cancelado
5664;199;644;81;41;pago
5665;199;967;72;36;pago
5666;199;3770;73;37;pago
5667;199;4122;76;38;enviado
5668;199;5789;70;35;pago
5669;199;2033;91;46;pago
5670;199;2819;89;45;pago
5671;199;3215;100;54;pago
5672;200;1245;41;21;pago
5673;200;3666;38;19;pago
5674;200;2156;13;7;pago
5675;200;1907;34;17;pago
5676;200;281;43;22;pago
5677;200;6706;25;13;pago
5678;200;223;14;7;pendente
5679;200;3600;7;4;pago
5680;200;948;39;20;pago
5681;200;6424;30;15;pago
5682;200;548;13;7;pago
5683;200;971;51;26;pago
5684;200;5441;62;31;cancelado
5685;200;1773;64;32;pago
5686;200;1618;45;23;pago
5687;200;5027;45;23;enviado
5688;200;1813;73;37;pago
5689;200;2401;74;37;pago
5690;200;3994;83;42;enviado
5691;200;7449;66;33;pago
5692;200;7192;93;47;pago
5693;200;2922;89;45;pago
5694;200;7331;92;46;pago
5695;200;1713;94;48;pago
5696;200;3033;97;51;pago
5697;201;1809;8;4;cancelado
5698;201;6223;39;20;pago
5699;201;5204;14;7;pago
5700;201;5366;30;15;pago
5701;201;1747;23;12;pago
5702;201;3664;36;18;cancelado
5703;201;6289;7;4;pago
5704;201;2025;14;7;pago
5705;201;6046;13;7;pago
5706;201;6763;28;14;pago
5707;201;3115;43;22;pago
5708;201;1576;42;21;pago
5709;201;6702;62;31;pago
5710;201;4132;52;26;pago
5711;201;2899;62;31;pago
5712;201;1554;48;24;pago
5713;201;2732;68;34;pago
5714;201;1754;73;37;pago
5715;201;6371;76;38;pago
5716;201;418;74;37;pago
5717;201;5712;72;36;cancelado
5718;201;1961;77;39;cancelado
5719;201;659;72;36;enviado
5720;201;6026;88;44;pago
5721;201;3155;85;43;pago
5722;201;897;91;46;pago
5723;201;4252;96;50;pago
5724;202;6347;2;1;pago
5725;202;3375;7;4;pago
5726;202;4902;42;21;pago
5727;202;2718;11;6;pago
5728;202;5968;7;4;cancelado
5729;202;6235;6;3;pago
5730;202;6670;30;15;pago
5731;202;4213;29;15;pago
5732;202;4291;38;19;pago
5733;202;4573;15;8;pago
5734;202;6259;31;16;pago
5735;202;6176;9;5;pendente
5736;202;4993;41;21;pago
5737;202;6237;26;13;pendente
5738;202;2950;12;6;pago
5739;202;1615;41;21;pendente
5740;202;6176;10;5;cancelado
5741;202;1247;60;30;pago
5742;202;931;58;29;pago
5743;202;359;57;29;pago
5744;202;4028;59;30;pago
5745;202;7338;54;27;pago
5746;202;1344;50;25;pago
5747;202;4806;56;28;pago
5748;202;390;79;40;cancelado
5749;202;5065;80;40;pago
5750;202;1307;81;41;pago
5751;202;3542;73;37;pago
5752;202;1667;75;38;pago
5753;202;3337;91;46;pago
5754;202;3530;93;47;pago
5755;202;1513;93;47;pago
5756;202;6965;90;45;pago
5757;202;6200;96;50;pago
5758;202;5296;100;54;pago
5759;203;2791;12;6;pago
5760;203;6561;10;5;pago
5761;203;3844;11;6;pago
5762;203;3614;16;8;pago
5763;203;1046;8;4;pago
5764;203;2158;1;1;cancelado
5765;203;6678;42;21;pago
5766;203;3270;5;3;pendente
5767;203;5295;10;5;pago
5768;203;6383;20;10;pago
5769;203;3747;56;28;pago
5770;203;3450;63;32;pago
5771;203;931;58;29;pago
5772;203;940;45;23;pago
5773;203;6817;79;40;pago
5774;203;6341;78;39;cancelado
5775;203;4001;73;37;pago
5776;203;2579;71;36;cancelado
5777;203;4447;90;45;pago
5778;203;4572;93;47;pago
5779;203;6214;100;54;pago
5780;204;5793;10;5;pendente
5781;204;1507;4;2;pago
5782;204;4341;25;13;pago
5783;204;6252;12;6;pago
5784;204;1391;9;5;enviado
5785;204;2236;39;20;pago
5786;204;6207;16;8;pago
5787;204;2715;20;10;pago
5788;204;2944;8;4;pago
5789;204;2207;41;21;pago
5790;204;1587;48;24;pago
5791;204;5566;51;26;pago
5792;204;4476;51;26;enviado
5793;204;887;55;28;pago
5794;204;664;47;24;pago
5795;204;3450;63;32;pago
5796;204;6197;56;28;pago
5797;204;2926;77;39;pago
5798;204;642;78;39;pago
5799;204;7025;67;34;pago
5800;204;6658;82;41;pago
5801;204;930;71;36;pendente
5802;204;3977;87;44;pago
5803;204;4799;93;47;pago
5804;204;822;97;51;pago
5805;205;6306;2;1;pago
5806;205;1747;24;12;pago
5807;205;713;29;15;pago
5808;205;4088;16;8;pago
5809;205;5951;19;10;pago
5810;205;896;38;19;pago
5811;205;152;19;10;pago
5812;205;6429;42;21;pago
5813;205;5766;28;14;pendente
5814;205;5765;11;6;pago
5815;205;6903;2;1;pago
5816;205;431;37;19;enviado
5817;205;2648;24;12;pago
5818;205;2528;16;8;pago
5819;205;5063;27;14;pendente
5820;205;1390;52;26;pendente
5821;205;6673;49;25;pago
5822;205;4548;57;29;pago
5823;205;3730;61;31;pendente
5824;205;798;59;30;cancelado
5825;205;3800;78;39;pago
5826;205;6006;70;35;pago
5827;205;4123;65;33;pago
5828;205;327;70;35;enviado
5829;205;4976;69;35;cancelado
5830;205;7315;80;40;pago
5831;205;1333;65;33;cancelado
5832;205;6087;90;45;pago
5833;205;1136;85;43;pago
5834;205;4394;86;43;pago
5835;205;4875;93;47;enviado
5836;205;1793;96;50;pago
5837;205;2126;99;53;pago
5838;206;3978;28;14;pago
5839;206;2361;12;6;pago
5840;206;6259;32;16;pago
5841;206;3796;24;12;pago
5842;206;1071;43;22;pago
5843;206;1868;24;12;pago
5844;206;6244;10;5;pago
5845;206;2883;26;13;pago
5846;206;350;36;18;pago
5847;206;2182;5;3;pago
5848;206;1763;27;14;pago
5849;206;2259;28;14;enviado
5850;206;145;22;11;pago
5851;206;2841;32;16;pago
5852;206;5213;43;22;pago
5853;206;3193;15;8;pendente
5854;206;1415;61;31;pago
5855;206;4568;63;32;pago
5856;206;386;54;27;pendente
5857;206;5334;60;30;pago
5858;206;7212;50;25;pago
5859;206;7436;48;24;pago
5860;206;892;52;26;pago
5861;206;1177;81;41;pago
5862;206;590;79;40;pago
5863;206;3653;71;36;pago
5864;206;4967;81;41;pago
5865;206;6195;74;37;pago
5866;206;5432;70;35;pago
5867;206;3551;76;38;pendente
5868;206;1494;91;46;enviado
5869;206;1508;86;43;pago
5870;206;7062;93;47;pago
5871;206;4193;98;52;pago
5872;207;7136;38;19;pago
5873;207;4405;36;18;pago
5874;207;4480;20;10;pago
5875;207;2455;9;5;pago
5876;207;2490;30;15;pago
5877;207;1025;39;20;pago
5878;207;5788;39;20;pago
5879;207;5381;42;21;pago
5880;207;6326;16;8;pago
5881;207;4755;41;21;pago
5882;207;2653;13;7;pago
5883;207;5895;44;22;pendente
5884;207;7460;11;6;pago
5885;207;481;29;15;pago
5886;207;1981;24;12;pago
5887;207;5548;8;4;pago
5888;207;116;36;18;pago
5889;207;4600;62;31;pago
5890;207;4991;53;27;pago
5891;207;413;49;25;pago
5892;207;663;62;31;pago
5893;207;3500;62;31;pago
5894;207;7070;60;30;pago
5895;207;569;51;26;pago
5896;207;4808;74;37;pago
5897;207;4501;76;38;pago
5898;207;328;81;41;pago
5899;207;6381;67;34;pago
5900;207;5580;90;45;pago
5901;207;4325;89;45;pago
5902;207;137;100;54;pago
5903;207;651;97;51;pago
5904;208;7356;40;20;pago
5905;208;2417;37;19;pago
5906;208;4255;42;21;pago
5907;208;4478;29;15;pago
5908;208;7164;4;2;cancelado
5909;208;109;6;3;pago
5910;208;3675;17;9;pago
5911;208;1779;4;2;pago
5912;208;6719;16;8;cancelado
5913;208;4162;64;32;pago
5914;208;6774;48;24;pago
5915;208;7215;57;29;pago
5916;208;489;48;24;pago
5917;208;4107;45;23;enviado
5918;208;7353;46;23;pago
5919;208;3207;55;28;pago
5920;208;4265;71;36;pago
5921;208;5526;66;33;pago
5922;208;6371;75;38;cancelado
5923;208;5171;83;42;pago
5924;208;1365;84;42;pago
5925;208;5675;88;44;enviado
5926;208;1838;86;43;pago
5927;208;1675;86;43;pendente
5928;208;4076;99;53;pago
5929;209;2457;27;14;pago
5930;209;2754;30;15;pago
5931;209;5213;43;22;pago
5932;209;1906;13;7;pago
5933;209;5195;31;16;pago
5934;209;702;16;8;enviado
5935;209;1579;20;10;pago
5936;209;3270;6;3;pago
5937;209;6097;40;20;pago
5938;209;1141;54;27;pago
5939;209;4560;53;27;pago
5940;209;101;51;26;pago
5941;209;3356;51;26;pago
5942;209;4797;53;27;cancelado
5943;209;870;70;35;cancelado
5944;209;2610;67;34;pago
5945;209;5944;77;39;pago
5946;209;1099;69;35;pago
5947;209;5239;79;40;pago
5948;209;518;87;44;pago
5949;209;545;93;47;pago
5950;209;2218;86;43;pago
5951;209;1674;99;53;pago
5952;209;7059;97;51;pago
5953;210;2527;21;11;pago
5954;210;3782;18;9;pendente
5955;210;3652;16;8;enviado
5956;210;4038;1;1;pago
5957;210;3903;40;20;pendente
5958;210;6699;14;7;pago
5959;210;5237;25;13;pago
5960;210;3614;15;8;pago
5961;210;7499;22;11;pago
5962;210;5459;10;5;pago
5963;210;6821;39;20;pago
5964;210;813;28;14;pago
5965;210;4386;41;21;pago
5966;210;6981;57;29;pago
5967;210;5082;45;23;pago
5968;210;3202;56;28;cancelado
5969;210;5439;61;31;pago
5970;210;2474;49;25;pago
5971;210;6064;72;36;pago
5972;210;621;74;37;pago
5973;210;4754;78;39;pago
5974;210;4694;74;37;pago
5975;210;1099;69;35;cancelado
5976;210;2408;87;44;pago
5977;210;1161;91;46;cancelado
5978;210;2234;93;47;pago
5979;210;6443;99;53;pago
5980;210;7355;100;54;pago
5981;211;375;24;12;pago
5982;211;4086;39;20;cancelado
5983;211;4861;40;20;pago
5984;211;2936;9;5;pago
5985;211;1718;26;13;pago
5986;211;1714;32;16;pago
5987;211;6153;17;9;pago
5988;211;266;39;20;enviado
5989;211;2104;33;17;pago
5990;211;1693;18;9;pago
5991;211;3159;3;2;cancelado
5992;211;4934;46;23;pago
5993;211;1227;57;29;pago
5994;211;3631;61;31;pago
5995;211;322;49;25;pago
5996;211;1843;49;25;pago
5997;211;7188;70;35;pago
5998;211;4886;69;35;pago
5999;211;4636;76;38;pago
6000;211;6258;74;37;pago
6001;211;595;83;42;pago
6002;211;4152;74;37;pago
6003;211;4798;81;41;pago
6004;211;768;86;43;pago
6005;211;2054;85;43;pago
6006;211;6914;85;43;pago
6007;211;3495;100;54;pago
6008;212;1997;4;2;pago
6009;212;5001;10;5;pendente
6010;212;5529;13;7;pago
6011;212;1388;10;5;cancelado
6012;212;1984;37;19;pago
6013;212;6672;23;12;pago
6014;212;1779;4;2;pago
6015;212;6356;29;15;pago
6016;212;4868;37;19;pago
6017;212;863;20;10;pago
6018;212;4736;44;22;pago
6019;212;6520;43;22;pago
6020;212;6224;10;5;pago
6021;212;141;41;21;pago
6022;212;5928;9;5;pago
6023;212;277;48;24;pago
6024;212;489;48;24;pago
6025;212;840;51;26;pago
6026;212;5314;45;23;pago
6027;212;5468;59;30;pago
6028;212;4733;84;42;pago
6029;212;3583;83;42;pago
6030;212;577;71;36;pendente
6031;212;4282;72;36;enviado
6032;212;1812;85;43;pago
6033;212;5372;89;45;pago
6034;212;6508;99;53;pago
6035;212;6370;100;54;pago
6036;213;4790;2;1;pendente
6037;213;3903;40;20;pago
6038;213;4287;16;8;pago
6039;213;5507;37;19;pago
6040;213;7334;19;10;pago
6041;213;3418;41;21;pago
6042;213;4987;3;2;pago
6043;213;1752;12;6;pago
6044;213;3841;44;22;pago
6045;213;3273;44;22;pago
6046;213;117;44;22;pago
6047;213;4130;12;6;pago
6048;213;7421;5;3;pago
6049;213;7491;30;15;pendente
6050;213;5410;40;20;pago
6051;213;2561;58;29;pago
6052;213;473;62;31;pago
6053;213;1080;62;31;pago
6054;213;4871;58;29;pago
6055;213;5854;55;28;pago
6056;213;5473;49;25;pago
6057;213;291;76;38;pago
6058;213;4733;83;42;pago
6059;213;5802;67;34;pago
6060;213;7264;74;37;enviado
6061;213;5508;69;35;pago
6062;213;122;70;35;pago
6063;213;1626;93;47;pago
6064;213;4825;85;43;pago
6065;213;656;93;47;pago
6066;213;6953;100;54;pago
6067;214;3422;31;16;pago
6068;214;1670;33;17;pago
6069;214;4151;3;2;pago
6070;214;113;18;9;pago
6071;214;3729;23;12;pago
6072;214;3574;33;17;pago
6073;214;7250;26;13;cancelado
6074;214;2;3;2;cancelado
6075;214;1386;37;19;enviado
6076;214;4697;27;14;pago
6077;214;5108;1;1;pago
6078;214;5930;38;19;pago
6079;214;5808;24;12;pago
6080;214;2229;16;8;pago
6081;214;2930;45;23;pago
6082;214;4272;64;32;cancelado
6083;214;1968;64;32;pago
6084;214;1773;64;32;pago
6085;214;2321;54;27;pago
6086;214;3943;77;39;pago
6087;214;1190;78;39;pago
6088;214;6367;81;41;pago
6089;214;1801;76;38;pago
6090;214;911;67;34;pago
6091;214;3760;75;38;enviado
6092;214;1494;92;46;pago
6093;214;7072;89;45;pago
6094;214;1324;99;53;pago
6095;215;1245;42;21;pago
6096;215;1002;15;8;pago
6097;215;4796;11;6;pago
6098;215;1;1;1;pago
6099;215;3938;24;12;pago
6100;215;7275;7;4;pago
6101;215;475;37;19;pago
6102;215;4745;23;12;pago
6103;215;7066;6;3;pago
6104;215;5733;24;12;cancelado
6105;215;6394;11;6;pago
6106;215;1978;26;13;cancelado
6107;215;3293;14;7;pago
6108;215;318;60;30;enviado
6109;215;614;62;31;pago
6110;215;3354;64;32;pago
6111;215;5648;48;24;cancelado
6112;215;2395;78;39;pago
6113;215;790;80;40;pago
6114;215;2103;68;34;pago
6115;215;5944;78;39;pago
6116;215;184;65;33;pago
6117;215;2453;93;47;pago
6118;215;2991;88;44;pago
6119;215;4553;90;45;pago
6120;215;3047;97;51;pago
6121;215;4707;95;49;pago
6122;216;3757;32;16;pago
6123;216;5056;2;1;pago
6124;216;1321;30;15;pago
6125;216;5514;21;11;pago
6126;216;3308;8;4;cancelado
6127;216;139;27;14;pago
6128;216;2931;8;4;pago
6129;216;907;8;4;pago
6130;216;6486;35;18;pago
6131;216;4608;47;24;enviado
6132;216;2460;60;30;pago
6133;216;3833;49;25;pago
6134;216;5655;46;23;pago
6135;216;4678;69;35;pago
6136;216;3241;79;40;pago
6137;216;6256;67;34;pago
6138;216;2176;73;37;pago
6139;216;944;69;35;pago
6140;216;1520;87;44;pago
6141;216;6723;90;45;pago
6142;216;3362;87;44;cancelado
6143;216;5618;97;51;pago
6144;216;6762;94;48;pago
6145;217;4736;44;22;enviado
6146;217;4833;20;10;pago
6147;217;6203;19;10;cancelado
6148;217;5560;25;13;enviado
6149;217;497;42;21;pago
6150;217;1018;27;14;pago
6151;217;3764;21;11;pago
6152;217;2253;2;1;enviado
6153;217;6348;13;7;pago
6154;217;6705;44;22;pago
6155;217;6763;27;14;pendente
6156;217;1559;17;9;pago
6157;217;6243;45;23;pago
6158;217;2646;46;23;pago
6159;217;959;50;25;pago
6160;217;5622;58;29;cancelado
6161;217;4043;56;28;cancelado
6162;217;752;84;42;pago
6163;217;5932;72;36;pago
6164;217;5998;81;41;pago
6165;217;5332;76;38;pago
6166;217;228;75;38;pago
6167;217;6853;72;36;pago
6168;217;4006;93;47;cancelado
6169;217;1898;86;43;pago
6170;217;4414;91;46;cancelado
6171;217;7347;95;49;pago
6172;218;6104;1;1;pago
6173;218;6003;27;14;pago
6174;218;6203;20;10;enviado
6175;218;5822;7;4;pago
6176;218;6230;34;17;pago
6177;218;4238;27;14;pago
6178;218;516;9;5;pago
6179;218;834;6;3;cancelado
6180;218;5444;39;20;pago
6181;218;4330;25;13;pago
6182;218;743;48;24;pago
6183;218;3352;53;27;pago
6184;218;1323;55;28;pago
6185;218;1859;61;31;pago
6186;218;4236;62;31;pendente
6187;218;2553;68;34;cancelado
6188;218;5332;75;38;enviado
6189;218;418;74;37;pago
6190;218;720;74;37;pago
6191;218;5675;87;44;pago
6192;218;6573;87;44;pago
6193;218;2530;87;44;pago
6194;218;761;99;53;pago
6195;218;2736;99;53;pago
6196;219;17;34;17;pago
6197;219;4017;10;5;enviado
6198;219;5394;10;5;pago
6199;219;3054;1;1;pago
6200;219;1987;9;5;pago
6201;219;6089;44;22;cancelado
6202;219;3397;39;20;pago
6203;219;3052;22;11;pago
6204;219;116;35;18;pago
6205;219;86;44;22;pago
6206;219;2121;21;11;cancelado
6207;219;6394;12;6;pago
6208;219;2001;21;11;pendente
6209;219;1100;64;32;pago
6210;219;7293;61;31;pago
6211;219;2091;60;30;cancelado
6212;219;1289;61;31;pago
6213;219;5318;54;27;pago
6214;219;4894;49;25;enviado
6215;219;5112;68;34;pago
6216;219;5198;73;37;pago
6217;219;1965;71;36;pago
6218;219;803;76;38;pago
6219;219;2891;76;38;pago
6220;219;5748;76;38;pago
6221;219;4773;85;43;enviado
6222;219;2629;85;43;pago
6223;219;3427;93;47;pago
6224;219;2081;100;54;pago
6225;220;2801;20;10;enviado
6226;220;5800;40;20;pago
6227;220;1264;7;4;pago
6228;220;4534;25;13;pendente
6229;220;1791;23;12;pago
6230;220;1641;28;14;pago
6231;220;2104;33;17;pago
6232;220;4460;12;6;pago
6233;220;3748;30;15;pago
6234;220;1398;23;12;pago
6235;220;2175;47;24;pago
6236;220;2496;46;23;pago
6237;220;240;55;28;pago
6238;220;5999;57;29;cancelado
6239;220;5982;68;34;pago
6240;220;3819;81;41;pago
6241;220;488;83;42;pago
6242;220;3982;68;34;pago
6243;220;1116;83;42;pago
6244;220;5689;65;33;pago
6245;220;978;66;33;pago
6246;220;3145;88;44;pago
6247;220;4799;93;47;pago
6248;220;1560;86;43;pago
6249;220;527;98;52;pago
6250;220;5656;96;50;enviado
6251;221;6741;14;7;pago
6252;221;2456;14;7;pago
6253;221;5252;22;11;enviado
6254;221;766;9;5;pago
6255;221;3745;32;16;pago
6256;221;4085;42;21;cancelado
6257;221;3305;23;12;enviado
6258;221;3499;29;15;pago
6259;221;6401;43;22;pago
6260;221;1939;1;1;pago
6261;221;6278;35;18;pago
6262;221;7056;37;19;pendente
6263;221;318;59;30;pago
6264;221;4018;60;30;pago
6265;221;5749;57;29;pago
6266;221;1483;56;28;pago
6267;221;6710;68;34;pago
6268;221;4152;73;37;pendente
6269;221;3702;72;36;pago
6270;221;6399;65;33;pago
6271;221;3770;73;37;pago
6272;221;2835;93;47;cancelado
6273;221;2901;91;46;pago
6274;221;2061;98;52;pago
6275;221;5922;94;48;pago
6276;222;726;16;8;pago
6277;222;4002;26;13;pago
6278;222;845;41;21;pago
6279;222;303;32;16;pago
6280;222;7044;7;4;cancelado
6281;222;3465;19;10;cancelado
6282;222;6237;25;13;pago
6283;222;6346;42;21;pago
6284;222;7227;32;16;pago
6285;222;6702;62;31;pago
6286;222;3730;61;31;pago
6287;222;2436;47;24;pago
6288;222;7142;56;28;cancelado
6289;222;330;57;29;pago
6290;222;2662;48;24;cancelado
6291;222;4331;69;35;pago
6292;222;779;73;37;pago
6293;222;4565;83;42;cancelado
6294;222;4030;68;34;pendente
6295;222;1877;79;40;pago
6296;222;2328;90;45;cancelado
6297;222;1918;89;45;pago
6298;222;3215;100;54;enviado
6299;223;6578;34;17;pago
6300;223;1440;16;8;pago
6301;223;5919;29;15;pago
6302;223;5206;20;10;pago
6303;223;67;24;12;pendente
6304;223;2559;34;17;pago
6305;223;5301;13;7;pago
6306;223;5308;42;21;pago
6307;223;1394;38;19;pago
6308;223;3273;44;22;pago
6309;223;5348;36;18;pago
6310;223;7425;8;4;pago
6311;223;4887;52;26;pago
6312;223;4758;53;27;pendente
6313;223;1587;48;24;pago
6314;223;6460;51;26;pago
6315;223;4486;65;33;pendente
6316;223;6570;83;42;pago
6317;223;4845;78;39;pago
6318;223;4410;81;41;pago
6319;223;4838;68;34;pago
6320;223;6704;85;43;pago
6321;223;6930;87;44;pago
6322;223;4073;100;54;pago
6323;224;1504;11;6;cancelado
6324;224;3885;13;7;pendente
6325;224;2879;4;2;pago
6326;224;3549;37;19;pago
6327;224;2096;18;9;pago
6328;224;3711;38;19;cancelado
6329;224;601;12;6;pago
6330;224;992;14;7;pago
6331;224;4214;16;8;pago
6332;224;6224;10;5;cancelado
6333;224;6148;39;20;pago
6334;224;1630;19;10;pendente
6335;224;5038;6;3;pago
6336;224;7172;20;10;cancelado
6337;224;6286;48;24;pago
6338;224;4538;53;27;pago
6339;224;4374;50;25;pago
6340;224;1610;46;23;pago
6341;224;6635;46;23;pago
6342;224;2049;78;39;pago
6343;224;2323;67;34;pago
6344;224;7402;78;39;pago
6345;224;2895;72;36;pago
6346;224;3929;73;37;cancelado
6347;224;2360;86;43;pago
6348;224;559;93;47;pago
6349;224;3219;95;49;pago
6350;225;1752;11;6;pago
6351;225;3311;33;17;pago
6352;225;3181;2;1;pago
6353;225;1266;44;22;pago
6354;225;800;1;1;cancelado
6355;225;4828;25;13;pago
6356;225;5121;36;18;pago
6357;225;7110;40;20;pago
6358;225;2542;16;8;pago
6359;225;2609;36;18;pago
6360;225;3086;39;20;pago
6361;225;738;58;29;pago
6362;225;4162;63;32;cancelado
6363;225;789;53;27;pago
6364;225;7117;46;23;pago
6365;225;1439;63;32;enviado
6366;225;4235;84;42;pago
6367;225;115;80;40;pendente
6368;225;4093;77;39;pago
6369;225;5983;75;38;pago
6370;225;1682;92;46;pago
6371;225;7009;85;43;pago
6372;225;974;95;49;cancelado
6373;225;4589;98;52;pago
6374;226;7362;10;5;pago
6375;226;3051;2;1;pago
6376;226;5385;38;19;pago
6377;226;6259;31;16;pendente
6378;226;4433;28;14;pago
6379;226;5230;1;1;pendente
6380;226;4437;29;15;cancelado
6381;226;973;13;7;pago
6382;226;2419;35;18;pendente
6383;226;6659;46;23;pago
6384;226;4493;49;25;cancelado
6385;226;4657;60;30;pago
6386;226;4028;59;30;pago
6387;226;347;57;29;cancelado
6388;226;3700;68;34;pago
6389;226;1269;82;41;pago
6390;226;1891;78;39;cancelado
6391;226;6020;75;38;pago
6392;226;4886;69;35;pago
6393;226;3343;69;35;pago
6394;226;1835;93;47;pendente
6395;226;4810;92;46;pago
6396;226;1072;91;46;pago
6397;226;7196;94;48;pago
6398;227;6004;24;12;cancelado
6399;227;2485;41;21;enviado
6400;227;2578;23;12;pago
6401;227;1555;17;9;pago
6402;227;7227;32;16;cancelado
6403;227;6044;19;10;pago
6404;227;6244;9;5;pago
6405;227;4085;41;21;pago
6406;227;3258;35;18;pago
6407;227;4594;3;2;pago
6408;227;1764;40;20;pago
6409;227;3510;19;10;pago
6410;227;6631;13;7;pago
6411;227;6892;61;31;pago
6412;227;6165;60;30;pago
6413;227;2039;57;29;pago
6414;227;5516;48;24;pago
6415;227;3609;59;30;pago
6416;227;7364;46;23;pago
6417;227;6544;65;33;cancelado
6418;227;1447;75;38;pago
6419;227;6577;80;40;pendente
6420;227;2074;70;35;pago
6421;227;4036;81;41;pago
6422;227;1582;73;37;pago
6423;227;5561;88;44;pago
6424;227;4784;93;47;cancelado
6425;227;5781;91;46;pago
6426;227;198;99;53;pago
6427;228;1186;2;1;pago
6428;228;3063;26;13;pago
6429;228;2528;15;8;pago
6430;228;6450;10;5;pendente
6431;228;1544;17;9;pago
6432;228;6316;19;10;pago
6433;228;2583;2;1;pago
6434;228;4731;41;21;pago
6435;228;2797;8;4;pago
6436;228;1233;16;8;cancelado
6437;228;2344;34;17;pago
6438;228;1805;31;16;pago
6439;228;1644;64;32;pago
6440;228;5037;58;29;pago
6441;228;2014;64;32;pago
6442;228;505;58;29;pago
6443;228;895;51;26;pago
6444;228;1023;49;25;cancelado
6445;228;5816;79;40;pago
6446;228;5309;80;40;pago
6447;228;1862;80;40;pago
6448;228;478;80;40;pago
6449;228;6626;77;39;pago
6450;228;333;84;42;enviado
6451;228;848;93;47;pago
6452;228;2389;89;45;pago
6453;228;759;89;45;pendente
6454;228;54;100;54;pago
6455;228;7040;96;50;pago
6456;229;2751;7;4;pago
6457;229;3593;37;19;cancelado
6458;229;3885;14;7;pago
6459;229;7274;39;20;pago
6460;229;4144;32;16;pago
6461;229;4963;2;1;pago
6462;229;5746;20;10;pago
6463;229;7225;4;2;pago
6464;229;976;26;13;pago
6465;229;1385;17;9;pago
6466;229;6276;13;7;pago
6467;229;3771;51;26;pago
6468;229;523;57;29;pago
6469;229;2373;47;24;enviado
6470;229;1403;59;30;pago
6471;229;4984;77;39;pago
6472;229;3770;74;37;pago
6473;229;5396;69;35;pago
6474;229;989;84;42;pago
6475;229;5360;65;33;pago
6476;229;3643;92;46;pago
6477;229;7100;91;46;pago
6478;229;2303;91;46;pago
6479;229;894;99;53;pago
6480;230;2733;2;1;pago
6481;230;4815;37;19;pago
6482;230;6574;16;8;cancelado
6483;230;5704;39;20;pago
6484;230;1565;44;22;pago
6485;230;4460;11;6;cancelado
6486;230;3108;1;1;enviado
6487;230;4950;38;19;pago
6488;230;5551;20;10;pago
6489;230;3231;57;29;pago
6490;230;3069;54;27;cancelado
6491;230;7260;52;26;pago
6492;230;2598;62;31;pago
6493;230;1671;62;31;pago
6494;230;6995;52;26;pago
6495;230;4282;71;36;pago
6496;230;642;77;39;pago
6497;230;3300;74;37;pago
6498;230;6012;67;34;pago
6499;230;7179;72;36;pago
6500;230;6962;85;43;pago
6501;230;3523;86;43;pago
6502;230;1895;96;50;pago
6503;231;6424;30;15;pago
6504;231;6260;18;9;pendente
6505;231;475;37;19;pago
6506;231;4399;20;10;pago
6507;231;5313;34;17;pago
6508;231;2849;38;19;pago
6509;231;6687;9;5;pago
6510;231;3125;20;10;pago
6511;231;5470;7;4;enviado
6512;231;3655;11;6;pago
6513;231;6825;46;23;pago
6514;231;3726;59;30;pago
6515;231;401;50;25;pendente
6516;231;505;58;29;pago
6517;231;3771;51;26;pago
6518;231;5196;58;29;pago
6519;231;6221;77;39;cancelado
6520;231;1285;73;37;pago
6521;231;2139;82;41;pago
6522;231;620;76;38;pago
6523;231;5304;65;33;pago
6524;231;3369;74;37;pago
6525;231;7067;88;44;pendente
6526;231;4765;93;47;pago
6527;231;2124;93;47;pago
6528;231;6868;96;50;pago
6529;232;7377;10;5;enviado
6530;232;319;38;19;cancelado
6531;232;2715;19;10;pago
6532;232;4173;21;11;pago
6533;232;3629;38;19;pendente
6534;232;863;20;10;pago
6535;232;5667;27;14;pago
6536;232;1507;3;2;pago
6537;232;3251;23;12;pago
6538;232;7225;3;2;pago
6539;232;2690;22;11;pago
6540;232;104;27;14;pago
6541;232;2025;14;7;pago
6542;232;266;39;20;pago
6543;232;2701;64;32;pago
6544;232;6115;47;24;pago
6545;232;5817;57;29;pago
6546;232;4407;56;28;pago
6547;232;2831;45;23;pago
6548;232;6353;76;38;pago
6549;232;5897;66;33;pago
6550;232;938;68;34;pago
6551;232;4123;66;33;pago
6552;232;5016;69;35;pago
6553;232;2395;77;39;pago
6554;232;2054;86;43;pendente
6555;232;7099;89;45;pago
6556;232;5075;94;48;enviado
6557;233;1504;11;6;pago
6558;233;4801;1;1;pago
6559;233;1721;30;15;pago
6560;233;2671;12;6;pago
6561;233;5195;32;16;pago
6562;233;1613;39;20;pago
6563;233;2087;33;17;pago
6564;233;552;26;13;pago
6565;233;5683;14;7;pago
6566;233;1290;41;21;pago
6567;233;4698;26;13;pago
6568;233;6163;43;22;pago
6569;233;2425;47;24;pago
6570;233;505;58;29;pendente
6571;233;5072;48;24;pago
6572;233;5114;58;29;enviado
6573;233;2663;60;30;pago
6574;233;5211;70;35;pago
6575;233;135;80;40;pago
6576;233;6623;67;34;pago
6577;233;2891;75;38;cancelado
6578;233;5420;81;41;pago
6579;233;5716;65;33;cancelado
6580;233;5545;81;41;pago
6581;233;6711;90;45;pago
6582;233;4050;93;47;pago
6583;233;4614;96;50;pago
6584;234;4341;25;13;pendente
6585;234;6724;34;17;pago
6586;234;1255;35;18;pago
6587;234;269;11;6;enviado
6588;234;2490;29;15;pago
6589;234;3179;38;19;pago
6590;234;7461;10;5;pago
6591;234;4687;16;8;pago
6592;234;6730;38;19;pago
6593;234;1229;36;18;pago
6594;234;5290;12;6;pago
6595;234;5787;9;5;pago
6596;234;7111;3;2;pago
6597;234;515;62;31;pago
6598;234;4819;57;29;pago
6599;234;6836;50;25;pago
6600;234;2196;59;30;pago
6601;234;3853;47;24;pago
6602;234;4331;70;35;pago
6603;234;6664;84;42;pago
6604;234;2556;74;37;enviado
6605;234;3813;69;35;pago
6606;234;3255;66;33;pago
6607;234;2644;69;35;pago
6608;234;5374;80;40;pago
6609;234;785;89;45;pago
6610;234;3211;93;47;cancelado
6611;234;3436;93;47;pago
6612;234;2248;99;53;pago
6613;235;172;15;8;pago
6614;235;2006;12;6;pago
6615;235;6134;16;8;pago
6616;235;3285;12;6;pago
6617;235;7247;40;20;pago
6618;235;6356;30;15;pago
6619;235;6339;3;2;pago
6620;235;1038;28;14;pago
6621;235;2300;31;16;pago
6622;235;7329;35;18;pago
6623;235;5765;12;6;pago
6624;235;2973;4;2;pago
6625;235;1947;26;13;pago
6626;235;2527;22;11;pago
6627;235;1907;34;17;pago
6628;235;4487;52;26;pago
6629;235;210;59;30;pendente
6630;235;5106;45;23;cancelado
6631;235;2293;58;29;pago
6632;235;6843;55;28;pago
6633;235;4426;72;36;pago
6634;235;2103;67;34;pago
6635;235;2488;77;39;pago
6636;235;3718;75;38;pago
6637;235;3523;86;43;cancelado
6638;235;3299;91;46;pago
6639;235;2735;87;44;pago
6640;235;3867;97;51;pago
6641;236;3157;14;7;pago
6642;236;5462;7;4;pago
6643;236;2903;40;20;pago
6644;236;4202;20;10;pago
6645;236;3422;32;16;cancelado
6646;236;6338;5;3;pago
6647;236;262;24;12;pago
6648;236;1473;14;7;enviado
6649;236;2673;11;6;pago
6650;236;2492;31;16;pago
6651;236;7263;8;4;pago
6652;236;85;28;14;pago
6653;236;1586;2;1;pago
6654;236;4057;45;23;pago
6655;236;4512;61;31;pago
6656;236;24;47;24;pago
6657;236;4905;49;25;cancelado
6658;236;4795;45;23;pago
6659;236;3493;50;25;cancelado
6660;236;6570;83;42;pago
6661;236;4968;69;35;pago
6662;236;6983;83;42;pago
6663;236;6313;68;34;pago
6664;236;1785;75;38;pago
6665;236;5657;93;47;pago
6666;236;6472;88;44;pago
6667;236;3116;100;54;pago
6668;237;1411;13;7;pago
6669;237;5529;14;7;pago
6670;237;2677;32;16;pago
6671;237;2973;3;2;pago
6672;237;161;21;11;cancelado
6673;237;1364;16;8;pago
6674;237;3391;26;13;pago
6675;237;6780;28;14;pago
6676;237;857;16;8;pendente
6677;237;7474;45;23;pago
6678;237;4758;54;27;pago
6679;237;5041;52;26;pago
6680;237;522;54;27;pago
6681;237;2097;47;24;pago
6682;237;4482;55;28;pago
6683;237;1755;68;34;pago
6684;237;3719;65;33;pago
6685;237;6695;78;39;pago
6686;237;5874;77;39;pendente
6687;237;3733;88;44;pago
6688;237;986;88;44;pago
6689;237;1520;87;44;pago
6690;237;6838;97;51;pago
6691;238;5683;13;7;pago
6692;238;3593;38;19;pago
6693;238;3469;44;22;pago
6694;238;2655;34;17;pago
6695;238;2617;4;2;pago
6696;238;1645;9;5;pago
6697;238;266;40;20;pago
6698;238;263;16;8;enviado
6699;238;4114;38;19;cancelado
6700;238;708;31;16;pago
6701;238;4351;35;18;pago
6702;238;3620;59;30;cancelado
6703;238;6408;52;26;cancelado
6704;238;5369;63;32;pago
6705;238;3018;58;29;pago
6706;238;2537;55;28;pendente
6707;238;5013;79;40;pago
6708;238;1660;79;40;enviado
6709;238;6582;77;39;pago
6710;238;4501;76;38;pendente
6711;238;1180;79;40;cancelado
6712;238;3874;69;35;pago
6713;238;5716;65;33;pago
6714;238;6768;88;44;enviado
6715;238;1487;93;47;pago
6716;238;3944;95;49;pago
6717;239;2492;32;16;pago
6718;239;2760;14;7;pago
6719;239;1805;31;16;cancelado
6720;239;1470;29;15;pago
6721;239;2247;39;20;pago
6722;239;5637;16;8;pago
6723;239;6849;12;6;pendente
6724;239;3273;44;22;cancelado
6725;239;2870;32;16;pago
6726;239;594;36;18;pago
6727;239;2765;2;1;pago
6728;239;673;37;19;cancelado
6729;239;3062;15;8;pago
6730;239;287;23;12;pago
6731;239;6031;45;23;pago
6732;239;2975;54;27;cancelado
6733;239;1060;55;28;cancelado
6734;239;3332;48;24;pago
6735;239;2067;59;30;pago
6736;239;4761;58;29;pago
6737;239;6538;70;35;pago
6738;239;494;76;38;pago
6739;239;6488;73;37;pago
6740;239;1310;67;34;cancelado
6741;239;1660;80;40;pago
6742;239;6582;77;39;pago
6743;239;3842;90;45;pago
6744;239;7464;92;46;pago
6745;239;2978;95;49;enviado
6746;240;369;9;5;pago
6747;240;6151;12;6;pago
6748;240;6657;20;10;pago
6749;240;4593;39;20;pendente
6750;240;268;35;18;pago
6751;240;1059;17;9;pago
6752;240;2220;42;21;pago
6753;240;4690;17;9;pago
6754;240;682;11;6;pago
6755;240;895;51;26;pago
6756;240;4960;46;23;pago
6757;240;5124;64;32;cancelado
6758;240;1691;61;31;enviado
6759;240;4899;62;31;pago
6760;240;7336;80;40;pago
6761;240;1163;81;41;pago
6762;240;1527;66;33;pago
6763;240;5239;79;40;pago
6764;240;5799;80;40;pago
6765;240;4424;80;40;pago
6766;240;519;80;40;pago
6767;240;6018;93;47;pago
6768;240;194;88;44;pago
6769;240;3852;87;44;pago
6770;240;995;97;51;enviado
6771;240;1874;99;53;pago
6772;241;5410;39;20;pago
6773;241;610;38;19;pendente
6774;241;481;29;15;pago
6775;241;6311;12;6;pago
6776;241;2823;9;5;pago
6777;241;1573;22;11;pago
6778;241;2982;8;4;pago
6779;241;6675;15;8;pago
6780;241;4729;20;10;pago
6781;241;1677;3;2;pago
6782;241;5673;41;21;pago
6783;241;770;20;10;pago
6784;241;1976;19;10;pago
6785;241;1542;12;6;pago
6786;241;10;19;10;pago
6787;241;2574;47;24;pago
6788;241;6611;49;25;pago
6789;241;148;45;23;pago
6790;241;5082;46;23;pago
6791;241;1169;83;42;pago
6792;241;4142;66;33;pago
6793;241;115;79;40;cancelado
6794;241;2371;84;42;pago
6795;241;3923;78;39;pendente
6796;241;5433;85;43;pago
6797;241;7240;89;45;pago
6798;241;4623;85;43;pago
6799;241;1713;94;48;pago
6800;242;2282;34;17;pago
6801;242;7126;7;4;cancelado
6802;242;7419;27;14;pago
6803;242;5;9;5;pago
6804;242;5800;39;20;pago
6805;242;2034;29;15;enviado
6806;242;1386;38;19;pago
6807;242;1237;37;19;pago
6808;242;7036;2;1;cancelado
6809;242;3689;26;13;pago
6810;242;4450;22;11;pago
6811;242;346;56;28;pago
6812;242;6836;50;25;pago
6813;242;4931;57;29;pago
6814;242;5803;45;23;pago
6815;242;927;53;27;pago
6816;242;3096;47;24;cancelado
6817;242;4633;67;34;pago
6818;242;7188;70;35;cancelado
6819;242;5032;71;36;pago
6820;242;790;79;40;pendente
6821;242;3961;70;35;pendente
6822;242;3948;89;45;pago
6823;242;1964;85;43;pago
6824;242;6496;97;51;pago
6825;242;5164;96;50;pago
6826;243;4802;18;9;pago
6827;243;517;38;19;pago
6828;243;3606;12;6;cancelado
6829;243;1551;1;1;pago
6830;243;2652;23;12;pago
6831;243;703;22;11;pago
6832;243;6446;16;8;pago
6833;243;2676;20;10;pago
6834;243;5976;9;5;cancelado
6835;243;1463;30;15;enviado
6836;243;5359;19;10;pago
6837;243;467;36;18;pago
6838;243;6314;25;13;pago
6839;243;1655;36;18;pago
6840;243;403;19;10;pago
6841;243;4498;64;32;pago
6842;243;3373;58;29;cancelado
6843;243;895;52;26;pago
6844;243;214;51;26;pago
6845;243;7335;49;25;pago
6846;243;6494;45;23;pago
6847;243;1226;65;33;pago
6848;243;5424;74;37;pago
6849;243;325;68;34;pago
6850;243;4633;67;34;pago
6851;243;190;84;42;pago
6852;243;6557;89;45;pago
6853;243;5433;86;43;pago
6854;243;7404;97;51;pago
6855;244;1715;12;6;pago
6856;244;189;44;22;pago
6857;244;5968;8;4;pago
6858;244;5935;1;1;pendente
6859;244;548;14;7;pendente
6860;244;1761;28;14;pendente
6861;244;6743;12;6;pago
6862;244;7491;30;15;pago
6863;244;1028;20;10;pago
6864;244;6148;39;20;pago
6865;244;2785;32;16;pago
6866;244;3773;35;18;pago
6867;244;4478;30;15;pago
6868;244;3233;21;11;pago
6869;244;3810;40;20;pago
6870;244;941;8;4;pago
6871;244;4608;47;24;pago
6872;244;4761;57;29;pago
6873;244;1780;64;32;pago
6874;244;2714;46;23;pago
6875;244;4284;63;32;pago
6876;244;6460;52;26;pago
6877;244;2187;73;37;pago
6878;244;884;72;36;pago
6879;244;6478;81;41;pago
6880;244;1526;75;38;pago
6881;244;6817;80;40;pago
6882;244;1232;93;47;pago
6883;244;4026;92;46;pago
6884;244;6813;89;45;pago
6885;244;5397;97;51;pago
6886;244;3393;100;54;pago
6887;245;6308;32;16;pago
6888;245;5100;10;5;pago
6889;245;5642;30;15;pago
6890;245;4850;5;3;cancelado
6891;245;736;32;16;pago
6892;245;4930;2;1;pago
6893;245;2359;14;7;cancelado
6894;245;5269;15;8;pago
6895;245;1287;36;18;pago
6896;245;6686;9;5;pago
6897;245;526;31;16;enviado
6898;245;2062;19;10;pago
6899;245;1748;62;31;pago
6900;245;7282;50;25;pago
6901;245;3896;60;30;pago
6902;245;2474;49;25;pago
6903;245;3180;53;27;pago
6904;245;2461;57;29;pago
6905;245;1781;79;40;cancelado
6906;245;665;67;34;pago
6907;245;339;81;41;pago
6908;245;5567;83;42;cancelado
6909;245;6313;68;34;pago
6910;245;256;71;36;pago
6911;245;7154;84;42;pago
6912;245;5923;92;46;pago
6913;245;5076;93;47;pago
6914;245;7423;91;46;pendente
6915;245;168;96;50;pago
6916;246;6300;13;7;pago
6917;246;7284;18;9;pago
6918;246;1987;10;5;pago
6919;246;3398;41;21;pago
6920;246;2272;33;17;pago
6921;246;2893;7;4;pago
6922;246;3172;12;6;pago
6923;246;1071;44;22;pago
6924;246;861;22;11;pago
6925;246;5868;26;13;pago
6926;246;4042;35;18;pago
6927;246;2987;11;6;pago
6928;246;20;39;20;pago
6929;246;2312;37;19;pago
6930;246;3465;20;10;cancelado
6931;246;2500;34;17;cancelado
6932;246;1403;59;30;pago
6933;246;1673;58;29;pago
6934;246;4653;63;32;pago
6935;246;5347;59;30;pago
6936;246;3566;61;31;enviado
6937;246;3431;70;35;pago
6938;246;2103;68;34;pago
6939;246;3123;71;36;pago
6940;246;4265;72;36;pago
6941;246;328;82;41;pago
6942;246;6969;84;42;pago
6943;246;2526;78;39;pago
6944;246;1427;92;46;pago
6945;246;3524;85;43;pago
6946;246;5456;87;44;pago
6947;246;2061;98;52;cancelado
6948;246;3338;95;49;pago
6949;247;1027;4;2;pago
6950;247;7467;14;7;cancelado
6951;247;5532;16;8;pago
6952;247;1386;37;19;pendente
6953;247;3282;33;17;cancelado
6954;247;1677;4;2;pago
6955;247;1445;31;16;pago
6956;247;6240;14;7;pago
6957;247;6676;3;2;pago
6958;247;611;43;22;pago
6959;247;6732;41;21;enviado
6960;247;6254;23;12;pago
6961;247;2247;39;20;pago
6962;247;6233;4;2;pago
6963;247;3129;53;27;enviado
6964;247;93;55;28;enviado
6965;247;663;62;31;pago
6966;247;740;60;30;pago
6967;247;3417;64;32;pago
6968;247;5472;72;36;pago
6969;247;3598;80;40;pago
6970;247;3329;70;35;pago
6971;247;6548;84;42;pago
6972;247;4927;70;35;pago
6973;247;5067;69;35;pago
6974;247;2935;93;47;pago
6975;247;2935;93;47;pago
6976;247;5678;93;47;pago
6977;247;3189;100;54;pago
6978;248;3349;33;17;cancelado
6979;248;2652;23;12;pago
6980;248;3089;34;17;pago
6981;248;471;1;1;enviado
6982;248;3387;7;4;pago
6983;248;4086;40;20;cancelado
6984;248;5415;6;3;pago
6985;248;1357;15;8;pago
6986;248;7493;23;12;cancelado
6987;248;1911;23;12;pago
6988;248;1265;31;16;pago
6989;248;666;16;8;pago
6990;248;4735;28;14;pago
6991;248;6520;43;22;pago
6992;248;3042;25;13;cancelado
6993;248;5197;10;5;pago
6994;248;6035;47;24;cancelado
6995;248;1403;60;30;pago
6996;248;4689;49;25;pago
6997;248;4544;50;25;pago
6998;248;7367;48;24;pago
6999;248;7195;46;23;pago
7000;248;1182;76;38;pago
7001;248;4551;76;38;pago
7002;248;1801;75;38;pago
7003;248;1607;69;35;pago
7004;248;3110;73;37;pago
7005;248;6661;66;33;cancelado
7006;248;6756;76;38;pago
7007;248;6955;86;43;pago
7008;248;1387;90;45;pago
7009;248;5048;93;47;pago
7010;248;5223;96;50;pago
7011;248;2964;98;52;pago
7012;249;5772;7;4;pago
7013;249;1164;40;20;cancelado
7014;249;2781;15;8;pago
7015;249;5346;1;1;pago
7016;249;867;19;10;cancelado
7017;249;3296;11;6;pago
7018;249;4075;10;5;pago
7019;249;6480;22;11;pago
7020;249;2270;5;3;pago
7021;249;3399;34;17;pago
7022;249;230;43;22;pago
7023;249;3856;36;18;cancelado
7024;249;485;12;6;pago
7025;249;6997;38;19;enviado
7026;249;937;35;18;pago
7027;249;4598;10;5;cancelado
7028;249;157;62;31;pago
7029;249;6271;58;29;cancelado
7030;249;7321;52;26;pago
7031;249;882;61;31;pago
7032;249;183;53;27;pago
7033;249;148;46;23;pago
7034;249;6840;62;31;pago
7035;249;943;70;35;pago
7036;249;6061;81;41;pago
7037;249;3269;79;40;pago
7038;249;1829;76;38;pago
7039;249;4665;67;34;pago
7040;249;3351;79;40;enviado
7041;249;4633;68;34;pago
7042;249;2414;92;46;pago
7043;249;2193;90;45;pago
7044;249;244;92;46;pago
7045;249;5482;100;54;pago
7046;249;4263;97;51;pago
7047;250;3095;22;11;pago
7048;250;6818;41;21;pago
7049;250;5093;3;2;pago
7050;250;5538;39;20;pago
7051;250;1477;15;8;pago
7052;250;5122;16;8;pago
7053;250;5954;10;5;pago
7054;250;3753;43;22;pago
7055;250;660;2;1;pago
7056;250;3339;1;1;cancelado
7057;250;456;18;9;pago
7058;250;3049;25;13;cancelado
7059;250;2862;34;17;pago
7060;250;12;24;12;enviado
7061;250;6597;50;25;pago
7062;250;931;57;29;enviado
7063;250;227;51;26;pago
7064;250;1077;48;24;pago
7065;250;1251;58;29;pago
7066;250;6834;63;32;pago
7067;250;1684;69;35;pago
7068;250;114;83;42;pago
7069;250;5282;77;39;pago
7070;250;2813;70;35;pago
7071;250;2997;89;45;pago
7072;250;5042;92;46;pago
7073;250;5425;86;43;pago
7074;250;7265;98;52;pago
7075;251;1576;42;21;pendente
7076;251;4443;35;18;pago
7077;251;6887;1;1;cancelado
7078;251;4081;25;13;pago
7079;251;5422;40;20;pago
7080;251;4683;13;7;pago
7081;251;5733;24;12;cancelado
7082;251;309;22;11;pago
7083;251;2378;8;4;pago
7084;251;1887;18;9;pago
7085;251;6368;42;21;pago
7086;251;6086;43;22;pago
7087;251;798;59;30;pago
7088;251;7070;60;30;pago
7089;251;3746;53;27;pago
7090;251;3963;57;29;pago
7091;251;6212;68;34;cancelado
7092;251;7266;77;39;pago
7093;251;1590;83;42;pago
7094;251;4008;83;42;pago
7095;251;2276;73;37;cancelado
7096;251;356;70;35;pago
7097;251;2735;88;44;pago
7098;251;6261;93;47;pago
7099;251;2743;95;49;pago
7100;251;1221;100;54;pago
7101;252;5410;39;20;enviado
7102;252;3901;20;10;pago
7103;252;1262;37;19;pago
7104;252;4211;7;4;pago
7105;252;1440;16;8;pago
7106;252;7134;13;7;cancelado
7107;252;3104;30;15;pago
7108;252;7343;27;14;pago
7109;252;467;35;18;pago
7110;252;1791;24;12;enviado
7111;252;3456;21;11;pago
7112;252;4776;22;11;pago
7113;252;1402;13;7;pago
7114;252;6046;13;7;cancelado
7115;252;5844;41;21;pago
7116;252;5749;58;29;pendente
7117;252;3747;55;28;pago
7118;252;4488;53;27;pago
7119;252;1275;50;25;pendente
7120;252;2855;62;31;cancelado
7121;252;7434;63;32;pago
7122;252;1163;82;41;pago
7123;252;4103;71;36;pago
7124;252;417;71;36;pago
7125;252;7073;70;35;pago
7126;252;5107;87;44;pago
7127;252;1701;89;45;pago
7128;252;6213;97;51;cancelado
7129;252;3706;96;50;pago
7130;253;279;26;13;pago
7131;253;6049;13;7;cancelado
7132;253;4483;19;10;pago
7133;253;5241;13;7;pago
7134;253;6135;18;9;pago
7135;253;5190;37;19;pago
7136;253;1612;15;8;pago
7137;253;7392;27;14;pago
7138;253;585;34;17;pago
7139;253;5504;26;13;pago
7140;253;5061;35;18;pago
7141;253;4436;2;1;pendente
7142;253;6808;7;4;cancelado
7143;253;5202;49;25;pago
7144;253;6933;54;27;pago
7145;253;2584;49;25;pendente
7146;253;674;63;32;pago
7147;253;6718;61;31;pago
7148;253;4333;46;23;pago
7149;253;1323;55;28;pago
7150;253;5632;69;35;pendente
7151;253;7426;80;40;pago
7152;253;7310;77;39;pago
7153;253;530;71;36;pago
7154;253;6897;76;38;pago
7155;253;6344;67;34;pago
7156;253;1881;87;44;pago
7157;253;449;91;46;pago
7158;253;949;86;43;pago
7159;253;2763;99;53;enviado
7160;254;5330;14;7;pago
7161;254;7068;31;16;enviado
7162;254;6954;38;19;pago
7163;254;1265;32;16;pago
7164;254;2432;7;4;cancelado
7165;254;5667;28;14;pago
7166;254;985;21;11;enviado
7167;254;5760;8;4;pago
7168;254;6235;6;3;pago
7169;254;2245;7;4;pago
7170;254;4654;43;22;pendente
7171;254;6228;1;1;pago
7172;254;7362;9;5;pago
7173;254;7143;13;7;pago
7174;254;2841;32;16;pago
7175;254;5318;53;27;pago
7176;254;5692;63;32;pago
7177;254;6100;57;29;pago
7178;254;1348;56;28;pago
7179;254;7258;46;23;pendente
7180;254;1165;45;23;pago
7181;254;5130;54;27;pago
7182;254;4119;80;40;enviado
7183;254;7486;75;38;enviado
7184;254;4424;80;40;enviado
7185;254;3076;84;42;pago
7186;254;574;71;36;pago
7187;254;6812;92;46;pago
7188;254;1516;89;45;pago
7189;254;1841;94;48;pago
7190;254;1762;98;52;cancelado
7191;255;1012;10;5;pago
7192;255;1266;43;22;pago
7193;255;5831;27;14;pago
7194;255;2024;21;11;pago
7195;255;4580;39;20;cancelado
7196;255;2036;15;8;pago
7197;255;3908;21;11;pago
7198;255;2832;30;15;pago
7199;255;4305;10;5;pendente
7200;255;1479;31;16;pendente
7201;255;4870;32;16;pago
7202;255;3440;44;22;pago
7203;255;1229;35;18;pago
7204;255;860;14;7;pago
7205;255;3797;57;29;enviado
7206;255;4374;49;25;pago
7207;255;4510;50;25;pago
7208;255;4482;56;28;enviado
7209;255;664;48;24;pago
7210;255;3445;52;26;pago
7211;255;3961;69;35;pago
7212;255;5595;70;35;pago
7213;255;6777;82;41;pago
7214;255;6753;76;38;pago
7215;255;2233;75;38;pendente
7216;255;6756;75;38;pago
7217;255;746;76;38;pago
7218;255;5497;89;45;pago
7219;255;1158;86;43;pago
7220;255;6299;92;46;pago
7221;255;701;100;54;pago
7222;255;2694;99;53;pago
7223;256;2050;23;12;pago
7224;256;1458;22;11;pago
7225;256;998;37;19;pago
7226;256;774;39;20;pago
7227;256;6428;20;10;pago
7228;256;4191;30;15;pendente
7229;256;5903;4;2;pago
7230;256;412;36;18;pago
7231;256;5514;22;11;pago
7232;256;2759;31;16;pago
7233;256;4085;41;21;pago
7234;256;6872;29;15;pendente
7235;256;4598;10;5;pago
7236;256;1106;11;6;pago
7237;256;4654;44;22;pago
7238;256;6229;51;26;pago
7239;256;4620;53;27;pago
7240;256;7121;51;26;pago
7241;256;2196;60;30;pago
7242;256;2347;55;28;pago
7243;256;4319;53;27;pago
7244;256;3953;77;39;pago
7245;256;1786;68;34;pago
7246;256;2231;79;40;pago
7247;256;4997;82;41;pago
7248;256;3719;65;33;pago
7249;256;5698;67;34;pago
7250;256;933;65;33;pendente
7251;256;1387;90;45;pago
7252;256;6600;91;46;pago
7253;256;2304;87;44;pago
7254;256;4531;95;49;pago
7255;257;4439;27;14;pago
7256;257;5941;29;15;pago
7257;257;6721;34;17;pago
7258;257;612;12;6;pago
7259;257;544;26;13;pago
7260;257;5380;1;1;pago
7261;257;5772;7;4;cancelado
7262;257;4840;26;13;pago
7263;257;6598;38;19;pago
7264;257;2820;8;4;pago
7265;257;3479;42;21;pago
7266;257;4003;41;21;enviado
7267;257;5419;30;15;pago
7268;257;3292;48;24;pago
7269;257;581;60;30;pago
7270;257;6833;54;27;cancelado
7271;257;3336;59;30;pago
7272;257;5179;49;25;pago
7273;257;1784;45;23;pago
7274;257;5883;53;27;pago
7275;257;7089;71;36;cancelado
7276;257;7002;81;41;pago
7277;257;2017;68;34;enviado
7278;257;4599;81;41;pago
7279;257;912;68;34;pago
7280;257;3520;67;34;pago
7281;257;6215;87;44;pago
7282;257;7492;93;47;pago
7283;257;3145;88;44;pago
7284;257;3787;95;49;pago
7285;257;336;99;53;pago
7286;258;7143;14;7;pago
7287;258;4854;34;17;pago
7288;258;5410;40;20;pago
7289;258;1363;11;6;enviado
7290;258;3499;29;15;pago
7291;258;4053;24;12;cancelado
7292;258;2938;43;22;pago
7293;258;4609;13;7;pago
7294;258;6808;7;4;cancelado
7295;258;7184;5;3;pago
7296;258;4075;10;5;pendente
7297;258;6510;33;17;pago
7298;258;495;29;15;pago
7299;258;4276;5;3;pago
7300;258;2598;61;31;pago
7301;258;3384;47;24;cancelado
7302;258;5012;56;28;pago
7303;258;6040;50;25;pago
7304;258;3428;60;30;pago
7305;258;3376;55;28;pago
7306;258;3715;64;32;pago
7307;258;4519;83;42;pago
7308;258;402;81;41;enviado
7309;258;6951;66;33;pendente
7310;258;6027;84;42;pago
7311;258;4470;77;39;pago
7312;258;4938;83;42;cancelado
7313;258;7192;93;47;pago
7314;258;3522;93;47;pago
7315;258;3986;89;45;pago
7316;258;6805;100;54;pago
7317;259;4702;8;4;pago
7318;259;5102;31;16;pago
7319;259;3533;21;11;pago
7320;259;3697;27;14;pago
7321;259;782;7;4;pago
7322;259;3266;11;6;pago
7323;259;1436;37;19;pago
7324;259;5801;26;13;pago
7325;259;4578;28;14;pago
7326;259;2023;28;14;pago
7327;259;2834;49;25;pago
7328;259;322;49;25;cancelado
7329;259;4820;56;28;cancelado
7330;259;1691;61;31;cancelado
7331;259;5467;45;23;cancelado
7332;259;6963;54;27;cancelado
7333;259;4228;65;33;pago
7334;259;4313;66;33;pago
7335;259;3385;66;33;pago
7336;259;1054;82;41;pago
7337;259;4229;66;33;cancelado
7338;259;451;71;36;pago
7339;259;2896;90;45;pago
7340;259;194;88;44;pago
7341;259;2603;99;53;pago
7342;259;6649;98;52;pago
7343;260;355;8;4;enviado
7344;260;6497;24;12;pago
7345;260;765;20;10;cancelado
7346;260;6330;6;3;pago
7347;260;2393;40;20;cancelado
7348;260;1414;29;15;pago
7349;260;5844;41;21;pago
7350;260;5868;25;13;pago
7351;260;7413;32;16;pago
7352;260;3062;16;8;pago
7353;260;2933;9;5;pago
7354;260;7244;12;6;pago
7355;260;2250;10;5;pago
7356;260;4258;5;3;pago
7357;260;5216;3;2;pago
7358;260;416;57;29;pago
7359;260;7030;63;32;pago
7360;260;3015;59;30;cancelado
7361;260;6874;61;31;pago
7362;260;4000;49;25;pago
7363;260;1973;54;27;pago
7364;260;5610;67;34;pago
7365;260;5610;68;34;cancelado
7366;260;4198;77;39;pago
7367;260;2869;70;35;cancelado
7368;260;4412;71;36;pago
7369;260;3211;93;47;pago
7370;260;3288;85;43;pago
7371;260;1300;96;50;pago
7372;260;3113;95;49;cancelado
7373;261;1649;7;4;pago
7374;261;6424;30;15;pago
7375;261;353;23;12;pago
7376;261;3861;20;10;pago
7377;261;4491;29;15;pago
7378;261;2203;38;19;pago
7379;261;7187;37;19;pago
7380;261;611;43;22;pago
7381;261;1117;31;16;pago
7382;261;306;2;1;pago
7383;261;7321;52;26;pago
7384;261;5084;62;31;pago
7385;261;4703;58;29;pago
7386;261;5499;58;29;cancelado
7387;261;2807;54;27;pago
7388;261;4030;68;34;pago
7389;261;1529;83;42;pago
7390;261;621;73;37;pago
7391;261;884;72;36;pago
7392;261;3736;81;41;pago
7393;261;1226;66;33;pago
7394;261;6083;86;43;pago
7395;261;7281;89;45;pago
7396;261;1104;87;44;pago
7397;261;4369;95;49;pago
7398;261;6953;100;54;pago
7399;262;1858;32;16;pago
7400;262;1816;38;19;pago
7401;262;4790;1;1;pago
7402;262;2399;18;9;pago
7403;262;7497;4;2;cancelado
7404;262;4108;10;5;cancelado
7405;262;5597;1;1;pago
7406;262;1264;8;4;pago
7407;262;2130;13;7;pago
7408;262;2457;27;14;pago
7409;262;3437;36;18;pago
7410;262;6531;49;25;cancelado
7411;262;6045;59;30;pago
7412;262;6541;47;24;pago
7413;262;1251;58;29;pago
7414;262;7434;63;32;pago
7415;262;1197;52;26;pago
7416;262;5531;59;30;pago
7417;262;1105;73;37;enviado
7418;262;6800;66;33;pago
7419;262;6268;76;38;pago
7420;262;2329;75;38;pago
7421;262;2384;80;40;pago
7422;262;980;74;37;pago
7423;262;4586;89;45;pago
7424;262;5701;87;44;enviado
7425;262;1624;100;54;pago
7426;262;3267;95;49;pago
7427;263;5930;37;19;pago
7428;263;5900;11;6;pago
7429;263;2950;12;6;enviado
7430;263;993;5;3;pago
7431;263;3083;10;5;pago
7432;263;6797;20;10;enviado
7433;263;1984;38;19;cancelado
7434;263;6830;19;10;cancelado
7435;263;2064;34;17;pago
7436;263;1019;25;13;pago
7437;263;5089;12;6;pago
7438;263;1904;55;28;pago
7439;263;5261;46;23;pago
7440;263;4544;50;25;pago
7441;263;3405;63;32;pago
7442;263;1097;81;41;pago
7443;263;4176;65;33;pago
7444;263;356;70;35;pago
7445;263;5400;71;36;pago
7446;263;1430;74;37;pendente
7447;263;122;70;35;cancelado
7448;263;1236;78;39;pago
7449;263;848;93;47;pago
7450;263;2389;90;45;pago
7451;263;4883;94;48;pago
7452;264;5339;14;7;pago
7453;264;2019;11;6;pago
7454;264;2637;28;14;pago
7455;264;497;42;21;pago
7456;264;4144;31;16;pago
7457;264;86;43;22;pago
7458;264;4654;44;22;pago
7459;264;6412;19;10;pago
7460;264;2941;9;5;pago
7461;264;5914;17;9;pago
7462;264;2204;22;11;pendente
7463;264;6706;26;13;pago
7464;264;3519;58;29;pago
7465;264;26;51;26;pago
7466;264;284;52;26;pago
7467;264;3394;47;24;pago
7468;264;502;80;40;pago
7469;264;3072;69;35;pago
7470;264;3952;78;39;pago
7471;264;5208;83;42;pago
7472;264;3672;73;37;pago
7473;264;4570;82;41;pago
7474;264;4526;92;46;pago
7475;264;1577;88;44;pago
7476;264;6609;100;54;pago
7477;264;6043;96;50;pago
7478;265;3883;41;21;pago
7479;265;1740;6;3;pago
7480;265;4173;21;11;pago
7481;265;6383;19;10;pago
7482;265;7105;10;5;pago
7483;265;4084;11;6;pendente
7484;265;1718;25;13;pago
7485;265;2838;30;15;cancelado
7486;265;1237;38;19;pago
7487;265;4748;30;15;pago
7488;265;6784;8;4;pago
7489;265;2784;40;20;pago
7490;265;6326;16;8;pago
7491;265;5355;61;31;pago
7492;265;4236;61;31;cancelado
7493;265;4797;53;27;cancelado
7494;265;5520;57;29;pago
7495;265;5151;52;26;enviado
7496;265;347;58;29;pago
7497;265;2397;51;26;cancelado
7498;265;5653;84;42;pago
7499;265;620;75;38;pago
7500;265;1335;82;41;pago
7501;265;3595;65;33;pago
7502;265;6170;81;41;pendente
7503;265;7312;72;36;pago
7504;265;2570;87;44;pago
7505;265;6630;93;47;pago
7506;265;4955;95;49;pago
7507;266;7165;11;6;pago
7508;266;1480;11;6;cancelado
7509;266;6459;17;9;pago
7510;266;6511;38;19;pago
7511;266;6857;38;19;pago
7512;266;4993;42;21;pago
7513;266;6690;6;3;pago
7514;266;1853;1;1;pago
7515;266;6598;38;19;cancelado
7516;266;5862;8;4;pago
7517;266;1019;26;13;pago
7518;266;5808;23;12;cancelado
7519;266;5835;4;2;pago
7520;266;673;38;19;cancelado
7521;266;1001;2;1;pago
7522;266;3146;63;32;pago
7523;266;169;58;29;pendente
7524;266;3592;57;29;pago
7525;266;4795;45;23;pago
7526;266;4187;49;25;pago
7527;266;6659;46;23;cancelado
7528;266;2278;69;35;pago
7529;266;1017;72;36;pago
7530;266;564;84;42;pago
7531;266;6015;79;40;pago
7532;266;2144;83;42;pago
7533;266;4714;72;36;pago
7534;266;4265;71;36;cancelado
7535;266;6899;87;44;pago
7536;266;3778;90;45;pago
7537;266;6435;87;44;pago
7538;266;5961;94;48;pago
7539;267;2759;32;16;pago
7540;267;3071;36;18;pago
7541;267;5370;15;8;pago
7542;267;4528;28;14;pago
7543;267;6934;23;12;pago
7544;267;2476;16;8;pago
7545;267;2866;3;2;pago
7546;267;104;28;14;pago
7547;267;964;20;10;pago
7548;267;4046;5;3;pago
7549;267;3286;18;9;pago
7550;267;4038;2;1;pago
7551;267;1956;9;5;pago
7552;267;2765;1;1;pago
7553;267;7472;7;4;pago
7554;267;3384;47;24;pendente
7555;267;6140;62;31;pago
7556;267;7341;45;23;pago
7557;267;28;56;28;pago
7558;267;6022;50;25;pago
7559;267;1833;62;31;pago
7560;267;7133;60;30;pago
7561;267;5828;72;36;pago
7562;267;122;70;35;cancelado
7563;267;2586;68;34;cancelado
7564;267;5328;79;40;pago
7565;267;6506;67;34;cancelado
7566;267;635;89;45;pago
7567;267;649;93;47;pago
7568;267;5523;88;44;pago
7569;267;5450;97;51;pago
7570;268;2837;39;20;pago
7571;268;5141;24;12;pago
7572;268;3646;17;9;pago
7573;268;2790;38;19;pago
7574;268;5568;25;13;pago
7575;268;173;1;1;pago
7576;268;5986;23;12;enviado
7577;268;5634;13;7;pago
7578;268;2159;13;7;pago
7579;268;6414;34;17;pago
7580;268;6885;49;25;pago
7581;268;6854;50;25;pago
7582;268;6592;55;28;pago
7583;268;6157;47;24;cancelado
7584;268;3260;53;27;pago
7585;268;1259;50;25;pago
7586;268;1116;84;42;pago
7587;268;6983;84;42;pago
7588;268;2350;82;41;pago
7589;268;5989;79;40;pago
7590;268;3603;78;39;pago
7591;268;616;65;33;pago
7592;268;1855;66;33;pago
7593;268;4875;93;47;pago
7594;268;194;87;44;pago
7595;268;2433;100;54;pago
7596;268;336;99;53;cancelado
7597;269;2519;36;18;enviado
7598;269;3510;20;10;pago
7599;269;6699;13;7;pago
7600;269;1909;24;12;pago
7601;269;685;20;10;pago
7602;269;1347;42;21;pago
7603;269;4826;15;8;pago
7604;269;116;35;18;pago
7605;269;4514;16;8;pago
7606;269;4729;19;10;pago
7607;269;2005;26;13;pago
7608;269;88;21;11;pago
7609;269;5416;63;32;pendente
7610;269;3888;55;28;pago
7611;269;3691;49;25;pendente
7612;269;3018;57;29;pendente
7613;269;1123;55;28;pago
7614;269;4446;65;33;pago
7615;269;3461;81;41;pago
7616;269;7443;76;38;pago
7617;269;839;74;37;pago
7618;269;6456;84;42;pago
7619;269;4722;84;42;pago
7620;269;7387;72;36;pago
7621;269;6442;91;46;pago
7622;269;1899;86;43;pago
7623;269;787;95;49;enviado
7624;269;994;99;53;pago
7625;270;764;6;3;pago
7626;270;703;21;11;pago
7627;270;758;34;17;pago
7628;270;3743;34;17;pago
7629;270;7135;27;14;pago
7630;270;2088;36;18;cancelado
7631;270;5599;23;12;pago
7632;270;6490;31;16;pago
7633;270;6589;19;10;pago
7634;270;4533;6;3;pago
7635;270;2840;37;19;pago
7636;270;5953;17;9;pago
7637;270;1334;56;28;pago
7638;270;7368;49;25;pago
7639;270;7260;51;26;pago
7640;270;2425;47;24;pago
7641;270;5012;56;28;pago
7642;270;540;82;41;pago
7643;270;968;83;42;pago
7644;270;5740;75;38;pago
7645;270;5818;67;34;pago
7646;270;2028;83;42;pago
7647;270;2233;76;38;pago
7648;270;5488;89;45;pago
7649;270;6573;87;44;enviado
7650;270;2666;98;52;enviado
7651;270;3633;100;54;pago
7652;271;5250;1;1;pago
7653;271;4232;5;3;cancelado
7654;271;1616;9;5;pago
7655;271;5243;38;19;pago
7656;271;1692;44;22;pago
7657;271;1008;1;1;pago
7658;271;1143;24;12;pago
7659;271;1981;24;12;pago
7660;271;3005;22;11;pago
7661;271;1388;10;5;pago
7662;271;6917;32;16;pago
7663;271;5195;31;16;pago
7664;271;2148;37;19;pago
7665;271;570;47;24;pago
7666;271;1010;60;30;pago
7667;271;2493;55;28;pago
7668;271;500;57;29;cancelado
7669;271;2574;48;24;pago
7670;271;5871;45;23;pago
7671;271;6861;45;23;pendente
7672;271;2265;84;42;pago
7673;271;4235;84;42;pago
7674;271;1430;74;37;pendente
7675;271;4297;70;35;enviado
7676;271;4700;65;33;pago
7677;271;4984;77;39;pago
7678;271;3682;87;44;cancelado
7679;271;2664;93;47;pago
7680;271;862;97;51;pago
7681;271;6043;96;50;pago
7682;272;3206;39;20;pago
7683;272;1987;10;5;pago
7684;272;7037;37;19;pago
7685;272;2897;39;20;cancelado
7686;272;5268;2;1;pago
7687;272;1853;1;1;cancelado
7688;272;4788;5;3;pago
7689;272;254;21;11;pago
7690;272;6486;35;18;pago
7691;272;7249;6;3;cancelado
7692;272;4888;25;13;pago
7693;272;541;20;10;pago
7694;272;4442;4;2;enviado
7695;272;6741;13;7;pago
7696;272;306;1;1;pago
7697;272;1799;23;12;pago
7698;272;3414;60;30;pago
7699;272;7434;64;32;pendente
7700;272;2383;64;32;pago
7701;272;2662;48;24;pago
7702;272;146;54;27;pago
7703;272;4248;58;29;pago
7704;272;668;57;29;pago
7705;272;4205;72;36;pago
7706;272;2212;80;40;pago
7707;272;7427;72;36;cancelado
7708;272;5085;69;35;pago
7709;272;5983;75;38;cancelado
7710;272;1204;77;39;pago
7711;272;6751;79;40;cancelado
7712;272;7450;93;47;pago
7713;272;1086;88;44;pago
7714;272;2740;85;43;pago
7715;272;428;98;52;pendente
7716;273;4027;23;12;pago
7717;273;3305;23;12;pago
7718;273;5808;24;12;pago
7719;273;5711;38;19;pago
7720;273;3789;30;15;pago
7721;273;233;2;1;pago
7722;273;774;40;20;cancelado
7723;273;3001;4;2;pago
7724;273;1354;2;1;pago
7725;273;2952;32;16;cancelado
7726;273;799;9;5;pago
7727;273;3230;31;16;pago
7728;273;1247;59;30;pago
7729;273;3356;51;26;pago
7730;273;2734;52;26;pago
7731;273;6271;58;29;pago
7732;273;2117;51;26;pago
7733;273;4700;66;33;pago
7734;273;120;80;40;pago
7735;273;4205;71;36;pago
7736;273;193;72;36;pago
7737;273;4181;71;36;pendente
7738;273;5663;67;34;pago
7739;273;5980;88;44;pago
7740;273;5066;93;47;pago
7741;273;7278;91;46;pago
7742;273;1336;96;50;pago
7743;274;5627;32;16;pago
7744;274;3739;29;15;enviado
7745;274;6446;16;8;pendente
7746;274;3779;36;18;cancelado
7747;274;2021;43;22;pago
7748;274;394;37;19;pago
7749;274;2989;18;9;cancelado
7750;274;6620;44;22;pago
7751;274;4840;26;13;cancelado
7752;274;7082;31;16;pago
7753;274;7112;25;13;pago
7754;274;7074;14;7;pago
7755;274;2410;18;9;pago
7756;274;4463;15;8;cancelado
7757;274;1871;61;31;pago
7758;274;359;58;29;pago
7759;274;2022;53;27;pago
7760;274;6586;46;23;pago
7761;274;569;51;26;pago
7762;274;5285;80;40;pago
7763;274;879;71;36;pago
7764;274;4355;77;39;pago
7765;274;4429;65;33;pago
7766;274;7183;91;46;pago
7767;274;2735;88;44;pago
7768;274;7448;94;48;pago
7769;275;5670;41;21;pago
7770;275;6480;22;11;pago
7771;275;4245;36;18;pago
7772;275;7370;30;15;pago
7773;275;1046;7;4;enviado
7774;275;6523;35;18;pago
7775;275;2203;38;19;pago
7776;275;1155;4;2;pago
7777;275;1853;2;1;enviado
7778;275;1155;3;2;pago
7779;275;5;10;5;pago
7780;275;3890;23;12;pago
7781;275;5078;25;13;pago
7782;275;6490;31;16;pago
7783;275;4872;32;16;pago
7784;275;6243;45;23;pago
7785;275;1485;64;32;pago
7786;275;6202;57;29;pago
7787;275;6907;54;27;pago
7788;275;888;51;26;pago
7789;275;2000;83;42;pago
7790;275;557;65;33;pendente
7791;275;665;68;34;pago
7792;275;356;70;35;pago
7793;275;5521;80;40;pago
7794;275;4350;79;40;pago
7795;275;6357;83;42;pendente
7796;275;7302;89;45;pago
7797;275;377;92;46;pago
7798;275;7183;92;46;pago
7799;275;719;96;50;pago
7800;276;1410;32;16;pago
7801;276;7109;22;11;pago
7802;276;5320;20;10;pendente
7803;276;202;17;9;pago
7804;276;4399;20;10;cancelado
7805;276;6348;13;7;pago
7806;276;2641;12;6;pago
7807;276;5002;13;7;cancelado
7808;276;3051;1;1;cancelado
7809;276;1142;5;3;enviado
7810;276;6296;8;4;pago
7811;276;1157;48;24;pago
7812;276;4319;54;27;enviado
7813;276;1782;56;28;pago
7814;276;5586;59;30;cancelado
7815;276;5651;48;24;pago
7816;276;4927;69;35;pago
7817;276;3819;82;41;pago
7818;276;84;78;39;pago
7819;276;1666;78;39;pago
7820;276;5698;68;34;pago
7821;276;7357;67;34;cancelado
7822;276;267;68;34;pago
7823;276;2980;88;44;pago
7824;276;7464;92;46;pago
7825;276;1376;97;51;pago
7826;276;5232;98;52;pago
7827;277;5723;41;21;pago
7828;277;2965;23;12;pago
7829;277;5098;2;1;pago
7830;277;7422;22;11;pago
7831;277;498;39;20;cancelado
7832;277;2170;36;18;pago
7833;277;6620;44;22;pendente
7834;277;4202;19;10;pago
7835;277;1672;13;7;pago
7836;277;4396;33;17;pago
7837;277;5638;33;17;pago
7838;277;5140;28;14;pago
7839;277;6775;14;7;pago
7840;277;6634;24;12;pago
7841;277;5181;12;6;pago
7842;277;983;47;24;pago
7843;277;318;59;30;pago
7844;277;4936;45;23;pago
7845;277;3784;60;30;pago
7846;277;1457;56;28;pago
7847;277;5468;60;30;pago
7848;277;6848;80;40;pago
7849;277;3894;80;40;pago
7850;277;6256;67;34;pago
7851;277;6362;65;33;pago
7852;277;225;85;43;pago
7853;277;3265;93;47;cancelado
7854;277;5777;87;44;pago
7855;277;5751;94;48;pago
7856;277;6360;97;51;pago
7857;278;4108;9;5;cancelado
7858;278;7453;36;18;pago
7859;278;1229;36;18;pago
7860;278;7290;8;4;pago
7861;278;3792;24;12;pago
7862;278;2814;26;13;pago
7863;278;7388;8;4;pago
7864;278;3875;33;17;pago
7865;278;2354;26;13;pago
7866;278;5197;9;5;pago
7867;278;5324;22;11;pago
7868;278;4682;2;1;pago
7869;278;5346;1;1;pago
7870;278;189;43;22;pago
7871;278;6885;50;25;cancelado
7872;278;185;62;31;enviado
7873;278;6139;61;31;pago
7874;278;440;59;30;enviado
7875;278;3704;66;33;pago
7876;278;1177;82;41;pago
7877;278;427;66;33;pago
7878;278;1350;82;41;cancelado
7879;278;4743;77;39;pago
7880;278;3325;81;41;pago
7881;278;3852;88;44;pago
7882;278;6209;91;46;enviado
7883;278;2367;96;50;cancelado
7884;278;6079;98;52;pago
7885;279;6062;1;1;pago
7886;279;2604;11;6;pago
7887;279;5850;44;22;cancelado
7888;279;1665;29;15;pago
7889;279;5582;17;9;pago
7890;279;2154;39;20;enviado
7891;279;5515;28;14;pago
7892;279;3153;1;1;pago
7893;279;672;42;21;pendente
7894;279;5169;4;2;cancelado
7895;279;2281;64;32;pago
7896;279;6993;64;32;cancelado
7897;279;1023;50;25;pago
7898;279;840;51;26;pago
7899;279;169;57;29;pago
7900;279;2172;78;39;pago
7901;279;2184;71;36;pago
7902;279;6648;65;33;pago
7903;279;3183;72;36;pago
7904;279;6168;75;38;pago
7905;279;1097;82;41;pago
7906;279;7312;71;36;pago
7907;279;2033;91;46;cancelado
7908;279;2977;91;46;pago
7909;279;5417;98;52;enviado
7910;280;4868;38;19;pago
7911;280;197;22;11;pago
7912;280;5543;17;9;pago
7913;280;5554;27;14;pago
7914;280;2597;28;14;pago
7915;280;5930;37;19;pago
7916;280;4335;20;10;pago
7917;280;6757;2;1;pago
7918;280;6998;8;4;pago
7919;280;867;20;10;pago
7920;280;3878;60;30;pago
7921;280;4243;48;24;pago
7922;280;4376;61;31;pago
7923;280;5072;48;24;pago
7924;280;6156;49;25;pago
7925;280;4198;78;39;pago
7926;280;5640;67;34;pago
7927;280;7193;79;40;pago
7928;280;1894;66;33;pago
7929;280;3694;82;41;pago
7930;280;7423;91;46;pago
7931;280;1471;87;44;pago
7932;280;3778;90;45;pago
7933;280;1324;99;53;pago
7934;281;990;11;6;pago
7935;281;7074;13;7;pago
7936;281;3753;44;22;pago
7937;281;2228;3;2;pago
7938;281;1265;31;16;pago
7939;281;7366;12;6;pago
7940;281;758;34;17;pago
7941;281;2032;6;3;pago
7942;281;2292;8;4;pendente
7943;281;4901;32;16;pago
7944;281;4266;43;22;pago
7945;281;6473;27;14;pago
7946;281;608;9;5;pago
7947;281;582;43;22;pago
7948;281;941;8;4;pago
7949;281;5651;47;24;pago
7950;281;1819;51;26;pago
7951;281;6665;62;31;pago
7952;281;4090;57;29;cancelado
7953;281;4938;84;42;cancelado
7954;281;6247;65;33;pago
7955;281;3003;69;35;pago
7956;281;4767;76;38;cancelado
7957;281;5276;69;35;pago
7958;281;874;85;43;cancelado
7959;281;733;92;46;pago
7960;281;6143;96;50;pago
7961;282;2716;27;14;cancelado
7962;282;5187;21;11;cancelado
7963;282;7286;15;8;pago
7964;282;2979;19;10;pago
7965;282;3887;18;9;pago
7966;282;6210;40;20;pago
7967;282;2314;18;9;pago
7968;282;5637;15;8;pago
7969;282;2072;26;13;pago
7970;282;5877;36;18;pago
7971;282;948;40;20;cancelado
7972;282;1080;61;31;pago
7973;282;6023;55;28;pago
7974;282;6651;59;30;pago
7975;282;7429;49;25;pago
7976;282;2467;50;25;pago
7977;282;5916;76;38;pago
7978;282;3898;83;42;pago
7979;282;4030;68;34;pago
7980;282;2388;78;39;cancelado
7981;282;3217;72;36;pago
7982;282;2125;78;39;pago
7983;282;3060;90;45;pago
7984;282;2375;88;44;pago
7985;282;3561;97;51;pago
7986;283;4149;33;17;pago
7987;283;5059;15;8;pago
7988;283;1406;4;2;pago
7989;283;985;22;11;cancelado
7990;283;742;5;3;enviado
7991;283;735;6;3;pago
7992;283;2500;33;17;pago
7993;283;3956;6;3;pago
7994;283;4167;17;9;enviado
7995;283;5269;16;8;pago
7996;283;6498;44;22;pago
7997;283;398;55;28;pago
7998;283;2018;50;25;pago
7999;283;4696;45;23;pago
8000;283;2091;60;30;pago
8001;283;2807;53;27;pago
8002;283;1686;54;27;pago
8003;283;536;78;39;pago
8004;283;5780;82;41;pago
8005;283;2173;65;33;pago
8006;283;3046;84;42;pago
8007;283;1418;67;34;enviado
8008;283;5535;70;35;cancelado
8009;283;1538;73;37;cancelado
8010;283;3140;90;45;pago
8011;283;5608;87;44;cancelado
8012;283;1682;92;46;pago
8013;283;4317;97;51;pago
8014;284;2832;29;15;pago
8015;284;4517;35;18;pago
8016;284;1103;30;15;pago
8017;284;309;22;11;pago
8018;284;4202;20;10;pago
8019;284;4157;38;19;enviado
8020;284;448;24;12;pendente
8021;284;6384;27;14;pago
8022;284;4085;42;21;pago
8023;284;3861;20;10;cancelado
8024;284;3339;2;1;pago
8025;284;5135;44;22;pago
8026;284;3853;48;24;pago
8027;284;2161;55;28;enviado
8028;284;4899;61;31;pago
8029;284;243;63;32;pago
8030;284;4722;83;42;cancelado
8031;284;1660;79;40;pago
8032;284;2441;78;39;pago
8033;284;1983;65;33;enviado
8034;284;402;82;41;enviado
8035;284;4093;78;39;pago
8036;284;4778;89;45;pago
8037;284;5813;93;47;pago
8038;284;6463;86;43;pago
8039;284;4581;99;53;pago
8040;285;4780;11;6;pago
8041;285;1679;4;2;pago
8042;285;5145;17;9;pago
8043;285;5236;24;12;cancelado
8044;285;6017;44;22;pago
8045;285;3759;12;6;pago
8046;285;6046;14;7;pago
8047;285;6275;16;8;pago
8048;285;2079;44;22;cancelado
8049;285;3119;31;16;pago
8050;285;4673;5;3;cancelado
8051;285;2719;20;10;pago
8052;285;1301;21;11;pendente
8053;285;2228;4;2;pago
8054;285;3538;7;4;cancelado
8055;285;7454;19;10;pago
8056;285;2138;48;24;pendente
8057;285;6005;62;31;pago
8058;285;5759;48;24;pago
8059;285;4476;52;26;pago
8060;285;2887;72;36;pago
8061;285;7486;75;38;pago
8062;285;5984;75;38;pago
8063;285;493;74;37;pago
8064;285;4519;83;42;pago
8065;285;6915;86;43;cancelado
8066;285;2977;92;46;pago
8067;285;7242;97;51;pago
8068;285;881;94;48;pago
8069;286;4881;39;20;pago
8070;286;6829;9;5;pago
8071;286;2700;5;3;pago
8072;286;7071;32;16;pago
8073;286;6284;43;22;pago
8074;286;189;43;22;pago
8075;286;299;43;22;enviado
8076;286;1779;4;2;cancelado
8077;286;4418;36;18;pago
8078;286;2502;14;7;pago
8079;286;5615;27;14;cancelado
8080;286;2828;14;7;pago
8081;286;706;17;9;pago
8082;286;6808;8;4;pago
8083;286;1224;32;16;pago
8084;286;4090;57;29;pago
8085;286;413;49;25;enviado
8086;286;916;57;29;pago
8087;286;31;61;31;pago
8088;286;1123;55;28;pago
8089;286;2097;48;24;pendente
8090;286;839;74;37;cancelado
8091;286;6738;81;41;pago
8092;286;871;69;35;pendente
8093;286;5109;80;40;pago
8094;286;38;76;38;pago
8095;286;604;87;44;pago
8096;286;5476;93;47;pago
8097;286;4941;92;46;pendente
8098;286;7017;94;48;pago
8099;286;2779;97;51;pago
8100;287;1733;44;22;pago
8101;287;3922;41;21;pago
8102;287;2755;29;15;pago
8103;287;4924;23;12;pago
8104;287;7320;40;20;pendente
8105;287;5945;12;6;pago
8106;287;5761;42;21;cancelado
8107;287;5044;41;21;pago
8108;287;913;15;8;pago
8109;287;4893;20;10;pago
8110;287;2769;30;15;pago
8111;287;2699;23;12;pago
8112;287;3142;7;4;pago
8113;287;2871;59;30;pago
8114;287;1461;60;30;pago
8115;287;6144;55;28;pago
8116;287;5841;63;32;pago
8117;287;1013;59;30;pago
8118;287;7429;50;25;pago
8119;287;1669;77;39;pago
8120;287;7012;68;34;pendente
8121;287;4134;66;33;pendente
8122;287;1755;67;34;pago
8123;287;3191;69;35;pago
8124;287;7087;74;37;pago
8125;287;4424;80;40;pago
8126;287;5593;88;44;pago
8127;287;6889;89;45;pago
8128;287;6812;91;46;pago
8129;287;1792;99;53;pago
8130;287;6111;95;49;pago
8131;288;1012;10;5;pago
8132;288;1749;1;1;pago
8133;288;691;18;9;pago
8134;288;16;32;16;pago
8135;288;2829;28;14;pago
8136;288;5253;18;9;pago
8137;288;6288;37;19;pago
8138;288;3995;43;22;pago
8139;288;3176;31;16;pago
8140;288;421;38;19;pago
8141;288;3043;28;14;pago
8142;288;6394;11;6;pendente
8143;288;954;34;17;pago
8144;288;2496;45;23;pago
8145;288;1770;54;27;pendente
8146;288;6585;47;24;cancelado
8147;288;5624;62;31;pago
8148;288;1552;58;29;pago
8149;288;4041;54;27;pago
8150;288;7058;69;35;pendente
8151;288;3300;73;37;cancelado
8152;288;6800;66;33;pago
8153;288;6126;83;42;pago
8154;288;6777;82;41;pago
8155;288;917;79;40;pago
8156;288;6174;87;44;pago
8157;288;4553;90;45;pago
8158;288;7450;93;47;pago
8159;288;6471;95;49;pago
8160;288;699;97;51;pago
8161;289;5786;21;11;pago
8162;289;104;27;14;pendente
8163;289;1309;37;19;cancelado
8164;289;1613;39;20;pago
8165;289;3193;16;8;pago
8166;289;7023;23;12;cancelado
8167;289;2296;34;17;pago
8168;289;5457;15;8;pago
8169;289;4143;21;11;pago
8170;289;5431;6;3;pago
8171;289;6315;17;9;pago
8172;289;3327;12;6;pago
8173;289;1367;20;10;cancelado
8174;289;3878;59;30;pago
8175;289;6189;57;29;enviado
8176;289;6668;47;24;pago
8177;289;346;56;28;pago
8178;289;6651;60;30;pago
8179;289;2313;53;27;pago
8180;289;3075;72;36;enviado
8181;289;5328;79;40;enviado
8182;289;3610;66;33;pago
8183;289;3057;80;40;pago
8184;289;3150;81;41;pago
8185;289;5630;77;39;pago
8186;289;3433;68;34;pago
8187;289;2530;87;44;pago
8188;289;3643;92;46;pago
8189;289;1812;86;43;pago
8190;289;4153;100;54;pago
8191;290;5170;30;15;pago
8192;290;6991;25;13;cancelado
8193;290;358;35;18;pago
8194;290;2844;17;9;pago
8195;290;7498;4;2;cancelado
8196;290;5445;24;12;pago
8197;290;6406;3;2;pago
8198;290;2368;3;2;pago
8199;290;4038;2;1;pago
8200;290;4847;30;15;pago
8201;290;4364;31;16;pago
8202;290;5;10;5;cancelado
8203;290;2745;1;1;pago
8204;290;6395;17;9;pago
8205;290;2216;18;9;cancelado
8206;290;3745;32;16;pago
8207;290;1404;58;29;pago
8208;290;4069;57;29;pago
8209;290;5759;48;24;pago
8210;290;5692;63;32;pago
8211;290;4795;45;23;pago
8212;290;2014;63;32;pago
8213;290;3961;70;35;pago
8214;290;7365;79;40;pago
8215;290;6258;73;37;pago
8216;290;1418;67;34;cancelado
8217;290;7038;74;37;pago
8218;290;6018;93;47;pago
8219;290;6630;93;47;pago
8220;290;2999;97;51;pago
8221;291;6260;17;9;pago
8222;291;3564;38;19;pago
8223;291;6008;17;9;pago
8224;291;4433;27;14;pago
8225;291;5313;34;17;pago
8226;291;826;5;3;pago
8227;291;7101;32;16;pago
8228;291;5231;38;19;pago
8229;291;594;36;18;pendente
8230;291;4109;8;4;pendente
8231;291;7289;47;24;pago
8232;291;1995;45;23;pago
8233;291;5883;54;27;pago
8234;291;1610;45;23;pago
8235;291;7113;69;35;pago
8236;291;2231;79;40;pago
8237;291;1435;66;33;enviado
8238;291;5589;69;35;enviado
8239;291;2454;67;34;pago
8240;291;4219;89;45;pago
8241;291;6984;91;46;pago
8242;291;6945;99;53;pago
8243;292;2791;11;6;pago
8244;292;867;20;10;pago
8245;292;5325;40;20;pago
8246;292;5686;6;3;pago
8247;292;5078;25;13;pago
8248;292;5270;25;13;pago
8249;292;3312;37;19;pago
8250;292;4720;18;9;pago
8251;292;5030;27;14;pago
8252;292;7155;38;19;pago
8253;292;826;5;3;pago
8254;292;7383;10;5;cancelado
8255;292;1068;5;3;pago
8256;292;1866;58;29;pago
8257;292;4441;53;27;pago
8258;292;3015;60;30;pendente
8259;292;359;57;29;pago
8260;292;4285;61;31;cancelado
8261;292;6874;61;31;pago
8262;292;488;83;42;pago
8263;292;4455;84;42;pago
8264;292;114;83;42;pago
8265;292;135;80;40;pago
8266;292;6027;84;42;pago
8267;292;643;79;40;pendente
8268;292;949;86;43;pago
8269;292;2337;86;43;cancelado
8270;292;4526;92;46;pago
8271;292;6979;96;50;pago
8272;293;6318;12;6;pago
8273;293;1565;43;22;pago
8274;293;6849;11;6;pago
8275;293;268;35;18;pago
8276;293;7290;8;4;pago
8277;293;6794;42;21;cancelado
8278;293;1997;3;2;pago
8279;293;5295;9;5;pago
8280;293;452;33;17;pago
8281;293;6063;15;8;cancelado
8282;293;5410;40;20;pago
8283;293;2860;21;11;pago
8284;293;5779;43;22;pago
8285;293;4296;39;20;enviado
8286;293;2908;49;25;cancelado
8287;293;4905;50;25;pago
8288;293;2899;61;31;pago
8289;293;4917;56;28;pago
8290;293;5814;70;35;pago
8291;293;6188;68;34;pago
8292;293;2634;74;37;pago
8293;293;2398;71;36;pago
8294;293;4455;83;42;pago
8295;293;44;88;44;pago
8296;293;6336;86;43;pago
8297;293;506;97;51;pago
8298;293;5417;98;52;pago
8299;294;1007;36;18;pago
8300;294;1984;38;19;pago
8301;294;4080;36;18;pago
8302;294;5598;11;6;pago
8303;294;904;36;18;pago
8304;294;3557;7;4;pago
8305;294;5945;12;6;pago
8306;294;4753;18;9;pago
8307;294;2053;42;21;pago
8308;294;6991;25;13;pago
8309;294;3914;5;3;pago
8310;294;5393;31;16;pago
8311;294;7295;31;16;pago
8312;294;7271;41;21;pago
8313;294;7172;20;10;pago
8314;294;303;31;16;enviado
8315;294;7429;49;25;pago
8316;294;3101;47;24;pago
8317;294;1768;51;26;pago
8318;294;57;61;31;pago
8319;294;7353;46;23;pago
8320;294;6310;55;28;pago
8321;294;4092;60;30;pendente
8322;294;2398;72;36;pago
8323;294;1413;67;34;pago
8324;294;3241;80;40;pago
8325;294;119;77;39;pago
8326;294;3097;70;35;pago
8327;294;3929;74;37;pago
8328;294;6381;67;34;pago
8329;294;3931;86;43;pago
8330;294;3240;93;47;pago
8331;294;6485;92;46;pago
8332;294;92;96;50;pago
8333;295;6;12;6;enviado
8334;295;3965;21;11;pago
8335;295;1597;13;7;pago
8336;295;5571;10;5;cancelado
8337;295;2527;21;11;pago
8338;295;1067;29;15;pago
8339;295;2204;22;11;pago
8340;295;4533;6;3;pago
8341;295;1309;38;19;pago
8342;295;13;26;13;pago
8343;295;4161;39;20;pendente
8344;295;817;40;20;pago
8345;295;1967;14;7;pago
8346;295;6265;60;30;pago
8347;295;1866;57;29;pago
8348;295;443;45;23;pago
8349;295;4921;60;30;pago
8350;295;3534;49;25;pago
8351;295;7087;73;37;pago
8352;295;4754;78;39;pago
8353;295;885;66;33;pendente
8354;295;2488;78;39;pago
8355;295;390;80;40;pago
8356;295;5984;75;38;pago
8357;295;5372;89;45;pago
8358;295;3959;89;45;pago
8359;295;46;91;46;pago
8360;295;198;99;53;pago
8361;296;2656;23;12;pago
8362;296;3983;6;3;cancelado
8363;296;3832;18;9;pago
8364;296;2419;36;18;pago
8365;296;742;6;3;pago
8366;296;1411;13;7;pago
8367;296;2545;20;10;enviado
8368;296;3892;15;8;pago
8369;296;501;35;18;pago
8370;296;1909;23;12;cancelado
8371;296;2492;32;16;pago
8372;296;6224;10;5;cancelado
8373;296;4578;28;14;pago
8374;296;4277;50;25;pago
8375;296;2215;46;23;pago
8376;296;300;55;28;pago
8377;296;1282;55;28;pago
8378;296;6036;83;42;pago
8379;296;5239;79;40;cancelado
8380;296;4798;81;41;pago
8381;296;6239;72;36;pago
8382;296;3343;70;35;pago
8383;296;6432;84;42;pago
8384;296;5494;81;41;pago
8385;296;1788;92;46;pago
8386;296;69;85;43;pago
8387;296;6913;95;49;pago
8388;296;1336;96;50;pago
8389;297;547;24;12;enviado
8390;297;5670;42;21;pago
8391;297;3143;8;4;cancelado
8392;297;6910;43;22;pago
8393;297;4826;16;8;pago
8394;297;6755;40;20;pago
8395;297;6459;18;9;pago
8396;297;68;2;1;pago
8397;297;3157;14;7;pago
8398;297;2021;44;22;enviado
8399;297;7325;43;22;cancelado
8400;297;2641;11;6;pago
8401;297;3985;50;25;pago
8402;297;1709;46;23;pago
8403;297;1339;50;25;pago
8404;297;1026;47;24;pago
8405;297;7288;61;31;pago
8406;297;6287;58;29;pago
8407;297;1545;76;38;pago
8408;297;7427;72;36;pago
8409;297;5937;76;38;pago
8410;297;2353;82;41;pago
8411;297;1553;76;38;pago
8412;297;1487;93;47;pago
8413;297;6704;86;43;pago
8414;297;4139;94;48;enviado
8415;298;5829;31;16;pago
8416;298;5252;22;11;pago
8417;298;2487;20;10;pago
8418;298;7290;7;4;pago
8419;298;7036;1;1;pago
8420;298;7273;27;14;pago
8421;298;4533;5;3;pago
8422;298;6085;29;15;pago
8423;298;3882;40;20;pago
8424;298;1363;11;6;pago
8425;298;1521;39;20;pago
8426;298;3049;25;13;pago
8427;298;5529;13;7;pago
8428;298;6275;15;8;pago
8429;298;3401;27;14;pago
8430;298;4419;61;31;pago
8431;298;798;59;30;pago
8432;298;385;60;30;pago
8433;298;6683;63;32;cancelado
8434;298;2430;52;26;pendente
8435;298;4975;82;41;pago
8436;298;6052;70;35;pago
8437;298;119;78;39;pendente
8438;298;1447;75;38;cancelado
8439;298;6372;73;37;cancelado
8440;298;7462;75;38;pago
8441;298;6515;77;39;pago
8442;298;6485;92;46;pendente
8443;298;1632;88;44;pago
8444;298;4883;94;48;pago
8445;299;1729;35;18;pago
8446;299;3504;4;2;pago
8447;299;3387;7;4;pago
8448;299;1225;35;18;pendente
8449;299;4245;35;18;pago
8450;299;6556;33;17;pago
8451;299;4062;34;17;cancelado
8452;299;6316;19;10;pago
8453;299;5681;23;12;pago
8454;299;6223;40;20;pago
8455;299;7309;9;5;pago
8456;299;2954;37;19;enviado
8457;299;712;22;11;pago
8458;299;3676;14;7;pago
8459;299;1888;18;9;pago
8460;299;301;44;22;enviado
8461;299;3878;60;30;cancelado
8462;299;6467;52;26;pago
8463;299;686;54;27;pago
8464;299;4187;49;25;pago
8465;299;7429;49;25;pendente
8466;299;5635;57;29;pago
8467;299;6107;75;38;pago
8468;299;5502;69;35;cancelado
8469;299;7081;83;42;pago
8470;299;1349;67;34;pago
8471;299;4198;78;39;pago
8472;299;1529;83;42;enviado
8473;299;4362;77;39;pago
8474;299;1896;87;44;pago
8475;299;4128;93;47;pago
8476;299;6866;86;43;pago
8477;299;5146;97;51;pago
8478;300;6776;39;20;pago
8479;300;6680;6;3;cancelado
8480;300;6445;44;22;pago
8481;300;3358;16;8;cancelado
8482;300;2085;26;13;pago
8483;300;5078;26;13;pago
8484;300;4571;38;19;pago
8485;300;6990;41;21;cancelado
8486;300;4154;2;1;pago
8487;300;4002;26;13;pago
8488;300;4902;42;21;pago
8489;300;5544;24;12;pago
8490;300;5089;12;6;pago
8491;300;5524;23;12;enviado
8492;300;5242;46;23;pendente
8493;300;2029;47;24;enviado
8494;300;106;52;26;pago
8495;300;4487;51;26;pago
8496;300;4000;49;25;pendente
8497;300;7410;77;39;pago
8498;300;4039;75;38;pago
8499;300;4896;76;38;pago
8500;300;1098;72;36;pago
8501;300;136;71;36;pago
8502;300;848;93;47;cancelado
8503;300;1322;89;45;pago
8504;300;2514;93;47;pago
8505;300;1841;94;48;pago
8506;301;6298;30;15;pago
8507;301;6308;32;16;pago
8508;301;2034;30;15;pago
8509;301;3422;31;16;pago
8510;301;1608;1;1;pago
8511;301;7386;6;3;pago
8512;301;6099;19;10;pago
8513;301;73;32;16;pago
8514;301;90;3;2;pago
8515;301;634;7;4;pago
8516;301;139;28;14;pago
8517;301;4952;48;24;pago
8518;301;841;62;31;pago
8519;301;1390;52;26;pago
8520;301;5624;61;31;pago
8521;301;3069;53;27;pago
8522;301;3461;82;41;pago
8523;301;3013;73;37;pago
8524;301;1472;83;42;pago
8525;301;6729;70;35;pago
8526;301;4725;69;35;pago
8527;301;3858;70;35;cancelado
8528;301;7198;82;41;enviado
8529;301;6630;93;47;pago
8530;301;6130;86;43;pago
8531;301;7192;93;47;pago
8532;301;1690;97;51;pago
8533;301;4634;99;53;pago
8534;302;5442;5;3;pago
8535;302;1562;22;11;pago
8536;302;5073;33;17;pago
8537;302;3462;15;8;pago
8538;302;5292;30;15;pago
8539;302;4654;43;22;pago
8540;302;2717;36;18;pago
8541;302;1089;28;14;enviado
8542;302;4781;40;20;pago
8543;302;2950;12;6;pago
8544;302;541;19;10;pago
8545;302;9;18;9;pago
8546;302;5193;28;14;pago
8547;302;2723;18;9;pago
8548;302;4736;44;22;pago
8549;302;2848;64;32;cancelado
8550;302;2380;59;30;pago
8551;302;6659;46;23;pago
8552;302;3859;61;31;pago
8553;302;5096;51;26;pago
8554;302;2008;80;40;pago
8555;302;2526;77;39;pago
8556;302;5740;75;38;pago
8557;302;6584;67;34;pago
8558;302;2808;67;34;pago
8559;302;4532;85;43;pago
8560;302;60;91;46;pago
8561;302;6452;93;47;pago
8562;302;4393;94;48;pago
8563;302;5043;95;49;pago
8564;303;6161;28;14;pago
8565;303;5193;28;14;enviado
8566;303;6480;22;11;pago
8567;303;7050;35;18;pendente
8568;303;5921;21;11;pago
8569;303;2541;13;7;pago
8570;303;1106;12;6;pago
8571;303;4238;28;14;cancelado
8572;303;5804;12;6;pendente
8573;303;3916;35;18;pago
8574;303;3916;36;18;pago
8575;303;5383;50;25;pendente
8576;303;2380;59;30;cancelado
8577;303;3669;62;31;pago
8578;303;6807;50;25;pago
8579;303;4688;54;27;pago
8580;303;5383;49;25;pago
8581;303;4899;61;31;pendente
8582;303;1496;73;37;pago
8583;303;1035;76;38;pago
8584;303;286;82;41;pago
8585;303;2268;75;38;pendente
8586;303;3910;80;40;pago
8587;303;6335;70;35;pago
8588;303;3530;93;47;pendente
8589;303;3299;92;46;cancelado
8590;303;5042;92;46;pago
8591;303;7385;95;49;pago
8592;304;4062;34;17;cancelado
8593;304;6366;40;20;pago
8594;304;7467;14;7;pago
8595;304;2566;28;14;enviado
8596;304;5148;7;4;pendente
8597;304;6034;8;4;pago
8598;304;6325;39;20;pago
8599;304;6235;5;3;enviado
8600;304;1103;29;15;pago
8601;304;426;55;28;pendente
8602;304;2460;59;30;pago
8603;304;6995;51;26;pago
8604;304;3314;58;29;pago
8605;304;686;53;27;pago
8606;304;7089;71;36;pago
8607;304;6074;72;36;enviado
8608;304;4181;71;36;pago
8609;304;103;74;37;pago
8610;304;1135;69;35;pago
8611;304;3948;90;45;pago
8612;304;3778;89;45;pago
8613;304;1812;86;43;cancelado
8614;304;894;99;53;pendente
8615;305;2405;18;9;pago
8616;305;3001;4;2;enviado
8617;305;260;23;12;pago
8618;305;3109;42;21;pago
8619;305;1188;21;11;pago
8620;305;182;34;17;pago
8621;305;3906;34;17;pago
8622;305;5584;39;20;enviado
8623;305;2259;27;14;enviado
8624;305;6520;44;22;pago
8625;305;389;21;11;pago
8626;305;6730;38;19;pago
8627;305;4729;20;10;pago
8628;305;371;22;11;cancelado
8629;305;7390;61;31;pago
8630;305;5750;60;30;pendente
8631;305;175;58;29;pago
8632;305;674;63;32;pago
8633;305;7269;62;31;cancelado
8634;305;6628;60;30;pago
8635;305;5663;67;34;pago
8636;305;5668;78;39;pago
8637;305;5229;70;35;pago
8638;305;4342;69;35;pago
8639;305;1161;92;46;pago
8640;305;3288;86;43;pago
8641;305;1248;89;45;pago
8642;305;167;95;49;pago
8643;306;172;16;8;pago
8644;306;899;24;12;pago
8645;306;4130;12;6;pendente
8646;306;1473;14;7;pago
8647;306;5144;28;14;pago
8648;306;247;26;13;pago
8649;306;6829;10;5;pago
8650;306;1997;4;2;pago
8651;306;7148;42;21;pago
8652;306;1743;7;4;pago
8653;306;2677;32;16;pago
8654;306;6497;23;12;pago
8655;306;5319;46;23;pago
8656;306;2882;61;31;pago
8657;306;2110;61;31;pendente
8658;306;3814;54;27;pago
8659;306;1489;84;42;pago
8660;306;5989;79;40;pago
8661;306;1333;66;33;pago
8662;306;5799;80;40;pago
8663;306;3982;67;34;pago
8664;306;3496;84;42;pago
8665;306;5983;75;38;cancelado
8666;306;2133;85;43;pago
8667;306;6209;92;46;cancelado
8668;306;4034;98;52;pago
8669;307;7441;5;3;pago
8670;307;2670;8;4;pago
8671;307;5514;21;11;pago
8672;307;1733;44;22;pago
8673;307;5050;34;17;pago
8674;307;1638;29;15;pago
8675;307;6509;34;17;pendente
8676;307;3477;40;20;pago
8677;307;68;1;1;pendente
8678;307;6918;5;3;pago
8679;307;1562;21;11;pago
8680;307;1849;41;21;pago
8681;307;7420;9;5;pago
8682;307;3906;33;17;pago
8683;307;5571;9;5;pago
8684;307;1270;53;27;pago
8685;307;6115;47;24;pago
8686;307;6115;47;24;pago
8687;307;580;64;32;pendente
8688;307;4320;58;29;pago
8689;307;5186;51;26;pago
8690;307;2624;59;30;pago
8691;307;2187;74;37;pago
8692;307;1751;71;36;cancelado
8693;307;1050;69;35;pago
8694;307;1550;81;41;pago
8695;307;2789;70;35;pago
8696;307;4142;66;33;pago
8697;307;1303;67;34;pago
8698;307;4765;93;47;pago
8699;307;1196;92;46;pago
8700;307;5203;92;46;pago
8701;307;1336;96;50;pago
8702;307;5062;96;50;cancelado
8703;308;5039;8;4;pendente
8704;308;7205;23;12;pago
8705;308;2859;41;21;pago
8706;308;6288;37;19;pago
8707;308;5204;13;7;pago
8708;308;1733;44;22;pago
8709;308;6815;26;13;pago
8710;308;6482;11;6;pago
8711;308;5645;26;13;pago
8712;308;7214;16;8;pago
8713;308;748;41;21;pago
8714;308;3742;19;10;pago
8715;308;3660;4;2;pago
8716;308;6116;19;10;pago
8717;308;6034;8;4;pago
8718;308;6284;44;22;pago
8719;308;6807;49;25;pago
8720;308;2821;46;23;pago
8721;308;5720;55;28;pago
8722;308;3527;51;26;pago
8723;308;1843;49;25;pago
8724;308;5264;74;37;pago
8725;308;6256;68;34;pago
8726;308;6350;74;37;pago
8727;308;537;69;35;pago
8728;308;4633;68;34;pago
8729;308;3255;65;33;pago
8730;308;5920;82;41;cancelado
8731;308;5657;93;47;pago
8732;308;2845;93;47;cancelado
8733;308;1235;89;45;pago
8734;308;4468;100;54;pago
8735;309;2255;30;15;pago
8736;309;4390;15;8;pago
8737;309;3353;20;10;pago
8738;309;5230;2;1;pago
8739;309;2670;8;4;pago
8740;309;4584;1;1;enviado
8741;309;3735;41;21;pago
8742;309;2189;12;6;pago
8743;309;2132;25;13;pago
8744;309;303;32;16;pago
8745;309;2620;17;9;pago
8746;309;7027;38;19;cancelado
8747;309;655;4;2;pago
8748;309;7090;21;11;pago
8749;309;504;23;12;pago
8750;309;6861;46;23;pago
8751;309;575;45;23;pago
8752;309;1340;48;24;cancelado
8753;309;2155;45;23;pago
8754;309;5318;54;27;cancelado
8755;309;5171;83;42;pago
8756;309;537;69;35;cancelado
8757;309;4123;66;33;pago
8758;309;320;82;41;pago
8759;309;630;71;36;pago
8760;309;5611;77;39;enviado
8761;309;4163;76;38;pago
8762;309;5456;88;44;cancelado
8763;309;6712;92;46;pago
8764;309;5585;95;49;enviado
8765;309;4280;94;48;pago
8766;310;3801;10;5;pago
8767;310;453;29;15;pago
8768;310;3970;17;9;pago
8769;310;3278;18;9;pago
8770;310;2469;22;11;enviado
8771;310;3313;16;8;pago
8772;310;838;42;21;pago
8773;310;4106;4;2;pago
8774;310;6446;15;8;pago
8775;310;5122;16;8;pago
8776;310;4939;29;15;pago
8777;310;2145;32;16;pago
8778;310;472;14;7;enviado
8779;310;192;1;1;pago
8780;310;3628;9;5;pago
8781;310;7225;3;2;pago
8782;310;7301;46;23;pago
8783;310;93;56;28;pago
8784;310;6513;58;29;pago
8785;310;7361;52;26;pago
8786;310;6141;59;30;pago
8787;310;6665;61;31;pago
8788;310;6843;56;28;pago
8789;310;1606;72;36;pago
8790;310;6268;75;38;pago
8791;310;746;76;38;pago
8792;310;7456;84;42;pago
8793;310;3994;84;42;pago
8794;310;5927;83;42;pago
8795;310;390;80;40;cancelado
8796;310;2932;90;45;pago
8797;310;5088;85;43;pago
8798;310;2386;85;43;pago
8799;310;5412;95;49;cancelado
8800;310;6896;94;48;pago
8801;311;4435;3;2;pago
8802;311;2118;15;8;pago
8803;311;5152;34;17;pago
8804;311;6780;28;14;pago
8805;311;4596;37;19;pago
8806;311;3159;4;2;pago
8807;311;4146;28;14;pago
8808;311;4506;3;2;pago
8809;311;1291;25;13;pago
8810;311;2332;1;1;pago
8811;311;5954;10;5;pago
8812;311;2637;27;14;pago
8813;311;2659;31;16;cancelado
8814;311;7363;11;6;pago
8815;311;6331;15;8;pago
8816;311;1213;8;4;cancelado
8817;311;6730;37;19;enviado
8818;311;5798;47;24;pago
8819;311;7348;63;32;pago
8820;311;6363;64;32;pendente
8821;311;2418;52;26;cancelado
8822;311;4248;57;29;pago
8823;311;5163;62;31;pago
8824;311;5054;58;29;pago
8825;311;2173;65;33;cancelado
8826;311;6856;68;34;pago
8827;311;7198;81;41;pago
8828;311;7345;80;40;pago
8829;311;6856;67;34;pago
8830;311;6404;81;41;pago
8831;311;6577;79;40;pendente
8832;311;6630;93;47;pago
8833;311;5083;89;45;pago
8834;311;6226;97;51;pago
8835;312;289;22;11;pago
8836;312;2741;28;14;pago
8837;312;534;44;22;pago
8838;312;4550;28;14;cancelado
8839;312;155;30;15;pago
8840;312;4315;2;1;pago
8841;312;6080;38;19;pago
8842;312;4692;9;5;pago
8843;312;2090;43;22;pago
8844;312;6831;28;14;pago
8845;312;5089;12;6;pago
8846;312;2702;20;10;pago
8847;312;743;47;24;pago
8848;312;743;47;24;pago
8849;312;5616;56;28;pago
8850;312;6854;49;25;pago
8851;312;2107;56;28;cancelado
8852;312;119;78;39;pago
8853;312;1785;75;38;pago
8854;312;5224;75;38;enviado
8855;312;779;73;37;pago
8856;312;3868;83;42;pago
8857;312;564;83;42;pago
8858;312;757;82;41;pago
8859;312;4789;88;44;pago
8860;312;3402;88;44;pago
8861;312;5994;85;43;pago
8862;312;5371;94;48;pago
8863;312;5482;100;54;pago
8864;313;1645;9;5;cancelado
8865;313;1155;3;2;pago
8866;313;5633;30;15;pago
8867;313;3194;30;15;pago
8868;313;3978;28;14;pago
8869;313;4035;14;7;pago
8870;313;1253;14;7;pendente
8871;313;7214;15;8;pago
8872;313;4793;22;11;pago
8873;313;4555;16;8;pago
8874;313;3154;53;27;pago
8875;313;4464;46;23;pago
8876;313;4568;63;32;pago
8877;313;3991;61;31;pago
8878;313;1113;45;23;pago
8879;313;5861;81;41;pago
8880;313;3369;74;37;pago
8881;313;6192;81;41;cancelado
8882;313;5131;77;39;pago
8883;313;3811;79;40;pago
8884;313;3934;77;39;pago
8885;313;4897;76;38;pago
8886;313;3192;88;44;pago
8887;313;140;91;46;pago
8888;313;1541;94;48;pago
8889;314;6511;38;19;pago
8890;314;4755;41;21;pago
8891;314;4174;17;9;pago
8892;314;7394;37;19;pago
8893;314;439;13;7;pago
8894;314;3233;22;11;pago
8895;314;2104;33;17;pago
8896;314;6847;19;10;pago
8897;314;1188;21;11;pago
8898;314;6342;36;18;cancelado
8899;314;6163;43;22;pago
8900;314;405;7;4;pago
8901;314;1642;2;1;pago
8902;314;5213;44;22;pago
8903;314;2790;37;19;pago
8904;314;524;64;32;pago
8905;314;240;55;28;pago
8906;314;6861;45;23;pendente
8907;314;2138;48;24;pago
8908;314;1567;51;26;cancelado
8909;314;3303;53;27;pago
8910;314;5602;72;36;pago
8911;314;121;71;36;pago
8912;314;1891;78;39;pago
8913;314;7462;76;38;enviado
8914;314;136;72;36;pago
8915;314;4769;83;42;pago
8916;314;2980;88;44;enviado
8917;314;6801;89;45;pago
8918;314;4910;100;54;pago
8919;315;7482;17;9;pago
8920;315;5756;39;20;pago
8921;315;2540;4;2;pago
8922;315;4405;35;18;enviado
8923;315;7421;5;3;enviado
8924;315;7082;31;16;cancelado
8925;315;349;30;15;pago
8926;315;5169;4;2;pago
8927;315;2772;4;2;pago
8928;315;1214;31;16;pago
8929;315;2032;5;3;pago
8930;315;2938;44;22;pago
8931;315;2038;2;1;pago
8932;315;4296;40;20;pago
8933;315;4156;38;19;pago
8934;315;5888;49;25;pago
8935;315;4204;51;26;pendente
8936;315;6527;63;32;pago
8937;315;5792;59;30;pendente
8938;315;2161;55;28;pago
8939;315;7051;63;32;pago
8940;315;2919;68;34;pago
8941;315;7251;77;39;pago
8942;315;6478;82;41;pago
8943;315;5432;70;35;pago
8944;315;82;81;41;pago
8945;315;2391;91;46;pago
8946;315;5777;88;44;pago
8947;315;3674;92;46;pago
8948;315;4759;95;49;pago
8949;316;2021;44;22;pago
8950;316;7420;9;5;pago
8951;316;1367;19;10;pago
8952;316;6677;41;21;cancelado
8953;316;2719;19;10;pendente
8954;316;6477;39;20;pago
8955;316;3667;33;17;pago
8956;316;6306;2;1;pago
8957;316;2332;2;1;pago
8958;316;6179;11;6;pago
8959;316;395;5;3;cancelado
8960;316;3151;2;1;pago
8961;316;4884;4;2;cancelado
8962;316;1688;10;5;pago
8963;316;563;35;18;pago
8964;316;500;57;29;pago
8965;316;1765;63;32;pago
8966;316;5886;54;27;pago
8967;316;2960;52;26;pendente
8968;316;5196;57;29;pago
8969;316;3092;64;32;cancelado
8970;316;5750;60;30;pago
8971;316;4388;80;40;pago
8972;316;5601;81;41;pago
8973;316;578;70;35;pago
8974;316;4355;78;39;cancelado
8975;316;2526;78;39;pago
8976;316;6544;65;33;pago
8977;316;5534;66;33;pago
8978;316;4520;86;43;cancelado
8979;316;6711;89;45;pago
8980;316;4385;87;44;pago
8981;316;772;94;48;pago
8982;316;6143;96;50;pago
8983;317;3049;26;13;pago
8984;317;4346;14;7;pago
8985;317;6086;44;22;pago
8986;317;904;35;18;cancelado
8987;317;2523;29;15;pendente
8988;317;4892;20;10;pago
8989;317;1264;7;4;pago
8990;317;1382;12;6;pago
8991;317;3722;30;15;pago
8992;317;419;4;2;pago
8993;317;299;44;22;cancelado
8994;317;3185;60;30;pago
8995;317;3636;59;30;pago
8996;317;5910;48;24;pago
8997;317;1123;56;28;pago
8998;317;434;47;24;cancelado
8999;317;674;63;32;pago
9000;317;3190;50;25;enviado
9001;317;952;66;33;pago
9002;317;103;74;37;cancelado
9003;317;3222;79;40;pago
9004;317;4297;69;35;pago
9005;317;6463;85;43;pago
9006;317;2835;93;47;pago
9007;317;5212;93;47;cancelado
9008;317;5443;100;54;pago
9009;318;6546;6;3;pago
9010;318;1652;35;18;pago
9011;318;2392;37;19;pago
9012;318;2145;31;16;pago
9013;318;2720;25;13;pago
9014;318;6082;26;13;pago
9015;318;675;40;20;cancelado
9016;318;7273;27;14;pago
9017;318;1725;24;12;pago
9018;318;7101;31;16;pago
9019;318;487;15;8;enviado
9020;318;4529;11;6;pago
9021;318;5676;5;3;pago
9022;318;6406;3;2;enviado
9023;318;6446;16;8;pago
9024;318;5477;63;32;pago
9025;318;6665;61;31;pendente
9026;318;7468;45;23;pago
9027;318;5888;50;25;pago
9028;318;596;63;32;pago
9029;318;3833;49;25;pago
9030;318;1365;84;42;pago
9031;318;2112;67;34;pago
9032;318;814;68;34;pago
9033;318;972;71;36;pago
9034;318;3962;70;35;pago
9035;318;3694;81;41;pago
9036;318;630;72;36;pago
9037;318;6282;88;44;pago
9038;318;2664;93;47;pago
9039;318;3249;95;49;pago
9040;319;4965;29;15;pago
9041;319;6423;5;3;cancelado
9042;319;4940;14;7;cancelado
9043;319;4682;1;1;pago
9044;319;762;39;20;pago
9045;319;850;3;2;pago
9046;319;5634;14;7;pago
9047;319;2149;23;12;pago
9048;319;6138;20;10;pago
9049;319;610;37;19;pago
9050;319;1678;14;7;pago
9051;319;477;61;31;pago
9052;319;2615;56;28;pago
9053;319;2381;64;32;cancelado
9054;319;3734;64;32;pago
9055;319;6993;64;32;pago
9056;319;2956;56;28;pendente
9057;319;5888;50;25;pendente
9058;319;1094;72;36;pago
9059;319;4039;75;38;pago
9060;319;4047;73;37;pago
9061;319;6875;65;33;pago
9062;319;4126;72;36;pago
9063;319;6070;71;36;pago
9064;319;2390;86;43;pago
9065;319;1946;93;47;pago
9066;319;7067;88;44;pago
9067;319;1999;100;54;pago
9068;320;2359;14;7;pago
9069;320;7135;28;14;pago
9070;320;2222;27;14;pago
9071;320;1279;24;12;pago
9072;320;2240;22;11;pago
9073;320;2260;7;4;pago
9074;320;5350;33;17;pago
9075;320;1408;37;19;pago
9076;320;5160;26;13;pago
9077;320;3605;33;17;pago
9078;320;876;61;31;pago
9079;320;6171;60;30;pago
9080;320;4327;63;32;pago
9081;320;4111;56;28;pago
9082;320;5202;49;25;pago
9083;320;3771;51;26;pago
9084;320;1702;60;30;cancelado
9085;320;1590;84;42;pago
9086;320;6193;80;40;pago
9087;320;3898;83;42;pago
9088;320;4392;69;35;pendente
9089;320;7336;80;40;cancelado
9090;320;5203;92;46;pago
9091;320;559;93;47;pago
9092;320;5490;91;46;pago
9093;320;4484;97;51;pago
9094;321;549;35;18;pago
9095;321;4405;35;18;pago
9096;321;4775;34;17;pago
9097;321;450;12;6;pago
9098;321;2249;40;20;pago
9099;321;3821;27;14;pago
9100;321;1364;16;8;pago
9101;321;4855;1;1;pago
9102;321;7107;40;20;pago
9103;321;4343;21;11;cancelado
9104;321;2759;31;16;pago
9105;321;6153;18;9;pago
9106;321;5721;7;4;pago
9107;321;1279;23;12;pago
9108;321;3951;51;26;pago
9109;321;4230;45;23;pago
9110;321;4649;62;31;pago
9111;321;6606;63;32;pago
9112;321;6287;57;29;pago
9113;321;4548;57;29;pago
9114;321;864;64;32;pago
9115;321;7292;79;40;cancelado
9116;321;3893;81;41;pago
9117;321;6538;70;35;pago
9118;321;6817;80;40;pago
9119;321;3498;80;40;pago
9120;321;2068;69;35;pago
9121;321;934;73;37;cancelado
9122;321;3171;86;43;cancelado
9123;321;4862;91;46;pago
9124;321;5062;96;50;pago
9125;322;6520;44;22;pago
9126;322;2828;14;7;pago
9127;322;86;44;22;cancelado
9128;322;5645;26;13;pago
9129;322;1018;27;14;pago
9130;322;7083;11;6;cancelado
9131;322;495;30;15;pago
9132;322;1730;14;7;pago
9133;322;4805;21;11;pago
9134;322;5165;21;11;pago
9135;322;3765;11;6;pago
9136;322;5236;23;12;pendente
9137;322;6421;9;5;enviado
9138;322;658;8;4;pago
9139;322;2262;55;28;pago
9140;322;2194;49;25;pago
9141;322;1129;59;30;pago
9142;322;812;60;30;pago
9143;322;3878;59;30;pago
9144;322;1032;60;30;pago
9145;322;3045;52;26;pago
9146;322;2575;68;34;pago
9147;322;4381;76;38;pago
9148;322;5932;71;36;pago
9149;322;2178;71;36;pago
9150;322;4668;81;41;pago
9151;322;6299;91;46;pago
9152;322;6558;92;46;enviado
9153;322;2063;95;49;pago
9154;322;5830;98;52;pago
9155;323;554;42;21;pago
9156;323;2563;11;6;pago
9157;323;1993;1;1;pago
9158;323;4631;9;5;pago
9159;323;2890;11;6;pago
9160;323;7035;29;15;pago
9161;323;4173;21;11;pago
9162;323;2369;4;2;pago
9163;323;5216;3;2;pago
9164;323;2361;11;6;pago
9165;323;5935;2;1;pago
9166;323;6017;43;22;pago
9167;323;4279;32;16;cancelado
9168;323;6240;13;7;pago
9169;323;1633;50;25;cancelado
9170;323;4703;57;29;pago
9171;323;3129;54;27;pago
9172;323;2640;45;23;pendente
9173;323;6267;48;24;pago
9174;323;5812;66;33;pago
9175;323;6313;68;34;pago
9176;323;1855;65;33;pago
9177;323;1435;66;33;pago
9178;323;6026;88;44;pago
9179;323;5949;89;45;pago
9180;323;6143;96;50;pago
9181;323;3395;94;48;pago
9182;324;7477;34;17;pago
9183;324;4106;3;2;pago
9184;324;3245;40;20;pago
9185;324;4059;30;15;pago
9186;324;4186;16;8;pago
9187;324;3471;18;9;pago
9188;324;85;28;14;pago
9189;324;2503;42;21;cancelado
9190;324;2618;14;7;pago
9191;324;2853;5;3;pago
9192;324;4804;29;15;pago
9193;324;192;2;1;pago
9194;324;3587;15;8;pago
9195;324;1717;30;15;pago
9196;324;1865;41;21;pago
9197;324;6682;64;32;pago
9198;324;4375;57;29;cancelado
9199;324;3615;53;27;pago
9200;324;3487;60;30;pago
9201;324;2161;55;28;pago
9202;324;2022;54;27;pago
9203;324;2037;84;42;pago
9204;324;5587;73;37;pago
9205;324;3824;77;39;pago
9206;324;4769;83;42;cancelado
9207;324;7058;69;35;pago
9208;324;81;70;35;pago
9209;324;7456;83;42;pago
9210;324;4332;81;41;pago
9211;324;3708;85;43;pendente
9212;324;1369;87;44;cancelado
9213;324;5678;93;47;pago
9214;324;1793;96;50;pago
9215;324;6349;96;50;pago
9216;325;18;35;18;pago
9217;325;5191;34;17;pago
9218;325;4585;5;3;enviado
9219;325;4515;29;15;pago
9220;325;6728;36;18;pago
9221;325;1708;39;20;pago
9222;325;405;8;4;pago
9223;325;2914;8;4;pago
9224;325;6307;10;5;pago
9225;325;5406;31;16;pago
9226;325;1068;5;3;pago
9227;325;191;40;20;pago
9228;325;6164;31;16;pago
9229;325;5708;21;11;pago
9230;325;1915;33;17;pago
9231;325;3401;27;14;enviado
9232;325;1314;13;7;pago
9233;325;3124;27;14;pago
9234;325;4243;47;24;pago
9235;325;1506;63;32;cancelado
9236;325;6310;56;28;pago
9237;325;330;58;29;pago
9238;325;4766;54;27;pago
9239;325;1032;60;30;pago
9240;325;6754;52;26;pago
9241;325;3961;69;35;cancelado
9242;325;6448;76;38;pago
9243;325;6800;66;33;pago
9244;325;2047;83;42;pago
9245;325;1192;65;33;pago
9246;325;6756;75;38;pago
9247;325;4700;66;33;cancelado
9248;325;1196;92;46;pago
9249;325;6750;91;46;pago
9250;325;1168;87;44;pago
9251;325;5075;94;48;pago
9252;325;6609;100;54;pago
9253;326;860;14;7;pago
9254;326;5887;6;3;pago
9255;326;7447;29;15;pago
9256;326;170;3;2;pago
9257;326;2597;28;14;pago
9258;326;7442;21;11;pago
9259;326;4275;44;22;pago
9260;326;4528;27;14;pago
9261;326;4088;16;8;pago
9262;326;2072;26;13;pendente
9263;326;2690;21;11;enviado
9264;326;2700;5;3;pago
9265;326;6;12;6;pago
9266;326;3572;49;25;pago
9267;326;2552;46;23;pago
9268;326;5621;48;24;pago
9269;326;3771;51;26;pago
9270;326;5536;50;25;pago
9271;326;851;47;24;pago
9272;326;3935;77;39;pendente
9273;326;5789;70;35;pago
9274;326;1536;77;39;pago
9275;326;3943;78;39;pago
9276;326;6371;75;38;pago
9277;326;4733;83;42;pago
9278;326;4365;91;46;pago
9279;326;3684;91;46;pendente
9280;326;4449;87;44;pago
9281;326;4026;92;46;pago
9282;326;7144;95;49;pago
9283;326;272;99;53;pago
9284;327;431;37;19;pago
9285;327;6721;33;17;pago
9286;327;3401;28;14;pago
9287;327;3757;32;16;pago
9288;327;394;38;19;pago
9289;327;6809;3;2;pago
9290;327;3861;20;10;pago
9291;327;5887;6;3;pago
9292;327;3942;30;15;pago
9293;327;6151;11;6;pago
9294;327;1679;3;2;pago
9295;327;6124;42;21;pago
9296;327;587;7;4;cancelado
9297;327;3196;7;4;pago
9298;327;6171;60;30;pago
9299;327;2662;48;24;pago
9300;327;5130;54;27;pago
9301;327;1434;50;25;pago
9302;327;4894;50;25;pago
9303;327;2625;68;34;pago
9304;327;3893;82;41;pago
9305;327;229;84;42;pago
9306;327;2937;81;41;pago
9307;327;5828;72;36;pago
9308;327;3702;72;36;pago
9309;327;120;79;40;pago
9310;327;1219;69;35;pago
9311;327;2590;90;45;pago
9312;327;5923;92;46;pago
9313;327;7233;93;47;pago
9314;327;6533;94;48;cancelado
9315;327;5707;98;52;pago
9316;328;6257;40;20;pago
9317;328;7068;31;16;cancelado
9318;328;5977;14;7;pendente
9319;328;5009;37;19;pago
9320;328;7126;8;4;pendente
9321;328;2190;38;19;pago
9322;328;3970;17;9;pago
9323;328;6724;34;17;pago
9324;328;3614;15;8;cancelado
9325;328;6637;37;19;pago
9326;328;4802;18;9;pago
9327;328;7286;15;8;cancelado
9328;328;4906;46;23;cancelado
9329;328;1319;50;25;pago
9330;328;1738;46;23;cancelado
9331;328;1461;59;30;pago
9332;328;5940;48;24;pago
9333;328;3494;49;25;pago
9334;328;643;79;40;pago
9335;328;1146;77;39;pago
9336;328;6020;76;38;cancelado
9337;328;2526;78;39;enviado
9338;328;2384;79;40;pago
9339;328;291;75;38;pago
9340;328;4145;75;38;pago
9341;328;1687;66;33;pago
9342;328;781;88;44;pago
9343;328;1802;93;47;pago
9344;328;1086;88;44;pago
9345;328;2060;95;49;pago
9346;329;4209;42;21;pago
9347;329;2246;3;2;pago
9348;329;5141;24;12;pago
9349;329;828;33;17;pago
9350;329;4037;26;13;pago
9351;329;2611;38;19;pago
9352;329;6446;16;8;pago
9353;329;3966;12;6;pago
9354;329;4534;26;13;pago
9355;329;7327;18;9;pago
9356;329;2025;13;7;enviado
9357;329;5626;23;12;pago
9358;329;299;43;22;pago
9359;329;7053;2;1;cancelado
9360;329;969;44;22;pago
9361;329;4902;41;21;pago
9362;329;1589;25;13;pago
9363;329;3128;29;15;pago
9364;329;7352;49;25;pago
9365;329;4871;57;29;pago
9366;329;2742;61;31;enviado
9367;329;780;51;26;enviado
9368;329;214;51;26;pago
9369;329;7407;60;30;pago
9370;329;1114;81;41;pago
9371;329;1877;79;40;pago
9372;329;177;76;38;enviado
9373;329;7433;65;33;pago
9374;329;6788;65;33;pago
9375;329;4289;65;33;cancelado
9376;329;4470;77;39;enviado
9377;329;5731;67;34;pago
9378;329;3392;90;45;pago
9379;329;1835;93;47;pago
9380;329;6174;88;44;pago
9381;329;5137;89;45;pago
9382;329;4705;94;48;pago
9383;329;795;96;50;pendente
9384;330;4729;19;10;pago
9385;330;7036;1;1;pago
9386;330;4224;39;20;pago
9387;330;4303;16;8;pago
9388;330;6510;34;17;pago
9389;330;1544;17;9;pago
9390;330;3422;31;16;pago
9391;330;1693;18;9;pago
9392;330;1354;2;1;pago
9393;330;6778;22;11;pago
9394;330;1481;28;14;pago
9395;330;552;26;13;cancelado
9396;330;1963;21;11;pago
9397;330;6206;25;13;pago
9398;330;1869;36;18;cancelado
9399;330;941;8;4;pago
9400;330;6046;13;7;pago
9401;330;2010;7;4;pago
9402;330;1725;24;12;pago
9403;330;6157;47;24;pago
9404;330;6783;61;31;pago
9405;330;490;46;23;pago
9406;330;809;52;26;cancelado
9407;330;321;56;28;enviado
9408;330;429;58;29;enviado
9409;330;5924;46;23;pago
9410;330;515;61;31;pago
9411;330;7389;73;37;pago
9412;330;7486;75;38;pago
9413;330;7206;74;37;pendente
9414;330;4494;72;36;pago
9415;330;6577;79;40;cancelado
9416;330;2084;73;37;pago
9417;330;6814;83;42;pago
9418;330;6889;89;45;pago
9419;330;6866;85;43;pago
9420;330;6443;99;53;pendente
9421;330;921;99;53;pago
9422;331;7391;42;21;pago
9423;331;4149;33;17;pago
9424;331;3285;12;6;pago
9425;331;7380;16;8;cancelado
9426;331;1551;2;1;cancelado
9427;331;6507;31;16;pago
9428;331;7130;17;9;pago
9429;331;3187;31;16;enviado
9430;331;4378;38;19;cancelado
9431;331;6159;39;20;pendente
9432;331;5194;32;16;pago
9433;331;569;51;26;pago
9434;331;4488;53;27;pago
9435;331;1695;54;27;pago
9436;331;3180;54;27;pago
9437;331;3797;58;29;pago
9438;331;4538;53;27;pago
9439;331;883;76;38;pago
9440;331;4231;81;41;cancelado
9441;331;790;79;40;pago
9442;331;4938;83;42;pago
9443;331;6876;74;37;pago
9444;331;84;78;39;cancelado
9445;331;1896;87;44;pago
9446;331;5372;90;45;pago
9447;331;6624;93;47;pago
9448;331;137;100;54;pago
9449;332;6462;35;18;pago
9450;332;3556;16;8;pago
9451;332;3245;39;20;pago
9452;332;4750;28;14;cancelado
9453;332;3774;40;20;pago
9454;332;6318;11;6;pago
9455;332;4097;1;1;pago
9456;332;7092;38;19;pago
9457;332;5064;14;7;pago
9458;332;7052;43;22;pago
9459;332;409;8;4;cancelado
9460;332;6998;7;4;cancelado
9461;332;2652;23;12;pago
9462;332;6932;48;24;pago
9463;332;5819;54;27;pago
9464;332;5025;47;24;cancelado
9465;332;7046;64;32;pago
9466;332;741;54;27;cancelado
9467;332;7372;45;23;pago
9468;332;5927;83;42;pago
9469;332;4983;78;39;pago
9470;332;1786;68;34;pago
9471;332;3824;78;39;pago
9472;332;6788;66;33;pago
9473;332;3544;87;44;pago
9474;332;6737;93;47;pago
9475;332;3283;92;46;cancelado
9476;332;4310;89;45;pago
9477;332;4531;95;49;pendente
9478;332;1176;98;52;pago
9479;333;2898;14;7;pago
9480;333;6223;40;20;pago
9481;333;6910;43;22;cancelado
9482;333;4478;30;15;pago
9483;333;7007;13;7;pago
9484;333;5410;39;20;cancelado
9485;333;5144;27;14;pago
9486;333;2759;31;16;pago
9487;333;6883;1;1;pendente
9488;333;3378;34;17;pago
9489;333;1089;27;14;pago
9490;333;2566;28;14;pago
9491;333;5322;21;11;pago
9492;333;5850;43;22;pago
9493;333;6891;22;11;pago
9494;333;6454;2;1;pago
9495;333;173;2;1;pago
9496;333;68;2;1;pago
9497;333;2413;31;16;pago
9498;333;1816;38;19;pago
9499;333;7297;50;25;pago
9500;333;664;47;24;cancelado
9501;333;4766;53;27;pago
9502;333;4489;49;25;cancelado
9503;333;1288;58;29;enviado
9504;333;5012;56;28;pendente
9505;333;4122;76;38;pago
9506;333;2212;79;40;enviado
9507;333;7013;66;33;cancelado
9508;333;3598;79;40;pago
9509;333;1927;84;42;pago
9510;333;1669;77;39;pago
9511;333;5549;84;42;pago
9512;333;5494;81;41;pago
9513;333;2934;88;44;pago
9514;333;2102;93;47;pago
9515;333;2901;92;46;pago
9516;333;2934;87;44;pago
9517;333;4274;98;52;pago
9518;333;2708;96;50;pago
9519;334;6503;41;21;pago
9520;334;5183;28;14;pago
9521;334;6113;24;12;pago
9522;334;1325;38;19;pago
9523;334;2432;7;4;pago
9524;334;2354;25;13;pago
9525;334;5956;6;3;pago
9526;334;3836;18;9;pago
9527;334;2040;1;1;pago
9528;334;6578;34;17;cancelado
9529;334;79;17;9;pago
9530;334;6194;2;1;pago
9531;334;1764;40;20;pago
9532;334;2005;26;13;pago
9533;334;1386;37;19;pago
9534;334;284;51;26;pago
9535;334;1340;48;24;pago
9536;334;3797;57;29;pago
9537;334;6606;63;32;pago
9538;334;3445;51;26;pendente
9539;334;3594;82;41;pago
9540;334;228;76;38;pendente
9541;334;2710;67;34;pago
9542;334;1021;74;37;pago
9543;334;6848;80;40;pago
9544;334;2049;78;39;pago
9545;334;5081;85;43;pago
9546;334;4784;93;47;pago
9547;334;7072;89;45;pago
9548;334;1561;90;45;pendente
9549;334;458;100;54;pago
9550;334;2059;96;50;pago
9551;335;5877;35;18;pago
9552;335;1542;11;6;pago
9553;335;5823;19;10;pago
9554;335;3537;17;9;pago
9555;335;2971;23;12;pago
9556;335;3266;11;6;enviado
9557;335;395;6;3;pago
9558;335;5215;35;18;pago
9559;335;253;27;14;pago
9560;335;1858;31;16;pago
9561;335;7493;23;12;pago
9562;335;2851;12;6;enviado
9563;335;991;21;11;pago
9564;335;5384;27;14;pago
9565;335;7307;2;1;pago
9566;335;2837;40;20;pago
9567;335;2788;8;4;cancelado
9568;335;3358;16;8;pago
9569;335;6049;13;7;pago
9570;335;4284;63;32;pago
9571;335;1705;62;31;pago
9572;335;7429;49;25;pago
9573;335;7030;64;32;pago
9574;335;5369;64;32;pago
9575;335;3730;61;31;pago
9576;335;5759;47;24;pago
9577;335;7116;69;35;pago
9578;335;3610;65;33;enviado
9579;335;4381;76;38;pago
9580;335;6688;78;39;pago
9581;335;952;65;33;pago
9582;335;2575;67;34;cancelado
9583;335;6212;67;34;pendente
9584;335;5254;92;46;pago
9585;335;4622;86;43;pago
9586;335;3192;88;44;pago
9587;335;756;85;43;pago
9588;335;4193;98;52;pago
9589;335;1713;94;48;pago
9590;336;154;42;21;pago
9591;336;2713;3;2;pago
9592;336;1400;36;18;pago
9593;336;5335;40;20;pago
9594;336;7082;31;16;pago
9595;336;2900;34;17;pago
9596;336;1411;13;7;pago
9597;336;370;37;19;pago
9598;336;4340;5;3;pago
9599;336;1657;15;8;pago
9600;336;4170;34;17;pago
9601;336;2229;16;8;pago
9602;336;6246;14;7;pago
9603;336;6152;33;17;pago
9604;336;2631;36;18;pago
9605;336;109;5;3;pago
9606;336;6519;26;13;pago
9607;336;5449;25;13;cancelado
9608;336;4905;50;25;pago
9609;336;4482;56;28;pago
9610;336;4376;62;31;pago
9611;336;4797;54;27;pago
9612;336;3237;58;29;cancelado
9613;336;2406;56;28;pago
9614;336;4689;49;25;enviado
9615;336;6645;58;29;pago
9616;336;1703;76;38;pago
9617;336;4505;81;41;pago
9618;336;2506;79;40;pago
9619;336;1370;73;37;pago
9620;336;2704;74;37;cancelado
9621;336;1755;68;34;pago
9622;336;6544;66;33;pago
9623;336;6353;75;38;pago
9624;336;3366;88;44;pago
9625;336;7039;92;46;pago
9626;336;4082;93;47;pago
9627;336;7185;92;46;enviado
9628;336;2619;85;43;pago
9629;336;3342;100;54;pago
9630;337;1252;44;22;pago
9631;337;5287;8;4;pago
9632;337;4287;15;8;pago
9633;337;2;3;2;pago
9634;337;548;13;7;pago
9635;337;3769;7;4;pago
9636;337;6743;11;6;pago
9637;337;6886;14;7;pago
9638;337;6886;14;7;pago
9639;337;1245;41;21;pago
9640;337;1091;34;17;pago
9641;337;6477;39;20;pago
9642;337;6863;24;12;cancelado
9643;337;4857;27;14;pago
9644;337;726;15;8;cancelado
9645;337;4881;39;20;pago
9646;337;5821;35;18;cancelado
9647;337;90;4;2;pago
9648;337;6552;57;29;pago
9649;337;5091;51;26;pendente
9650;337;5635;58;29;pago
9651;337;2557;46;23;pago
9652;337;5266;63;32;pago
9653;337;2800;45;23;pago
9654;337;5343;51;26;pago
9655;337;5432;70;35;pago
9656;337;3470;84;42;pago
9657;337;1315;84;42;cancelado
9658;337;6168;76;38;pago
9659;337;4289;66;33;pago
9660;337;5842;72;36;pendente
9661;337;2645;92;46;pago
9662;337;7464;92;46;pago
9663;337;2819;89;45;cancelado
9664;337;2131;93;47;pago
9665;337;7281;90;45;pago
9666;337;1543;97;51;pago
9667;337;1723;99;53;pago
9668;338;976;25;13;pago
9669;338;260;23;12;pago
9670;338;2886;41;21;pago
9671;338;2339;23;12;pago
9672;338;2502;14;7;pago
9673;338;4965;29;15;pago
9674;338;3558;20;10;cancelado
9675;338;875;23;12;pago
9676;338;1210;5;3;pago
9677;338;6873;26;13;pago
9678;338;172;15;8;pendente
9679;338;2863;2;1;pago
9680;338;5746;20;10;pago
9681;338;2456;14;7;pago
9682;338;5991;23;12;pago
9683;338;1093;25;13;pago
9684;338;6105;15;8;pendente
9685;338;3031;32;16;pago
9686;338;2400;31;16;pago
9687;338;3639;33;17;pago
9688;338;2130;14;7;pago
9689;338;5273;28;14;pago
9690;338;3870;58;29;pago
9691;338;7117;46;23;pago
9692;338;1328;59;30;pago
9693;338;2452;45;23;pendente
9694;338;1744;53;27;pago
9695;338;6389;59;30;pago
9696;338;2416;83;42;enviado
9697;338;1139;84;42;pago
9698;338;7313;83;42;pago
9699;338;3835;79;40;cancelado
9700;338;4095;82;41;pago
9701;338;3997;76;38;cancelado
9702;338;6750;92;46;pendente
9703;338;2375;87;44;pago
9704;338;6820;88;44;pago
9705;338;6760;94;48;pendente
9706;338;4400;98;52;pago
9707;339;4543;40;20;pago
9708;339;4108;10;5;pago
9709;339;2229;16;8;pago
9710;339;4647;33;17;pago
9711;339;7177;16;8;pago
9712;339;1266;43;22;cancelado
9713;339;3462;16;8;pago
9714;339;10;19;10;pago
9715;339;3419;30;15;pago
9716;339;5444;40;20;pendente
9717;339;303;31;16;pago
9718;339;4046;6;3;cancelado
9719;339;6863;24;12;pago
9720;339;6383;20;10;pendente
9721;339;633;22;11;pago
9722;339;7219;7;4;pago
9723;339;1386;38;19;pago
9724;339;6393;26;13;pago
9725;339;2517;34;17;pago
9726;339;203;14;7;pago
9727;339;7364;46;23;pago
9728;339;2347;56;28;pago
9729;339;2496;45;23;pago
9730;339;1639;57;29;pago
9731;339;5331;45;23;pago
9732;339;335;60;30;pago
9733;339;3468;50;25;pago
9734;339;1961;77;39;pago
9735;339;5420;81;41;cancelado
9736;339;2242;81;41;pago
9737;339;4632;68;34;pago
9738;339;1241;71;36;pago
9739;339;2147;82;41;pendente
9740;339;3461;81;41;pago
9741;339;6168;76;38;pago
9742;339;4730;93;47;pago
9743;339;4862;92;46;pago
9744;339;6131;91;46;pago
9745;339;6352;99;53;pago
9746;339;3032;100;54;pago
9747;340;1408;37;19;pago
9748;340;1814;36;18;pago
9749;340;5145;18;9;pago
9750;340;3389;23;12;cancelado
9751;340;1851;15;8;enviado
9752;340;3899;26;13;pago
9753;340;2673;12;6;pago
9754;340;4529;11;6;pago
9755;340;3148;23;12;pendente
9756;340;3262;30;15;pago
9757;340;1678;14;7;enviado
9758;340;3193;15;8;pago
9759;340;3400;22;11;enviado
9760;340;3248;17;9;cancelado
9761;340;251;33;17;pago
9762;340;2756;9;5;pago
9763;340;736;32;16;pendente
9764;340;4416;37;19;pago
9765;340;5273;27;14;pago
9766;340;7498;3;2;pago
9767;340;3293;14;7;cancelado
9768;340;834;5;3;pago
9769;340;4831;49;25;cancelado
9770;340;5736;46;23;pago
9771;340;6054;47;24;cancelado
9772;340;3414;59;30;enviado
9773;340;1267;45;23;pago
9774;340;1337;54;27;pago
9775;340;3034;53;27;pago
9776;340;4794;46;23;pago
9777;340;7412;67;34;cancelado
9778;340;6108;73;37;pago
9779;340;568;82;41;cancelado
9780;340;7217;78;39;pago
9781;340;1669;78;39;pago
9782;340;6548;83;42;pago
9783;340;5312;92;46;pago
9784;340;7072;90;45;pendente
9785;340;5639;91;46;pago
9786;340;414;89;45;pago
9787;340;559;93;47;pago
9788;340;6297;96;50;pago
9789;341;2969;25;13;pago
9790;341;2023;27;14;pago
9791;341;4698;26;13;pago
9792;341;3705;30;15;pago
9793;341;5953;18;9;pago
9794;341;2445;31;16;pago
9795;341;1366;21;11;pago
9796;341;5941;29;15;pago
9797;341;977;13;7;cancelado
9798;341;1915;34;17;pendente
9799;341;4654;44;22;pago
9800;341;7295;32;16;enviado
9801;341;1646;14;7;pago
9802;341;4182;15;8;pago
9803;341;6793;24;12;pago
9804;341;7148;41;21;pago
9805;341;6918;5;3;pago
9806;341;3287;59;30;pago
9807;341;2091;59;30;pago
9808;341;727;48;24;pago
9809;341;864;64;32;cancelado
9810;341;1167;51;26;pago
9811;341;1866;57;29;enviado
9812;341;6160;60;30;pago
9813;341;2920;59;30;pago
9814;341;947;61;31;pago
9815;341;1359;68;34;pago
9816;341;3807;70;35;cancelado
9817;341;5812;66;33;pago
9818;341;1453;77;39;cancelado
9819;341;595;83;42;pago
9820;341;2035;74;37;pago
9821;341;5809;81;41;pendente
9822;341;6052;70;35;pago
9823;341;616;65;33;pago
9824;341;1516;89;45;pago
9825;341;4891;93;47;pago
9826;341;2529;86;43;pago
9827;341;4912;91;46;pago
9828;341;2303;91;46;pago
9829;341;1044;98;52;pago
9830;342;281;43;22;pago
9831;342;4378;37;19;pago
9832;342;2716;28;14;pago
9833;342;3773;36;18;pago
9834;342;353;24;12;pago
9835;342;3810;39;20;pago
9836;342;1811;24;12;pago
9837;342;1597;13;7;pago
9838;342;161;22;11;pendente
9839;342;5217;28;14;pago
9840;342;3184;15;8;cancelado
9841;342;3645;4;2;pago
9842;342;5724;23;12;pago
9843;342;4654;44;22;pago
9844;342;5230;2;1;pago
9845;342;6356;29;15;pago
9846;342;2823;9;5;pago
9847;342;2687;53;27;pago
9848;342;996;54;27;enviado
9849;342;1323;56;28;pago
9850;342;4268;59;30;pago
9851;342;4991;53;27;enviado
9852;342;3830;52;26;pago
9853;342;2813;70;35;pago
9854;342;1584;77;39;pago
9855;342;2183;71;36;cancelado
9856;342;6239;71;36;pago
9857;342;2535;75;38;pago
9858;342;6457;75;38;pago
9859;342;1437;76;38;pago
9860;342;1636;75;38;pago
9861;342;4133;86;43;pago
9862;342;5490;91;46;pago
9863;342;4998;85;43;pago
9864;342;2164;88;44;enviado
9865;342;272;99;53;pago
9866;342;3331;99;53;pago
9867;343;1233;16;8;pago
9868;343;5786;22;11;pago
9869;343;2771;24;12;cancelado
9870;343;6003;28;14;enviado
9871;343;1474;30;15;pago
9872;343;4671;18;9;pago
9873;343;5058;39;20;pago
9874;343;1115;3;2;cancelado
9875;343;1935;19;10;pago
9876;343;4982;15;8;pago
9877;343;2812;35;18;pago
9878;343;1314;13;7;pago
9879;343;5126;24;12;pendente
9880;343;1341;6;3;pago
9881;343;6799;21;11;enviado
9882;343;4609;13;7;pago
9883;343;3151;2;1;pago
9884;343;6464;38;19;pago
9885;343;1735;40;20;pago
9886;343;3871;34;17;pago
9887;343;6120;20;10;cancelado
9888;343;5186;52;26;pago
9889;343;2992;60;30;pago
9890;343;5242;46;23;pago
9891;343;3202;55;28;pago
9892;343;1864;58;29;cancelado
9893;343;4069;58;29;pago
9894;343;2561;58;29;pago
9895;343;5438;50;25;pago
9896;343;1337;53;27;pago
9897;343;2742;61;31;pago
9898;343;1249;82;41;pago
9899;343;7456;83;42;pago
9900;343;5713;77;39;pago
9901;343;7389;74;37;pago
9902;343;7179;72;36;cancelado
9903;343;3529;78;39;pendente
9904;343;4079;93;47;pago
9905;343;6333;86;43;pago
9906;343;4765;93;47;pago
9907;343;3848;89;45;pago
9908;343;225;85;43;pago
9909;343;2672;100;54;pago
9910;343;1762;98;52;pago
9911;344;683;33;17;pago
9912;344;7029;6;3;pago
9913;344;3250;10;5;cancelado
9914;344;5524;24;12;pago
9915;344;6246;14;7;pago
9916;344;1652;36;18;pago
9917;344;6767;2;1;pago
9918;344;2501;2;1;pago
9919;344;2030;25;13;cancelado
9920;344;4785;42;21;enviado
9921;344;935;9;5;enviado
9922;344;4396;34;17;pago
9923;344;5143;39;20;pago
9924;344;1887;17;9;pendente
9925;344;1928;19;10;enviado
9926;344;2864;20;10;pago
9927;344;6274;59;30;enviado
9928;344;3384;47;24;pago
9929;344;3231;57;29;pago
9930;344;6229;51;26;enviado
9931;344;4548;58;29;pendente
9932;344;2557;46;23;pago
9933;344;5466;63;32;pago
9934;344;931;57;29;pago
9935;344;5999;57;29;enviado
9936;344;3405;64;32;pago
9937;344;3431;70;35;pago
9938;344;5521;79;40;pago
9939;344;4297;69;35;pago
9940;344;5698;67;34;pendente
9941;344;7166;81;41;enviado
9942;344;4968;69;35;pago
9943;344;2579;71;36;pago
9944;344;7374;75;38;pago
9945;344;6452;93;47;pago
9946;344;7340;93;47;pago
9947;344;3416;93;47;cancelado
9948;344;2530;88;44;pago
9949;344;5873;96;50;pago
9950;344;6410;95;49;pago
9951;345;481;30;15;pago
9952;345;2351;6;3;pago
9953;345;7329;35;18;pago
9954;345;2300;32;16;pago
9955;345;2669;4;2;pago
9956;345;5122;16;8;pago
9957;345;4865;26;13;pago
9958;345;1279;23;12;pago
9959;345;3628;10;5;pago
9960;345;6187;24;12;pago
9961;345;4436;1;1;pago
9962;345;375;23;12;pago
9963;345;5295;9;5;pago
9964;345;2517;33;17;pago
9965;345;4952;47;24;pago
9966;345;3154;54;27;pago
9967;345;4837;52;26;pago
9968;345;6932;48;24;enviado
9969;345;4758;54;27;pago
9970;345;4311;47;24;cancelado
9971;345;4834;74;37;enviado
9972;345;1538;73;37;pago
9973;345;5663;67;34;enviado
9974;345;1536;77;39;pago
9975;345;1180;79;40;pendente
9976;345;4412;72;36;pago
9977;345;6057;84;42;pago
9978;345;6248;84;42;pendente
9979;345;6367;81;41;pago
9980;345;2835;93;47;pago
9981;345;2264;90;45;pago
9982;345;4526;91;46;pago
9983;345;6974;95;49;pago
9984;345;3182;98;52;pago
9985;346;2359;14;7;pago
9986;346;3397;40;20;pago
9987;346;2324;19;10;enviado
9988;346;2294;14;7;pago
9989;346;113;18;9;pago
9990;346;501;35;18;pago
9991;346;363;44;22;pago
9992;346;5921;22;11;pago
9993;346;713;29;15;pago
9994;346;253;27;14;pago
9995;346;2135;7;4;pago
9996;346;1299;43;22;pago
9997;346;7063;26;13;pago
9998;346;1700;15;8;pago
9999;346;5474;20;10;pago
10000;346;1805;32;16;pago
10001;346;4649;61;31;pago
10002;346;1897;50;25;pago
10003;346;1328;59;30;pago
10004;346;457;50;25;pago
10005;346;2927;61;31;enviado
10006;346;7195;46;23;pago
10007;346;5369;64;32;pago
10008;346;2147;82;41;pago
10009;346;1607;69;35;pago
10010;346;642;78;39;pago
10011;346;7078;74;37;pago
10012;346;294;66;33;pago
10013;346;5487;75;38;pago
10014;346;4067;68;34;pago
10015;346;3351;79;40;pago
10016;346;2478;86;43;enviado
10017;346;6787;88;44;pago
10018;346;545;93;47;pago
10019;346;6771;86;43;pago
10020;346;692;96;50;pago
10021;346;5978;98;52;cancelado
10022;347;3178;18;9;pago
10023;347;1912;13;7;pago
10024;347;548;13;7;pago
10025;347;309;22;11;pago
10026;347;6446;15;8;pago
10027;347;913;15;8;pago
10028;347;954;33;17;pago
10029;347;2774;19;10;cancelado
10030;347;5522;38;19;pago
10031;347;7383;9;5;pago
10032;347;7466;40;20;pago
10033;347;4405;36;18;pago
10034;347;1070;22;11;pago
10035;347;1137;15;8;pago
10036;347;2089;30;15;cancelado
10037;347;4580;39;20;pago
10038;347;539;17;9;pago
10039;347;859;4;2;pago
10040;347;4225;1;1;pago
10041;347;2500;34;17;pago
10042;347;2791;12;6;pago
10043;347;1474;30;15;pago
10044;347;1572;55;28;pago
10045;347;6031;46;23;pago
10046;347;2766;52;26;pago
10047;347;6785;60;30;pago
10048;347;4601;53;27;pago
10049;347;94;51;26;enviado
10050;347;7291;55;28;pago
10051;347;6053;71;36;pago
10052;347;3937;68;34;pago
10053;347;7449;66;33;pago
10054;347;4469;72;36;pago
10055;347;6483;68;34;pago
10056;347;6538;69;35;pago
10057;347;176;82;41;pago
10058;347;2233;75;38;pago
10059;347;7097;71;36;pago
10060;347;4324;86;43;pago
10061;347;6442;91;46;pago
10062;347;7104;93;47;enviado
10063;347;241;93;47;pago
10064;347;3867;97;51;pago
10065;347;6438;95;49;pendente
10066;348;4751;9;5;pago
10067;348;7052;43;22;cancelado
10068;348;6500;36;18;pago
10069;348;7309;9;5;pago
10070;348;6919;30;15;pago
10071;348;4550;27;14;pago
10072;348;4683;14;7;pago
10073;348;985;22;11;pago
10074;348;2684;38;19;pendente
10075;348;2745;2;1;enviado
10076;348;6608;42;21;pago
10077;348;3088;9;5;pago
10078;348;397;3;2;pago
10079;348;2411;20;10;pago
10080;348;3419;29;15;pago
10081;348;2332;1;1;pago
10082;348;4817;8;4;enviado
10083;348;5359;20;10;cancelado
10084;348;3748;30;15;pago
10085;348;2361;11;6;pago
10086;348;5201;45;23;pago
10087;348;4761;58;29;pago
10088;348;727;48;24;pago
10089;348;507;61;31;pago
10090;348;3102;51;26;pago
10091;348;3101;48;24;pago
10092;348;4655;69;35;pago
10093;348;2184;71;36;pago
10094;348;6193;80;40;pago
10095;348;4406;65;33;pago
10096;348;4207;84;42;pago
10097;348;4030;67;34;cancelado
10098;348;6773;76;38;pago
10099;348;6852;74;37;pago
10100;348;4691;70;35;pago
10101;348;5490;91;46;pago
10102;348;207;86;43;pago
10103;348;5537;88;44;pendente
10104;348;5830;98;52;pago
10105;348;684;98;52;pago
10106;349;4522;7;4;pago
10107;349;5723;41;21;pago
10108;349;1562;21;11;cancelado
10109;349;4245;36;18;pago
10110;349;4533;5;3;pendente
10111;349;5733;24;12;pago
10112;349;1867;18;9;cancelado
10113;349;3195;17;9;pago
10114;349;1728;25;13;pago
10115;349;1038;27;14;pendente
10116;349;734;44;22;cancelado
10117;349;2503;41;21;pendente
10118;349;1436;38;19;enviado
10119;349;2545;20;10;pago
10120;349;4924;23;12;pago
10121;349;279;25;13;enviado
10122;349;4232;6;3;pago
10123;349;7187;38;19;pago
10124;349;4258;5;3;enviado
10125;349;1844;33;17;pendente
10126;349;1892;34;17;pago
10127;349;2227;38;19;pago
10128;349;729;55;28;pago
10129;349;5604;60;30;cancelado
10130;349;3738;46;23;pago
10131;349;3101;47;24;pendente
10132;349;4465;52;26;pago
10133;349;5272;63;32;enviado
10134;349;6825;46;23;pendente
10135;349;7202;63;32;pago
10136;349;3527;51;26;pago
10137;349;1306;78;39;pago
10138;349;320;81;41;pago
10139;349;2558;84;42;pago
10140;349;4119;80;40;cancelado
10141;349;252;73;37;pago
10142;349;3647;71;36;pago
10143;349;4176;66;33;cancelado
10144;349;4813;91;46;pago
10145;349;6162;93;47;pago
10146;349;1158;85;43;pago
10147;349;6119;96;50;pago
10148;349;7265;98;52;pago
10149;350;3836;17;9;pago
10150;350;3437;35;18;cancelado
10151;350;5758;11;6;pago
10152;350;5745;9;5;pago
10153;350;1570;22;11;pago
10154;350;954;33;17;cancelado
10155;350;5893;3;2;pago
10156;350;2505;29;15;pago
10157;350;6101;39;20;pago
10158;350;79;17;9;pago
10159;350;5410;40;20;pago
10160;350;2841;32;16;pago
10161;350;4200;19;10;pago
10162;350;2123;41;21;pago
10163;350;1733;44;22;pendente
10164;350;7299;40;20;pago
10165;350;1791;24;12;pago
10166;350;1635;39;20;pago
10167;350;3356;52;26;cancelado
10168;350;5025;47;24;cancelado
10169;350;7152;52;26;cancelado
10170;350;5114;57;29;cancelado
10171;350;98;58;29;pago
10172;350;854;53;27;pago
10173;350;7361;52;26;pago
10174;350;688;79;40;pago
10175;350;3754;67;34;pendente
10176;350;7237;69;35;pago
10177;350;4198;77;39;pago
10178;350;1365;84;42;pago
10179;350;4984;78;39;pago
10180;350;2901;91;46;pago
10181;350;3060;89;45;pago
10182;350;3140;90;45;pago
10183;350;5081;85;43;pago
10184;350;4025;98;52;pago
10185;350;1540;96;50;pago
10186;351;3940;3;2;pago
10187;351;7472;7;4;pago
10188;351;3666;37;19;cancelado
10189;351;3460;37;19;pago
10190;351;6620;44;22;pago
10191;351;5912;2;1;pago
10192;351;2181;15;8;pago
10193;351;5672;39;20;pago
10194;351;2030;26;13;pago
10195;351;5295;9;5;pago
10196;351;5068;31;16;pago
10197;351;475;38;19;pago
10198;351;5129;34;17;pago
10199;351;7420;10;5;pago
10200;351;1967;14;7;pago
10201;351;3628;10;5;pago
10202;351;5623;11;6;cancelado
10203;351;4533;6;3;pago
10204;351;5504;26;13;enviado
10205;351;3159;4;2;pago
10206;351;6031;45;23;pago
10207;351;2022;53;27;pago
10208;351;4774;54;27;pago
10209;351;7459;52;26;pendente
10210;351;5910;47;24;pago
10211;351;2907;57;29;enviado
10212;351;7087;74;37;pago
10213;351;7449;66;33;enviado
10214;351;1236;77;39;pago
10215;351;1954;68;34;pago
10216;351;757;82;41;pago
10217;351;1031;69;35;pago
10218;351;4324;86;43;pago
10219;351;5372;89;45;pago
10220;351;6018;93;47;pago
10221;351;559;93;47;cancelado
10222;351;2795;95;49;pago
10223;351;1895;96;50;pago
10224;352;3831;25;13;pago
10225;352;2025;13;7;pago
10226;352;2838;30;15;cancelado
10227;352;4246;25;13;pago
10228;352;2229;16;8;pago
10229;352;3206;39;20;pago
10230;352;2228;4;2;pago
10231;352;4478;30;15;pago
10232;352;6724;33;17;pago
10233;352;5522;37;19;pago
10234;352;2801;19;10;pago
10235;352;182;33;17;pago
10236;352;7098;5;3;pago
10237;352;6524;39;20;pago
10238;352;4453;17;9;pendente
10239;352;2203;37;19;pago
10240;352;5835;4;2;pago
10241;352;450;11;6;pago
10242;352;378;4;2;pago
10243;352;1445;31;16;pago
10244;352;592;48;24;pago
10245;352;6355;59;30;pago
10246;352;4860;48;24;pago
10247;352;1167;51;26;pago
10248;352;3129;53;27;pago
10249;352;4495;54;27;pago
10250;352;7277;48;24;pago
10251;352;5520;57;29;enviado
10252;352;1335;81;41;pago
10253;352;122;69;35;pago
10254;352;1441;66;33;pago
10255;352;5587;73;37;pago
10256;352;3290;80;40;pago
10257;352;1453;77;39;pago
10258;352;4996;73;37;pago
10259;352;2664;93;47;enviado
10260;352;1248;90;45;pago
10261;352;6463;86;43;pago
10262;352;1732;100;54;pago
10263;352;7280;94;48;pago
10264;353;3002;29;15;cancelado
10265;353;3169;2;1;pago
10266;353;3125;20;10;pago
10267;353;1091;34;17;pago
10268;353;3285;11;6;pago
10269;353;4308;38;19;enviado
10270;353;2370;32;16;pago
10271;353;2053;41;21;pago
10272;353;2295;9;5;pago
10273;353;831;5;3;pago
10274;353;499;20;10;pendente
10275;353;3735;42;21;pago
10276;353;1888;17;9;pago
10277;353;5498;47;24;pago
10278;353;3601;56;28;pago
10279;353;1077;48;24;pendente
10280;353;623;51;26;pago
10281;353;1109;51;26;pago
10282;353;5612;54;27;pago
10283;353;5429;47;24;pago
10284;353;4601;54;27;pago
10285;353;4587;56;28;pendente
10286;353;7198;82;41;pago
10287;353;1152;65;33;pago
10288;353;5927;84;42;pago
10289;353;4996;74;37;pago
10290;353;3347;75;38;pago
10291;353;4846;67;34;pago
10292;353;4908;76;38;pago
10293;353;1177;82;41;pago
10294;353;5754;86;43;pendente
10295;353;5156;86;43;pago
10296;353;1322;89;45;pago
10297;353;7100;91;46;pago
10298;353;1000;99;53;cancelado
10299;353;461;94;48;pago
10300;354;4731;42;21;pago
10301;354;5230;1;1;pago
10302;354;1212;3;2;pago
10303;354;4981;43;22;enviado
10304;354;6135;18;9;pago
10305;354;765;20;10;pago
10306;354;6574;16;8;enviado
10307;354;7344;10;5;pago
10308;354;3114;44;22;pago
10309;354;1979;26;13;pago
10310;354;5308;41;21;pago
10311;354;4628;38;19;pago
10312;354;6056;34;17;pago
10313;354;212;1;1;pago
10314;354;3153;1;1;pendente
10315;354;6326;16;8;pago
10316;354;5122;15;8;pago
10317;354;2690;22;11;pago
10318;354;1316;36;18;pago
10319;354;2067;60;30;cancelado
10320;354;6833;53;27;pendente
10321;354;607;59;30;pago
10322;354;5072;47;24;pago
10323;354;4619;49;25;pendente
10324;354;6579;57;29;cancelado
10325;354;6691;63;32;pago
10326;354;5343;52;26;pago
10327;354;6499;64;32;pago
10328;354;5549;84;42;pago
10329;354;5396;70;35;cancelado
10330;354;2109;67;34;pago
10331;354;1335;81;41;cancelado
10332;354;1486;68;34;enviado
10333;354;6655;83;42;pago
10334;354;4455;84;42;cancelado
10335;354;1781;80;40;pago
10336;354;1343;75;38;pago
10337;354;821;85;43;cancelado
10338;354;4329;93;47;pago
10339;354;3682;87;44;pago
10340;354;6768;88;44;cancelado
10341;354;2857;97;51;pago
10342;354;3393;100;54;pendente
10343;355;4935;26;13;pago
10344;355;4454;37;19;pago
10345;355;2089;30;15;cancelado
10346;355;1787;8;4;pago
10347;355;5515;28;14;pago
10348;355;832;40;20;pago
10349;355;4473;25;13;cancelado
10350;355;7284;17;9;cancelado
10351;355;7225;3;2;cancelado
10352;355;1947;26;13;pago
10353;355;5991;23;12;pago
10354;355;5556;37;19;pago
10355;355;6592;56;28;pago
10356;355;3316;53;27;pendente
10357;355;3180;53;27;enviado
10358;355;5201;46;23;pago
10359;355;512;54;27;cancelado
10360;355;2561;57;29;pago
10361;355;185;61;31;pago
10362;355;2869;70;35;pago
10363;355;6539;65;33;pago
10364;355;5864;83;42;pago
10365;355;5521;80;40;pago
10366;355;7415;83;42;pago
10367;355;2115;66;33;cancelado
10368;355;1163;81;41;pendente
10369;355;177;75;38;pago
10370;355;6357;83;42;pago
10371;355;6567;92;46;pago
10372;355;4071;93;47;pago
10373;355;2596;93;47;pago
10374;355;550;97;51;pago
10375;356;350;35;18;pago
10376;356;3053;24;12;cancelado
10377;356;4460;11;6;pago
10378;356;2307;31;16;pago
10379;356;1641;27;14;pago
10380;356;80;38;19;pago
10381;356;7161;21;11;pago
10382;356;4396;34;17;pago
10383;356;5252;21;11;pendente
10384;356;1839;31;16;pago
10385;356;1304;20;10;pago
10386;356;5831;27;14;cancelado
10387;356;6317;40;20;pago
10388;356;7158;57;29;pago
10389;356;3771;51;26;enviado
10390;356;2157;47;24;pago
10391;356;5376;64;32;pago
10392;356;3806;48;24;pago
10393;356;3056;46;23;pago
10394;356;5511;51;26;pago
10395;356;6995;52;26;pago
10396;356;2927;61;31;pago
10397;356;4835;52;26;pago
10398;356;1550;81;41;pago
10399;356;3097;69;35;cancelado
10400;356;6532;81;41;pago
10401;356;643;80;40;pago
10402;356;1539;84;42;enviado
10403;356;2396;75;38;pago
10404;356;1891;78;39;pago
10405;356;2177;86;43;pago
10406;356;6026;87;44;pago
10407;356;3968;86;43;pago
10408;356;551;90;45;pago
10409;356;4100;99;53;pago
10410;356;6653;100;54;pago
10411;357;6301;7;4;pago
10412;357;5568;25;13;pago
10413;357;6346;42;21;pago
10414;357;4872;32;16;pago
10415;357;2457;27;14;pago
10416;357;5747;19;10;pago
10417;357;5354;21;11;enviado
10418;357;6998;8;4;pago
10419;357;6166;3;2;pago
10420;357;1073;29;15;pendente
10421;357;960;11;6;pago
10422;357;7014;26;13;pago
10423;357;1989;23;12;enviado
10424;357;3422;31;16;pago
10425;357;2295;10;5;pago
10426;357;4275;43;22;cancelado
10427;357;3050;24;12;pago
10428;357;6106;10;5;pago
10429;357;5078;25;13;cancelado
10430;357;498;40;20;pago
10431;357;2923;57;29;pago
10432;357;4032;46;23;pago
10433;357;2494;60;30;pago
10434;357;2911;49;25;pago
10435;357;3376;56;28;pago
10436;357;3121;59;30;pago
10437;357;7435;54;27;pago
10438;357;620;75;38;pago
10439;357;1261;73;37;pago
10440;357;2575;67;34;pendente
10441;357;6036;84;42;pago
10442;357;1453;78;39;enviado
10443;357;1306;78;39;pago
10444;357;2131;93;47;pago
10445;357;6965;90;45;pago
10446;357;5490;91;46;pago
10447;357;4765;93;47;pago
10448;357;6867;98;52;pago
10449;357;4536;98;52;pago
10450;358;3014;2;1;enviado
10451;358;2258;13;7;pago
10452;358;1215;44;22;pago
10453;358;2912;32;16;cancelado
10454;358;991;21;11;pago
10455;358;97;21;11;pago
10456;358;4660;42;21;pago
10457;358;4533;6;3;cancelado
10458;358;6466;8;4;pago
10459;358;920;17;9;cancelado
10460;358;5;9;5;pago
10461;358;1440;15;8;pago
10462;358;5565;17;9;pago
10463;358;802;19;10;pendente
10464;358;6205;56;28;cancelado
10465;358;2907;58;29;pendente
10466;358;3815;50;25;pago
10467;358;6355;59;30;pendente
10468;358;7489;47;24;pago
10469;358;2856;58;29;pago
10470;358;2175;47;24;pago
10471;358;2882;61;31;pendente
10472;358;3332;47;24;pago
10473;358;1163;82;41;pago
10474;358;6001;78;39;pago
10475;358;5333;79;40;pago
10476;358;4535;67;34;pendente
10477;358;4033;65;33;pago
10478;358;1437;76;38;pago
10479;358;5997;83;42;pago
10480;358;1492;78;39;pago
10481;358;1307;81;41;pago
10482;358;5701;88;44;pago
10483;358;5593;88;44;pago
10484;358;3283;91;46;pago
10485;358;1560;86;43;pago
10486;358;1280;98;52;pago
10487;358;719;96;50;cancelado
10488;359;6138;19;10;cancelado
10489;359;560;4;2;pago
10490;359;5077;28;14;pago
10491;359;5637;16;8;pago
10492;359;6176;9;5;pago
10493;359;6356;29;15;pago
10494;359;3956;6;3;pago
10495;359;6346;41;21;pago
10496;359;5820;18;9;pago
10497;359;4675;31;16;cancelado
10498;359;3454;26;13;pago
10499;359;2801;19;10;enviado
10500;359;969;44;22;pago
10501;359;4727;58;29;pago
10502;359;1201;48;24;enviado
10503;359;887;55;28;pago
10504;359;6425;45;23;pago
10505;359;58;61;31;pendente
10506;359;1864;58;29;pago
10507;359;1326;52;26;pago
10508;359;6405;76;38;pago
10509;359;3835;79;40;pago
10510;359;5998;81;41;pago
10511;359;417;71;36;pago
10512;359;540;82;41;pago
10513;359;4290;84;42;pago
10514;359;6324;88;44;pago
10515;359;1421;90;45;pago
10516;359;5312;92;46;pendente
10517;359;1179;94;48;pago
10518;360;1665;30;15;pago
10519;360;4010;6;3;pendente
10520;360;1689;29;15;pago
10521;360;2422;24;12;pago
10522;360;2216;18;9;pago
10523;360;4180;15;8;cancelado
10524;360;850;3;2;pago
10525;360;4948;10;5;pago
10526;360;3861;19;10;pago
10527;360;6161;28;14;pago
10528;360;2128;22;11;pago
10529;360;5130;53;27;pago
10530;360;2051;51;26;pendente
10531;360;1499;49;25;pago
10532;360;318;59;30;pendente
10533;360;4936;46;23;pago
10534;360;7198;82;41;pago
10535;360;4565;83;42;pago
10536;360;5814;69;35;pago
10537;360;4504;73;37;pago
10538;360;6688;77;39;pago
10539;360;4229;65;33;pago
10540;360;5580;90;45;pago
10541;360;6723;90;45;pago
10542;360;1003;97;51;pago
10543;360;690;100;54;pago
10544;361;5153;37;19;pago
10545;361;2296;33;17;pago
10546;361;4787;9;5;pago
10547;361;7441;5;3;pago
10548;361;2791;11;6;pago
10549;361;1945;33;17;pago
10550;361;2597;27;14;pago
10551;361;3195;17;9;pago
10552;361;7137;37;19;pago
10553;361;1164;40;20;pago
10554;361;2118;15;8;pago
10555;361;5031;25;13;pago
10556;361;1119;57;29;pago
10557;361;7349;57;29;pago
10558;361;6911;55;28;pago
10559;361;3428;59;30;pago
10560;361;1378;54;27;pago
10561;361;3003;69;35;pago
10562;361;502;80;40;pago
10563;361;2872;83;42;pago
10564;361;6247;66;33;pago
10565;361;6188;68;34;pago
10566;361;3300;73;37;pago
10567;361;36;72;36;pago
10568;361;2234;93;47;cancelado
10569;361;1820;90;45;pago
10570;361;2386;86;43;pago
10571;361;292;96;50;pendente
10572;361;5155;100;54;pago
10573;362;5578;44;22;pendente
10574;362;6375;20;10;pago
10575;362;6662;18;9;pago
10576;362;5243;37;19;pago
10577;362;992;14;7;pago
10578;362;4180;16;8;cancelado
10579;362;4729;19;10;pendente
10580;362;1555;18;9;cancelado
10581;362;2258;14;7;pago
10582;362;6110;41;21;pago
10583;362;1470;29;15;pago
10584;362;764;5;3;pago
10585;362;6437;25;13;pago
10586;362;5252;22;11;pago
10587;362;3794;13;7;pago
10588;362;3499;29;15;pago
10589;362;2532;26;13;pago
10590;362;5347;59;30;enviado
10591;362;1457;55;28;pago
10592;362;5531;59;30;pago
10593;362;4199;47;24;pago
10594;362;2663;59;30;pago
10595;362;4268;60;30;enviado
10596;362;3805;74;37;pago
10597;362;3486;72;36;pago
10598;362;502;79;40;pago
10599;362;4163;75;38;pago
10600;362;3807;70;35;pago
10601;362;6117;93;47;pago
10602;362;324;87;44;pago
10603;362;2453;93;47;pago
10604;362;2977;92;46;pago
10605;362;2509;96;50;pago
10606;362;3984;98;52;pago
10607;363;993;5;3;pago
10608;363;486;41;21;pago
10609;363;3194;30;15;pago
10610;363;5844;42;21;pago
10611;363;2853;5;3;pago
10612;363;763;9;5;pago
10613;363;371;21;11;pago
10614;363;558;32;16;pago
10615;363;6240;13;7;pago
10616;363;4764;33;17;pago
10617;363;5951;19;10;pago
10618;363;374;35;18;cancelado
10619;363;7421;5;3;pago
10620;363;6519;25;13;pago
10621;363;1951;5;3;pago
10622;363;5832;3;2;pago
10623;363;4832;61;31;pago
10624;363;6095;63;32;pago
10625;363;4658;47;24;pago
10626;363;5573;59;30;enviado
10627;363;5429;48;24;pago
10628;363;3120;46;23;pago
10629;363;1334;55;28;pago
10630;363;5329;81;41;pago
10631;363;4355;78;39;pago
10632;363;6341;77;39;pendente
10633;363;4678;70;35;pago
10634;363;642;77;39;pago
10635;363;4331;69;35;pago
10636;363;7402;77;39;pago
10637;363;3900;67;34;pago
10638;363;2235;88;44;pago
10639;363;4026;91;46;pago
10640;363;3261;91;46;cancelado
10641;363;7404;97;51;pago
10642;364;8;15;8;pago
10643;364;3649;29;15;pago
10644;364;156;11;6;pago
10645;364;5638;33;17;enviado
10646;364;4954;22;11;pago
10647;364;5393;32;16;pago
10648;364;2679;14;7;pago
10649;364;1615;42;21;cancelado
10650;364;5958;19;10;pago
10651;364;6796;2;1;pago
10652;364;583;13;7;pago
10653;364;7219;8;4;pago
10654;364;742;5;3;pago
10655;364;5737;8;4;pago
10656;364;5327;14;7;pago
10657;364;1425;38;19;pendente
10658;364;931;58;29;cancelado
10659;364;507;62;31;cancelado
10660;364;3494;49;25;pago
10661;364;2281;63;32;pago
10662;364;2022;53;27;pendente
10663;364;6629;52;26;pago
10664;364;2956;55;28;pago
10665;364;5806;61;31;cancelado
10666;364;5641;78;39;pago
10667;364;2895;72;36;pago
10668;364;5878;72;36;pago
10669;364;3813;69;35;pago
10670;364;4834;74;37;pago
10671;364;7495;68;34;pago
10672;364;4023;85;43;pago
10673;364;479;90;45;pago
10674;364;3017;93;47;pago
10675;364;5372;90;45;pendente
10676;364;4877;99;53;pago
10677;364;3136;96;50;pago
10678;365;2967;26;13;pago
10679;365;2274;30;15;pago
10680;365;6284;44;22;pago
10681;365;6717;33;17;cancelado
10682;365;2223;22;11;pago
10683;365;2676;20;10;pago
10684;365;4105;29;15;pago
10685;365;6259;31;16;cancelado
10686;365;6972;13;7;pago
10687;365;3418;41;21;pago
10688;365;6051;64;32;pago
10689;365;5159;54;27;cancelado
10690;365;5573;59;30;pago
10691;365;2449;63;32;pago
10692;365;1618;45;23;pago
10693;365;6220;55;28;pago
10694;365;5025;47;24;pago
10695;365;4029;61;31;pago
10696;365;3943;77;39;pago
10697;365;5728;70;35;pago
10698;365;4886;70;35;pago
10699;365;4176;65;33;cancelado
10700;365;5494;81;41;cancelado
10701;365;7371;84;42;pago
10702;365;4044;84;42;pago
10703;365;5814;69;35;pago
10704;365;142;93;47;pago
10705;365;1322;90;45;pago
10706;365;218;92;46;pago
10707;365;4974;98;52;pago
10708;365;2357;95;49;cancelado
